0  Duplo Ball Tube Door
0 Name:  31193.dat
0 Author:
0 BL_Item_No 31193
0 BFC CERTIFY CCW
3 16 -81.025 -44.699 -2.500 -81.025 -152.199 -2.500 -82.950 -63.449 -2.500 0.000 0.929 0.000 0.929 0.000 0.939
3 16 -81.025 -152.199 -2.500 -81.025 -44.699 -2.500 -81.025 -152.199 -2.000 0.000 0.929 0.000 0.929 0.100 0.929
3 16 -81.025 -152.199 -2.500 -78.309 -155.884 -2.500 -82.924 -153.844 -2.500 0.000 0.929 0.000 0.914 0.000 0.939
3 16 -78.309 -155.884 -2.500 -81.025 -152.199 -2.500 -78.309 -155.884 -2.000 0.000 0.914 0.000 0.929 0.100 0.914
3 16 -81.025 -152.199 -2.500 -82.950 -78.449 -2.500 -82.950 -63.449 -2.500 0.000 0.929 0.000 0.939 0.000 0.939
3 16 -82.950 -78.449 -2.500 -81.025 -152.199 -2.500 -82.950 -118.449 -2.500 0.000 0.939 0.000 0.929 0.000 0.939
3 16 -82.950 -118.449 -2.500 -81.025 -152.199 -2.500 -82.950 -133.449 -2.500 0.000 0.939 0.000 0.929 0.000 0.939
3 16 -82.950 -133.449 -2.500 -81.025 -152.199 -2.500 -90.550 -133.449 -2.500 0.000 0.939 0.000 0.929 0.000 0.979
3 16 -90.550 -133.449 -2.500 -81.025 -152.199 -2.500 -92.000 -137.916 -2.500 0.000 0.979 0.000 0.929 0.000 0.987
3 16 -92.000 -137.916 -2.500 -81.025 -152.199 -2.500 -90.011 -142.069 -2.500 0.000 0.987 0.000 0.929 0.000 0.976
3 16 -90.011 -142.069 -2.500 -81.025 -152.199 -2.500 -87.837 -146.106 -2.500 0.000 0.976 0.000 0.929 0.000 0.965
3 16 -87.837 -146.106 -2.500 -81.025 -152.199 -2.500 -85.477 -150.028 -2.500 0.000 0.965 0.000 0.929 0.000 0.952
3 16 -85.477 -150.028 -2.500 -81.025 -152.199 -2.500 -82.924 -153.844 -2.500 0.000 0.952 0.000 0.929 0.000 0.939
3 16 -81.025 -152.199 -2.500 -81.025 -152.199 -2.000 -78.309 -155.884 -2.000 0.000 0.929 0.100 0.929 0.100 0.914
3 16 -78.309 -41.014 -2.500 -81.025 -44.699 -2.500 -82.923 -43.052 -2.500 0.000 0.914 0.000 0.929 0.000 0.939
3 16 -81.025 -44.699 -2.500 -78.309 -41.014 -2.500 -81.025 -44.699 -2.000 0.000 0.929 0.000 0.914 0.100 0.929
3 16 -81.025 -44.699 -2.500 -82.950 -63.449 -2.500 -85.476 -46.868 -2.500 0.000 0.929 0.000 0.939 0.000 0.952
3 16 -82.923 -43.052 -2.500 -81.025 -44.699 -2.500 -85.476 -46.868 -2.500 0.000 0.939 0.000 0.929 0.000 0.952
3 16 -81.025 -152.199 -2.000 -81.025 -44.699 -2.500 -81.025 -44.699 -2.000 0.100 0.929 0.000 0.929 0.100 0.929
3 16 -75.431 -37.480 -2.500 -78.309 -41.014 -2.500 -80.189 -39.357 -2.500 0.000 0.899 0.000 0.914 0.000 0.924
3 16 -78.309 -41.014 -2.500 -75.431 -37.480 -2.500 -78.309 -41.013 -2.000 0.000 0.914 0.000 0.899 0.100 0.914
3 16 -80.189 -39.357 -2.500 -78.309 -41.014 -2.500 -82.923 -43.052 -2.500 0.000 0.924 0.000 0.914 0.000 0.939
3 16 -78.309 -41.014 -2.500 -78.309 -41.013 -2.000 -81.025 -44.699 -2.000 0.000 0.914 0.100 0.914 0.100 0.929
3 16 -72.389 -34.096 -2.500 -75.431 -37.480 -2.500 -77.289 -35.806 -2.500 0.000 0.883 0.000 0.899 0.000 0.909
3 16 -75.431 -37.480 -2.500 -72.389 -34.096 -2.500 -75.430 -37.479 -2.000 0.000 0.899 0.000 0.883 0.100 0.899
3 16 -77.289 -35.806 -2.500 -75.431 -37.480 -2.500 -80.189 -39.357 -2.500 0.000 0.909 0.000 0.899 0.000 0.924
3 16 -75.431 -37.480 -2.500 -75.430 -37.479 -2.000 -78.309 -41.013 -2.000 0.000 0.899 0.100 0.899 0.100 0.914
3 16 -69.176 -30.855 -2.500 -72.389 -34.096 -2.500 -74.217 -32.392 -2.500 0.000 0.866 0.000 0.883 0.000 0.893
3 16 -72.389 -34.096 -2.500 -69.176 -30.855 -2.500 -72.388 -34.096 -2.000 0.000 0.883 0.000 0.866 0.100 0.883
3 16 -74.217 -32.392 -2.500 -72.389 -34.096 -2.500 -77.289 -35.806 -2.500 0.000 0.893 0.000 0.883 0.000 0.909
3 16 -72.389 -34.096 -2.500 -72.388 -34.096 -2.000 -75.430 -37.479 -2.000 0.000 0.883 0.100 0.883 0.100 0.899
3 16 -65.807 -27.771 -2.500 -69.176 -30.855 -2.500 -70.984 -29.125 -2.500 0.000 0.848 0.000 0.866 0.000 0.876
3 16 -69.176 -30.855 -2.500 -65.807 -27.771 -2.500 -69.177 -30.856 -2.000 0.000 0.866 0.000 0.848 0.100 0.866
3 16 -70.984 -29.125 -2.500 -69.176 -30.855 -2.500 -74.217 -32.392 -2.500 0.000 0.876 0.000 0.866 0.000 0.893
3 16 -69.176 -30.855 -2.500 -69.177 -30.856 -2.000 -72.388 -34.096 -2.000 0.000 0.866 0.100 0.866 0.100 0.883
3 16 -62.301 -24.862 -2.500 -65.807 -27.771 -2.500 -67.608 -26.025 -2.500 0.000 0.830 0.000 0.848 0.000 0.858
3 16 -65.807 -27.771 -2.500 -62.301 -24.862 -2.500 -65.806 -27.771 -2.000 0.000 0.848 0.000 0.830 0.100 0.848
3 16 -67.608 -26.025 -2.500 -65.807 -27.771 -2.500 -70.984 -29.125 -2.500 0.000 0.858 0.000 0.848 0.000 0.876
3 16 -65.807 -27.771 -2.500 -65.806 -27.771 -2.000 -69.177 -30.856 -2.000 0.000 0.848 0.100 0.848 0.100 0.866
3 16 -58.649 -22.122 -2.500 -62.301 -24.862 -2.500 -64.079 -23.082 -2.500 0.000 0.810 0.000 0.830 0.000 0.839
3 16 -62.301 -24.862 -2.500 -58.649 -22.122 -2.500 -62.300 -24.862 -2.000 0.000 0.830 0.000 0.810 0.100 0.830
3 16 -64.079 -23.082 -2.500 -62.301 -24.862 -2.500 -67.608 -26.025 -2.500 0.000 0.839 0.000 0.830 0.000 0.858
3 16 -62.301 -24.862 -2.500 -62.300 -24.862 -2.000 -65.806 -27.771 -2.000 0.000 0.830 0.100 0.830 0.100 0.848
3 16 -54.868 -19.561 -2.500 -58.649 -22.122 -2.500 -60.415 -20.311 -2.500 0.000 0.790 0.000 0.810 0.000 0.820
3 16 -58.649 -22.122 -2.500 -54.868 -19.561 -2.500 -58.650 -22.123 -2.000 0.000 0.810 0.000 0.790 0.100 0.810
3 16 -60.415 -20.311 -2.500 -58.649 -22.122 -2.500 -64.079 -23.082 -2.500 0.000 0.820 0.000 0.810 0.000 0.839
3 16 -58.649 -22.122 -2.500 -58.650 -22.123 -2.000 -62.300 -24.862 -2.000 0.000 0.810 0.100 0.810 0.100 0.830
3 16 -50.976 -17.194 -2.500 -54.868 -19.561 -2.500 -56.631 -17.724 -2.500 0.000 0.770 0.000 0.790 0.000 0.800
3 16 -54.868 -19.561 -2.500 -50.976 -17.194 -2.500 -54.867 -19.561 -2.000 0.000 0.790 0.000 0.770 0.100 0.790
3 16 -56.631 -17.724 -2.500 -54.868 -19.561 -2.500 -60.415 -20.311 -2.500 0.000 0.800 0.000 0.790 0.000 0.820
3 16 -54.868 -19.561 -2.500 -54.867 -19.561 -2.000 -58.650 -22.123 -2.000 0.000 0.790 0.100 0.790 0.100 0.810
3 16 -46.962 -15.013 -2.500 -50.976 -17.194 -2.500 -52.717 -15.314 -2.500 0.000 0.748 0.000 0.770 0.000 0.779
3 16 -50.976 -17.194 -2.500 -46.962 -15.013 -2.500 -50.976 -17.194 -2.000 0.000 0.770 0.000 0.748 0.100 0.770
3 16 -52.717 -15.314 -2.500 -50.976 -17.194 -2.500 -56.631 -17.724 -2.500 0.000 0.779 0.000 0.770 0.000 0.800
3 16 -50.976 -17.194 -2.500 -50.976 -17.194 -2.000 -54.867 -19.561 -2.000 0.000 0.770 0.100 0.770 0.100 0.790
3 16 -42.851 -13.031 -2.500 -46.962 -15.013 -2.500 -48.697 -13.095 -2.500 0.000 0.727 0.000 0.748 0.000 0.758
3 16 -46.962 -15.013 -2.500 -42.851 -13.031 -2.500 -46.964 -15.014 -2.000 0.000 0.748 0.000 0.727 0.100 0.748
3 16 -48.697 -13.095 -2.500 -46.962 -15.013 -2.500 -52.717 -15.314 -2.500 0.000 0.758 0.000 0.748 0.000 0.779
3 16 -46.962 -15.013 -2.500 -46.964 -15.014 -2.000 -50.976 -17.194 -2.000 0.000 0.748 0.100 0.748 0.100 0.770
3 16 -38.655 -11.255 -2.500 -42.851 -13.031 -2.500 -44.582 -11.074 -2.500 0.000 0.705 0.000 0.727 0.000 0.736
3 16 -42.851 -13.031 -2.500 -38.655 -11.255 -2.500 -42.850 -13.030 -2.000 0.000 0.727 0.000 0.705 0.100 0.727
3 16 -44.582 -11.074 -2.500 -42.851 -13.031 -2.500 -48.697 -13.095 -2.500 0.000 0.736 0.000 0.727 0.000 0.758
3 16 -42.851 -13.031 -2.500 -42.850 -13.030 -2.000 -46.964 -15.014 -2.000 0.000 0.727 0.100 0.727 0.100 0.748
3 16 -34.366 -9.681 -2.500 -38.655 -11.255 -2.500 -44.582 -11.074 -2.500 0.000 0.682 0.000 0.705 0.000 0.736
3 16 -38.655 -11.255 -2.500 -34.366 -9.681 -2.500 -38.656 -11.255 -2.000 0.000 0.705 0.000 0.682 0.100 0.705
3 16 -38.655 -11.255 -2.500 -38.656 -11.255 -2.000 -42.850 -13.030 -2.000 0.000 0.705 0.100 0.705 0.100 0.727
3 16 -30.013 -8.318 -2.500 -34.366 -9.681 -2.500 -40.364 -9.246 -2.500 0.000 0.659 0.000 0.682 0.000 0.714
3 16 -34.366 -9.681 -2.500 -30.013 -8.318 -2.500 -34.368 -9.682 -2.000 0.000 0.682 0.000 0.659 0.100 0.682
3 16 -40.364 -9.246 -2.500 -34.366 -9.681 -2.500 -44.582 -11.074 -2.500 0.000 0.714 0.000 0.682 0.000 0.736
3 16 -34.366 -9.681 -2.500 -34.368 -9.682 -2.000 -38.656 -11.255 -2.000 0.000 0.682 0.100 0.682 0.100 0.705
3 16 -25.601 -7.171 -2.500 -30.013 -8.318 -2.500 -36.070 -7.623 -2.500 0.000 0.635 0.000 0.659 0.000 0.691
3 16 -30.013 -8.318 -2.500 -25.601 -7.171 -2.500 -30.010 -8.318 -2.000 0.000 0.659 0.000 0.635 0.100 0.659
3 16 -36.070 -7.623 -2.500 -30.013 -8.318 -2.500 -40.364 -9.246 -2.500 0.000 0.691 0.000 0.659 0.000 0.714
3 16 -30.013 -8.318 -2.500 -30.010 -8.318 -2.000 -34.368 -9.682 -2.000 0.000 0.659 0.100 0.659 0.100 0.682
3 16 -21.129 -6.238 -2.500 -25.601 -7.171 -2.500 -31.707 -6.209 -2.500 0.000 0.612 0.000 0.635 0.000 0.668
3 16 -25.601 -7.171 -2.500 -21.129 -6.238 -2.500 -25.602 -7.171 -2.000 0.000 0.635 0.000 0.612 0.100 0.635
3 16 -31.707 -6.209 -2.500 -25.601 -7.171 -2.500 -36.070 -7.623 -2.500 0.000 0.668 0.000 0.635 0.000 0.691
3 16 -25.601 -7.171 -2.500 -25.602 -7.171 -2.000 -30.010 -8.318 -2.000 0.000 0.635 0.100 0.635 0.100 0.659
3 16 -16.627 -5.524 -2.500 -21.129 -6.238 -2.500 -31.707 -6.209 -2.500 0.000 0.588 0.000 0.612 0.000 0.668
3 16 -21.129 -6.238 -2.500 -16.627 -5.524 -2.500 -21.131 -6.238 -2.000 0.000 0.612 0.000 0.588 0.100 0.612
3 16 -21.129 -6.238 -2.500 -21.131 -6.238 -2.000 -25.602 -7.171 -2.000 0.000 0.612 0.100 0.612 0.100 0.635
3 16 -12.091 -5.031 -2.500 -16.627 -5.524 -2.500 -27.271 -5.002 -2.500 0.000 0.564 0.000 0.588 0.000 0.644
3 16 -16.627 -5.524 -2.500 -12.091 -5.031 -2.500 -16.622 -5.524 -2.000 0.000 0.588 0.000 0.564 0.100 0.588
3 16 -27.271 -5.002 -2.500 -16.627 -5.524 -2.500 -31.707 -6.209 -2.500 0.000 0.644 0.000 0.588 0.000 0.668
3 16 -16.627 -5.524 -2.500 -16.622 -5.524 -2.000 -21.131 -6.238 -2.000 0.000 0.588 0.100 0.588 0.100 0.612
3 16 -7.531 -4.758 -2.500 -12.091 -5.031 -2.500 -27.271 -5.002 -2.500 0.000 0.540 0.000 0.564 0.000 0.644
3 16 -12.091 -5.031 -2.500 -7.531 -4.758 -2.500 -12.094 -5.031 -2.000 0.000 0.564 0.000 0.540 0.100 0.564
3 16 -12.091 -5.031 -2.500 -12.094 -5.031 -2.000 -16.622 -5.524 -2.000 0.000 0.564 0.100 0.564 0.100 0.588
3 16 -2.976 -4.707 -2.500 -7.531 -4.758 -2.500 -22.792 -4.009 -2.500 0.000 0.516 0.000 0.540 0.000 0.621
3 16 -7.531 -4.758 -2.500 -2.976 -4.707 -2.500 -7.533 -4.758 -2.000 0.000 0.540 0.000 0.516 0.100 0.540
3 16 -22.792 -4.009 -2.500 -7.531 -4.758 -2.500 -27.271 -5.002 -2.500 0.000 0.621 0.000 0.540 0.000 0.644
3 16 -7.531 -4.758 -2.500 -7.533 -4.758 -2.000 -12.094 -5.031 -2.000 0.000 0.540 0.100 0.540 0.100 0.564
3 16 1.586 -4.879 -2.500 -2.976 -4.707 -2.500 18.203 -4.846 -2.500 0.000 0.492 0.000 0.516 0.000 0.404
3 16 -2.976 -4.707 -2.500 1.586 -4.879 -2.500 -2.970 -4.707 -2.000 0.000 0.516 0.000 0.492 0.100 0.516
3 16 18.203 -4.846 -2.500 -2.976 -4.707 -2.500 -22.792 -4.009 -2.500 0.000 0.404 0.000 0.516 0.000 0.621
3 16 -2.976 -4.707 -2.500 -2.970 -4.707 -2.000 -7.533 -4.758 -2.000 0.000 0.516 0.100 0.516 0.100 0.540
3 16 6.136 -5.272 -2.500 1.586 -4.879 -2.500 22.645 -6.023 -2.500 0.000 0.468 0.000 0.492 0.000 0.380
3 16 1.586 -4.879 -2.500 6.136 -5.272 -2.500 1.583 -4.879 -2.000 0.000 0.492 0.000 0.468 0.100 0.492
3 16 22.645 -6.023 -2.500 1.586 -4.879 -2.500 18.203 -4.846 -2.500 0.000 0.380 0.000 0.492 0.000 0.404
3 16 1.586 -4.879 -2.500 1.583 -4.879 -2.000 -2.970 -4.707 -2.000 0.000 0.492 0.100 0.492 0.100 0.516
3 16 10.650 -5.885 -2.500 6.136 -5.272 -2.500 22.645 -6.023 -2.500 0.000 0.444 0.000 0.468 0.000 0.380
3 16 6.136 -5.272 -2.500 10.650 -5.885 -2.500 6.135 -5.272 -2.000 0.000 0.468 0.000 0.444 0.100 0.468
3 16 6.136 -5.272 -2.500 6.135 -5.272 -2.000 1.583 -4.879 -2.000 0.000 0.468 0.100 0.468 0.100 0.492
3 16 15.141 -6.719 -2.500 10.650 -5.885 -2.500 22.645 -6.023 -2.500 0.000 0.420 0.000 0.444 0.000 0.380
3 16 10.650 -5.885 -2.500 15.141 -6.719 -2.500 10.655 -5.885 -2.000 0.000 0.444 0.000 0.420 0.100 0.444
3 16 10.650 -5.885 -2.500 10.655 -5.885 -2.000 6.135 -5.272 -2.000 0.000 0.444 0.100 0.444 0.100 0.468
3 16 19.583 -7.769 -2.500 15.141 -6.719 -2.500 27.024 -7.409 -2.500 0.000 0.396 0.000 0.420 0.000 0.357
3 16 15.141 -6.719 -2.500 19.583 -7.769 -2.500 15.136 -6.718 -2.000 0.000 0.420 0.000 0.396 0.100 0.420
3 16 27.024 -7.409 -2.500 15.141 -6.719 -2.500 22.645 -6.023 -2.500 0.000 0.357 0.000 0.420 0.000 0.380
3 16 15.141 -6.719 -2.500 15.136 -6.718 -2.000 10.655 -5.885 -2.000 0.000 0.420 0.100 0.420 0.100 0.444
3 16 23.960 -9.033 -2.500 19.583 -7.769 -2.500 31.323 -9.000 -2.500 0.000 0.373 0.000 0.396 0.000 0.334
3 16 19.583 -7.769 -2.500 23.960 -9.033 -2.500 19.583 -7.770 -2.000 0.000 0.396 0.000 0.373 0.100 0.396
3 16 31.323 -9.000 -2.500 19.583 -7.769 -2.500 27.024 -7.409 -2.500 0.000 0.334 0.000 0.396 0.000 0.357
3 16 19.583 -7.769 -2.500 19.583 -7.770 -2.000 15.136 -6.718 -2.000 0.000 0.396 0.100 0.396 0.100 0.420
3 16 28.283 -10.512 -2.500 23.960 -9.033 -2.500 35.553 -10.799 -2.500 0.000 0.350 0.000 0.373 0.000 0.312
3 16 23.960 -9.033 -2.500 28.283 -10.512 -2.500 23.964 -9.034 -2.000 0.000 0.373 0.000 0.350 0.100 0.373
3 16 35.553 -10.799 -2.500 23.960 -9.033 -2.500 31.323 -9.000 -2.500 0.000 0.312 0.000 0.373 0.000 0.334
3 16 23.960 -9.033 -2.500 23.964 -9.034 -2.000 19.583 -7.770 -2.000 0.000 0.373 0.100 0.373 0.100 0.396
3 16 32.522 -12.196 -2.500 28.283 -10.512 -2.500 35.553 -10.799 -2.500 0.000 0.328 0.000 0.350 0.000 0.312
3 16 28.283 -10.512 -2.500 32.522 -12.196 -2.500 28.278 -10.510 -2.000 0.000 0.350 0.000 0.328 0.100 0.350
3 16 28.283 -10.512 -2.500 28.278 -10.510 -2.000 23.964 -9.034 -2.000 0.000 0.350 0.100 0.350 0.100 0.373
3 16 36.671 -14.084 -2.500 32.522 -12.196 -2.500 39.688 -12.795 -2.500 0.000 0.306 0.000 0.328 0.000 0.290
3 16 32.522 -12.196 -2.500 36.671 -14.084 -2.500 32.524 -12.198 -2.000 0.000 0.328 0.000 0.306 0.100 0.328
3 16 39.688 -12.795 -2.500 32.522 -12.196 -2.500 35.553 -10.799 -2.500 0.000 0.290 0.000 0.328 0.000 0.312
3 16 32.522 -12.196 -2.500 32.524 -12.198 -2.000 28.278 -10.510 -2.000 0.000 0.328 0.100 0.328 0.100 0.350
3 16 40.733 -16.176 -2.500 36.671 -14.084 -2.500 43.718 -14.983 -2.500 0.000 0.284 0.000 0.306 0.000 0.269
3 16 36.671 -14.084 -2.500 40.733 -16.176 -2.500 36.673 -14.084 -2.000 0.000 0.306 0.000 0.284 0.100 0.306
3 16 43.718 -14.983 -2.500 36.671 -14.084 -2.500 39.688 -12.795 -2.500 0.000 0.269 0.000 0.306 0.000 0.290
3 16 36.671 -14.084 -2.500 36.673 -14.084 -2.000 32.524 -12.198 -2.000 0.000 0.306 0.100 0.306 0.100 0.328
3 16 44.679 -18.458 -2.500 40.733 -16.176 -2.500 47.648 -17.367 -2.500 0.000 0.264 0.000 0.284 0.000 0.248
3 16 40.733 -16.176 -2.500 44.679 -18.458 -2.500 40.728 -16.174 -2.000 0.000 0.284 0.000 0.264 0.100 0.285
3 16 47.648 -17.367 -2.500 40.733 -16.176 -2.500 43.718 -14.983 -2.500 0.000 0.248 0.000 0.284 0.000 0.269
3 16 40.733 -16.176 -2.500 40.728 -16.174 -2.000 36.673 -14.084 -2.000 0.000 0.284 0.100 0.285 0.100 0.306
3 16 48.512 -20.932 -2.500 44.679 -18.458 -2.500 51.454 -19.931 -2.500 0.000 0.243 0.000 0.264 0.000 0.228
3 16 44.679 -18.458 -2.500 48.512 -20.932 -2.500 44.683 -18.461 -2.000 0.000 0.264 0.000 0.243 0.100 0.264
3 16 51.454 -19.931 -2.500 44.679 -18.458 -2.500 47.648 -17.367 -2.500 0.000 0.228 0.000 0.264 0.000 0.248
3 16 44.679 -18.458 -2.500 44.683 -18.461 -2.000 40.728 -16.174 -2.000 0.000 0.264 0.100 0.264 0.100 0.285
3 16 52.226 -23.592 -2.500 48.512 -20.932 -2.500 55.132 -22.673 -2.500 0.000 0.224 0.000 0.243 0.000 0.208
3 16 48.512 -20.932 -2.500 52.226 -23.592 -2.500 48.512 -20.931 -2.000 0.000 0.243 0.000 0.224 0.100 0.243
3 16 55.132 -22.673 -2.500 48.512 -20.932 -2.500 51.454 -19.931 -2.500 0.000 0.208 0.000 0.243 0.000 0.228
3 16 48.512 -20.932 -2.500 48.512 -20.931 -2.000 44.683 -18.461 -2.000 0.000 0.243 0.100 0.243 0.100 0.264
3 16 55.796 -26.422 -2.500 52.226 -23.592 -2.500 58.683 -25.593 -2.500 0.000 0.205 0.000 0.224 0.000 0.190
3 16 52.226 -23.592 -2.500 55.796 -26.422 -2.500 52.221 -23.589 -2.000 0.000 0.224 0.000 0.205 0.100 0.224
3 16 58.683 -25.593 -2.500 52.226 -23.592 -2.500 55.132 -22.673 -2.500 0.000 0.190 0.000 0.224 0.000 0.208
3 16 52.226 -23.592 -2.500 52.221 -23.589 -2.000 48.512 -20.931 -2.000 0.000 0.224 0.100 0.224 0.100 0.243
3 16 59.231 -29.429 -2.500 55.796 -26.422 -2.500 62.082 -28.672 -2.500 0.000 0.187 0.000 0.205 0.000 0.172
3 16 55.796 -26.422 -2.500 59.231 -29.429 -2.500 55.801 -26.427 -2.000 0.000 0.205 0.000 0.187 0.100 0.205
3 16 62.082 -28.672 -2.500 55.796 -26.422 -2.500 58.683 -25.593 -2.500 0.000 0.172 0.000 0.205 0.000 0.190
3 16 55.796 -26.422 -2.500 55.801 -26.427 -2.000 52.221 -23.589 -2.000 0.000 0.205 0.100 0.205 0.100 0.224
3 16 62.517 -32.601 -2.500 59.231 -29.429 -2.500 65.333 -31.912 -2.500 0.000 0.169 0.000 0.187 0.000 0.154
3 16 59.231 -29.429 -2.500 62.517 -32.601 -2.500 59.229 -29.427 -2.000 0.000 0.187 0.000 0.169 0.100 0.187
3 16 65.333 -31.912 -2.500 59.231 -29.429 -2.500 62.082 -28.672 -2.500 0.000 0.154 0.000 0.187 0.000 0.172
3 16 59.231 -29.429 -2.500 59.229 -29.427 -2.000 55.801 -26.427 -2.000 0.000 0.187 0.100 0.187 0.100 0.205
3 16 65.637 -35.920 -2.500 62.517 -32.601 -2.500 68.431 -35.309 -2.500 0.000 0.153 0.000 0.169 0.000 0.138
3 16 62.517 -32.601 -2.500 65.637 -35.920 -2.500 62.514 -32.598 -2.000 0.000 0.169 0.000 0.153 0.100 0.169
3 16 68.431 -35.309 -2.500 62.517 -32.601 -2.500 65.333 -31.912 -2.500 0.000 0.138 0.000 0.169 0.000 0.154
3 16 62.517 -32.601 -2.500 62.514 -32.598 -2.000 59.229 -29.427 -2.000 0.000 0.169 0.100 0.169 0.100 0.187
3 16 68.599 -39.396 -2.500 65.637 -35.920 -2.500 71.356 -38.839 -2.500 0.000 0.137 0.000 0.153 0.000 0.122
3 16 65.637 -35.920 -2.500 68.599 -39.396 -2.500 65.642 -35.926 -2.000 0.000 0.153 0.000 0.137 0.100 0.153
3 16 71.356 -38.839 -2.500 65.637 -35.920 -2.500 68.431 -35.309 -2.500 0.000 0.122 0.000 0.153 0.000 0.138
3 16 65.637 -35.920 -2.500 65.642 -35.926 -2.000 62.514 -32.598 -2.000 0.000 0.153 0.100 0.153 0.100 0.169
3 16 71.388 -43.011 -2.500 68.599 -39.396 -2.500 74.112 -42.512 -2.500 0.000 0.122 0.000 0.137 0.000 0.108
3 16 68.599 -39.396 -2.500 71.388 -43.011 -2.500 68.596 -39.392 -2.000 0.000 0.137 0.000 0.122 0.100 0.137
3 16 74.112 -42.512 -2.500 68.599 -39.396 -2.500 71.356 -38.839 -2.500 0.000 0.108 0.000 0.137 0.000 0.122
3 16 68.599 -39.396 -2.500 68.596 -39.392 -2.000 65.642 -35.926 -2.000 0.000 0.137 0.100 0.137 0.100 0.153
3 16 73.992 -46.749 -2.500 71.388 -43.011 -2.500 76.694 -46.315 -2.500 0.000 0.109 0.000 0.122 0.000 0.094
3 16 71.388 -43.011 -2.500 73.992 -46.749 -2.500 71.385 -43.008 -2.000 0.000 0.122 0.000 0.109 0.100 0.122
3 16 76.694 -46.315 -2.500 71.388 -43.011 -2.500 74.112 -42.512 -2.500 0.000 0.094 0.000 0.122 0.000 0.108
3 16 71.388 -43.011 -2.500 71.385 -43.008 -2.000 68.596 -39.392 -2.000 0.000 0.122 0.100 0.122 0.100 0.137
3 16 76.417 -50.620 -2.500 73.992 -46.749 -2.500 79.084 -50.226 -2.500 0.000 0.096 0.000 0.109 0.000 0.082
3 16 73.992 -46.749 -2.500 76.417 -50.620 -2.500 73.996 -46.755 -2.000 0.000 0.109 0.000 0.096 0.100 0.108
3 16 79.084 -50.226 -2.500 73.992 -46.749 -2.500 76.694 -46.315 -2.500 0.000 0.082 0.000 0.109 0.000 0.094
3 16 73.992 -46.749 -2.500 73.996 -46.755 -2.000 71.385 -43.008 -2.000 0.000 0.109 0.100 0.108 0.100 0.122
3 16 78.649 -54.600 -2.500 76.417 -50.620 -2.500 81.290 -54.256 -2.500 0.000 0.084 0.000 0.096 0.000 0.070
3 16 76.417 -50.620 -2.500 78.649 -54.600 -2.500 76.414 -50.615 -2.000 0.000 0.096 0.000 0.084 0.100 0.096
3 16 81.290 -54.256 -2.500 76.417 -50.620 -2.500 79.084 -50.226 -2.500 0.000 0.070 0.000 0.096 0.000 0.082
3 16 76.417 -50.620 -2.500 76.414 -50.615 -2.000 73.996 -46.755 -2.000 0.000 0.096 0.100 0.096 0.100 0.108
3 16 80.682 -58.679 -2.500 78.649 -54.600 -2.500 83.302 -58.387 -2.500 0.000 0.073 0.000 0.084 0.000 0.059
3 16 78.649 -54.600 -2.500 80.682 -58.679 -2.500 78.648 -54.599 -2.000 0.000 0.084 0.000 0.073 0.100 0.084
3 16 83.302 -58.387 -2.500 78.649 -54.600 -2.500 81.290 -54.256 -2.500 0.000 0.059 0.000 0.084 0.000 0.070
3 16 78.649 -54.600 -2.500 78.648 -54.599 -2.000 76.414 -50.615 -2.000 0.000 0.084 0.100 0.084 0.100 0.096
3 16 82.518 -62.862 -2.500 80.682 -58.679 -2.500 85.110 -62.599 -2.500 0.000 0.063 0.000 0.073 0.000 0.050
3 16 80.682 -58.679 -2.500 82.518 -62.862 -2.500 80.685 -58.684 -2.000 0.000 0.073 0.000 0.063 0.100 0.073
3 16 85.110 -62.599 -2.500 80.682 -58.679 -2.500 83.302 -58.387 -2.500 0.000 0.050 0.000 0.073 0.000 0.059
3 16 80.682 -58.679 -2.500 80.685 -58.684 -2.000 78.648 -54.599 -2.000 0.000 0.073 0.100 0.073 0.100 0.084
3 16 84.147 -67.121 -2.500 82.518 -62.862 -2.500 86.719 -66.904 -2.500 0.000 0.055 0.000 0.063 0.000 0.041
3 16 82.518 -62.862 -2.500 84.147 -67.121 -2.500 82.516 -62.855 -2.000 0.000 0.063 0.000 0.055 0.100 0.063
3 16 86.719 -66.904 -2.500 82.518 -62.862 -2.500 85.110 -62.599 -2.500 0.000 0.041 0.000 0.063 0.000 0.050
3 16 82.518 -62.862 -2.500 82.516 -62.855 -2.000 80.685 -58.684 -2.000 0.000 0.063 0.100 0.063 0.100 0.073
3 16 85.565 -71.455 -2.500 84.147 -67.121 -2.500 88.121 -71.278 -2.500 0.000 0.047 0.000 0.055 0.000 0.034
3 16 84.147 -67.121 -2.500 85.565 -71.455 -2.500 84.147 -67.123 -2.000 0.000 0.055 0.000 0.047 0.100 0.055
3 16 88.121 -71.278 -2.500 84.147 -67.121 -2.500 86.719 -66.904 -2.500 0.000 0.034 0.000 0.055 0.000 0.041
3 16 84.147 -67.121 -2.500 84.147 -67.123 -2.000 82.516 -62.855 -2.000 0.000 0.055 0.100 0.055 0.100 0.063
3 16 86.774 -75.861 -2.500 85.565 -71.455 -2.500 89.310 -75.705 -2.500 0.000 0.041 0.000 0.047 0.000 0.027
3 16 85.565 -71.455 -2.500 86.774 -75.861 -2.500 85.567 -71.460 -2.000 0.000 0.047 0.000 0.041 0.100 0.047
3 16 89.310 -75.705 -2.500 85.565 -71.455 -2.500 88.121 -71.278 -2.500 0.000 0.027 0.000 0.047 0.000 0.034
3 16 85.565 -71.455 -2.500 85.567 -71.460 -2.000 84.147 -67.123 -2.000 0.000 0.047 0.100 0.047 0.100 0.055
3 16 87.764 -80.309 -2.500 86.774 -75.861 -2.500 90.289 -80.196 -2.500 0.000 0.036 0.000 0.041 0.000 0.022
3 16 86.774 -75.861 -2.500 87.764 -80.309 -2.500 86.772 -75.854 -2.000 0.000 0.041 0.000 0.036 0.100 0.041
3 16 90.289 -80.196 -2.500 86.774 -75.861 -2.500 89.310 -75.705 -2.500 0.000 0.022 0.000 0.041 0.000 0.027
3 16 86.774 -75.861 -2.500 86.772 -75.854 -2.000 85.567 -71.460 -2.000 0.000 0.041 0.100 0.041 0.100 0.047
3 16 88.537 -84.807 -2.500 87.764 -80.309 -2.500 91.052 -84.723 -2.500 0.000 0.032 0.000 0.036 0.000 0.018
3 16 87.764 -80.309 -2.500 88.537 -84.807 -2.500 87.764 -80.314 -2.000 0.000 0.036 0.000 0.032 0.100 0.036
3 16 91.052 -84.723 -2.500 87.764 -80.309 -2.500 90.289 -80.196 -2.500 0.000 0.018 0.000 0.036 0.000 0.022
3 16 87.764 -80.309 -2.500 87.764 -80.314 -2.000 86.772 -75.854 -2.000 0.000 0.036 0.100 0.036 0.100 0.041
3 16 89.092 -89.341 -2.500 88.537 -84.807 -2.500 91.597 -89.277 -2.500 0.000 0.029 0.000 0.032 0.000 0.015
3 16 88.537 -84.807 -2.500 89.092 -89.341 -2.500 88.538 -84.809 -2.000 0.000 0.032 0.000 0.029 0.100 0.032
3 16 91.597 -89.277 -2.500 88.537 -84.807 -2.500 91.052 -84.723 -2.500 0.000 0.015 0.000 0.032 0.000 0.018
3 16 88.537 -84.807 -2.500 88.538 -84.809 -2.000 87.764 -80.314 -2.000 0.000 0.032 0.100 0.032 0.100 0.036
3 16 89.425 -93.884 -2.500 89.092 -89.341 -2.500 91.926 -93.862 -2.500 0.000 0.027 0.000 0.029 0.000 0.014
3 16 89.092 -89.341 -2.500 89.425 -93.884 -2.500 89.091 -89.333 -2.000 0.000 0.029 0.000 0.027 0.100 0.029
3 16 91.926 -93.862 -2.500 89.092 -89.341 -2.500 91.597 -89.277 -2.500 0.000 0.014 0.000 0.029 0.000 0.015
3 16 89.092 -89.341 -2.500 89.091 -89.333 -2.000 88.538 -84.809 -2.000 0.000 0.029 0.100 0.029 0.100 0.032
3 16 89.535 -98.449 -2.500 89.425 -93.884 -2.500 92.036 -98.449 -2.500 0.000 0.026 0.000 0.027 0.000 0.013
3 16 89.425 -93.884 -2.500 89.535 -98.449 -2.500 89.424 -93.890 -2.000 0.000 0.027 0.000 0.026 0.100 0.027
3 16 92.036 -98.449 -2.500 89.425 -93.884 -2.500 91.926 -93.862 -2.500 0.000 0.013 0.000 0.027 0.000 0.014
3 16 89.425 -93.884 -2.500 89.424 -93.890 -2.000 89.091 -89.333 -2.000 0.000 0.027 0.100 0.027 0.100 0.029
3 16 89.425 -103.014 -2.500 89.535 -98.449 -2.500 92.036 -98.449 -2.500 0.000 0.027 0.000 0.026 0.000 0.013
3 16 89.535 -98.449 -2.500 89.425 -103.014 -2.500 89.536 -98.449 -2.000 0.000 0.026 0.000 0.027 0.100 0.026
3 16 89.535 -98.449 -2.500 89.536 -98.449 -2.000 89.424 -93.890 -2.000 0.000 0.026 0.100 0.026 0.100 0.027
3 16 89.092 -107.557 -2.500 89.425 -103.014 -2.500 91.926 -103.036 -2.500 0.000 0.029 0.000 0.027 0.000 0.014
3 16 89.425 -103.014 -2.500 89.092 -107.557 -2.500 89.424 -103.007 -2.000 0.000 0.027 0.000 0.029 0.100 0.027
3 16 91.926 -103.036 -2.500 89.425 -103.014 -2.500 92.036 -98.449 -2.500 0.000 0.014 0.000 0.027 0.000 0.013
3 16 89.425 -103.014 -2.500 89.424 -103.007 -2.000 89.536 -98.449 -2.000 0.000 0.027 0.100 0.027 0.100 0.026
3 16 88.537 -112.091 -2.500 89.092 -107.557 -2.500 91.597 -107.621 -2.500 0.000 0.032 0.000 0.029 0.000 0.015
3 16 89.092 -107.557 -2.500 88.537 -112.091 -2.500 89.091 -107.564 -2.000 0.000 0.029 0.000 0.032 0.100 0.029
3 16 91.597 -107.621 -2.500 89.092 -107.557 -2.500 91.926 -103.036 -2.500 0.000 0.015 0.000 0.029 0.000 0.014
3 16 89.092 -107.557 -2.500 89.091 -107.564 -2.000 89.424 -103.007 -2.000 0.000 0.029 0.100 0.029 0.100 0.027
3 16 87.764 -116.589 -2.500 88.537 -112.091 -2.500 91.052 -112.175 -2.500 0.000 0.036 0.000 0.032 0.000 0.018
3 16 88.537 -112.091 -2.500 87.764 -116.589 -2.500 88.538 -112.088 -2.000 0.000 0.032 0.000 0.036 0.100 0.032
3 16 91.052 -112.175 -2.500 88.537 -112.091 -2.500 91.597 -107.621 -2.500 0.000 0.018 0.000 0.032 0.000 0.015
3 16 88.537 -112.091 -2.500 88.538 -112.088 -2.000 89.091 -107.564 -2.000 0.000 0.032 0.100 0.032 0.100 0.029
3 16 86.774 -121.036 -2.500 87.764 -116.589 -2.500 90.289 -116.702 -2.500 0.000 0.041 0.000 0.036 0.000 0.022
3 16 87.764 -116.589 -2.500 86.774 -121.036 -2.500 87.764 -116.584 -2.000 0.000 0.036 0.000 0.041 0.100 0.036
3 16 90.289 -116.702 -2.500 87.764 -116.589 -2.500 91.052 -112.175 -2.500 0.000 0.022 0.000 0.036 0.000 0.018
3 16 87.764 -116.589 -2.500 87.764 -116.584 -2.000 88.538 -112.088 -2.000 0.000 0.036 0.100 0.036 0.100 0.032
3 16 85.565 -125.442 -2.500 86.774 -121.036 -2.500 89.310 -121.193 -2.500 0.000 0.047 0.000 0.041 0.000 0.027
3 16 86.774 -121.036 -2.500 85.565 -125.442 -2.500 86.772 -121.044 -2.000 0.000 0.041 0.000 0.047 0.100 0.041
3 16 89.310 -121.193 -2.500 86.774 -121.036 -2.500 90.289 -116.702 -2.500 0.000 0.027 0.000 0.041 0.000 0.022
3 16 86.774 -121.036 -2.500 86.772 -121.044 -2.000 87.764 -116.584 -2.000 0.000 0.041 0.100 0.041 0.100 0.036
3 16 84.147 -129.777 -2.500 85.565 -125.442 -2.500 88.121 -125.621 -2.500 0.000 0.055 0.000 0.047 0.000 0.034
3 16 85.565 -125.442 -2.500 84.147 -129.777 -2.500 85.567 -125.438 -2.000 0.000 0.047 0.000 0.055 0.100 0.047
3 16 88.121 -125.621 -2.500 85.565 -125.442 -2.500 89.310 -121.193 -2.500 0.000 0.034 0.000 0.047 0.000 0.027
3 16 85.565 -125.442 -2.500 85.567 -125.438 -2.000 86.772 -121.044 -2.000 0.000 0.047 0.100 0.047 0.100 0.041
3 16 82.518 -134.036 -2.500 84.147 -129.777 -2.500 86.719 -129.994 -2.500 0.000 0.063 0.000 0.055 0.000 0.041
3 16 84.147 -129.777 -2.500 82.518 -134.036 -2.500 84.147 -129.775 -2.000 0.000 0.055 0.000 0.063 0.100 0.055
3 16 86.719 -129.994 -2.500 84.147 -129.777 -2.500 88.121 -125.621 -2.500 0.000 0.041 0.000 0.055 0.000 0.034
3 16 84.147 -129.777 -2.500 84.147 -129.775 -2.000 85.567 -125.438 -2.000 0.000 0.055 0.100 0.055 0.100 0.047
3 16 80.682 -138.219 -2.500 82.518 -134.036 -2.500 85.110 -134.299 -2.500 0.000 0.073 0.000 0.063 0.000 0.050
3 16 82.518 -134.036 -2.500 80.682 -138.219 -2.500 82.516 -134.042 -2.000 0.000 0.063 0.000 0.073 0.100 0.063
3 16 85.110 -134.299 -2.500 82.518 -134.036 -2.500 86.719 -129.994 -2.500 0.000 0.050 0.000 0.063 0.000 0.041
3 16 82.518 -134.036 -2.500 82.516 -134.042 -2.000 84.147 -129.775 -2.000 0.000 0.063 0.100 0.063 0.100 0.055
3 16 78.649 -142.298 -2.500 80.682 -138.219 -2.500 83.302 -138.511 -2.500 0.000 0.084 0.000 0.073 0.000 0.059
3 16 80.682 -138.219 -2.500 78.649 -142.298 -2.500 80.685 -138.213 -2.000 0.000 0.073 0.000 0.084 0.100 0.073
3 16 83.302 -138.511 -2.500 80.682 -138.219 -2.500 85.110 -134.299 -2.500 0.000 0.059 0.000 0.073 0.000 0.050
3 16 80.682 -138.219 -2.500 80.685 -138.213 -2.000 82.516 -134.042 -2.000 0.000 0.073 0.100 0.073 0.100 0.063
3 16 76.417 -146.278 -2.500 78.649 -142.298 -2.500 81.290 -142.642 -2.500 0.000 0.096 0.000 0.084 0.000 0.070
3 16 78.649 -142.298 -2.500 76.417 -146.278 -2.500 78.648 -142.299 -2.000 0.000 0.084 0.000 0.096 0.100 0.084
3 16 81.290 -142.642 -2.500 78.649 -142.298 -2.500 83.302 -138.511 -2.500 0.000 0.070 0.000 0.084 0.000 0.059
3 16 78.649 -142.298 -2.500 78.648 -142.299 -2.000 80.685 -138.213 -2.000 0.000 0.084 0.100 0.084 0.100 0.073
3 16 73.992 -150.149 -2.500 76.417 -146.278 -2.500 79.084 -146.672 -2.500 0.000 0.109 0.000 0.096 0.000 0.082
3 16 76.417 -146.278 -2.500 73.992 -150.149 -2.500 76.414 -146.283 -2.000 0.000 0.096 0.000 0.109 0.100 0.096
3 16 79.084 -146.672 -2.500 76.417 -146.278 -2.500 81.290 -142.642 -2.500 0.000 0.082 0.000 0.096 0.000 0.070
3 16 76.417 -146.278 -2.500 76.414 -146.283 -2.000 78.648 -142.299 -2.000 0.000 0.096 0.100 0.096 0.100 0.084
3 16 71.388 -153.887 -2.500 73.992 -150.149 -2.500 76.693 -150.583 -2.500 0.000 0.122 0.000 0.109 0.000 0.094
3 16 73.992 -150.149 -2.500 71.388 -153.887 -2.500 73.996 -150.142 -2.000 0.000 0.109 0.000 0.122 0.100 0.108
3 16 76.693 -150.583 -2.500 73.992 -150.149 -2.500 79.084 -146.672 -2.500 0.000 0.094 0.000 0.109 0.000 0.082
3 16 73.992 -150.149 -2.500 73.996 -150.142 -2.000 76.414 -146.283 -2.000 0.000 0.109 0.100 0.108 0.100 0.096
3 16 68.599 -157.501 -2.500 71.388 -153.887 -2.500 74.112 -154.386 -2.500 0.000 0.137 0.000 0.122 0.000 0.108
3 16 71.388 -153.887 -2.500 68.599 -157.501 -2.500 71.385 -153.889 -2.000 0.000 0.122 0.000 0.137 0.100 0.122
3 16 74.112 -154.386 -2.500 71.388 -153.887 -2.500 76.693 -150.583 -2.500 0.000 0.108 0.000 0.122 0.000 0.094
3 16 71.388 -153.887 -2.500 71.385 -153.889 -2.000 73.996 -150.142 -2.000 0.000 0.122 0.100 0.122 0.100 0.108
3 16 65.637 -160.978 -2.500 68.599 -157.501 -2.500 71.355 -158.059 -2.500 0.000 0.153 0.000 0.137 0.000 0.122
3 16 68.599 -157.501 -2.500 65.637 -160.978 -2.500 68.596 -157.505 -2.000 0.000 0.137 0.000 0.153 0.100 0.137
3 16 71.355 -158.059 -2.500 68.599 -157.501 -2.500 74.112 -154.386 -2.500 0.000 0.122 0.000 0.137 0.000 0.108
3 16 68.599 -157.501 -2.500 68.596 -157.505 -2.000 71.385 -153.889 -2.000 0.000 0.137 0.100 0.137 0.100 0.122
3 16 62.517 -164.297 -2.500 65.637 -160.978 -2.500 68.430 -161.590 -2.500 0.000 0.169 0.000 0.153 0.000 0.138
3 16 65.637 -160.978 -2.500 62.517 -164.297 -2.500 65.642 -160.972 -2.000 0.000 0.153 0.000 0.169 0.100 0.153
3 16 68.430 -161.590 -2.500 65.637 -160.978 -2.500 71.355 -158.059 -2.500 0.000 0.138 0.000 0.153 0.000 0.122
3 16 65.637 -160.978 -2.500 65.642 -160.972 -2.000 68.596 -157.505 -2.000 0.000 0.153 0.100 0.153 0.100 0.137
3 16 59.231 -167.468 -2.500 62.517 -164.297 -2.500 65.332 -164.986 -2.500 0.000 0.187 0.000 0.169 0.000 0.154
3 16 62.517 -164.297 -2.500 59.231 -167.468 -2.500 62.514 -164.300 -2.000 0.000 0.169 0.000 0.187 0.100 0.169
3 16 65.332 -164.986 -2.500 62.517 -164.297 -2.500 68.430 -161.590 -2.500 0.000 0.154 0.000 0.169 0.000 0.138
3 16 62.517 -164.297 -2.500 62.514 -164.300 -2.000 65.642 -160.972 -2.000 0.000 0.169 0.100 0.169 0.100 0.153
3 16 55.796 -170.475 -2.500 59.231 -167.468 -2.500 62.082 -168.227 -2.500 0.000 0.205 0.000 0.187 0.000 0.172
3 16 59.231 -167.468 -2.500 55.796 -170.475 -2.500 59.229 -167.470 -2.000 0.000 0.187 0.000 0.205 0.100 0.187
3 16 62.082 -168.227 -2.500 59.231 -167.468 -2.500 65.332 -164.986 -2.500 0.000 0.172 0.000 0.187 0.000 0.154
3 16 59.231 -167.468 -2.500 59.229 -167.470 -2.000 62.514 -164.300 -2.000 0.000 0.187 0.100 0.187 0.100 0.169
3 16 52.226 -173.305 -2.500 55.796 -170.475 -2.500 58.682 -171.305 -2.500 0.000 0.224 0.000 0.205 0.000 0.190
3 16 55.796 -170.475 -2.500 52.226 -173.305 -2.500 55.801 -170.470 -2.000 0.000 0.205 0.000 0.224 0.100 0.205
3 16 58.682 -171.305 -2.500 55.796 -170.475 -2.500 62.082 -168.227 -2.500 0.000 0.190 0.000 0.205 0.000 0.172
3 16 55.796 -170.475 -2.500 55.801 -170.470 -2.000 59.229 -167.470 -2.000 0.000 0.205 0.100 0.205 0.100 0.187
3 16 48.512 -175.966 -2.500 52.226 -173.305 -2.500 55.131 -174.225 -2.500 0.000 0.243 0.000 0.224 0.000 0.208
3 16 52.226 -173.305 -2.500 48.512 -175.966 -2.500 52.221 -173.308 -2.000 0.000 0.224 0.000 0.243 0.100 0.224
3 16 55.131 -174.225 -2.500 52.226 -173.305 -2.500 58.682 -171.305 -2.500 0.000 0.208 0.000 0.224 0.000 0.190
3 16 52.226 -173.305 -2.500 52.221 -173.308 -2.000 55.801 -170.470 -2.000 0.000 0.224 0.100 0.224 0.100 0.205
3 16 44.679 -178.439 -2.500 48.512 -175.966 -2.500 51.454 -176.967 -2.500 0.000 0.264 0.000 0.243 0.000 0.228
3 16 48.512 -175.966 -2.500 44.679 -178.439 -2.500 48.512 -175.967 -2.000 0.000 0.243 0.000 0.264 0.100 0.243
3 16 51.454 -176.967 -2.500 48.512 -175.966 -2.500 55.131 -174.225 -2.500 0.000 0.228 0.000 0.243 0.000 0.208
3 16 48.512 -175.966 -2.500 48.512 -175.967 -2.000 52.221 -173.308 -2.000 0.000 0.243 0.100 0.243 0.100 0.224
3 16 40.733 -180.721 -2.500 44.679 -178.439 -2.500 47.647 -179.531 -2.500 0.000 0.284 0.000 0.264 0.000 0.248
3 16 44.679 -178.439 -2.500 40.733 -180.721 -2.500 44.683 -178.436 -2.000 0.000 0.264 0.000 0.284 0.100 0.264
3 16 47.647 -179.531 -2.500 44.679 -178.439 -2.500 51.454 -176.967 -2.500 0.000 0.248 0.000 0.264 0.000 0.228
3 16 44.679 -178.439 -2.500 44.683 -178.436 -2.000 48.512 -175.967 -2.000 0.000 0.264 0.100 0.264 0.100 0.243
3 16 36.671 -182.813 -2.500 40.733 -180.721 -2.500 43.716 -181.915 -2.500 0.000 0.306 0.000 0.284 0.000 0.269
3 16 40.733 -180.721 -2.500 36.671 -182.813 -2.500 40.728 -180.724 -2.000 0.000 0.284 0.000 0.306 0.100 0.285
3 16 43.716 -181.915 -2.500 40.733 -180.721 -2.500 47.647 -179.531 -2.500 0.000 0.269 0.000 0.284 0.000 0.248
3 16 40.733 -180.721 -2.500 40.728 -180.724 -2.000 44.683 -178.436 -2.000 0.000 0.284 0.100 0.285 0.100 0.264
3 16 32.522 -184.701 -2.500 36.671 -182.813 -2.500 39.687 -184.104 -2.500 0.000 0.328 0.000 0.306 0.000 0.290
3 16 36.671 -182.813 -2.500 32.522 -184.701 -2.500 36.673 -182.813 -2.000 0.000 0.306 0.000 0.328 0.100 0.306
3 16 39.687 -184.104 -2.500 36.671 -182.813 -2.500 43.716 -181.915 -2.500 0.000 0.290 0.000 0.306 0.000 0.269
3 16 36.671 -182.813 -2.500 36.673 -182.813 -2.000 40.728 -180.724 -2.000 0.000 0.306 0.100 0.306 0.100 0.285
3 16 28.283 -186.386 -2.500 32.522 -184.701 -2.500 35.552 -186.099 -2.500 0.000 0.350 0.000 0.328 0.000 0.312
3 16 32.522 -184.701 -2.500 28.283 -186.386 -2.500 32.524 -184.700 -2.000 0.000 0.328 0.000 0.350 0.100 0.328
3 16 35.552 -186.099 -2.500 32.522 -184.701 -2.500 39.687 -184.104 -2.500 0.000 0.312 0.000 0.328 0.000 0.290
3 16 32.522 -184.701 -2.500 32.524 -184.700 -2.000 36.673 -182.813 -2.000 0.000 0.328 0.100 0.328 0.100 0.306
3 16 23.960 -187.865 -2.500 28.283 -186.386 -2.500 31.322 -187.898 -2.500 0.000 0.373 0.000 0.350 0.000 0.334
3 16 28.283 -186.386 -2.500 23.960 -187.865 -2.500 28.278 -186.387 -2.000 0.000 0.350 0.000 0.373 0.100 0.350
3 16 31.322 -187.898 -2.500 28.283 -186.386 -2.500 35.552 -186.099 -2.500 0.000 0.334 0.000 0.350 0.000 0.312
3 16 28.283 -186.386 -2.500 28.278 -186.387 -2.000 32.524 -184.700 -2.000 0.000 0.350 0.100 0.350 0.100 0.328
3 16 19.583 -189.128 -2.500 23.960 -187.865 -2.500 31.322 -187.898 -2.500 0.000 0.396 0.000 0.373 0.000 0.334
3 16 23.960 -187.865 -2.500 19.583 -189.128 -2.500 23.964 -187.864 -2.000 0.000 0.373 0.000 0.396 0.100 0.373
3 16 23.960 -187.865 -2.500 23.964 -187.864 -2.000 28.278 -186.387 -2.000 0.000 0.373 0.100 0.373 0.100 0.350
3 16 15.141 -190.178 -2.500 19.583 -189.128 -2.500 27.023 -189.489 -2.500 0.000 0.420 0.000 0.396 0.000 0.357
3 16 19.583 -189.128 -2.500 15.141 -190.178 -2.500 19.583 -189.128 -2.000 0.000 0.396 0.000 0.420 0.100 0.396
3 16 27.023 -189.489 -2.500 19.583 -189.128 -2.500 31.322 -187.898 -2.500 0.000 0.357 0.000 0.396 0.000 0.334
3 16 19.583 -189.128 -2.500 19.583 -189.128 -2.000 23.964 -187.864 -2.000 0.000 0.396 0.100 0.396 0.100 0.373
3 16 10.650 -191.013 -2.500 15.141 -190.178 -2.500 22.643 -190.875 -2.500 0.000 0.444 0.000 0.420 0.000 0.380
3 16 15.141 -190.178 -2.500 10.650 -191.013 -2.500 15.136 -190.179 -2.000 0.000 0.420 0.000 0.444 0.100 0.420
3 16 22.643 -190.875 -2.500 15.141 -190.178 -2.500 27.023 -189.489 -2.500 0.000 0.380 0.000 0.420 0.000 0.357
3 16 15.141 -190.178 -2.500 15.136 -190.179 -2.000 19.583 -189.128 -2.000 0.000 0.420 0.100 0.420 0.100 0.396
3 16 6.136 -191.625 -2.500 10.650 -191.013 -2.500 18.201 -192.052 -2.500 0.000 0.468 0.000 0.444 0.000 0.404
3 16 10.650 -191.013 -2.500 6.136 -191.625 -2.500 10.655 -191.012 -2.000 0.000 0.444 0.000 0.468 0.100 0.444
3 16 18.201 -192.052 -2.500 10.650 -191.013 -2.500 22.643 -190.875 -2.500 0.000 0.404 0.000 0.444 0.000 0.380
3 16 10.650 -191.013 -2.500 10.655 -191.012 -2.000 15.136 -190.179 -2.000 0.000 0.444 0.100 0.444 0.100 0.420
3 16 1.586 -192.018 -2.500 6.136 -191.625 -2.500 18.201 -192.052 -2.500 0.000 0.492 0.000 0.468 0.000 0.404
3 16 6.136 -191.625 -2.500 1.586 -192.018 -2.500 6.135 -191.625 -2.000 0.000 0.468 0.000 0.492 0.100 0.468
3 16 6.136 -191.625 -2.500 6.135 -191.625 -2.000 10.655 -191.012 -2.000 0.000 0.468 0.100 0.468 0.100 0.444
3 16 -2.976 -192.190 -2.500 1.586 -192.018 -2.500 18.201 -192.052 -2.500 0.000 0.516 0.000 0.492 0.000 0.404
3 16 1.586 -192.018 -2.500 -2.976 -192.190 -2.500 1.583 -192.019 -2.000 0.000 0.492 0.000 0.516 0.100 0.492
3 16 1.586 -192.018 -2.500 1.583 -192.019 -2.000 6.135 -191.625 -2.000 0.000 0.492 0.100 0.492 0.100 0.468
3 16 -7.531 -192.140 -2.500 -2.976 -192.190 -2.500 -22.794 -192.888 -2.500 0.000 0.540 0.000 0.516 0.000 0.621
3 16 -2.976 -192.190 -2.500 -7.531 -192.140 -2.500 -2.970 -192.190 -2.000 0.000 0.516 0.000 0.540 0.100 0.516
3 16 -22.794 -192.888 -2.500 -2.976 -192.190 -2.500 13.720 -193.013 -2.500 0.000 0.621 0.000 0.516 0.000 0.427
3 16 13.720 -193.013 -2.500 -2.976 -192.190 -2.500 18.201 -192.052 -2.500 0.000 0.427 0.000 0.516 0.000 0.404
3 16 -2.976 -192.190 -2.500 -2.970 -192.190 -2.000 1.583 -192.019 -2.000 0.000 0.516 0.100 0.516 0.100 0.492
3 16 -12.091 -191.867 -2.500 -7.531 -192.140 -2.500 -27.273 -191.895 -2.500 0.000 0.564 0.000 0.540 0.000 0.644
3 16 -7.531 -192.140 -2.500 -12.091 -191.867 -2.500 -7.533 -192.139 -2.000 0.000 0.540 0.000 0.564 0.100 0.540
3 16 -27.273 -191.895 -2.500 -7.531 -192.140 -2.500 -22.794 -192.888 -2.500 0.000 0.644 0.000 0.540 0.000 0.621
3 16 -7.531 -192.140 -2.500 -7.533 -192.139 -2.000 -2.970 -192.190 -2.000 0.000 0.540 0.100 0.540 0.100 0.516
3 16 -16.627 -191.373 -2.500 -12.091 -191.867 -2.500 -31.708 -190.688 -2.500 0.000 0.588 0.000 0.564 0.000 0.668
3 16 -12.091 -191.867 -2.500 -16.627 -191.373 -2.500 -12.094 -191.867 -2.000 0.000 0.564 0.000 0.588 0.100 0.564
3 16 -31.708 -190.688 -2.500 -12.091 -191.867 -2.500 -27.273 -191.895 -2.500 0.000 0.668 0.000 0.564 0.000 0.644
3 16 -12.091 -191.867 -2.500 -12.094 -191.867 -2.000 -7.533 -192.139 -2.000 0.000 0.564 0.100 0.564 0.100 0.540
3 16 -21.129 -190.660 -2.500 -16.627 -191.373 -2.500 -31.708 -190.688 -2.500 0.000 0.612 0.000 0.588 0.000 0.668
3 16 -16.627 -191.373 -2.500 -21.129 -190.660 -2.500 -16.622 -191.374 -2.000 0.000 0.588 0.000 0.612 0.100 0.588
3 16 -16.627 -191.373 -2.500 -16.622 -191.374 -2.000 -12.094 -191.867 -2.000 0.000 0.588 0.100 0.588 0.100 0.564
3 16 -25.601 -189.726 -2.500 -21.129 -190.660 -2.500 -36.072 -189.274 -2.500 0.000 0.635 0.000 0.612 0.000 0.691
3 16 -21.129 -190.660 -2.500 -25.601 -189.726 -2.500 -21.131 -190.659 -2.000 0.000 0.612 0.000 0.635 0.100 0.612
3 16 -36.072 -189.274 -2.500 -21.129 -190.660 -2.500 -31.708 -190.688 -2.500 0.000 0.691 0.000 0.612 0.000 0.668
3 16 -21.129 -190.660 -2.500 -21.131 -190.659 -2.000 -16.622 -191.374 -2.000 0.000 0.612 0.100 0.612 0.100 0.588
3 16 -30.013 -188.579 -2.500 -25.601 -189.726 -2.500 -36.072 -189.274 -2.500 0.000 0.659 0.000 0.635 0.000 0.691
3 16 -25.601 -189.726 -2.500 -30.013 -188.579 -2.500 -25.602 -189.726 -2.000 0.000 0.635 0.000 0.659 0.100 0.635
3 16 -25.601 -189.726 -2.500 -25.602 -189.726 -2.000 -21.131 -190.659 -2.000 0.000 0.635 0.100 0.635 0.100 0.612
3 16 -34.366 -187.217 -2.500 -30.013 -188.579 -2.500 -40.365 -187.651 -2.500 0.000 0.682 0.000 0.659 0.000 0.714
3 16 -30.013 -188.579 -2.500 -34.366 -187.217 -2.500 -30.010 -188.580 -2.000 0.000 0.659 0.000 0.682 0.100 0.659
3 16 -40.365 -187.651 -2.500 -30.013 -188.579 -2.500 -36.072 -189.274 -2.500 0.000 0.714 0.000 0.659 0.000 0.691
3 16 -30.013 -188.579 -2.500 -30.010 -188.580 -2.000 -25.602 -189.726 -2.000 0.000 0.659 0.100 0.659 0.100 0.635
3 16 -38.655 -185.643 -2.500 -34.366 -187.217 -2.500 -44.583 -185.823 -2.500 0.000 0.705 0.000 0.682 0.000 0.736
3 16 -34.366 -187.217 -2.500 -38.655 -185.643 -2.500 -34.368 -187.216 -2.000 0.000 0.682 0.000 0.705 0.100 0.682
3 16 -44.583 -185.823 -2.500 -34.366 -187.217 -2.500 -40.365 -187.651 -2.500 0.000 0.736 0.000 0.682 0.000 0.714
3 16 -34.366 -187.217 -2.500 -34.368 -187.216 -2.000 -30.010 -188.580 -2.000 0.000 0.682 0.100 0.682 0.100 0.659
3 16 -42.851 -183.867 -2.500 -38.655 -185.643 -2.500 -48.698 -183.802 -2.500 0.000 0.727 0.000 0.705 0.000 0.758
3 16 -38.655 -185.643 -2.500 -42.851 -183.867 -2.500 -38.656 -185.643 -2.000 0.000 0.705 0.000 0.727 0.100 0.705
3 16 -48.698 -183.802 -2.500 -38.655 -185.643 -2.500 -44.583 -185.823 -2.500 0.000 0.758 0.000 0.705 0.000 0.736
3 16 -38.655 -185.643 -2.500 -38.656 -185.643 -2.000 -34.368 -187.216 -2.000 0.000 0.705 0.100 0.705 0.100 0.682
3 16 -46.962 -181.884 -2.500 -42.851 -183.867 -2.500 -48.698 -183.802 -2.500 0.000 0.748 0.000 0.727 0.000 0.758
3 16 -42.851 -183.867 -2.500 -46.962 -181.884 -2.500 -42.850 -183.867 -2.000 0.000 0.727 0.000 0.748 0.100 0.727
3 16 -42.851 -183.867 -2.500 -42.850 -183.867 -2.000 -38.656 -185.643 -2.000 0.000 0.727 0.100 0.727 0.100 0.705
3 16 -50.976 -179.704 -2.500 -46.962 -181.884 -2.500 -52.719 -181.582 -2.500 0.000 0.770 0.000 0.748 0.000 0.779
3 16 -46.962 -181.884 -2.500 -50.976 -179.704 -2.500 -46.964 -181.883 -2.000 0.000 0.748 0.000 0.770 0.100 0.748
3 16 -52.719 -181.582 -2.500 -46.962 -181.884 -2.500 -48.698 -183.802 -2.500 0.000 0.779 0.000 0.748 0.000 0.758
3 16 -46.962 -181.884 -2.500 -46.964 -181.883 -2.000 -42.850 -183.867 -2.000 0.000 0.748 0.100 0.748 0.100 0.727
3 16 -54.868 -177.336 -2.500 -50.976 -179.704 -2.500 -56.632 -179.172 -2.500 0.000 0.790 0.000 0.770 0.000 0.800
3 16 -50.976 -179.704 -2.500 -54.868 -177.336 -2.500 -50.976 -179.704 -2.000 0.000 0.770 0.000 0.790 0.100 0.770
3 16 -56.632 -179.172 -2.500 -50.976 -179.704 -2.500 -52.719 -181.582 -2.500 0.000 0.800 0.000 0.770 0.000 0.779
3 16 -50.976 -179.704 -2.500 -50.976 -179.704 -2.000 -46.964 -181.883 -2.000 0.000 0.770 0.100 0.770 0.100 0.748
3 16 -58.649 -174.776 -2.500 -54.868 -177.336 -2.500 -60.416 -176.585 -2.500 0.000 0.810 0.000 0.790 0.000 0.820
3 16 -54.868 -177.336 -2.500 -58.649 -174.776 -2.500 -54.867 -177.336 -2.000 0.000 0.790 0.000 0.810 0.100 0.790
3 16 -60.416 -176.585 -2.500 -54.868 -177.336 -2.500 -56.632 -179.172 -2.500 0.000 0.820 0.000 0.790 0.000 0.800
3 16 -54.868 -177.336 -2.500 -54.867 -177.336 -2.000 -50.976 -179.704 -2.000 0.000 0.790 0.100 0.790 0.100 0.770
3 16 -62.301 -172.035 -2.500 -58.649 -174.776 -2.500 -64.081 -173.814 -2.500 0.000 0.830 0.000 0.810 0.000 0.839
3 16 -58.649 -174.776 -2.500 -62.301 -172.035 -2.500 -58.650 -174.775 -2.000 0.000 0.810 0.000 0.830 0.100 0.810
3 16 -64.081 -173.814 -2.500 -58.649 -174.776 -2.500 -60.416 -176.585 -2.500 0.000 0.839 0.000 0.810 0.000 0.820
3 16 -58.649 -174.776 -2.500 -58.650 -174.775 -2.000 -54.867 -177.336 -2.000 0.000 0.810 0.100 0.810 0.100 0.790
3 16 -65.807 -169.127 -2.500 -62.301 -172.035 -2.500 -67.610 -170.871 -2.500 0.000 0.848 0.000 0.830 0.000 0.858
3 16 -62.301 -172.035 -2.500 -65.807 -169.127 -2.500 -62.300 -172.036 -2.000 0.000 0.830 0.000 0.848 0.100 0.830
3 16 -67.610 -170.871 -2.500 -62.301 -172.035 -2.500 -64.081 -173.814 -2.500 0.000 0.858 0.000 0.830 0.000 0.839
3 16 -62.301 -172.035 -2.500 -62.300 -172.036 -2.000 -58.650 -174.775 -2.000 0.000 0.830 0.100 0.830 0.100 0.810
3 16 -69.176 -166.042 -2.500 -65.807 -169.127 -2.500 -70.986 -167.771 -2.500 0.000 0.866 0.000 0.848 0.000 0.876
3 16 -65.807 -169.127 -2.500 -69.176 -166.042 -2.500 -65.806 -169.126 -2.000 0.000 0.848 0.000 0.866 0.100 0.848
3 16 -70.986 -167.771 -2.500 -65.807 -169.127 -2.500 -67.610 -170.871 -2.500 0.000 0.876 0.000 0.848 0.000 0.858
3 16 -65.807 -169.127 -2.500 -65.806 -169.126 -2.000 -62.300 -172.036 -2.000 0.000 0.848 0.100 0.848 0.100 0.830
3 16 -72.389 -162.801 -2.500 -69.176 -166.042 -2.500 -74.218 -164.504 -2.500 0.000 0.883 0.000 0.866 0.000 0.893
3 16 -69.176 -166.042 -2.500 -72.389 -162.801 -2.500 -69.177 -166.041 -2.000 0.000 0.866 0.000 0.883 0.100 0.866
3 16 -74.218 -164.504 -2.500 -69.176 -166.042 -2.500 -70.986 -167.771 -2.500 0.000 0.893 0.000 0.866 0.000 0.876
3 16 -69.176 -166.042 -2.500 -69.177 -166.041 -2.000 -65.806 -169.126 -2.000 0.000 0.866 0.100 0.866 0.100 0.848
3 16 -75.431 -159.418 -2.500 -72.389 -162.801 -2.500 -77.290 -161.090 -2.500 0.000 0.899 0.000 0.883 0.000 0.909
3 16 -72.389 -162.801 -2.500 -75.431 -159.418 -2.500 -72.388 -162.802 -2.000 0.000 0.883 0.000 0.899 0.100 0.883
3 16 -77.290 -161.090 -2.500 -72.389 -162.801 -2.500 -74.218 -164.504 -2.500 0.000 0.909 0.000 0.883 0.000 0.893
3 16 -72.389 -162.801 -2.500 -72.388 -162.802 -2.000 -69.177 -166.041 -2.000 0.000 0.883 0.100 0.883 0.100 0.866
3 16 -78.309 -155.884 -2.500 -75.431 -159.418 -2.500 -80.190 -157.539 -2.500 0.000 0.914 0.000 0.899 0.000 0.924
3 16 -75.431 -159.418 -2.500 -78.309 -155.884 -2.500 -75.430 -159.419 -2.000 0.000 0.899 0.000 0.914 0.100 0.899
3 16 -80.190 -157.539 -2.500 -75.431 -159.418 -2.500 -77.290 -161.090 -2.500 0.000 0.924 0.000 0.899 0.000 0.909
3 16 -75.431 -159.418 -2.500 -75.430 -159.419 -2.000 -72.388 -162.802 -2.000 0.000 0.899 0.100 0.899 0.100 0.883
3 16 -82.924 -153.844 -2.500 -78.309 -155.884 -2.500 -80.190 -157.539 -2.500 0.000 0.939 0.000 0.914 0.000 0.924
3 16 -78.309 -155.884 -2.500 -78.309 -155.884 -2.000 -75.430 -159.419 -2.000 0.000 0.914 0.100 0.914 0.100 0.899
3 16 -90.550 -78.449 -2.500 -82.950 -78.449 -2.500 -82.950 -118.449 -2.500 0.000 0.979 0.000 0.939 0.000 0.939
3 16 -92.384 -58.898 2.470 -92.766 -58.817 2.380 -92.396 -138.002 2.469 0.994 0.989 0.976 0.991 0.994 0.989
3 16 -92.766 -58.817 2.380 -92.781 -138.083 2.375 -92.396 -138.002 2.469 0.976 0.991 0.975 0.991 0.994 0.989
3 16 -90.550 -63.449 -2.500 -90.550 -78.449 -2.500 -92.000 -58.981 -2.500 0.000 0.979 0.000 0.979 0.000 0.987
3 16 -90.504 -54.106 2.380 -90.861 -54.008 2.230 -92.766 -58.817 2.380 0.976 0.979 0.946 0.981 0.976 0.991
3 16 -90.550 -118.449 -2.500 -90.550 -78.449 -2.500 -82.950 -118.449 -2.500 0.000 0.979 0.000 0.979 0.000 0.939
3 16 -90.550 -78.449 -2.500 -90.550 -118.449 -2.500 -92.000 -58.981 -2.500 0.000 0.979 0.000 0.979 0.000 0.987
3 16 -90.861 -54.008 2.230 -93.129 -58.740 2.230 -92.766 -58.817 2.380 0.946 0.981 0.946 0.993 0.976 0.991
3 16 -90.550 -78.449 -2.500 -83.000 -78.449 -2.450 -82.950 -78.449 -2.500 0.000 0.979 0.010 0.939 0.000 0.939
3 16 -87.990 -49.524 2.380 -88.342 -49.405 2.230 -90.504 -54.106 2.380 0.976 0.966 0.946 0.967 0.976 0.979
3 16 -82.950 -63.449 -2.500 -90.550 -63.449 -2.500 -92.000 -58.981 -2.500 0.000 0.939 0.000 0.979 0.000 0.987
3 16 -92.781 -138.083 2.375 -90.504 -142.791 2.380 -92.396 -138.002 2.469 0.975 0.991 0.976 0.979 0.994 0.989
3 16 -85.476 -46.868 -2.500 -82.950 -63.449 -2.500 -87.836 -50.790 -2.500 0.000 0.952 0.000 0.939 0.000 0.965
3 16 -87.836 -50.790 -2.500 -82.950 -63.449 -2.500 -90.011 -54.828 -2.500 0.000 0.965 0.000 0.939 0.000 0.976
3 16 -90.011 -54.828 -2.500 -82.950 -63.449 -2.500 -92.000 -58.981 -2.500 0.000 0.976 0.000 0.939 0.000 0.987
3 16 -88.342 -49.405 2.230 -90.861 -54.008 2.230 -90.504 -54.106 2.380 0.946 0.967 0.946 0.981 0.976 0.979
3 16 -85.234 -45.083 2.380 -85.578 -44.944 2.230 -87.990 -49.524 2.380 0.976 0.951 0.946 0.953 0.976 0.966
3 16 -90.550 -63.449 -2.500 -82.950 -63.449 -2.500 -90.500 -63.449 -2.450 0.000 0.979 0.000 0.939 0.010 0.979
3 16 -85.578 -44.944 2.230 -88.342 -49.405 2.230 -87.990 -49.524 2.380 0.946 0.953 0.946 0.967 0.976 0.966
3 16 -90.550 -118.449 -2.500 -90.550 -133.449 -2.500 -92.000 -58.981 -2.500 0.000 0.979 0.000 0.979 0.000 0.987
3 16 -82.243 -40.798 2.380 -82.577 -40.639 2.230 -85.234 -45.083 2.380 0.976 0.935 0.946 0.937 0.976 0.951
3 16 -79.025 -36.679 2.380 -79.350 -36.502 2.230 -82.243 -40.798 2.380 0.976 0.918 0.946 0.920 0.976 0.935
3 16 -79.350 -36.502 2.230 -82.577 -40.639 2.230 -82.243 -40.798 2.380 0.946 0.920 0.946 0.937 0.976 0.935
3 16 -75.590 -32.740 2.380 -75.904 -32.545 2.230 -79.025 -36.679 2.380 0.976 0.900 0.946 0.902 0.976 0.918
3 16 -90.550 -118.449 -2.500 -82.950 -118.449 -2.500 -90.500 -118.449 -2.450 0.000 0.979 0.000 0.939 0.010 0.979
3 16 -82.577 -40.639 2.230 -85.578 -44.944 2.230 -85.234 -45.083 2.380 0.946 0.937 0.946 0.953 0.976 0.951
3 16 -90.550 -133.449 -2.500 -92.000 -137.916 -2.500 -92.000 -58.981 -2.500 0.000 0.979 0.000 0.987 0.000 0.987
3 16 -75.904 -32.545 2.230 -79.350 -36.502 2.230 -79.025 -36.679 2.380 0.946 0.902 0.946 0.920 0.976 0.918
3 16 -90.550 -133.449 -2.500 -83.000 -133.449 -2.450 -82.950 -133.449 -2.500 0.000 0.979 0.010 0.939 0.000 0.939
3 16 -71.948 -28.992 2.380 -72.250 -28.779 2.230 -75.590 -32.740 2.380 0.976 0.881 0.946 0.882 0.976 0.900
3 16 -92.000 -137.916 -2.500 -90.011 -142.069 -2.500 -92.391 -138.001 -2.469 0.000 0.987 0.000 0.976 0.006 0.989
3 16 -92.000 -58.981 -2.500 -92.000 -137.916 -2.500 -92.391 -138.001 -2.469 0.000 0.987 0.000 0.987 0.006 0.989
3 16 -90.011 -142.069 -2.500 -87.837 -146.106 -2.500 -90.134 -142.689 -2.469 0.000 0.976 0.000 0.965 0.006 0.977
3 16 -92.391 -138.001 -2.469 -90.011 -142.069 -2.500 -90.134 -142.689 -2.469 0.006 0.989 0.000 0.976 0.006 0.977
3 16 -87.837 -146.106 -2.500 -85.477 -150.028 -2.500 -87.628 -147.250 -2.469 0.000 0.965 0.000 0.952 0.006 0.964
3 16 -90.134 -142.689 -2.469 -87.837 -146.106 -2.500 -87.628 -147.250 -2.469 0.006 0.977 0.000 0.965 0.006 0.964
3 16 -85.477 -150.028 -2.500 -82.924 -153.844 -2.500 -84.880 -151.670 -2.469 0.000 0.952 0.000 0.939 0.006 0.949
3 16 -87.628 -147.250 -2.469 -85.477 -150.028 -2.500 -84.880 -151.670 -2.469 0.006 0.964 0.000 0.952 0.006 0.949
3 16 -82.924 -153.844 -2.500 -80.190 -157.539 -2.500 -81.898 -155.935 -2.469 0.000 0.939 0.000 0.924 0.006 0.933
3 16 -84.880 -151.670 -2.469 -82.924 -153.844 -2.500 -81.898 -155.935 -2.469 0.006 0.949 0.000 0.939 0.006 0.933
3 16 -80.190 -157.539 -2.500 -77.290 -161.090 -2.500 -78.691 -160.034 -2.469 0.000 0.924 0.000 0.909 0.006 0.916
3 16 -81.898 -155.935 -2.469 -80.190 -157.539 -2.500 -78.691 -160.034 -2.469 0.006 0.933 0.000 0.924 0.006 0.916
3 16 -77.290 -161.090 -2.500 -74.218 -164.504 -2.500 -75.267 -163.954 -2.469 0.000 0.909 0.000 0.893 0.006 0.898
3 16 -78.691 -160.034 -2.469 -77.290 -161.090 -2.500 -75.267 -163.954 -2.469 0.006 0.916 0.000 0.909 0.006 0.898
3 16 -74.218 -164.504 -2.500 -70.986 -167.771 -2.500 -71.638 -167.684 -2.469 0.000 0.893 0.000 0.876 0.006 0.879
3 16 -75.267 -163.954 -2.469 -74.218 -164.504 -2.500 -71.638 -167.684 -2.469 0.006 0.898 0.000 0.893 0.006 0.879
3 16 -70.986 -167.771 -2.500 -67.610 -170.871 -2.500 -71.638 -167.684 -2.469 0.000 0.876 0.000 0.858 0.006 0.879
3 16 -67.610 -170.871 -2.500 -64.081 -173.814 -2.500 -67.813 -171.214 -2.469 0.000 0.858 0.000 0.839 0.006 0.859
3 16 -71.638 -167.684 -2.469 -67.610 -170.871 -2.500 -67.813 -171.214 -2.469 0.006 0.879 0.000 0.858 0.006 0.859
3 16 -64.081 -173.814 -2.500 -60.416 -176.585 -2.500 -63.803 -174.532 -2.469 0.000 0.839 0.000 0.820 0.006 0.838
3 16 -67.813 -171.214 -2.469 -64.081 -173.814 -2.500 -63.803 -174.532 -2.469 0.006 0.859 0.000 0.839 0.006 0.838
3 16 -60.416 -176.585 -2.500 -56.632 -179.172 -2.500 -59.621 -177.630 -2.469 0.000 0.820 0.000 0.800 0.006 0.815
3 16 -63.803 -174.532 -2.469 -60.416 -176.585 -2.500 -59.621 -177.630 -2.469 0.006 0.838 0.000 0.820 0.006 0.815
3 16 -56.632 -179.172 -2.500 -52.719 -181.582 -2.500 -55.278 -180.497 -2.469 0.000 0.800 0.000 0.779 0.006 0.792
3 16 -59.621 -177.630 -2.469 -56.632 -179.172 -2.500 -55.278 -180.497 -2.469 0.006 0.815 0.000 0.800 0.006 0.792
3 16 -52.719 -181.582 -2.500 -48.698 -183.802 -2.500 -50.787 -183.127 -2.469 0.000 0.779 0.000 0.758 0.006 0.769
3 16 -55.278 -180.497 -2.469 -52.719 -181.582 -2.500 -50.787 -183.127 -2.469 0.006 0.792 0.000 0.779 0.006 0.769
3 16 -48.698 -183.802 -2.500 -44.583 -185.823 -2.500 -46.160 -185.512 -2.469 0.000 0.758 0.000 0.736 0.006 0.744
3 16 -50.787 -183.127 -2.469 -48.698 -183.802 -2.500 -46.160 -185.512 -2.469 0.006 0.769 0.000 0.758 0.006 0.744
3 16 -44.583 -185.823 -2.500 -40.365 -187.651 -2.500 -41.413 -187.644 -2.469 0.000 0.736 0.000 0.714 0.006 0.719
3 16 -46.160 -185.512 -2.469 -44.583 -185.823 -2.500 -41.413 -187.644 -2.469 0.006 0.744 0.000 0.736 0.006 0.719
3 16 -40.365 -187.651 -2.500 -36.072 -189.274 -2.500 -36.557 -189.517 -2.469 0.000 0.714 0.000 0.691 0.006 0.693
3 16 -41.413 -187.644 -2.469 -40.365 -187.651 -2.500 -36.557 -189.517 -2.469 0.006 0.719 0.000 0.714 0.006 0.693
3 16 -36.072 -189.274 -2.500 -31.708 -190.688 -2.500 -36.557 -189.517 -2.469 0.000 0.691 0.000 0.668 0.006 0.693
3 16 -31.708 -190.688 -2.500 -27.273 -191.895 -2.500 -31.607 -191.126 -2.469 0.000 0.668 0.000 0.644 0.006 0.667
3 16 -36.557 -189.517 -2.469 -31.708 -190.688 -2.500 -31.607 -191.126 -2.469 0.006 0.693 0.000 0.668 0.006 0.667
3 16 -27.273 -191.895 -2.500 -22.794 -192.888 -2.500 -26.578 -192.466 -2.469 0.000 0.644 0.000 0.621 0.006 0.641
3 16 -31.607 -191.126 -2.469 -27.273 -191.895 -2.500 -26.578 -192.466 -2.469 0.006 0.667 0.000 0.644 0.006 0.641
3 16 -18.271 -193.666 -2.500 -22.794 -192.888 -2.500 13.720 -193.013 -2.500 0.000 0.597 0.000 0.621 0.000 0.427
3 16 -22.794 -192.888 -2.500 -18.271 -193.666 -2.500 -21.485 -193.534 -2.469 0.000 0.621 0.000 0.597 0.006 0.614
3 16 -26.578 -192.466 -2.469 -22.794 -192.888 -2.500 -21.485 -193.534 -2.469 0.006 0.641 0.000 0.621 0.006 0.614
3 16 -13.709 -194.229 -2.500 -18.271 -193.666 -2.500 9.185 -193.761 -2.500 0.000 0.573 0.000 0.597 0.000 0.451
3 16 -18.271 -193.666 -2.500 -13.709 -194.229 -2.500 -16.341 -194.326 -2.469 0.000 0.597 0.000 0.573 0.006 0.586
3 16 9.185 -193.761 -2.500 -18.271 -193.666 -2.500 13.720 -193.013 -2.500 0.000 0.451 0.000 0.597 0.000 0.427
3 16 -21.485 -193.534 -2.469 -18.271 -193.666 -2.500 -16.341 -194.326 -2.469 0.006 0.614 0.000 0.597 0.006 0.586
3 16 -9.136 -194.573 -2.500 -13.709 -194.229 -2.500 4.623 -194.292 -2.500 0.000 0.548 0.000 0.573 0.000 0.476
3 16 -13.709 -194.229 -2.500 -9.136 -194.573 -2.500 -11.162 -194.840 -2.469 0.000 0.573 0.000 0.548 0.006 0.559
3 16 4.623 -194.292 -2.500 -13.709 -194.229 -2.500 9.185 -193.761 -2.500 0.000 0.476 0.000 0.573 0.000 0.451
3 16 -16.341 -194.326 -2.469 -13.709 -194.229 -2.500 -11.162 -194.840 -2.469 0.006 0.586 0.000 0.573 0.006 0.559
3 16 -4.546 -194.697 -2.500 -9.136 -194.573 -2.500 0.049 -194.604 -2.500 0.000 0.524 0.000 0.548 0.000 0.500
3 16 -9.136 -194.573 -2.500 -4.546 -194.697 -2.500 -5.962 -195.074 -2.469 0.000 0.548 0.000 0.524 0.006 0.532
3 16 0.049 -194.604 -2.500 -9.136 -194.573 -2.500 4.623 -194.292 -2.500 0.000 0.500 0.000 0.548 0.000 0.476
3 16 -11.162 -194.840 -2.469 -9.136 -194.573 -2.500 -5.962 -195.074 -2.469 0.006 0.559 0.000 0.548 0.006 0.532
3 16 -4.546 -194.697 -2.500 0.049 -194.604 -2.500 -0.758 -195.028 -2.469 0.000 0.524 0.000 0.500 0.006 0.504
3 16 -5.962 -195.074 -2.469 -4.546 -194.697 -2.500 -0.758 -195.028 -2.469 0.006 0.532 0.000 0.524 0.006 0.504
3 16 0.049 -194.604 -2.500 4.623 -194.292 -2.500 4.436 -194.702 -2.469 0.000 0.500 0.000 0.476 0.006 0.477
3 16 -0.758 -195.028 -2.469 0.049 -194.604 -2.500 4.436 -194.702 -2.469 0.006 0.504 0.000 0.500 0.006 0.477
3 16 4.623 -194.292 -2.500 9.185 -193.761 -2.500 4.436 -194.702 -2.469 0.000 0.476 0.000 0.451 0.006 0.477
3 16 9.185 -193.761 -2.500 13.720 -193.013 -2.500 9.605 -194.097 -2.469 0.000 0.451 0.000 0.427 0.006 0.449
3 16 4.436 -194.702 -2.469 9.185 -193.761 -2.500 9.605 -194.097 -2.469 0.006 0.477 0.000 0.451 0.006 0.449
3 16 13.720 -193.013 -2.500 18.201 -192.052 -2.500 14.735 -193.214 -2.469 0.000 0.427 0.000 0.404 0.006 0.422
3 16 9.605 -194.097 -2.469 13.720 -193.013 -2.500 14.735 -193.214 -2.469 0.006 0.449 0.000 0.427 0.006 0.422
3 16 18.201 -192.052 -2.500 22.643 -190.875 -2.500 19.809 -192.056 -2.469 0.000 0.404 0.000 0.380 0.006 0.395
3 16 14.735 -193.214 -2.469 18.201 -192.052 -2.500 19.809 -192.056 -2.469 0.006 0.422 0.000 0.404 0.006 0.395
3 16 22.643 -190.875 -2.500 27.023 -189.489 -2.500 24.813 -190.627 -2.469 0.000 0.380 0.000 0.357 0.006 0.369
3 16 19.809 -192.056 -2.469 22.643 -190.875 -2.500 24.813 -190.627 -2.469 0.006 0.395 0.000 0.380 0.006 0.369
3 16 27.023 -189.489 -2.500 31.322 -187.898 -2.500 29.734 -188.931 -2.469 0.000 0.357 0.000 0.334 0.006 0.343
3 16 24.813 -190.627 -2.469 27.023 -189.489 -2.500 29.734 -188.931 -2.469 0.006 0.369 0.000 0.357 0.006 0.343
3 16 31.322 -187.898 -2.500 35.552 -186.099 -2.500 34.555 -186.972 -2.469 0.000 0.334 0.000 0.312 0.006 0.317
3 16 29.734 -188.931 -2.469 31.322 -187.898 -2.500 34.555 -186.972 -2.469 0.006 0.343 0.000 0.334 0.006 0.317
3 16 35.552 -186.099 -2.500 39.687 -184.104 -2.500 39.265 -184.757 -2.469 0.000 0.312 0.000 0.290 0.006 0.292
3 16 34.555 -186.972 -2.469 35.552 -186.099 -2.500 39.265 -184.757 -2.469 0.006 0.317 0.000 0.312 0.006 0.292
3 16 39.687 -184.104 -2.500 43.716 -181.915 -2.500 43.848 -182.291 -2.469 0.000 0.290 0.000 0.269 0.006 0.268
3 16 39.265 -184.757 -2.469 39.687 -184.104 -2.500 43.848 -182.291 -2.469 0.006 0.292 0.000 0.290 0.006 0.268
3 16 43.716 -181.915 -2.500 47.647 -179.531 -2.500 43.848 -182.291 -2.469 0.000 0.269 0.000 0.248 0.006 0.268
3 16 47.647 -179.531 -2.500 51.454 -176.967 -2.500 48.292 -179.582 -2.469 0.000 0.248 0.000 0.228 0.006 0.244
3 16 43.848 -182.291 -2.469 47.647 -179.531 -2.500 48.292 -179.582 -2.469 0.006 0.268 0.000 0.248 0.006 0.244
3 16 51.454 -176.967 -2.500 55.131 -174.225 -2.500 52.584 -176.638 -2.469 0.000 0.228 0.000 0.208 0.006 0.222
3 16 48.292 -179.582 -2.469 51.454 -176.967 -2.500 52.584 -176.638 -2.469 0.006 0.244 0.000 0.228 0.006 0.222
3 16 55.131 -174.225 -2.500 58.682 -171.305 -2.500 56.711 -173.467 -2.469 0.000 0.208 0.000 0.190 0.006 0.200
3 16 52.584 -176.638 -2.469 55.131 -174.225 -2.500 56.711 -173.467 -2.469 0.006 0.222 0.000 0.208 0.006 0.200
3 16 58.682 -171.305 -2.500 62.082 -168.227 -2.500 60.661 -170.078 -2.469 0.000 0.190 0.000 0.172 0.006 0.179
3 16 56.711 -173.467 -2.469 58.682 -171.305 -2.500 60.661 -170.078 -2.469 0.006 0.200 0.000 0.190 0.006 0.179
3 16 62.082 -168.227 -2.500 65.332 -164.986 -2.500 64.423 -166.482 -2.469 0.000 0.172 0.000 0.154 0.006 0.159
3 16 60.661 -170.078 -2.469 62.082 -168.227 -2.500 64.423 -166.482 -2.469 0.006 0.179 0.000 0.172 0.006 0.159
3 16 65.332 -164.986 -2.500 68.430 -161.590 -2.500 67.986 -162.688 -2.469 0.000 0.154 0.000 0.138 0.006 0.140
3 16 64.423 -166.482 -2.469 65.332 -164.986 -2.500 67.986 -162.688 -2.469 0.006 0.159 0.000 0.154 0.006 0.140
3 16 68.430 -161.590 -2.500 71.355 -158.059 -2.500 71.339 -158.708 -2.469 0.000 0.138 0.000 0.122 0.006 0.123
3 16 67.986 -162.688 -2.469 68.430 -161.590 -2.500 71.339 -158.708 -2.469 0.006 0.140 0.000 0.138 0.006 0.123
3 16 71.355 -158.059 -2.500 74.112 -154.386 -2.500 71.339 -158.708 -2.469 0.000 0.122 0.000 0.108 0.006 0.123
3 16 74.112 -154.386 -2.500 76.693 -150.583 -2.500 74.474 -154.553 -2.469 0.000 0.108 0.000 0.094 0.006 0.106
3 16 71.339 -158.708 -2.469 74.112 -154.386 -2.500 74.474 -154.553 -2.469 0.006 0.123 0.000 0.108 0.006 0.106
3 16 76.693 -150.583 -2.500 79.084 -146.672 -2.500 77.380 -150.236 -2.469 0.000 0.094 0.000 0.082 0.006 0.091
3 16 74.474 -154.553 -2.469 76.693 -150.583 -2.500 77.380 -150.236 -2.469 0.006 0.106 0.000 0.094 0.006 0.091
3 16 79.084 -146.672 -2.500 81.290 -142.642 -2.500 80.050 -145.768 -2.469 0.000 0.082 0.000 0.070 0.006 0.076
3 16 77.380 -150.236 -2.469 79.084 -146.672 -2.500 80.050 -145.768 -2.469 0.006 0.091 0.000 0.082 0.006 0.076
3 16 81.290 -142.642 -2.500 83.302 -138.511 -2.500 82.475 -141.163 -2.469 0.000 0.070 0.000 0.059 0.006 0.064
3 16 80.050 -145.768 -2.469 81.290 -142.642 -2.500 82.475 -141.163 -2.469 0.006 0.076 0.000 0.070 0.006 0.064
3 16 83.302 -138.511 -2.500 85.110 -134.299 -2.500 84.649 -136.434 -2.469 0.000 0.059 0.000 0.050 0.006 0.052
3 16 82.475 -141.163 -2.469 83.302 -138.511 -2.500 84.649 -136.434 -2.469 0.006 0.064 0.000 0.059 0.006 0.052
3 16 85.110 -134.299 -2.500 86.719 -129.994 -2.500 86.565 -131.595 -2.469 0.000 0.050 0.000 0.041 0.006 0.042
3 16 84.649 -136.434 -2.469 85.110 -134.299 -2.500 86.565 -131.595 -2.469 0.006 0.052 0.000 0.050 0.006 0.042
3 16 86.719 -129.994 -2.500 88.121 -125.621 -2.500 88.218 -126.660 -2.469 0.000 0.041 0.000 0.034 0.006 0.033
3 16 86.565 -131.595 -2.469 86.719 -129.994 -2.500 88.218 -126.660 -2.469 0.006 0.042 0.000 0.041 0.006 0.033
3 16 88.121 -125.621 -2.500 89.310 -121.193 -2.500 89.602 -121.643 -2.469 0.000 0.034 0.000 0.027 0.006 0.026
3 16 88.218 -126.660 -2.469 88.121 -125.621 -2.500 89.602 -121.643 -2.469 0.006 0.033 0.000 0.034 0.006 0.026
3 16 89.310 -121.193 -2.500 90.289 -116.702 -2.500 89.602 -121.643 -2.469 0.000 0.027 0.000 0.022 0.006 0.026
3 16 90.289 -116.702 -2.500 91.052 -112.175 -2.500 90.715 -116.559 -2.469 0.000 0.022 0.000 0.018 0.006 0.020
3 16 89.602 -121.643 -2.469 90.289 -116.702 -2.500 90.715 -116.559 -2.469 0.006 0.026 0.000 0.022 0.006 0.020
3 16 91.052 -112.175 -2.500 91.597 -107.621 -2.500 91.552 -111.422 -2.469 0.000 0.018 0.000 0.015 0.006 0.016
3 16 90.715 -116.559 -2.469 91.052 -112.175 -2.500 91.552 -111.422 -2.469 0.006 0.020 0.000 0.018 0.006 0.016
3 16 91.597 -107.621 -2.500 91.926 -103.036 -2.500 92.112 -106.248 -2.469 0.000 0.015 0.000 0.014 0.006 0.013
3 16 91.552 -111.422 -2.469 91.597 -107.621 -2.500 92.112 -106.248 -2.469 0.006 0.016 0.000 0.015 0.006 0.013
3 16 91.926 -103.036 -2.500 92.036 -98.449 -2.500 92.392 -101.051 -2.469 0.000 0.014 0.000 0.013 0.006 0.011
3 16 92.112 -106.248 -2.469 91.926 -103.036 -2.500 92.392 -101.051 -2.469 0.006 0.013 0.000 0.014 0.006 0.011
3 16 92.036 -98.449 -2.500 91.926 -93.862 -2.500 92.392 -95.846 -2.469 0.000 0.013 0.000 0.014 0.006 0.011
3 16 92.392 -101.051 -2.469 92.036 -98.449 -2.500 92.392 -95.846 -2.469 0.006 0.011 0.000 0.013 0.006 0.011
3 16 91.926 -93.862 -2.500 91.597 -89.277 -2.500 92.112 -90.649 -2.469 0.000 0.014 0.000 0.015 0.006 0.013
3 16 92.392 -95.846 -2.469 91.926 -93.862 -2.500 92.112 -90.649 -2.469 0.006 0.011 0.000 0.014 0.006 0.013
3 16 91.597 -89.277 -2.500 91.052 -84.723 -2.500 91.552 -85.475 -2.469 0.000 0.015 0.000 0.018 0.006 0.016
3 16 92.112 -90.649 -2.469 91.597 -89.277 -2.500 91.552 -85.475 -2.469 0.006 0.013 0.000 0.015 0.006 0.016
3 16 91.052 -84.723 -2.500 90.289 -80.196 -2.500 90.715 -80.338 -2.469 0.000 0.018 0.000 0.022 0.006 0.020
3 16 91.552 -85.475 -2.469 91.052 -84.723 -2.500 90.715 -80.338 -2.469 0.006 0.016 0.000 0.018 0.006 0.020
3 16 90.289 -80.196 -2.500 89.310 -75.705 -2.500 90.715 -80.338 -2.469 0.000 0.022 0.000 0.027 0.006 0.020
3 16 89.310 -75.705 -2.500 88.121 -71.278 -2.500 89.602 -75.254 -2.469 0.000 0.027 0.000 0.034 0.006 0.026
3 16 90.715 -80.338 -2.469 89.310 -75.705 -2.500 89.602 -75.254 -2.469 0.006 0.020 0.000 0.027 0.006 0.026
3 16 88.121 -71.278 -2.500 86.719 -66.904 -2.500 88.218 -70.237 -2.469 0.000 0.034 0.000 0.041 0.006 0.033
3 16 89.602 -75.254 -2.469 88.121 -71.278 -2.500 88.218 -70.237 -2.469 0.006 0.026 0.000 0.034 0.006 0.033
3 16 86.719 -66.904 -2.500 85.110 -62.599 -2.500 86.565 -65.302 -2.469 0.000 0.041 0.000 0.050 0.006 0.042
3 16 88.218 -70.237 -2.469 86.719 -66.904 -2.500 86.565 -65.302 -2.469 0.006 0.033 0.000 0.041 0.006 0.042
3 16 85.110 -62.599 -2.500 83.302 -58.387 -2.500 84.649 -60.463 -2.469 0.000 0.050 0.000 0.059 0.006 0.052
3 16 86.565 -65.302 -2.469 85.110 -62.599 -2.500 84.649 -60.463 -2.469 0.006 0.042 0.000 0.050 0.006 0.052
3 16 83.302 -58.387 -2.500 81.290 -54.256 -2.500 82.475 -55.734 -2.469 0.000 0.059 0.000 0.070 0.006 0.064
3 16 84.649 -60.463 -2.469 83.302 -58.387 -2.500 82.475 -55.734 -2.469 0.006 0.052 0.000 0.059 0.006 0.064
3 16 81.290 -54.256 -2.500 79.084 -50.226 -2.500 80.050 -51.129 -2.469 0.000 0.070 0.000 0.082 0.006 0.076
3 16 82.475 -55.734 -2.469 81.290 -54.256 -2.500 80.050 -51.129 -2.469 0.006 0.064 0.000 0.070 0.006 0.076
3 16 79.084 -50.226 -2.500 76.694 -46.315 -2.500 77.380 -46.662 -2.469 0.000 0.082 0.000 0.094 0.006 0.091
3 16 80.050 -51.129 -2.469 79.084 -50.226 -2.500 77.380 -46.662 -2.469 0.006 0.076 0.000 0.082 0.006 0.091
3 16 76.694 -46.315 -2.500 74.112 -42.512 -2.500 74.474 -42.344 -2.469 0.000 0.094 0.000 0.108 0.006 0.106
3 16 77.380 -46.662 -2.469 76.694 -46.315 -2.500 74.474 -42.344 -2.469 0.006 0.091 0.000 0.094 0.006 0.106
3 16 74.112 -42.512 -2.500 71.356 -38.839 -2.500 74.474 -42.344 -2.469 0.000 0.108 0.000 0.122 0.006 0.106
3 16 71.356 -38.839 -2.500 68.431 -35.309 -2.500 71.339 -38.190 -2.469 0.000 0.122 0.000 0.138 0.006 0.123
3 16 74.474 -42.344 -2.469 71.356 -38.839 -2.500 71.339 -38.190 -2.469 0.006 0.106 0.000 0.122 0.006 0.123
3 16 68.431 -35.309 -2.500 65.333 -31.912 -2.500 67.986 -34.210 -2.469 0.000 0.138 0.000 0.154 0.006 0.140
3 16 71.339 -38.190 -2.469 68.431 -35.309 -2.500 67.986 -34.210 -2.469 0.006 0.123 0.000 0.138 0.006 0.140
3 16 65.333 -31.912 -2.500 62.082 -28.672 -2.500 64.423 -30.416 -2.469 0.000 0.154 0.000 0.172 0.006 0.159
3 16 67.986 -34.210 -2.469 65.333 -31.912 -2.500 64.423 -30.416 -2.469 0.006 0.140 0.000 0.154 0.006 0.159
3 16 62.082 -28.672 -2.500 58.683 -25.593 -2.500 60.661 -26.819 -2.469 0.000 0.172 0.000 0.190 0.006 0.179
3 16 64.423 -30.416 -2.469 62.082 -28.672 -2.500 60.661 -26.819 -2.469 0.006 0.159 0.000 0.172 0.006 0.179
3 16 58.683 -25.593 -2.500 55.132 -22.673 -2.500 56.711 -23.431 -2.469 0.000 0.190 0.000 0.208 0.006 0.200
3 16 60.661 -26.819 -2.469 58.683 -25.593 -2.500 56.711 -23.431 -2.469 0.006 0.179 0.000 0.190 0.006 0.200
3 16 55.132 -22.673 -2.500 51.454 -19.931 -2.500 52.584 -20.260 -2.469 0.000 0.208 0.000 0.228 0.006 0.222
3 16 56.711 -23.431 -2.469 55.132 -22.673 -2.500 52.584 -20.260 -2.469 0.006 0.200 0.000 0.208 0.006 0.222
3 16 51.454 -19.931 -2.500 47.648 -17.367 -2.500 48.292 -17.315 -2.469 0.000 0.228 0.000 0.248 0.006 0.244
3 16 52.584 -20.260 -2.469 51.454 -19.931 -2.500 48.292 -17.315 -2.469 0.006 0.222 0.000 0.228 0.006 0.244
3 16 47.648 -17.367 -2.500 43.718 -14.983 -2.500 48.292 -17.315 -2.469 0.000 0.248 0.000 0.269 0.006 0.244
3 16 43.718 -14.983 -2.500 39.688 -12.795 -2.500 43.848 -14.606 -2.469 0.000 0.269 0.000 0.290 0.006 0.268
3 16 48.292 -17.315 -2.469 43.718 -14.983 -2.500 43.848 -14.606 -2.469 0.006 0.244 0.000 0.269 0.006 0.268
3 16 39.688 -12.795 -2.500 35.553 -10.799 -2.500 39.265 -12.141 -2.469 0.000 0.290 0.000 0.312 0.006 0.292
3 16 43.848 -14.606 -2.469 39.688 -12.795 -2.500 39.265 -12.141 -2.469 0.006 0.268 0.000 0.290 0.006 0.292
3 16 35.553 -10.799 -2.500 31.323 -9.000 -2.500 34.555 -9.925 -2.469 0.000 0.312 0.000 0.334 0.006 0.317
3 16 39.265 -12.141 -2.469 35.553 -10.799 -2.500 34.555 -9.925 -2.469 0.006 0.292 0.000 0.312 0.006 0.317
3 16 31.323 -9.000 -2.500 27.024 -7.409 -2.500 29.734 -7.966 -2.469 0.000 0.334 0.000 0.357 0.006 0.343
3 16 34.555 -9.925 -2.469 31.323 -9.000 -2.500 29.734 -7.966 -2.469 0.006 0.317 0.000 0.334 0.006 0.343
3 16 27.024 -7.409 -2.500 22.645 -6.023 -2.500 24.813 -6.270 -2.469 0.000 0.357 0.000 0.380 0.006 0.369
3 16 29.734 -7.966 -2.469 27.024 -7.409 -2.500 24.813 -6.270 -2.469 0.006 0.343 0.000 0.357 0.006 0.369
3 16 22.645 -6.023 -2.500 18.203 -4.846 -2.500 19.809 -4.841 -2.469 0.000 0.380 0.000 0.404 0.006 0.395
3 16 24.813 -6.270 -2.469 22.645 -6.023 -2.500 19.809 -4.841 -2.469 0.006 0.369 0.000 0.380 0.006 0.395
3 16 13.721 -3.885 -2.500 18.203 -4.846 -2.500 -22.792 -4.009 -2.500 0.000 0.427 0.000 0.404 0.000 0.621
3 16 18.203 -4.846 -2.500 13.721 -3.885 -2.500 14.735 -3.683 -2.469 0.000 0.404 0.000 0.427 0.006 0.422
3 16 19.809 -4.841 -2.469 18.203 -4.846 -2.500 14.735 -3.683 -2.469 0.006 0.395 0.000 0.404 0.006 0.422
3 16 9.187 -3.137 -2.500 13.721 -3.885 -2.500 -18.270 -3.231 -2.500 0.000 0.451 0.000 0.427 0.000 0.597
3 16 13.721 -3.885 -2.500 9.187 -3.137 -2.500 9.605 -2.801 -2.469 0.000 0.427 0.000 0.451 0.006 0.449
3 16 -18.270 -3.231 -2.500 13.721 -3.885 -2.500 -22.792 -4.009 -2.500 0.000 0.597 0.000 0.427 0.000 0.621
3 16 14.735 -3.683 -2.469 13.721 -3.885 -2.500 9.605 -2.801 -2.469 0.006 0.422 0.000 0.427 0.006 0.449
3 16 4.624 -2.605 -2.500 9.187 -3.137 -2.500 -13.707 -2.669 -2.500 0.000 0.476 0.000 0.451 0.000 0.573
3 16 9.187 -3.137 -2.500 4.624 -2.605 -2.500 9.605 -2.801 -2.469 0.000 0.451 0.000 0.476 0.006 0.449
3 16 -13.707 -2.669 -2.500 9.187 -3.137 -2.500 -18.270 -3.231 -2.500 0.000 0.573 0.000 0.451 0.000 0.597
3 16 0.051 -2.294 -2.500 4.624 -2.605 -2.500 -9.135 -2.325 -2.500 0.000 0.500 0.000 0.476 0.000 0.548
3 16 4.624 -2.605 -2.500 0.051 -2.294 -2.500 4.436 -2.196 -2.469 0.000 0.476 0.000 0.500 0.006 0.477
3 16 -9.135 -2.325 -2.500 4.624 -2.605 -2.500 -13.707 -2.669 -2.500 0.000 0.548 0.000 0.476 0.000 0.573
3 16 9.605 -2.801 -2.469 4.624 -2.605 -2.500 4.436 -2.196 -2.469 0.006 0.449 0.000 0.476 0.006 0.477
3 16 -4.545 -2.200 -2.500 0.051 -2.294 -2.500 -9.135 -2.325 -2.500 0.000 0.524 0.000 0.500 0.000 0.548
3 16 0.051 -2.294 -2.500 -4.545 -2.200 -2.500 -0.758 -1.869 -2.469 0.000 0.500 0.000 0.524 0.006 0.504
3 16 4.436 -2.196 -2.469 0.051 -2.294 -2.500 -0.758 -1.869 -2.469 0.006 0.477 0.000 0.500 0.006 0.504
3 16 -4.545 -2.200 -2.500 -9.135 -2.325 -2.500 -5.962 -1.823 -2.469 0.000 0.524 0.000 0.548 0.006 0.532
3 16 -0.758 -1.869 -2.469 -4.545 -2.200 -2.500 -5.962 -1.823 -2.469 0.006 0.504 0.000 0.524 0.006 0.532
3 16 -9.135 -2.325 -2.500 -13.707 -2.669 -2.500 -11.162 -2.058 -2.469 0.000 0.548 0.000 0.573 0.006 0.559
3 16 -5.962 -1.823 -2.469 -9.135 -2.325 -2.500 -11.162 -2.058 -2.469 0.006 0.532 0.000 0.548 0.006 0.559
3 16 -13.707 -2.669 -2.500 -18.270 -3.231 -2.500 -16.341 -2.571 -2.469 0.000 0.573 0.000 0.597 0.006 0.586
3 16 -11.162 -2.058 -2.469 -13.707 -2.669 -2.500 -16.341 -2.571 -2.469 0.006 0.559 0.000 0.573 0.006 0.586
3 16 -18.270 -3.231 -2.500 -22.792 -4.009 -2.500 -21.485 -3.363 -2.469 0.000 0.597 0.000 0.621 0.006 0.614
3 16 -16.341 -2.571 -2.469 -18.270 -3.231 -2.500 -21.485 -3.363 -2.469 0.006 0.586 0.000 0.597 0.006 0.614
3 16 -22.792 -4.009 -2.500 -27.271 -5.002 -2.500 -26.578 -4.431 -2.469 0.000 0.621 0.000 0.644 0.006 0.641
3 16 -21.485 -3.363 -2.469 -22.792 -4.009 -2.500 -26.578 -4.431 -2.469 0.006 0.614 0.000 0.621 0.006 0.641
3 16 -27.271 -5.002 -2.500 -31.707 -6.209 -2.500 -31.607 -5.771 -2.469 0.000 0.644 0.000 0.668 0.006 0.667
3 16 -26.578 -4.431 -2.469 -27.271 -5.002 -2.500 -31.607 -5.771 -2.469 0.006 0.641 0.000 0.644 0.006 0.667
3 16 -31.707 -6.209 -2.500 -36.070 -7.623 -2.500 -31.607 -5.771 -2.469 0.000 0.668 0.000 0.691 0.006 0.667
3 16 -36.070 -7.623 -2.500 -40.364 -9.246 -2.500 -36.557 -7.380 -2.469 0.000 0.691 0.000 0.714 0.006 0.693
3 16 -31.607 -5.771 -2.469 -36.070 -7.623 -2.500 -36.557 -7.380 -2.469 0.006 0.667 0.000 0.691 0.006 0.693
3 16 -40.364 -9.246 -2.500 -44.582 -11.074 -2.500 -41.413 -9.254 -2.469 0.000 0.714 0.000 0.736 0.006 0.719
3 16 -36.557 -7.380 -2.469 -40.364 -9.246 -2.500 -41.413 -9.254 -2.469 0.006 0.693 0.000 0.714 0.006 0.719
3 16 -44.582 -11.074 -2.500 -48.697 -13.095 -2.500 -46.160 -11.386 -2.469 0.000 0.736 0.000 0.758 0.006 0.744
3 16 -41.413 -9.254 -2.469 -44.582 -11.074 -2.500 -46.160 -11.386 -2.469 0.006 0.719 0.000 0.736 0.006 0.744
3 16 -48.697 -13.095 -2.500 -52.717 -15.314 -2.500 -50.787 -13.770 -2.469 0.000 0.758 0.000 0.779 0.006 0.769
3 16 -46.160 -11.386 -2.469 -48.697 -13.095 -2.500 -50.787 -13.770 -2.469 0.006 0.744 0.000 0.758 0.006 0.769
3 16 -52.717 -15.314 -2.500 -56.631 -17.724 -2.500 -55.278 -16.400 -2.469 0.000 0.779 0.000 0.800 0.006 0.792
3 16 -50.787 -13.770 -2.469 -52.717 -15.314 -2.500 -55.278 -16.400 -2.469 0.006 0.769 0.000 0.779 0.006 0.792
3 16 -56.631 -17.724 -2.500 -60.415 -20.311 -2.500 -59.621 -19.268 -2.469 0.000 0.800 0.000 0.820 0.006 0.815
3 16 -55.278 -16.400 -2.469 -56.631 -17.724 -2.500 -59.621 -19.268 -2.469 0.006 0.792 0.000 0.800 0.006 0.815
3 16 -60.415 -20.311 -2.500 -64.079 -23.082 -2.500 -63.803 -22.366 -2.469 0.000 0.820 0.000 0.839 0.006 0.838
3 16 -59.621 -19.268 -2.469 -60.415 -20.311 -2.500 -63.803 -22.366 -2.469 0.006 0.815 0.000 0.820 0.006 0.838
3 16 -64.079 -23.082 -2.500 -67.608 -26.025 -2.500 -67.813 -25.684 -2.469 0.000 0.839 0.000 0.858 0.006 0.859
3 16 -63.803 -22.366 -2.469 -64.079 -23.082 -2.500 -67.813 -25.684 -2.469 0.006 0.838 0.000 0.839 0.006 0.859
3 16 -67.608 -26.025 -2.500 -70.984 -29.125 -2.500 -67.813 -25.684 -2.469 0.000 0.858 0.000 0.876 0.006 0.859
3 16 -70.984 -29.125 -2.500 -74.217 -32.392 -2.500 -71.638 -29.213 -2.469 0.000 0.876 0.000 0.893 0.006 0.879
3 16 -67.813 -25.684 -2.469 -70.984 -29.125 -2.500 -71.638 -29.213 -2.469 0.006 0.859 0.000 0.876 0.006 0.879
3 16 -74.217 -32.392 -2.500 -77.289 -35.806 -2.500 -75.267 -32.943 -2.469 0.000 0.893 0.000 0.909 0.006 0.898
3 16 -71.638 -29.213 -2.469 -74.217 -32.392 -2.500 -75.267 -32.943 -2.469 0.006 0.879 0.000 0.893 0.006 0.898
3 16 -77.289 -35.806 -2.500 -80.189 -39.357 -2.500 -78.691 -36.863 -2.469 0.000 0.909 0.000 0.924 0.006 0.916
3 16 -75.267 -32.943 -2.469 -77.289 -35.806 -2.500 -78.691 -36.863 -2.469 0.006 0.898 0.000 0.909 0.006 0.916
3 16 -80.189 -39.357 -2.500 -82.923 -43.052 -2.500 -81.898 -40.962 -2.469 0.000 0.924 0.000 0.939 0.006 0.933
3 16 -78.691 -36.863 -2.469 -80.189 -39.357 -2.500 -81.898 -40.962 -2.469 0.006 0.916 0.000 0.924 0.006 0.933
3 16 -82.923 -43.052 -2.500 -85.476 -46.868 -2.500 -84.880 -45.228 -2.469 0.000 0.939 0.000 0.952 0.006 0.949
3 16 -81.898 -40.962 -2.469 -82.923 -43.052 -2.500 -84.880 -45.228 -2.469 0.006 0.933 0.000 0.939 0.006 0.949
3 16 -85.476 -46.868 -2.500 -87.836 -50.790 -2.500 -87.628 -49.647 -2.469 0.000 0.952 0.000 0.965 0.006 0.964
3 16 -84.880 -45.228 -2.469 -85.476 -46.868 -2.500 -87.628 -49.647 -2.469 0.006 0.949 0.000 0.952 0.006 0.964
3 16 -87.836 -50.790 -2.500 -90.011 -54.828 -2.500 -90.134 -54.209 -2.469 0.000 0.965 0.000 0.976 0.006 0.977
3 16 -87.628 -49.647 -2.469 -87.836 -50.790 -2.500 -90.134 -54.209 -2.469 0.006 0.964 0.000 0.965 0.006 0.977
3 16 -90.011 -54.828 -2.500 -92.000 -58.981 -2.500 -90.134 -54.209 -2.469 0.000 0.976 0.000 0.987 0.006 0.977
3 16 -92.000 -58.981 -2.500 -92.391 -138.001 -2.469 -92.396 -58.896 -2.469 0.000 0.987 0.006 0.989 0.006 0.989
3 16 -90.134 -54.209 -2.469 -92.000 -58.981 -2.500 -92.396 -58.896 -2.469 0.006 0.977 0.000 0.987 0.006 0.989
3 16 -78.309 -155.884 2.500 -81.025 -152.199 2.500 -82.923 -153.845 2.500 1.000 0.914 1.000 0.929 1.000 0.939
3 16 -81.025 -152.199 2.500 -78.309 -155.884 2.500 -81.025 -152.199 2.000 1.000 0.929 1.000 0.914 0.900 0.929
3 16 -81.025 -152.199 2.500 -81.025 -44.699 2.500 -82.950 -133.449 2.500 1.000 0.929 1.000 0.929 1.000 0.939
3 16 -81.025 -44.699 2.500 -81.025 -152.199 2.500 -81.025 -44.699 2.000 1.000 0.929 1.000 0.929 0.900 0.929
3 16 -81.025 -152.199 2.500 -82.950 -133.449 2.500 -85.476 -150.029 2.500 1.000 0.929 1.000 0.939 1.000 0.952
3 16 -82.923 -153.845 2.500 -81.025 -152.199 2.500 -85.476 -150.029 2.500 1.000 0.939 1.000 0.929 1.000 0.952
3 16 -81.025 -152.199 2.500 -81.025 -152.199 2.000 -81.025 -44.699 2.000 1.000 0.929 0.900 0.929 0.900 0.929
3 16 -75.431 -159.418 2.500 -78.309 -155.884 2.500 -80.189 -157.540 2.500 1.000 0.899 1.000 0.914 1.000 0.924
3 16 -78.309 -155.884 2.500 -75.431 -159.418 2.500 -78.309 -155.884 2.000 1.000 0.914 1.000 0.899 0.900 0.914
3 16 -80.189 -157.540 2.500 -78.309 -155.884 2.500 -82.923 -153.845 2.500 1.000 0.924 1.000 0.914 1.000 0.939
3 16 -81.025 -152.199 2.000 -78.309 -155.884 2.500 -78.309 -155.884 2.000 0.900 0.929 1.000 0.914 0.900 0.914
3 16 -72.389 -162.801 2.500 -75.431 -159.418 2.500 -77.289 -161.091 2.500 1.000 0.883 1.000 0.899 1.000 0.909
3 16 -75.431 -159.418 2.500 -72.389 -162.801 2.500 -75.430 -159.419 2.000 1.000 0.899 1.000 0.883 0.900 0.899
3 16 -77.289 -161.091 2.500 -75.431 -159.418 2.500 -80.189 -157.540 2.500 1.000 0.909 1.000 0.899 1.000 0.924
3 16 -75.431 -159.418 2.500 -75.430 -159.419 2.000 -78.309 -155.884 2.000 1.000 0.899 0.900 0.899 0.900 0.914
3 16 -69.176 -166.042 2.500 -72.389 -162.801 2.500 -74.217 -164.506 2.500 1.000 0.866 1.000 0.883 1.000 0.893
3 16 -72.389 -162.801 2.500 -69.176 -166.042 2.500 -72.388 -162.802 2.000 1.000 0.883 1.000 0.866 0.900 0.883
3 16 -74.217 -164.506 2.500 -72.389 -162.801 2.500 -77.289 -161.091 2.500 1.000 0.893 1.000 0.883 1.000 0.909
3 16 -72.389 -162.801 2.500 -72.388 -162.802 2.000 -75.430 -159.419 2.000 1.000 0.883 0.900 0.883 0.900 0.899
3 16 -65.807 -169.127 2.500 -69.176 -166.042 2.500 -70.984 -167.772 2.500 1.000 0.848 1.000 0.866 1.000 0.876
3 16 -69.176 -166.042 2.500 -65.807 -169.127 2.500 -69.177 -166.041 2.000 1.000 0.866 1.000 0.848 0.900 0.866
3 16 -70.984 -167.772 2.500 -69.176 -166.042 2.500 -74.217 -164.506 2.500 1.000 0.876 1.000 0.866 1.000 0.893
3 16 -69.176 -166.042 2.500 -69.177 -166.041 2.000 -72.388 -162.802 2.000 1.000 0.866 0.900 0.866 0.900 0.883
3 16 -62.301 -172.035 2.500 -65.807 -169.127 2.500 -67.608 -170.873 2.500 1.000 0.830 1.000 0.848 1.000 0.858
3 16 -65.807 -169.127 2.500 -62.301 -172.035 2.500 -65.806 -169.126 2.000 1.000 0.848 1.000 0.830 0.900 0.848
3 16 -67.608 -170.873 2.500 -65.807 -169.127 2.500 -70.984 -167.772 2.500 1.000 0.858 1.000 0.848 1.000 0.876
3 16 -65.807 -169.127 2.500 -65.806 -169.126 2.000 -69.177 -166.041 2.000 1.000 0.848 0.900 0.848 0.900 0.866
3 16 -58.649 -174.776 2.500 -62.301 -172.035 2.500 -64.079 -173.815 2.500 1.000 0.810 1.000 0.830 1.000 0.839
3 16 -62.301 -172.035 2.500 -58.649 -174.776 2.500 -62.300 -172.036 2.000 1.000 0.830 1.000 0.810 0.900 0.830
3 16 -64.079 -173.815 2.500 -62.301 -172.035 2.500 -67.608 -170.873 2.500 1.000 0.839 1.000 0.830 1.000 0.858
3 16 -62.301 -172.035 2.500 -62.300 -172.036 2.000 -65.806 -169.126 2.000 1.000 0.830 0.900 0.830 0.900 0.848
3 16 -54.868 -177.336 2.500 -58.649 -174.776 2.500 -60.415 -176.586 2.500 1.000 0.790 1.000 0.810 1.000 0.820
3 16 -58.649 -174.776 2.500 -54.868 -177.336 2.500 -58.650 -174.775 2.000 1.000 0.810 1.000 0.790 0.900 0.810
3 16 -60.415 -176.586 2.500 -58.649 -174.776 2.500 -64.079 -173.815 2.500 1.000 0.820 1.000 0.810 1.000 0.839
3 16 -58.649 -174.776 2.500 -58.650 -174.775 2.000 -62.300 -172.036 2.000 1.000 0.810 0.900 0.810 0.900 0.830
3 16 -50.976 -179.704 2.500 -54.868 -177.336 2.500 -56.631 -179.173 2.500 1.000 0.770 1.000 0.790 1.000 0.800
3 16 -54.868 -177.336 2.500 -50.976 -179.704 2.500 -54.867 -177.336 2.000 1.000 0.790 1.000 0.770 0.900 0.790
3 16 -56.631 -179.173 2.500 -54.868 -177.336 2.500 -60.415 -176.586 2.500 1.000 0.800 1.000 0.790 1.000 0.820
3 16 -54.868 -177.336 2.500 -54.867 -177.336 2.000 -58.650 -174.775 2.000 1.000 0.790 0.900 0.790 0.900 0.810
3 16 -46.962 -181.884 2.500 -50.976 -179.704 2.500 -52.717 -181.583 2.500 1.000 0.748 1.000 0.770 1.000 0.779
3 16 -50.976 -179.704 2.500 -46.962 -181.884 2.500 -50.976 -179.704 2.000 1.000 0.770 1.000 0.748 0.900 0.770
3 16 -52.717 -181.583 2.500 -50.976 -179.704 2.500 -56.631 -179.173 2.500 1.000 0.779 1.000 0.770 1.000 0.800
3 16 -50.976 -179.704 2.500 -50.976 -179.704 2.000 -54.867 -177.336 2.000 1.000 0.770 0.900 0.770 0.900 0.790
3 16 -42.851 -183.867 2.500 -46.962 -181.884 2.500 -48.697 -183.803 2.500 1.000 0.727 1.000 0.748 1.000 0.758
3 16 -46.962 -181.884 2.500 -42.851 -183.867 2.500 -46.964 -181.883 2.000 1.000 0.748 1.000 0.727 0.900 0.748
3 16 -48.697 -183.803 2.500 -46.962 -181.884 2.500 -52.717 -181.583 2.500 1.000 0.758 1.000 0.748 1.000 0.779
3 16 -46.962 -181.884 2.500 -46.964 -181.883 2.000 -50.976 -179.704 2.000 1.000 0.748 0.900 0.748 0.900 0.770
3 16 -38.655 -185.643 2.500 -42.851 -183.867 2.500 -44.582 -185.824 2.500 1.000 0.705 1.000 0.727 1.000 0.736
3 16 -42.851 -183.867 2.500 -38.655 -185.643 2.500 -42.850 -183.867 2.000 1.000 0.727 1.000 0.705 0.900 0.727
3 16 -44.582 -185.824 2.500 -42.851 -183.867 2.500 -48.697 -183.803 2.500 1.000 0.736 1.000 0.727 1.000 0.758
3 16 -42.851 -183.867 2.500 -42.850 -183.867 2.000 -46.964 -181.883 2.000 1.000 0.727 0.900 0.727 0.900 0.748
3 16 -34.366 -187.217 2.500 -38.655 -185.643 2.500 -44.582 -185.824 2.500 1.000 0.682 1.000 0.705 1.000 0.736
3 16 -38.655 -185.643 2.500 -34.366 -187.217 2.500 -38.656 -185.643 2.000 1.000 0.705 1.000 0.682 0.900 0.705
3 16 -38.655 -185.643 2.500 -38.656 -185.643 2.000 -42.850 -183.867 2.000 1.000 0.705 0.900 0.705 0.900 0.727
3 16 -30.013 -188.579 2.500 -34.366 -187.217 2.500 -40.364 -187.651 2.500 1.000 0.659 1.000 0.682 1.000 0.714
3 16 -34.366 -187.217 2.500 -30.013 -188.579 2.500 -34.368 -187.216 2.000 1.000 0.682 1.000 0.659 0.900 0.682
3 16 -40.364 -187.651 2.500 -34.366 -187.217 2.500 -44.582 -185.824 2.500 1.000 0.714 1.000 0.682 1.000 0.736
3 16 -34.366 -187.217 2.500 -34.368 -187.216 2.000 -38.656 -185.643 2.000 1.000 0.682 0.900 0.682 0.900 0.705
3 16 -25.601 -189.726 2.500 -30.013 -188.579 2.500 -36.070 -189.274 2.500 1.000 0.635 1.000 0.659 1.000 0.691
3 16 -30.013 -188.579 2.500 -25.601 -189.726 2.500 -30.010 -188.580 2.000 1.000 0.659 1.000 0.635 0.900 0.659
3 16 -36.070 -189.274 2.500 -30.013 -188.579 2.500 -40.364 -187.651 2.500 1.000 0.691 1.000 0.659 1.000 0.714
3 16 -30.013 -188.579 2.500 -30.010 -188.580 2.000 -34.368 -187.216 2.000 1.000 0.659 0.900 0.659 0.900 0.682
3 16 -21.129 -190.660 2.500 -25.601 -189.726 2.500 -31.707 -190.688 2.500 1.000 0.612 1.000 0.635 1.000 0.668
3 16 -25.601 -189.726 2.500 -21.129 -190.660 2.500 -25.602 -189.726 2.000 1.000 0.635 1.000 0.612 0.900 0.635
3 16 -31.707 -190.688 2.500 -25.601 -189.726 2.500 -36.070 -189.274 2.500 1.000 0.668 1.000 0.635 1.000 0.691
3 16 -25.601 -189.726 2.500 -25.602 -189.726 2.000 -30.010 -188.580 2.000 1.000 0.635 0.900 0.635 0.900 0.659
3 16 -16.627 -191.373 2.500 -21.129 -190.660 2.500 -31.707 -190.688 2.500 1.000 0.588 1.000 0.612 1.000 0.668
3 16 -21.129 -190.660 2.500 -16.627 -191.373 2.500 -21.131 -190.659 2.000 1.000 0.612 1.000 0.588 0.900 0.612
3 16 -21.129 -190.660 2.500 -21.131 -190.659 2.000 -25.602 -189.726 2.000 1.000 0.612 0.900 0.612 0.900 0.635
3 16 -12.091 -191.867 2.500 -16.627 -191.373 2.500 -27.271 -191.896 2.500 1.000 0.564 1.000 0.588 1.000 0.644
3 16 -16.627 -191.373 2.500 -12.091 -191.867 2.500 -16.622 -191.374 2.000 1.000 0.588 1.000 0.564 0.900 0.588
3 16 -27.271 -191.896 2.500 -16.627 -191.373 2.500 -31.707 -190.688 2.500 1.000 0.644 1.000 0.588 1.000 0.668
3 16 -16.627 -191.373 2.500 -16.622 -191.374 2.000 -21.131 -190.659 2.000 1.000 0.588 0.900 0.588 0.900 0.612
3 16 -7.531 -192.140 2.500 -12.091 -191.867 2.500 -27.271 -191.896 2.500 1.000 0.540 1.000 0.564 1.000 0.644
3 16 -12.091 -191.867 2.500 -7.531 -192.140 2.500 -12.094 -191.867 2.000 1.000 0.564 1.000 0.540 0.900 0.564
3 16 -12.091 -191.867 2.500 -12.094 -191.867 2.000 -16.622 -191.374 2.000 1.000 0.564 0.900 0.564 0.900 0.588
3 16 -2.976 -192.190 2.500 -7.531 -192.140 2.500 -22.792 -192.889 2.500 1.000 0.516 1.000 0.540 1.000 0.621
3 16 -7.531 -192.140 2.500 -2.976 -192.190 2.500 -7.533 -192.139 2.000 1.000 0.540 1.000 0.516 0.900 0.540
3 16 -22.792 -192.889 2.500 -7.531 -192.140 2.500 -27.271 -191.896 2.500 1.000 0.621 1.000 0.540 1.000 0.644
3 16 -7.531 -192.140 2.500 -7.533 -192.139 2.000 -12.094 -191.867 2.000 1.000 0.540 0.900 0.540 0.900 0.564
3 16 1.586 -192.018 2.500 -2.976 -192.190 2.500 18.203 -192.052 2.500 1.000 0.492 1.000 0.516 1.000 0.404
3 16 -2.976 -192.190 2.500 1.586 -192.018 2.500 -2.970 -192.190 2.000 1.000 0.516 1.000 0.492 0.900 0.516
3 16 18.203 -192.052 2.500 -2.976 -192.190 2.500 -22.792 -192.889 2.500 1.000 0.404 1.000 0.516 1.000 0.621
3 16 -2.976 -192.190 2.500 -2.970 -192.190 2.000 -7.533 -192.139 2.000 1.000 0.516 0.900 0.516 0.900 0.540
3 16 6.136 -191.625 2.500 1.586 -192.018 2.500 22.645 -190.875 2.500 1.000 0.468 1.000 0.492 1.000 0.380
3 16 1.586 -192.018 2.500 6.136 -191.625 2.500 1.583 -192.019 2.000 1.000 0.492 1.000 0.468 0.900 0.492
3 16 22.645 -190.875 2.500 1.586 -192.018 2.500 18.203 -192.052 2.500 1.000 0.380 1.000 0.492 1.000 0.404
3 16 1.586 -192.018 2.500 1.583 -192.019 2.000 -2.970 -192.190 2.000 1.000 0.492 0.900 0.492 0.900 0.516
3 16 10.650 -191.013 2.500 6.136 -191.625 2.500 22.645 -190.875 2.500 1.000 0.444 1.000 0.468 1.000 0.380
3 16 6.136 -191.625 2.500 10.650 -191.013 2.500 6.135 -191.625 2.000 1.000 0.468 1.000 0.444 0.900 0.468
3 16 6.136 -191.625 2.500 6.135 -191.625 2.000 1.583 -192.019 2.000 1.000 0.468 0.900 0.468 0.900 0.492
3 16 15.141 -190.178 2.500 10.650 -191.013 2.500 22.645 -190.875 2.500 1.000 0.420 1.000 0.444 1.000 0.380
3 16 10.650 -191.013 2.500 15.141 -190.178 2.500 10.655 -191.012 2.000 1.000 0.444 1.000 0.420 0.900 0.444
3 16 10.650 -191.013 2.500 10.655 -191.012 2.000 6.135 -191.625 2.000 1.000 0.444 0.900 0.444 0.900 0.468
3 16 19.583 -189.128 2.500 15.141 -190.178 2.500 27.024 -189.488 2.500 1.000 0.396 1.000 0.420 1.000 0.357
3 16 15.141 -190.178 2.500 19.583 -189.128 2.500 15.136 -190.179 2.000 1.000 0.420 1.000 0.396 0.900 0.420
3 16 27.024 -189.488 2.500 15.141 -190.178 2.500 22.645 -190.875 2.500 1.000 0.357 1.000 0.420 1.000 0.380
3 16 15.141 -190.178 2.500 15.136 -190.179 2.000 10.655 -191.012 2.000 1.000 0.420 0.900 0.420 0.900 0.444
3 16 23.960 -187.865 2.500 19.583 -189.128 2.500 31.323 -187.898 2.500 1.000 0.373 1.000 0.396 1.000 0.334
3 16 19.583 -189.128 2.500 23.960 -187.865 2.500 19.583 -189.128 2.000 1.000 0.396 1.000 0.373 0.900 0.396
3 16 31.323 -187.898 2.500 19.583 -189.128 2.500 27.024 -189.488 2.500 1.000 0.334 1.000 0.396 1.000 0.357
3 16 19.583 -189.128 2.500 19.583 -189.128 2.000 15.136 -190.179 2.000 1.000 0.396 0.900 0.396 0.900 0.420
3 16 28.283 -186.386 2.500 23.960 -187.865 2.500 35.553 -186.099 2.500 1.000 0.350 1.000 0.373 1.000 0.312
3 16 23.960 -187.865 2.500 28.283 -186.386 2.500 23.964 -187.864 2.000 1.000 0.373 1.000 0.350 0.900 0.373
3 16 35.553 -186.099 2.500 23.960 -187.865 2.500 31.323 -187.898 2.500 1.000 0.312 1.000 0.373 1.000 0.334
3 16 23.960 -187.865 2.500 23.964 -187.864 2.000 19.583 -189.128 2.000 1.000 0.373 0.900 0.373 0.900 0.396
3 16 32.522 -184.701 2.500 28.283 -186.386 2.500 35.553 -186.099 2.500 1.000 0.328 1.000 0.350 1.000 0.312
3 16 28.283 -186.386 2.500 32.522 -184.701 2.500 28.278 -186.387 2.000 1.000 0.350 1.000 0.328 0.900 0.350
3 16 28.283 -186.386 2.500 28.278 -186.387 2.000 23.964 -187.864 2.000 1.000 0.350 0.900 0.350 0.900 0.373
3 16 36.671 -182.813 2.500 32.522 -184.701 2.500 39.688 -184.103 2.500 1.000 0.306 1.000 0.328 1.000 0.290
3 16 32.522 -184.701 2.500 36.671 -182.813 2.500 32.524 -184.700 2.000 1.000 0.328 1.000 0.306 0.900 0.328
3 16 39.688 -184.103 2.500 32.522 -184.701 2.500 35.553 -186.099 2.500 1.000 0.290 1.000 0.328 1.000 0.312
3 16 32.522 -184.701 2.500 32.524 -184.700 2.000 28.278 -186.387 2.000 1.000 0.328 0.900 0.328 0.900 0.350
3 16 40.733 -180.721 2.500 36.671 -182.813 2.500 43.717 -181.915 2.500 1.000 0.284 1.000 0.306 1.000 0.269
3 16 36.671 -182.813 2.500 40.733 -180.721 2.500 36.673 -182.813 2.000 1.000 0.306 1.000 0.284 0.900 0.306
3 16 43.717 -181.915 2.500 36.671 -182.813 2.500 39.688 -184.103 2.500 1.000 0.269 1.000 0.306 1.000 0.290
3 16 36.671 -182.813 2.500 36.673 -182.813 2.000 32.524 -184.700 2.000 1.000 0.306 0.900 0.306 0.900 0.328
3 16 44.679 -178.439 2.500 40.733 -180.721 2.500 47.648 -179.531 2.500 1.000 0.264 1.000 0.284 1.000 0.248
3 16 40.733 -180.721 2.500 44.679 -178.439 2.500 40.728 -180.724 2.000 1.000 0.284 1.000 0.264 0.900 0.285
3 16 47.648 -179.531 2.500 40.733 -180.721 2.500 43.717 -181.915 2.500 1.000 0.248 1.000 0.284 1.000 0.269
3 16 40.733 -180.721 2.500 40.728 -180.724 2.000 36.673 -182.813 2.000 1.000 0.284 0.900 0.285 0.900 0.306
3 16 48.512 -175.966 2.500 44.679 -178.439 2.500 51.454 -176.967 2.500 1.000 0.243 1.000 0.264 1.000 0.228
3 16 44.679 -178.439 2.500 48.512 -175.966 2.500 44.683 -178.436 2.000 1.000 0.264 1.000 0.243 0.900 0.264
3 16 51.454 -176.967 2.500 44.679 -178.439 2.500 47.648 -179.531 2.500 1.000 0.228 1.000 0.264 1.000 0.248
3 16 44.679 -178.439 2.500 44.683 -178.436 2.000 40.728 -180.724 2.000 1.000 0.264 0.900 0.264 0.900 0.285
3 16 52.226 -173.305 2.500 48.512 -175.966 2.500 55.132 -174.225 2.500 1.000 0.224 1.000 0.243 1.000 0.208
3 16 48.512 -175.966 2.500 52.226 -173.305 2.500 48.512 -175.967 2.000 1.000 0.243 1.000 0.224 0.900 0.243
3 16 55.132 -174.225 2.500 48.512 -175.966 2.500 51.454 -176.967 2.500 1.000 0.208 1.000 0.243 1.000 0.228
3 16 48.512 -175.966 2.500 48.512 -175.967 2.000 44.683 -178.436 2.000 1.000 0.243 0.900 0.243 0.900 0.264
3 16 55.796 -170.475 2.500 52.226 -173.305 2.500 58.683 -171.304 2.500 1.000 0.205 1.000 0.224 1.000 0.190
3 16 52.226 -173.305 2.500 55.796 -170.475 2.500 52.221 -173.308 2.000 1.000 0.224 1.000 0.205 0.900 0.224
3 16 58.683 -171.304 2.500 52.226 -173.305 2.500 55.132 -174.225 2.500 1.000 0.190 1.000 0.224 1.000 0.208
3 16 52.226 -173.305 2.500 52.221 -173.308 2.000 48.512 -175.967 2.000 1.000 0.224 0.900 0.224 0.900 0.243
3 16 59.231 -167.468 2.500 55.796 -170.475 2.500 62.082 -168.226 2.500 1.000 0.187 1.000 0.205 1.000 0.172
3 16 55.796 -170.475 2.500 59.231 -167.468 2.500 55.801 -170.470 2.000 1.000 0.205 1.000 0.187 0.900 0.205
3 16 62.082 -168.226 2.500 55.796 -170.475 2.500 58.683 -171.304 2.500 1.000 0.172 1.000 0.205 1.000 0.190
3 16 55.796 -170.475 2.500 55.801 -170.470 2.000 52.221 -173.308 2.000 1.000 0.205 0.900 0.205 0.900 0.224
3 16 62.517 -164.297 2.500 59.231 -167.468 2.500 65.333 -164.985 2.500 1.000 0.169 1.000 0.187 1.000 0.154
3 16 59.231 -167.468 2.500 62.517 -164.297 2.500 59.229 -167.470 2.000 1.000 0.187 1.000 0.169 0.900 0.187
3 16 65.333 -164.985 2.500 59.231 -167.468 2.500 62.082 -168.226 2.500 1.000 0.154 1.000 0.187 1.000 0.172
3 16 59.231 -167.468 2.500 59.229 -167.470 2.000 55.801 -170.470 2.000 1.000 0.187 0.900 0.187 0.900 0.205
3 16 65.637 -160.978 2.500 62.517 -164.297 2.500 68.431 -161.589 2.500 1.000 0.153 1.000 0.169 1.000 0.138
3 16 62.517 -164.297 2.500 65.637 -160.978 2.500 62.514 -164.300 2.000 1.000 0.169 1.000 0.153 0.900 0.169
3 16 68.431 -161.589 2.500 62.517 -164.297 2.500 65.333 -164.985 2.500 1.000 0.138 1.000 0.169 1.000 0.154
3 16 62.517 -164.297 2.500 62.514 -164.300 2.000 59.229 -167.470 2.000 1.000 0.169 0.900 0.169 0.900 0.187
3 16 68.599 -157.501 2.500 65.637 -160.978 2.500 71.356 -158.058 2.500 1.000 0.137 1.000 0.153 1.000 0.122
3 16 65.637 -160.978 2.500 68.599 -157.501 2.500 65.642 -160.972 2.000 1.000 0.153 1.000 0.137 0.900 0.153
3 16 71.356 -158.058 2.500 65.637 -160.978 2.500 68.431 -161.589 2.500 1.000 0.122 1.000 0.153 1.000 0.138
3 16 65.637 -160.978 2.500 65.642 -160.972 2.000 62.514 -164.300 2.000 1.000 0.153 0.900 0.153 0.900 0.169
3 16 71.388 -153.887 2.500 68.599 -157.501 2.500 74.112 -154.385 2.500 1.000 0.122 1.000 0.137 1.000 0.108
3 16 68.599 -157.501 2.500 71.388 -153.887 2.500 68.596 -157.505 2.000 1.000 0.137 1.000 0.122 0.900 0.137
3 16 74.112 -154.385 2.500 68.599 -157.501 2.500 71.356 -158.058 2.500 1.000 0.108 1.000 0.137 1.000 0.122
3 16 68.599 -157.501 2.500 68.596 -157.505 2.000 65.642 -160.972 2.000 1.000 0.137 0.900 0.137 0.900 0.153
3 16 73.992 -150.149 2.500 71.388 -153.887 2.500 76.694 -150.583 2.500 1.000 0.109 1.000 0.122 1.000 0.094
3 16 71.388 -153.887 2.500 73.992 -150.149 2.500 71.385 -153.889 2.000 1.000 0.122 1.000 0.109 0.900 0.122
3 16 76.694 -150.583 2.500 71.388 -153.887 2.500 74.112 -154.385 2.500 1.000 0.094 1.000 0.122 1.000 0.108
3 16 71.388 -153.887 2.500 71.385 -153.889 2.000 68.596 -157.505 2.000 1.000 0.122 0.900 0.122 0.900 0.137
3 16 76.417 -146.278 2.500 73.992 -150.149 2.500 79.084 -146.672 2.500 1.000 0.096 1.000 0.109 1.000 0.082
3 16 73.992 -150.149 2.500 76.417 -146.278 2.500 73.996 -150.142 2.000 1.000 0.109 1.000 0.096 0.900 0.108
3 16 79.084 -146.672 2.500 73.992 -150.149 2.500 76.694 -150.583 2.500 1.000 0.082 1.000 0.109 1.000 0.094
3 16 73.992 -150.149 2.500 73.996 -150.142 2.000 71.385 -153.889 2.000 1.000 0.109 0.900 0.108 0.900 0.122
3 16 78.649 -142.298 2.500 76.417 -146.278 2.500 81.290 -142.641 2.500 1.000 0.084 1.000 0.096 1.000 0.070
3 16 76.417 -146.278 2.500 78.649 -142.298 2.500 76.414 -146.283 2.000 1.000 0.096 1.000 0.084 0.900 0.096
3 16 81.290 -142.641 2.500 76.417 -146.278 2.500 79.084 -146.672 2.500 1.000 0.070 1.000 0.096 1.000 0.082
3 16 76.417 -146.278 2.500 76.414 -146.283 2.000 73.996 -150.142 2.000 1.000 0.096 0.900 0.096 0.900 0.108
3 16 80.682 -138.219 2.500 78.649 -142.298 2.500 83.302 -138.510 2.500 1.000 0.073 1.000 0.084 1.000 0.059
3 16 78.649 -142.298 2.500 80.682 -138.219 2.500 78.648 -142.299 2.000 1.000 0.084 1.000 0.073 0.900 0.084
3 16 83.302 -138.510 2.500 78.649 -142.298 2.500 81.290 -142.641 2.500 1.000 0.059 1.000 0.084 1.000 0.070
3 16 78.649 -142.298 2.500 78.648 -142.299 2.000 76.414 -146.283 2.000 1.000 0.084 0.900 0.084 0.900 0.096
3 16 82.518 -134.036 2.500 80.682 -138.219 2.500 85.110 -134.299 2.500 1.000 0.063 1.000 0.073 1.000 0.050
3 16 80.682 -138.219 2.500 82.518 -134.036 2.500 80.685 -138.213 2.000 1.000 0.073 1.000 0.063 0.900 0.073
3 16 85.110 -134.299 2.500 80.682 -138.219 2.500 83.302 -138.510 2.500 1.000 0.050 1.000 0.073 1.000 0.059
3 16 80.682 -138.219 2.500 80.685 -138.213 2.000 78.648 -142.299 2.000 1.000 0.073 0.900 0.073 0.900 0.084
3 16 84.147 -129.777 2.500 82.518 -134.036 2.500 86.719 -129.994 2.500 1.000 0.055 1.000 0.063 1.000 0.041
3 16 82.518 -134.036 2.500 84.147 -129.777 2.500 82.516 -134.042 2.000 1.000 0.063 1.000 0.055 0.900 0.063
3 16 86.719 -129.994 2.500 82.518 -134.036 2.500 85.110 -134.299 2.500 1.000 0.041 1.000 0.063 1.000 0.050
3 16 82.518 -134.036 2.500 82.516 -134.042 2.000 80.685 -138.213 2.000 1.000 0.063 0.900 0.063 0.900 0.073
3 16 85.565 -125.442 2.500 84.147 -129.777 2.500 88.121 -125.620 2.500 1.000 0.047 1.000 0.055 1.000 0.034
3 16 84.147 -129.777 2.500 85.565 -125.442 2.500 84.147 -129.775 2.000 1.000 0.055 1.000 0.047 0.900 0.055
3 16 88.121 -125.620 2.500 84.147 -129.777 2.500 86.719 -129.994 2.500 1.000 0.034 1.000 0.055 1.000 0.041
3 16 84.147 -129.777 2.500 84.147 -129.775 2.000 82.516 -134.042 2.000 1.000 0.055 0.900 0.055 0.900 0.063
3 16 86.774 -121.036 2.500 85.565 -125.442 2.500 89.310 -121.192 2.500 1.000 0.041 1.000 0.047 1.000 0.027
3 16 85.565 -125.442 2.500 86.774 -121.036 2.500 85.567 -125.438 2.000 1.000 0.047 1.000 0.041 0.900 0.047
3 16 89.310 -121.192 2.500 85.565 -125.442 2.500 88.121 -125.620 2.500 1.000 0.027 1.000 0.047 1.000 0.034
3 16 85.565 -125.442 2.500 85.567 -125.438 2.000 84.147 -129.775 2.000 1.000 0.047 0.900 0.047 0.900 0.055
3 16 87.764 -116.589 2.500 86.774 -121.036 2.500 90.289 -116.701 2.500 1.000 0.036 1.000 0.041 1.000 0.022
3 16 86.774 -121.036 2.500 87.764 -116.589 2.500 86.772 -121.044 2.000 1.000 0.041 1.000 0.036 0.900 0.041
3 16 90.289 -116.701 2.500 86.774 -121.036 2.500 89.310 -121.192 2.500 1.000 0.022 1.000 0.041 1.000 0.027
3 16 86.774 -121.036 2.500 86.772 -121.044 2.000 85.567 -125.438 2.000 1.000 0.041 0.900 0.041 0.900 0.047
3 16 88.537 -112.091 2.500 87.764 -116.589 2.500 91.052 -112.174 2.500 1.000 0.032 1.000 0.036 1.000 0.018
3 16 87.764 -116.589 2.500 88.537 -112.091 2.500 87.764 -116.584 2.000 1.000 0.036 1.000 0.032 0.900 0.036
3 16 91.052 -112.174 2.500 87.764 -116.589 2.500 90.289 -116.701 2.500 1.000 0.018 1.000 0.036 1.000 0.022
3 16 87.764 -116.589 2.500 87.764 -116.584 2.000 86.772 -121.044 2.000 1.000 0.036 0.900 0.036 0.900 0.041
3 16 89.092 -107.557 2.500 88.537 -112.091 2.500 91.597 -107.621 2.500 1.000 0.029 1.000 0.032 1.000 0.015
3 16 88.537 -112.091 2.500 89.092 -107.557 2.500 88.538 -112.088 2.000 1.000 0.032 1.000 0.029 0.900 0.032
3 16 91.597 -107.621 2.500 88.537 -112.091 2.500 91.052 -112.174 2.500 1.000 0.015 1.000 0.032 1.000 0.018
3 16 88.537 -112.091 2.500 88.538 -112.088 2.000 87.764 -116.584 2.000 1.000 0.032 0.900 0.032 0.900 0.036
3 16 89.425 -103.014 2.500 89.092 -107.557 2.500 91.926 -103.035 2.500 1.000 0.027 1.000 0.029 1.000 0.014
3 16 89.092 -107.557 2.500 89.425 -103.014 2.500 89.091 -107.564 2.000 1.000 0.029 1.000 0.027 0.900 0.029
3 16 91.926 -103.035 2.500 89.092 -107.557 2.500 91.597 -107.621 2.500 1.000 0.014 1.000 0.029 1.000 0.015
3 16 89.092 -107.557 2.500 89.091 -107.564 2.000 88.538 -112.088 2.000 1.000 0.029 0.900 0.029 0.900 0.032
3 16 89.535 -98.449 2.500 89.425 -103.014 2.500 92.036 -98.448 2.500 1.000 0.026 1.000 0.027 1.000 0.013
3 16 89.425 -103.014 2.500 89.535 -98.449 2.500 89.424 -103.007 2.000 1.000 0.027 1.000 0.026 0.900 0.027
3 16 92.036 -98.448 2.500 89.425 -103.014 2.500 91.926 -103.035 2.500 1.000 0.013 1.000 0.027 1.000 0.014
3 16 89.425 -103.014 2.500 89.424 -103.007 2.000 89.091 -107.564 2.000 1.000 0.027 0.900 0.027 0.900 0.029
3 16 89.425 -93.884 2.500 89.535 -98.449 2.500 92.036 -98.448 2.500 1.000 0.027 1.000 0.026 1.000 0.013
3 16 89.535 -98.449 2.500 89.425 -93.884 2.500 89.536 -98.449 2.000 1.000 0.026 1.000 0.027 0.900 0.026
3 16 89.535 -98.449 2.500 89.536 -98.449 2.000 89.424 -103.007 2.000 1.000 0.026 0.900 0.026 0.900 0.027
3 16 89.092 -89.341 2.500 89.425 -93.884 2.500 91.926 -93.861 2.500 1.000 0.029 1.000 0.027 1.000 0.014
3 16 89.425 -93.884 2.500 89.092 -89.341 2.500 89.424 -93.890 2.000 1.000 0.027 1.000 0.029 0.900 0.027
3 16 91.926 -93.861 2.500 89.425 -93.884 2.500 92.036 -98.448 2.500 1.000 0.014 1.000 0.027 1.000 0.013
3 16 89.425 -93.884 2.500 89.424 -93.890 2.000 89.536 -98.449 2.000 1.000 0.027 0.900 0.027 0.900 0.026
3 16 88.537 -84.807 2.500 89.092 -89.341 2.500 91.597 -89.276 2.500 1.000 0.032 1.000 0.029 1.000 0.015
3 16 89.092 -89.341 2.500 88.537 -84.807 2.500 89.091 -89.333 2.000 1.000 0.029 1.000 0.032 0.900 0.029
3 16 91.597 -89.276 2.500 89.092 -89.341 2.500 91.926 -93.861 2.500 1.000 0.015 1.000 0.029 1.000 0.014
3 16 89.092 -89.341 2.500 89.091 -89.333 2.000 89.424 -93.890 2.000 1.000 0.029 0.900 0.029 0.900 0.027
3 16 87.764 -80.309 2.500 88.537 -84.807 2.500 91.052 -84.723 2.500 1.000 0.036 1.000 0.032 1.000 0.018
3 16 88.537 -84.807 2.500 87.764 -80.309 2.500 88.538 -84.809 2.000 1.000 0.032 1.000 0.036 0.900 0.032
3 16 91.052 -84.723 2.500 88.537 -84.807 2.500 91.597 -89.276 2.500 1.000 0.018 1.000 0.032 1.000 0.015
3 16 88.537 -84.807 2.500 88.538 -84.809 2.000 89.091 -89.333 2.000 1.000 0.032 0.900 0.032 0.900 0.029
3 16 86.774 -75.861 2.500 87.764 -80.309 2.500 90.289 -80.196 2.500 1.000 0.041 1.000 0.036 1.000 0.022
3 16 87.764 -80.309 2.500 86.774 -75.861 2.500 87.764 -80.314 2.000 1.000 0.036 1.000 0.041 0.900 0.036
3 16 90.289 -80.196 2.500 87.764 -80.309 2.500 91.052 -84.723 2.500 1.000 0.022 1.000 0.036 1.000 0.018
3 16 87.764 -80.309 2.500 87.764 -80.314 2.000 88.538 -84.809 2.000 1.000 0.036 0.900 0.036 0.900 0.032
3 16 85.565 -71.455 2.500 86.774 -75.861 2.500 89.310 -75.704 2.500 1.000 0.047 1.000 0.041 1.000 0.027
3 16 86.774 -75.861 2.500 85.565 -71.455 2.500 86.772 -75.854 2.000 1.000 0.041 1.000 0.047 0.900 0.041
3 16 89.310 -75.704 2.500 86.774 -75.861 2.500 90.289 -80.196 2.500 1.000 0.027 1.000 0.041 1.000 0.022
3 16 86.774 -75.861 2.500 86.772 -75.854 2.000 87.764 -80.314 2.000 1.000 0.041 0.900 0.041 0.900 0.036
3 16 84.147 -67.121 2.500 85.565 -71.455 2.500 88.121 -71.277 2.500 1.000 0.055 1.000 0.047 1.000 0.034
3 16 85.565 -71.455 2.500 84.147 -67.121 2.500 85.567 -71.460 2.000 1.000 0.047 1.000 0.055 0.900 0.047
3 16 88.121 -71.277 2.500 85.565 -71.455 2.500 89.310 -75.704 2.500 1.000 0.034 1.000 0.047 1.000 0.027
3 16 85.565 -71.455 2.500 85.567 -71.460 2.000 86.772 -75.854 2.000 1.000 0.047 0.900 0.047 0.900 0.041
3 16 82.518 -62.862 2.500 84.147 -67.121 2.500 86.719 -66.903 2.500 1.000 0.063 1.000 0.055 1.000 0.041
3 16 84.147 -67.121 2.500 82.518 -62.862 2.500 84.147 -67.123 2.000 1.000 0.055 1.000 0.063 0.900 0.055
3 16 86.719 -66.903 2.500 84.147 -67.121 2.500 88.121 -71.277 2.500 1.000 0.041 1.000 0.055 1.000 0.034
3 16 84.147 -67.121 2.500 84.147 -67.123 2.000 85.567 -71.460 2.000 1.000 0.055 0.900 0.055 0.900 0.047
3 16 80.682 -58.679 2.500 82.518 -62.862 2.500 85.110 -62.598 2.500 1.000 0.073 1.000 0.063 1.000 0.050
3 16 82.518 -62.862 2.500 80.682 -58.679 2.500 82.516 -62.855 2.000 1.000 0.063 1.000 0.073 0.900 0.063
3 16 85.110 -62.598 2.500 82.518 -62.862 2.500 86.719 -66.903 2.500 1.000 0.050 1.000 0.063 1.000 0.041
3 16 82.518 -62.862 2.500 82.516 -62.855 2.000 84.147 -67.123 2.000 1.000 0.063 0.900 0.063 0.900 0.055
3 16 78.649 -54.600 2.500 80.682 -58.679 2.500 83.302 -58.386 2.500 1.000 0.084 1.000 0.073 1.000 0.059
3 16 80.682 -58.679 2.500 78.649 -54.600 2.500 80.685 -58.684 2.000 1.000 0.073 1.000 0.084 0.900 0.073
3 16 83.302 -58.386 2.500 80.682 -58.679 2.500 85.110 -62.598 2.500 1.000 0.059 1.000 0.073 1.000 0.050
3 16 80.682 -58.679 2.500 80.685 -58.684 2.000 82.516 -62.855 2.000 1.000 0.073 0.900 0.073 0.900 0.063
3 16 76.417 -50.620 2.500 78.649 -54.600 2.500 81.290 -54.255 2.500 1.000 0.096 1.000 0.084 1.000 0.070
3 16 78.649 -54.600 2.500 76.417 -50.620 2.500 78.648 -54.599 2.000 1.000 0.084 1.000 0.096 0.900 0.084
3 16 81.290 -54.255 2.500 78.649 -54.600 2.500 83.302 -58.386 2.500 1.000 0.070 1.000 0.084 1.000 0.059
3 16 78.649 -54.600 2.500 78.648 -54.599 2.000 80.685 -58.684 2.000 1.000 0.084 0.900 0.084 0.900 0.073
3 16 73.992 -46.749 2.500 76.417 -50.620 2.500 79.084 -50.225 2.500 1.000 0.109 1.000 0.096 1.000 0.082
3 16 76.417 -50.620 2.500 73.992 -46.749 2.500 76.414 -50.615 2.000 1.000 0.096 1.000 0.109 0.900 0.096
3 16 79.084 -50.225 2.500 76.417 -50.620 2.500 81.290 -54.255 2.500 1.000 0.082 1.000 0.096 1.000 0.070
3 16 76.417 -50.620 2.500 76.414 -50.615 2.000 78.648 -54.599 2.000 1.000 0.096 0.900 0.096 0.900 0.084
3 16 71.388 -43.011 2.500 73.992 -46.749 2.500 76.693 -46.314 2.500 1.000 0.122 1.000 0.109 1.000 0.094
3 16 73.992 -46.749 2.500 71.388 -43.011 2.500 73.996 -46.755 2.000 1.000 0.109 1.000 0.122 0.900 0.108
3 16 76.693 -46.314 2.500 73.992 -46.749 2.500 79.084 -50.225 2.500 1.000 0.094 1.000 0.109 1.000 0.082
3 16 73.992 -46.749 2.500 73.996 -46.755 2.000 76.414 -50.615 2.000 1.000 0.109 0.900 0.108 0.900 0.096
3 16 68.599 -39.396 2.500 71.388 -43.011 2.500 74.112 -42.511 2.500 1.000 0.137 1.000 0.122 1.000 0.108
3 16 71.388 -43.011 2.500 68.599 -39.396 2.500 71.385 -43.008 2.000 1.000 0.122 1.000 0.137 0.900 0.122
3 16 74.112 -42.511 2.500 71.388 -43.011 2.500 76.693 -46.314 2.500 1.000 0.108 1.000 0.122 1.000 0.094
3 16 71.388 -43.011 2.500 71.385 -43.008 2.000 73.996 -46.755 2.000 1.000 0.122 0.900 0.122 0.900 0.108
3 16 65.637 -35.920 2.500 68.599 -39.396 2.500 71.355 -38.838 2.500 1.000 0.153 1.000 0.137 1.000 0.122
3 16 68.599 -39.396 2.500 65.637 -35.920 2.500 68.596 -39.392 2.000 1.000 0.137 1.000 0.153 0.900 0.137
3 16 71.355 -38.838 2.500 68.599 -39.396 2.500 74.112 -42.511 2.500 1.000 0.122 1.000 0.137 1.000 0.108
3 16 68.599 -39.396 2.500 68.596 -39.392 2.000 71.385 -43.008 2.000 1.000 0.137 0.900 0.137 0.900 0.122
3 16 62.517 -32.601 2.500 65.637 -35.920 2.500 68.430 -35.308 2.500 1.000 0.169 1.000 0.153 1.000 0.138
3 16 65.637 -35.920 2.500 62.517 -32.601 2.500 65.642 -35.926 2.000 1.000 0.153 1.000 0.169 0.900 0.153
3 16 68.430 -35.308 2.500 65.637 -35.920 2.500 71.355 -38.838 2.500 1.000 0.138 1.000 0.153 1.000 0.122
3 16 65.637 -35.920 2.500 65.642 -35.926 2.000 68.596 -39.392 2.000 1.000 0.153 0.900 0.153 0.900 0.137
3 16 59.231 -29.429 2.500 62.517 -32.601 2.500 65.333 -31.911 2.500 1.000 0.187 1.000 0.169 1.000 0.154
3 16 62.517 -32.601 2.500 59.231 -29.429 2.500 62.514 -32.598 2.000 1.000 0.169 1.000 0.187 0.900 0.169
3 16 65.333 -31.911 2.500 62.517 -32.601 2.500 68.430 -35.308 2.500 1.000 0.154 1.000 0.169 1.000 0.138
3 16 62.517 -32.601 2.500 62.514 -32.598 2.000 65.642 -35.926 2.000 1.000 0.169 0.900 0.169 0.900 0.153
3 16 55.796 -26.422 2.500 59.231 -29.429 2.500 62.082 -28.671 2.500 1.000 0.205 1.000 0.187 1.000 0.172
3 16 59.231 -29.429 2.500 55.796 -26.422 2.500 59.229 -29.427 2.000 1.000 0.187 1.000 0.205 0.900 0.187
3 16 62.082 -28.671 2.500 59.231 -29.429 2.500 65.333 -31.911 2.500 1.000 0.172 1.000 0.187 1.000 0.154
3 16 59.231 -29.429 2.500 59.229 -29.427 2.000 62.514 -32.598 2.000 1.000 0.187 0.900 0.187 0.900 0.169
3 16 52.226 -23.592 2.500 55.796 -26.422 2.500 58.682 -25.592 2.500 1.000 0.224 1.000 0.205 1.000 0.190
3 16 55.796 -26.422 2.500 52.226 -23.592 2.500 55.801 -26.427 2.000 1.000 0.205 1.000 0.224 0.900 0.205
3 16 58.682 -25.592 2.500 55.796 -26.422 2.500 62.082 -28.671 2.500 1.000 0.190 1.000 0.205 1.000 0.172
3 16 55.796 -26.422 2.500 55.801 -26.427 2.000 59.229 -29.427 2.000 1.000 0.205 0.900 0.205 0.900 0.187
3 16 48.512 -20.932 2.500 52.226 -23.592 2.500 55.131 -22.672 2.500 1.000 0.243 1.000 0.224 1.000 0.208
3 16 52.226 -23.592 2.500 48.512 -20.932 2.500 52.221 -23.589 2.000 1.000 0.224 1.000 0.243 0.900 0.224
3 16 55.131 -22.672 2.500 52.226 -23.592 2.500 58.682 -25.592 2.500 1.000 0.208 1.000 0.224 1.000 0.190
3 16 52.226 -23.592 2.500 52.221 -23.589 2.000 55.801 -26.427 2.000 1.000 0.224 0.900 0.224 0.900 0.205
3 16 44.679 -18.458 2.500 48.512 -20.932 2.500 51.454 -19.930 2.500 1.000 0.264 1.000 0.243 1.000 0.228
3 16 48.512 -20.932 2.500 44.679 -18.458 2.500 48.512 -20.931 2.000 1.000 0.243 1.000 0.264 0.900 0.243
3 16 51.454 -19.930 2.500 48.512 -20.932 2.500 55.131 -22.672 2.500 1.000 0.228 1.000 0.243 1.000 0.208
3 16 48.512 -20.932 2.500 48.512 -20.931 2.000 52.221 -23.589 2.000 1.000 0.243 0.900 0.243 0.900 0.224
3 16 40.733 -16.176 2.500 44.679 -18.458 2.500 47.647 -17.366 2.500 1.000 0.284 1.000 0.264 1.000 0.248
3 16 44.679 -18.458 2.500 40.733 -16.176 2.500 44.683 -18.461 2.000 1.000 0.264 1.000 0.284 0.900 0.264
3 16 47.647 -17.366 2.500 44.679 -18.458 2.500 51.454 -19.930 2.500 1.000 0.248 1.000 0.264 1.000 0.228
3 16 44.679 -18.458 2.500 44.683 -18.461 2.000 48.512 -20.931 2.000 1.000 0.264 0.900 0.264 0.900 0.243
3 16 36.671 -14.084 2.500 40.733 -16.176 2.500 43.716 -14.982 2.500 1.000 0.306 1.000 0.284 1.000 0.269
3 16 40.733 -16.176 2.500 36.671 -14.084 2.500 40.728 -16.174 2.000 1.000 0.284 1.000 0.306 0.900 0.285
3 16 43.716 -14.982 2.500 40.733 -16.176 2.500 47.647 -17.366 2.500 1.000 0.269 1.000 0.284 1.000 0.248
3 16 40.733 -16.176 2.500 40.728 -16.174 2.000 44.683 -18.461 2.000 1.000 0.284 0.900 0.285 0.900 0.264
3 16 32.522 -12.196 2.500 36.671 -14.084 2.500 39.687 -12.794 2.500 1.000 0.328 1.000 0.306 1.000 0.290
3 16 36.671 -14.084 2.500 32.522 -12.196 2.500 36.673 -14.084 2.000 1.000 0.306 1.000 0.328 0.900 0.306
3 16 39.687 -12.794 2.500 36.671 -14.084 2.500 43.716 -14.982 2.500 1.000 0.290 1.000 0.306 1.000 0.269
3 16 36.671 -14.084 2.500 36.673 -14.084 2.000 40.728 -16.174 2.000 1.000 0.306 0.900 0.306 0.900 0.285
3 16 28.283 -10.512 2.500 32.522 -12.196 2.500 35.552 -10.798 2.500 1.000 0.350 1.000 0.328 1.000 0.312
3 16 32.522 -12.196 2.500 28.283 -10.512 2.500 32.524 -12.198 2.000 1.000 0.328 1.000 0.350 0.900 0.328
3 16 35.552 -10.798 2.500 32.522 -12.196 2.500 39.687 -12.794 2.500 1.000 0.312 1.000 0.328 1.000 0.290
3 16 32.522 -12.196 2.500 32.524 -12.198 2.000 36.673 -14.084 2.000 1.000 0.328 0.900 0.328 0.900 0.306
3 16 23.960 -9.033 2.500 28.283 -10.512 2.500 31.322 -8.999 2.500 1.000 0.373 1.000 0.350 1.000 0.334
3 16 28.283 -10.512 2.500 23.960 -9.033 2.500 28.278 -10.510 2.000 1.000 0.350 1.000 0.373 0.900 0.350
3 16 31.322 -8.999 2.500 28.283 -10.512 2.500 35.552 -10.798 2.500 1.000 0.334 1.000 0.350 1.000 0.312
3 16 28.283 -10.512 2.500 28.278 -10.510 2.000 32.524 -12.198 2.000 1.000 0.350 0.900 0.350 0.900 0.328
3 16 19.583 -7.769 2.500 23.960 -9.033 2.500 31.322 -8.999 2.500 1.000 0.396 1.000 0.373 1.000 0.334
3 16 23.960 -9.033 2.500 19.583 -7.769 2.500 23.964 -9.034 2.000 1.000 0.373 1.000 0.396 0.900 0.373
3 16 23.960 -9.033 2.500 23.964 -9.034 2.000 28.278 -10.510 2.000 1.000 0.373 0.900 0.373 0.900 0.350
3 16 15.141 -6.719 2.500 19.583 -7.769 2.500 27.023 -7.409 2.500 1.000 0.420 1.000 0.396 1.000 0.357
3 16 19.583 -7.769 2.500 15.141 -6.719 2.500 19.583 -7.770 2.000 1.000 0.396 1.000 0.420 0.900 0.396
3 16 27.023 -7.409 2.500 19.583 -7.769 2.500 31.322 -8.999 2.500 1.000 0.357 1.000 0.396 1.000 0.334
3 16 19.583 -7.769 2.500 19.583 -7.770 2.000 23.964 -9.034 2.000 1.000 0.396 0.900 0.396 0.900 0.373
3 16 10.650 -5.885 2.500 15.141 -6.719 2.500 22.643 -6.023 2.500 1.000 0.444 1.000 0.420 1.000 0.380
3 16 15.141 -6.719 2.500 10.650 -5.885 2.500 15.136 -6.718 2.000 1.000 0.420 1.000 0.444 0.900 0.420
3 16 22.643 -6.023 2.500 15.141 -6.719 2.500 27.023 -7.409 2.500 1.000 0.380 1.000 0.420 1.000 0.357
3 16 15.141 -6.719 2.500 15.136 -6.718 2.000 19.583 -7.770 2.000 1.000 0.420 0.900 0.420 0.900 0.396
3 16 6.136 -5.272 2.500 10.650 -5.885 2.500 18.201 -4.845 2.500 1.000 0.468 1.000 0.444 1.000 0.404
3 16 10.650 -5.885 2.500 6.136 -5.272 2.500 10.655 -5.885 2.000 1.000 0.444 1.000 0.468 0.900 0.444
3 16 18.201 -4.845 2.500 10.650 -5.885 2.500 22.643 -6.023 2.500 1.000 0.404 1.000 0.444 1.000 0.380
3 16 10.650 -5.885 2.500 10.655 -5.885 2.000 15.136 -6.718 2.000 1.000 0.444 0.900 0.444 0.900 0.420
3 16 1.586 -4.879 2.500 6.136 -5.272 2.500 18.201 -4.845 2.500 1.000 0.492 1.000 0.468 1.000 0.404
3 16 6.136 -5.272 2.500 1.586 -4.879 2.500 6.135 -5.272 2.000 1.000 0.468 1.000 0.492 0.900 0.468
3 16 6.136 -5.272 2.500 6.135 -5.272 2.000 10.655 -5.885 2.000 1.000 0.468 0.900 0.468 0.900 0.444
3 16 -2.976 -4.707 2.500 1.586 -4.879 2.500 18.201 -4.845 2.500 1.000 0.516 1.000 0.492 1.000 0.404
3 16 1.586 -4.879 2.500 -2.976 -4.707 2.500 1.583 -4.879 2.000 1.000 0.492 1.000 0.516 0.900 0.492
3 16 1.586 -4.879 2.500 1.583 -4.879 2.000 6.135 -5.272 2.000 1.000 0.492 0.900 0.492 0.900 0.468
3 16 -7.531 -4.758 2.500 -2.976 -4.707 2.500 -22.794 -4.009 2.500 1.000 0.540 1.000 0.516 1.000 0.621
3 16 -2.976 -4.707 2.500 -7.531 -4.758 2.500 -2.970 -4.707 2.000 1.000 0.516 1.000 0.540 0.900 0.516
3 16 -22.794 -4.009 2.500 -2.976 -4.707 2.500 13.720 -3.884 2.500 1.000 0.621 1.000 0.516 1.000 0.427
3 16 13.720 -3.884 2.500 -2.976 -4.707 2.500 18.201 -4.845 2.500 1.000 0.427 1.000 0.516 1.000 0.404
3 16 -2.976 -4.707 2.500 -2.970 -4.707 2.000 1.583 -4.879 2.000 1.000 0.516 0.900 0.516 0.900 0.492
3 16 -12.091 -5.031 2.500 -7.531 -4.758 2.500 -27.273 -5.002 2.500 1.000 0.564 1.000 0.540 1.000 0.644
3 16 -7.531 -4.758 2.500 -12.091 -5.031 2.500 -7.533 -4.758 2.000 1.000 0.540 1.000 0.564 0.900 0.540
3 16 -27.273 -5.002 2.500 -7.531 -4.758 2.500 -22.794 -4.009 2.500 1.000 0.644 1.000 0.540 1.000 0.621
3 16 -7.531 -4.758 2.500 -7.533 -4.758 2.000 -2.970 -4.707 2.000 1.000 0.540 0.900 0.540 0.900 0.516
3 16 -16.627 -5.524 2.500 -12.091 -5.031 2.500 -31.708 -6.210 2.500 1.000 0.588 1.000 0.564 1.000 0.668
3 16 -12.091 -5.031 2.500 -16.627 -5.524 2.500 -12.094 -5.031 2.000 1.000 0.564 1.000 0.588 0.900 0.564
3 16 -31.708 -6.210 2.500 -12.091 -5.031 2.500 -27.273 -5.002 2.500 1.000 0.668 1.000 0.564 1.000 0.644
3 16 -12.091 -5.031 2.500 -12.094 -5.031 2.000 -7.533 -4.758 2.000 1.000 0.564 0.900 0.564 0.900 0.540
3 16 -21.129 -6.238 2.500 -16.627 -5.524 2.500 -31.708 -6.210 2.500 1.000 0.612 1.000 0.588 1.000 0.668
3 16 -16.627 -5.524 2.500 -21.129 -6.238 2.500 -16.622 -5.524 2.000 1.000 0.588 1.000 0.612 0.900 0.588
3 16 -16.627 -5.524 2.500 -16.622 -5.524 2.000 -12.094 -5.031 2.000 1.000 0.588 0.900 0.588 0.900 0.564
3 16 -25.601 -7.171 2.500 -21.129 -6.238 2.500 -36.072 -7.624 2.500 1.000 0.635 1.000 0.612 1.000 0.691
3 16 -21.129 -6.238 2.500 -25.601 -7.171 2.500 -21.131 -6.238 2.000 1.000 0.612 1.000 0.635 0.900 0.612
3 16 -36.072 -7.624 2.500 -21.129 -6.238 2.500 -31.708 -6.210 2.500 1.000 0.691 1.000 0.612 1.000 0.668
3 16 -21.129 -6.238 2.500 -21.131 -6.238 2.000 -16.622 -5.524 2.000 1.000 0.612 0.900 0.612 0.900 0.588
3 16 -30.013 -8.318 2.500 -25.601 -7.171 2.500 -36.072 -7.624 2.500 1.000 0.659 1.000 0.635 1.000 0.691
3 16 -25.601 -7.171 2.500 -30.013 -8.318 2.500 -25.602 -7.171 2.000 1.000 0.635 1.000 0.659 0.900 0.635
3 16 -25.601 -7.171 2.500 -25.602 -7.171 2.000 -21.131 -6.238 2.000 1.000 0.635 0.900 0.635 0.900 0.612
3 16 -34.366 -9.681 2.500 -30.013 -8.318 2.500 -40.365 -9.247 2.500 1.000 0.682 1.000 0.659 1.000 0.714
3 16 -30.013 -8.318 2.500 -34.366 -9.681 2.500 -30.010 -8.318 2.000 1.000 0.659 1.000 0.682 0.900 0.659
3 16 -40.365 -9.247 2.500 -30.013 -8.318 2.500 -36.072 -7.624 2.500 1.000 0.714 1.000 0.659 1.000 0.691
3 16 -30.013 -8.318 2.500 -30.010 -8.318 2.000 -25.602 -7.171 2.000 1.000 0.659 0.900 0.659 0.900 0.635
3 16 -38.655 -11.255 2.500 -34.366 -9.681 2.500 -44.583 -11.074 2.500 1.000 0.705 1.000 0.682 1.000 0.736
3 16 -34.366 -9.681 2.500 -38.655 -11.255 2.500 -34.368 -9.682 2.000 1.000 0.682 1.000 0.705 0.900 0.682
3 16 -44.583 -11.074 2.500 -34.366 -9.681 2.500 -40.365 -9.247 2.500 1.000 0.736 1.000 0.682 1.000 0.714
3 16 -34.366 -9.681 2.500 -34.368 -9.682 2.000 -30.010 -8.318 2.000 1.000 0.682 0.900 0.682 0.900 0.659
3 16 -42.851 -13.031 2.500 -38.655 -11.255 2.500 -48.698 -13.095 2.500 1.000 0.727 1.000 0.705 1.000 0.758
3 16 -38.655 -11.255 2.500 -42.851 -13.031 2.500 -38.656 -11.255 2.000 1.000 0.705 1.000 0.727 0.900 0.705
3 16 -48.698 -13.095 2.500 -38.655 -11.255 2.500 -44.583 -11.074 2.500 1.000 0.758 1.000 0.705 1.000 0.736
3 16 -38.655 -11.255 2.500 -38.656 -11.255 2.000 -34.368 -9.682 2.000 1.000 0.705 0.900 0.705 0.900 0.682
3 16 -46.962 -15.013 2.500 -42.851 -13.031 2.500 -48.698 -13.095 2.500 1.000 0.748 1.000 0.727 1.000 0.758
3 16 -42.851 -13.031 2.500 -46.962 -15.013 2.500 -42.850 -13.030 2.000 1.000 0.727 1.000 0.748 0.900 0.727
3 16 -42.851 -13.031 2.500 -42.850 -13.030 2.000 -38.656 -11.255 2.000 1.000 0.727 0.900 0.727 0.900 0.705
3 16 -50.976 -17.194 2.500 -46.962 -15.013 2.500 -52.719 -15.315 2.500 1.000 0.770 1.000 0.748 1.000 0.779
3 16 -46.962 -15.013 2.500 -50.976 -17.194 2.500 -46.964 -15.014 2.000 1.000 0.748 1.000 0.770 0.900 0.748
3 16 -52.719 -15.315 2.500 -46.962 -15.013 2.500 -48.698 -13.095 2.500 1.000 0.779 1.000 0.748 1.000 0.758
3 16 -46.962 -15.013 2.500 -46.964 -15.014 2.000 -42.850 -13.030 2.000 1.000 0.748 0.900 0.748 0.900 0.727
3 16 -54.868 -19.561 2.500 -50.976 -17.194 2.500 -56.632 -17.725 2.500 1.000 0.790 1.000 0.770 1.000 0.800
3 16 -50.976 -17.194 2.500 -54.868 -19.561 2.500 -50.976 -17.194 2.000 1.000 0.770 1.000 0.790 0.900 0.770
3 16 -56.632 -17.725 2.500 -50.976 -17.194 2.500 -52.719 -15.315 2.500 1.000 0.800 1.000 0.770 1.000 0.779
3 16 -50.976 -17.194 2.500 -50.976 -17.194 2.000 -46.964 -15.014 2.000 1.000 0.770 0.900 0.770 0.900 0.748
3 16 -58.649 -22.122 2.500 -54.868 -19.561 2.500 -60.416 -20.312 2.500 1.000 0.810 1.000 0.790 1.000 0.820
3 16 -54.868 -19.561 2.500 -58.649 -22.122 2.500 -54.867 -19.561 2.000 1.000 0.790 1.000 0.810 0.900 0.790
3 16 -60.416 -20.312 2.500 -54.868 -19.561 2.500 -56.632 -17.725 2.500 1.000 0.820 1.000 0.790 1.000 0.800
3 16 -54.868 -19.561 2.500 -54.867 -19.561 2.000 -50.976 -17.194 2.000 1.000 0.790 0.900 0.790 0.900 0.770
3 16 -62.301 -24.862 2.500 -58.649 -22.122 2.500 -64.081 -23.084 2.500 1.000 0.830 1.000 0.810 1.000 0.839
3 16 -58.649 -22.122 2.500 -62.301 -24.862 2.500 -58.650 -22.123 2.000 1.000 0.810 1.000 0.830 0.900 0.810
3 16 -64.081 -23.084 2.500 -58.649 -22.122 2.500 -60.416 -20.312 2.500 1.000 0.839 1.000 0.810 1.000 0.820
3 16 -58.649 -22.122 2.500 -58.650 -22.123 2.000 -54.867 -19.561 2.000 1.000 0.810 0.900 0.810 0.900 0.790
3 16 -65.807 -27.771 2.500 -62.301 -24.862 2.500 -67.610 -26.026 2.500 1.000 0.848 1.000 0.830 1.000 0.858
3 16 -62.301 -24.862 2.500 -65.807 -27.771 2.500 -62.300 -24.862 2.000 1.000 0.830 1.000 0.848 0.900 0.830
3 16 -67.610 -26.026 2.500 -62.301 -24.862 2.500 -64.081 -23.084 2.500 1.000 0.858 1.000 0.830 1.000 0.839
3 16 -62.301 -24.862 2.500 -62.300 -24.862 2.000 -58.650 -22.123 2.000 1.000 0.830 0.900 0.830 0.900 0.810
3 16 -69.176 -30.855 2.500 -65.807 -27.771 2.500 -70.986 -29.126 2.500 1.000 0.866 1.000 0.848 1.000 0.876
3 16 -65.807 -27.771 2.500 -69.176 -30.855 2.500 -65.806 -27.771 2.000 1.000 0.848 1.000 0.866 0.900 0.848
3 16 -70.986 -29.126 2.500 -65.807 -27.771 2.500 -67.610 -26.026 2.500 1.000 0.876 1.000 0.848 1.000 0.858
3 16 -65.807 -27.771 2.500 -65.806 -27.771 2.000 -62.300 -24.862 2.000 1.000 0.848 0.900 0.848 0.900 0.830
3 16 -72.389 -34.096 2.500 -69.176 -30.855 2.500 -74.218 -32.393 2.500 1.000 0.883 1.000 0.866 1.000 0.893
3 16 -69.176 -30.855 2.500 -72.389 -34.096 2.500 -69.177 -30.856 2.000 1.000 0.866 1.000 0.883 0.900 0.866
3 16 -74.218 -32.393 2.500 -69.176 -30.855 2.500 -70.986 -29.126 2.500 1.000 0.893 1.000 0.866 1.000 0.876
3 16 -69.176 -30.855 2.500 -69.177 -30.856 2.000 -65.806 -27.771 2.000 1.000 0.866 0.900 0.866 0.900 0.848
3 16 -75.431 -37.480 2.500 -72.389 -34.096 2.500 -77.290 -35.808 2.500 1.000 0.899 1.000 0.883 1.000 0.909
3 16 -72.389 -34.096 2.500 -75.431 -37.480 2.500 -72.388 -34.096 2.000 1.000 0.883 1.000 0.899 0.900 0.883
3 16 -77.290 -35.808 2.500 -72.389 -34.096 2.500 -74.218 -32.393 2.500 1.000 0.909 1.000 0.883 1.000 0.893
3 16 -72.389 -34.096 2.500 -72.388 -34.096 2.000 -69.177 -30.856 2.000 1.000 0.883 0.900 0.883 0.900 0.866
3 16 -78.309 -41.014 2.500 -75.431 -37.480 2.500 -80.190 -39.359 2.500 1.000 0.914 1.000 0.899 1.000 0.924
3 16 -75.431 -37.480 2.500 -78.309 -41.014 2.500 -75.430 -37.479 2.000 1.000 0.899 1.000 0.914 0.900 0.899
3 16 -80.190 -39.359 2.500 -75.431 -37.480 2.500 -77.290 -35.808 2.500 1.000 0.924 1.000 0.899 1.000 0.909
3 16 -75.431 -37.480 2.500 -75.430 -37.479 2.000 -72.388 -34.096 2.000 1.000 0.899 0.900 0.899 0.900 0.883
3 16 -81.025 -44.699 2.500 -78.309 -41.014 2.500 -82.924 -43.054 2.500 1.000 0.929 1.000 0.914 1.000 0.939
3 16 -78.309 -41.014 2.500 -81.025 -44.699 2.500 -78.309 -41.013 2.000 1.000 0.914 1.000 0.929 0.900 0.914
3 16 -82.924 -43.054 2.500 -78.309 -41.014 2.500 -80.190 -39.359 2.500 1.000 0.939 1.000 0.914 1.000 0.924
3 16 -78.309 -41.014 2.500 -78.309 -41.013 2.000 -75.430 -37.479 2.000 1.000 0.914 0.900 0.914 0.900 0.899
3 16 -82.950 -63.449 2.500 -81.025 -44.699 2.500 -90.550 -63.449 2.500 1.000 0.939 1.000 0.929 1.000 0.979
3 16 -81.025 -44.699 2.500 -82.950 -63.449 2.500 -82.950 -78.449 2.500 1.000 0.929 1.000 0.939 1.000 0.939
3 16 -90.550 -63.449 2.500 -81.025 -44.699 2.500 -92.000 -58.981 2.500 1.000 0.979 1.000 0.929 1.000 0.987
3 16 -81.025 -44.699 2.500 -82.950 -78.449 2.500 -82.950 -118.449 2.500 1.000 0.929 1.000 0.939 1.000 0.939
3 16 -82.950 -133.449 2.500 -81.025 -44.699 2.500 -82.950 -118.449 2.500 1.000 0.939 1.000 0.929 1.000 0.939
3 16 -92.000 -58.981 2.500 -81.025 -44.699 2.500 -90.011 -54.829 2.500 1.000 0.987 1.000 0.929 1.000 0.976
3 16 -90.011 -54.829 2.500 -81.025 -44.699 2.500 -87.837 -50.792 2.500 1.000 0.976 1.000 0.929 1.000 0.965
3 16 -87.837 -50.792 2.500 -81.025 -44.699 2.500 -85.477 -46.869 2.500 1.000 0.965 1.000 0.929 1.000 0.952
3 16 -85.477 -46.869 2.500 -81.025 -44.699 2.500 -82.924 -43.054 2.500 1.000 0.952 1.000 0.929 1.000 0.939
3 16 -81.025 -44.699 2.500 -81.025 -44.699 2.000 -78.309 -41.013 2.000 1.000 0.929 0.900 0.929 0.900 0.914
3 16 -89.179 -98.865 2.500 -89.214 -98.449 2.500 -92.000 -137.916 2.500 1.000 0.972 1.000 0.972 1.000 0.987
3 16 -89.214 -98.449 2.500 -89.179 -98.865 2.500 -89.214 -98.449 2.000 1.000 0.972 1.000 0.972 0.900 0.972
3 16 -89.214 -98.449 2.500 -89.179 -98.033 2.500 -90.550 -78.449 2.500 1.000 0.972 1.000 0.972 1.000 0.979
3 16 -89.179 -98.033 2.500 -89.214 -98.449 2.500 -89.178 -98.031 2.000 1.000 0.972 1.000 0.972 0.900 0.972
3 16 -89.214 -98.449 2.500 -90.550 -78.449 2.500 -92.000 -137.916 2.500 1.000 0.972 1.000 0.979 1.000 0.987
3 16 -89.214 -98.449 2.500 -89.214 -98.449 2.000 -89.178 -98.031 2.000 1.000 0.972 0.900 0.972 0.900 0.972
3 16 -89.079 -99.260 2.500 -89.179 -98.865 2.500 -90.550 -118.449 2.500 1.000 0.971 1.000 0.972 1.000 0.979
3 16 -89.179 -98.865 2.500 -89.079 -99.260 2.500 -89.178 -98.867 2.000 1.000 0.972 1.000 0.971 0.900 0.972
3 16 -90.550 -118.449 2.500 -89.179 -98.865 2.500 -92.000 -137.916 2.500 1.000 0.979 1.000 0.972 1.000 0.987
3 16 -89.214 -98.449 2.000 -89.179 -98.865 2.500 -89.178 -98.867 2.000 0.900 0.972 1.000 0.972 0.900 0.972
3 16 -88.912 -99.639 2.500 -89.079 -99.260 2.500 -90.550 -118.449 2.500 1.000 0.970 1.000 0.971 1.000 0.979
3 16 -89.079 -99.260 2.500 -88.912 -99.639 2.500 -89.078 -99.261 2.000 1.000 0.971 1.000 0.970 0.900 0.971
3 16 -89.079 -99.260 2.500 -89.078 -99.261 2.000 -89.178 -98.867 2.000 1.000 0.971 0.900 0.971 0.900 0.972
3 16 -88.687 -99.983 2.500 -88.912 -99.639 2.500 -90.550 -118.449 2.500 1.000 0.969 1.000 0.970 1.000 0.979
3 16 -88.912 -99.639 2.500 -88.687 -99.983 2.500 -88.912 -99.638 2.000 1.000 0.970 1.000 0.969 0.900 0.970
3 16 -88.912 -99.639 2.500 -88.912 -99.638 2.000 -89.078 -99.261 2.000 1.000 0.970 0.900 0.970 0.900 0.971
3 16 -88.406 -100.288 2.500 -88.687 -99.983 2.500 -90.550 -118.449 2.500 1.000 0.968 1.000 0.969 1.000 0.979
3 16 -88.687 -99.983 2.500 -88.406 -100.288 2.500 -88.686 -99.985 2.000 1.000 0.969 1.000 0.968 0.900 0.969
3 16 -88.687 -99.983 2.500 -88.686 -99.985 2.000 -88.912 -99.638 2.000 1.000 0.969 0.900 0.969 0.900 0.970
3 16 -88.082 -100.541 2.500 -88.406 -100.288 2.500 -90.550 -118.449 2.500 1.000 0.966 1.000 0.968 1.000 0.979
3 16 -88.406 -100.288 2.500 -88.082 -100.541 2.500 -88.408 -100.287 2.000 1.000 0.968 1.000 0.966 0.900 0.968
3 16 -88.406 -100.288 2.500 -88.408 -100.287 2.000 -88.686 -99.985 2.000 1.000 0.968 0.900 0.968 0.900 0.969
3 16 -87.717 -100.738 2.500 -88.082 -100.541 2.500 -90.550 -118.449 2.500 1.000 0.964 1.000 0.966 1.000 0.979
3 16 -88.082 -100.541 2.500 -87.717 -100.738 2.500 -88.080 -100.542 2.000 1.000 0.966 1.000 0.964 0.900 0.966
3 16 -88.082 -100.541 2.500 -88.080 -100.542 2.000 -88.408 -100.287 2.000 1.000 0.966 0.900 0.966 0.900 0.968
3 16 -87.329 -100.872 2.500 -87.717 -100.738 2.500 -90.550 -118.449 2.500 1.000 0.962 1.000 0.964 1.000 0.979
3 16 -87.717 -100.738 2.500 -87.329 -100.872 2.500 -87.719 -100.737 2.000 1.000 0.964 1.000 0.962 0.900 0.964
3 16 -87.717 -100.738 2.500 -87.719 -100.737 2.000 -88.080 -100.542 2.000 1.000 0.964 0.900 0.964 0.900 0.966
3 16 -86.919 -100.940 2.500 -87.329 -100.872 2.500 -90.550 -118.449 2.500 1.000 0.960 1.000 0.962 1.000 0.979
3 16 -87.329 -100.872 2.500 -86.919 -100.940 2.500 -87.326 -100.872 2.000 1.000 0.962 1.000 0.960 0.900 0.962
3 16 -87.329 -100.872 2.500 -87.326 -100.872 2.000 -87.719 -100.737 2.000 1.000 0.962 0.900 0.962 0.900 0.964
3 16 -86.509 -100.940 2.500 -86.919 -100.940 2.500 -90.550 -118.449 2.500 1.000 0.958 1.000 0.960 1.000 0.979
3 16 -86.919 -100.940 2.500 -86.509 -100.940 2.500 -86.922 -100.940 2.000 1.000 0.960 1.000 0.958 0.900 0.960
3 16 -86.919 -100.940 2.500 -86.922 -100.940 2.000 -87.326 -100.872 2.000 1.000 0.960 0.900 0.960 0.900 0.962
3 16 -86.099 -100.872 2.500 -86.509 -100.940 2.500 -90.550 -118.449 2.500 1.000 0.956 1.000 0.958 1.000 0.979
3 16 -86.509 -100.940 2.500 -86.099 -100.872 2.500 -86.506 -100.940 2.000 1.000 0.958 1.000 0.956 0.900 0.958
3 16 -86.509 -100.940 2.500 -86.506 -100.940 2.000 -86.922 -100.940 2.000 1.000 0.958 0.900 0.958 0.900 0.960
3 16 -85.711 -100.738 2.500 -86.099 -100.872 2.500 -90.550 -118.449 2.500 1.000 0.953 1.000 0.956 1.000 0.979
3 16 -86.099 -100.872 2.500 -85.711 -100.738 2.500 -86.102 -100.872 2.000 1.000 0.956 1.000 0.953 0.900 0.956
3 16 -86.099 -100.872 2.500 -86.102 -100.872 2.000 -86.506 -100.940 2.000 1.000 0.956 0.900 0.956 0.900 0.958
3 16 -85.346 -100.541 2.500 -85.711 -100.738 2.500 -90.550 -118.449 2.500 1.000 0.952 1.000 0.953 1.000 0.979
3 16 -85.711 -100.738 2.500 -85.346 -100.541 2.500 -85.709 -100.737 2.000 1.000 0.953 1.000 0.952 0.900 0.953
3 16 -85.711 -100.738 2.500 -85.709 -100.737 2.000 -86.102 -100.872 2.000 1.000 0.953 0.900 0.953 0.900 0.956
3 16 -85.022 -100.288 2.500 -85.346 -100.541 2.500 -90.550 -118.449 2.500 1.000 0.950 1.000 0.952 1.000 0.979
3 16 -85.346 -100.541 2.500 -85.022 -100.288 2.500 -85.348 -100.542 2.000 1.000 0.952 1.000 0.950 0.900 0.952
3 16 -85.346 -100.541 2.500 -85.348 -100.542 2.000 -85.709 -100.737 2.000 1.000 0.952 0.900 0.952 0.900 0.953
3 16 -84.741 -99.983 2.500 -85.022 -100.288 2.500 -90.550 -118.449 2.500 1.000 0.948 1.000 0.950 1.000 0.979
3 16 -85.022 -100.288 2.500 -84.741 -99.983 2.500 -85.021 -100.287 2.000 1.000 0.950 1.000 0.948 0.900 0.950
3 16 -85.022 -100.288 2.500 -85.021 -100.287 2.000 -85.348 -100.542 2.000 1.000 0.950 0.900 0.950 0.900 0.952
3 16 -84.516 -99.639 2.500 -84.741 -99.983 2.500 -90.550 -118.449 2.500 1.000 0.947 1.000 0.948 1.000 0.979
3 16 -84.741 -99.983 2.500 -84.516 -99.639 2.500 -84.742 -99.985 2.000 1.000 0.948 1.000 0.947 0.900 0.948
3 16 -84.741 -99.983 2.500 -84.742 -99.985 2.000 -85.021 -100.287 2.000 1.000 0.948 0.900 0.948 0.900 0.950
3 16 -84.349 -99.260 2.500 -84.516 -99.639 2.500 -90.550 -118.449 2.500 1.000 0.946 1.000 0.947 1.000 0.979
3 16 -84.516 -99.639 2.500 -84.349 -99.260 2.500 -84.516 -99.638 2.000 1.000 0.947 1.000 0.946 0.900 0.947
3 16 -84.516 -99.639 2.500 -84.516 -99.638 2.000 -84.742 -99.985 2.000 1.000 0.947 0.900 0.947 0.900 0.948
3 16 -84.249 -98.865 2.500 -84.349 -99.260 2.500 -82.950 -118.449 2.500 1.000 0.946 1.000 0.946 1.000 0.939
3 16 -84.349 -99.260 2.500 -84.249 -98.865 2.500 -84.350 -99.261 2.000 1.000 0.946 1.000 0.946 0.900 0.946
3 16 -82.950 -118.449 2.500 -84.349 -99.260 2.500 -90.550 -118.449 2.500 1.000 0.939 1.000 0.946 1.000 0.979
3 16 -84.349 -99.260 2.500 -84.350 -99.261 2.000 -84.516 -99.638 2.000 1.000 0.946 0.900 0.946 0.900 0.947
3 16 -84.214 -98.449 2.500 -84.249 -98.865 2.500 -82.950 -118.449 2.500 1.000 0.946 1.000 0.946 1.000 0.939
3 16 -84.249 -98.865 2.500 -84.214 -98.449 2.500 -84.250 -98.867 2.000 1.000 0.946 1.000 0.946 0.900 0.946
3 16 -84.249 -98.865 2.500 -84.250 -98.867 2.000 -84.350 -99.261 2.000 1.000 0.946 0.900 0.946 0.900 0.946
3 16 -84.249 -98.033 2.500 -84.214 -98.449 2.500 -82.950 -78.449 2.500 1.000 0.946 1.000 0.946 1.000 0.939
3 16 -84.214 -98.449 2.500 -84.249 -98.033 2.500 -84.214 -98.449 2.000 1.000 0.946 1.000 0.946 0.900 0.946
3 16 -82.950 -78.449 2.500 -84.214 -98.449 2.500 -82.950 -118.449 2.500 1.000 0.939 1.000 0.946 1.000 0.939
3 16 -84.214 -98.449 2.500 -84.214 -98.449 2.000 -84.250 -98.867 2.000 1.000 0.946 0.900 0.946 0.900 0.946
3 16 -84.349 -97.638 2.500 -84.249 -98.033 2.500 -82.950 -78.449 2.500 1.000 0.946 1.000 0.946 1.000 0.939
3 16 -84.249 -98.033 2.500 -84.349 -97.638 2.500 -84.250 -98.031 2.000 1.000 0.946 1.000 0.946 0.900 0.946
3 16 -84.249 -98.033 2.500 -84.250 -98.031 2.000 -84.214 -98.449 2.000 1.000 0.946 0.900 0.946 0.900 0.946
3 16 -84.516 -97.259 2.500 -84.349 -97.638 2.500 -82.950 -78.449 2.500 1.000 0.947 1.000 0.946 1.000 0.939
3 16 -84.349 -97.638 2.500 -84.516 -97.259 2.500 -84.350 -97.636 2.000 1.000 0.946 1.000 0.947 0.900 0.946
3 16 -84.349 -97.638 2.500 -84.350 -97.636 2.000 -84.250 -98.031 2.000 1.000 0.946 0.900 0.946 0.900 0.946
3 16 -84.741 -96.914 2.500 -84.516 -97.259 2.500 -82.950 -78.449 2.500 1.000 0.948 1.000 0.947 1.000 0.939
3 16 -84.516 -97.259 2.500 -84.741 -96.914 2.500 -84.516 -97.260 2.000 1.000 0.947 1.000 0.948 0.900 0.947
3 16 -84.516 -97.259 2.500 -84.516 -97.260 2.000 -84.350 -97.636 2.000 1.000 0.947 0.900 0.947 0.900 0.946
3 16 -85.022 -96.609 2.500 -84.741 -96.914 2.500 -82.950 -78.449 2.500 1.000 0.950 1.000 0.948 1.000 0.939
3 16 -84.741 -96.914 2.500 -85.022 -96.609 2.500 -84.742 -96.912 2.000 1.000 0.948 1.000 0.950 0.900 0.948
3 16 -84.741 -96.914 2.500 -84.742 -96.912 2.000 -84.516 -97.260 2.000 1.000 0.948 0.900 0.948 0.900 0.947
3 16 -85.346 -96.357 2.500 -85.022 -96.609 2.500 -82.950 -78.449 2.500 1.000 0.952 1.000 0.950 1.000 0.939
3 16 -85.022 -96.609 2.500 -85.346 -96.357 2.500 -85.021 -96.611 2.000 1.000 0.950 1.000 0.952 0.900 0.950
3 16 -85.022 -96.609 2.500 -85.021 -96.611 2.000 -84.742 -96.912 2.000 1.000 0.950 0.900 0.950 0.900 0.948
3 16 -85.711 -96.159 2.500 -85.346 -96.357 2.500 -82.950 -78.449 2.500 1.000 0.953 1.000 0.952 1.000 0.939
3 16 -85.346 -96.357 2.500 -85.711 -96.159 2.500 -85.348 -96.355 2.000 1.000 0.952 1.000 0.953 0.900 0.952
3 16 -85.346 -96.357 2.500 -85.348 -96.355 2.000 -85.021 -96.611 2.000 1.000 0.952 0.900 0.952 0.900 0.950
3 16 -86.099 -96.026 2.500 -85.711 -96.159 2.500 -82.950 -78.449 2.500 1.000 0.956 1.000 0.953 1.000 0.939
3 16 -85.711 -96.159 2.500 -86.099 -96.026 2.500 -85.709 -96.160 2.000 1.000 0.953 1.000 0.956 0.900 0.953
3 16 -85.711 -96.159 2.500 -85.709 -96.160 2.000 -85.348 -96.355 2.000 1.000 0.953 0.900 0.953 0.900 0.952
3 16 -86.509 -95.957 2.500 -86.099 -96.026 2.500 -82.950 -78.449 2.500 1.000 0.958 1.000 0.956 1.000 0.939
3 16 -86.099 -96.026 2.500 -86.509 -95.957 2.500 -86.102 -96.025 2.000 1.000 0.956 1.000 0.958 0.900 0.956
3 16 -86.099 -96.026 2.500 -86.102 -96.025 2.000 -85.709 -96.160 2.000 1.000 0.956 0.900 0.956 0.900 0.953
3 16 -86.919 -95.957 2.500 -86.509 -95.957 2.500 -82.950 -78.449 2.500 1.000 0.960 1.000 0.958 1.000 0.939
3 16 -86.509 -95.957 2.500 -86.919 -95.957 2.500 -86.506 -95.958 2.000 1.000 0.958 1.000 0.960 0.900 0.958
3 16 -86.509 -95.957 2.500 -86.506 -95.958 2.000 -86.102 -96.025 2.000 1.000 0.958 0.900 0.958 0.900 0.956
3 16 -87.329 -96.026 2.500 -86.919 -95.957 2.500 -82.950 -78.449 2.500 1.000 0.962 1.000 0.960 1.000 0.939
3 16 -86.919 -95.957 2.500 -87.329 -96.026 2.500 -86.922 -95.958 2.000 1.000 0.960 1.000 0.962 0.900 0.960
3 16 -86.919 -95.957 2.500 -86.922 -95.958 2.000 -86.506 -95.958 2.000 1.000 0.960 0.900 0.960 0.900 0.958
3 16 -87.717 -96.159 2.500 -87.329 -96.026 2.500 -82.950 -78.449 2.500 1.000 0.964 1.000 0.962 1.000 0.939
3 16 -87.329 -96.026 2.500 -87.717 -96.159 2.500 -87.326 -96.025 2.000 1.000 0.962 1.000 0.964 0.900 0.962
3 16 -87.329 -96.026 2.500 -87.326 -96.025 2.000 -86.922 -95.958 2.000 1.000 0.962 0.900 0.962 0.900 0.960
3 16 -88.082 -96.357 2.500 -87.717 -96.159 2.500 -82.950 -78.449 2.500 1.000 0.966 1.000 0.964 1.000 0.939
3 16 -87.717 -96.159 2.500 -88.082 -96.357 2.500 -87.719 -96.160 2.000 1.000 0.964 1.000 0.966 0.900 0.964
3 16 -87.717 -96.159 2.500 -87.719 -96.160 2.000 -87.326 -96.025 2.000 1.000 0.964 0.900 0.964 0.900 0.962
3 16 -88.406 -96.609 2.500 -88.082 -96.357 2.500 -82.950 -78.449 2.500 1.000 0.968 1.000 0.966 1.000 0.939
3 16 -88.082 -96.357 2.500 -88.406 -96.609 2.500 -88.080 -96.355 2.000 1.000 0.966 1.000 0.968 0.900 0.966
3 16 -88.082 -96.357 2.500 -88.080 -96.355 2.000 -87.719 -96.160 2.000 1.000 0.966 0.900 0.966 0.900 0.964
3 16 -88.687 -96.914 2.500 -88.406 -96.609 2.500 -82.950 -78.449 2.500 1.000 0.969 1.000 0.968 1.000 0.939
3 16 -88.406 -96.609 2.500 -88.687 -96.914 2.500 -88.408 -96.611 2.000 1.000 0.968 1.000 0.969 0.900 0.968
3 16 -88.406 -96.609 2.500 -88.408 -96.611 2.000 -88.080 -96.355 2.000 1.000 0.968 0.900 0.968 0.900 0.966
3 16 -88.912 -97.259 2.500 -88.687 -96.914 2.500 -82.950 -78.449 2.500 1.000 0.970 1.000 0.969 1.000 0.939
3 16 -88.687 -96.914 2.500 -88.912 -97.259 2.500 -88.686 -96.912 2.000 1.000 0.969 1.000 0.970 0.900 0.969
3 16 -88.687 -96.914 2.500 -88.686 -96.912 2.000 -88.408 -96.611 2.000 1.000 0.969 0.900 0.969 0.900 0.968
3 16 -89.079 -97.638 2.500 -88.912 -97.259 2.500 -82.950 -78.449 2.500 1.000 0.971 1.000 0.970 1.000 0.939
3 16 -88.912 -97.259 2.500 -89.079 -97.638 2.500 -88.912 -97.260 2.000 1.000 0.970 1.000 0.971 0.900 0.970
3 16 -88.912 -97.259 2.500 -88.912 -97.260 2.000 -88.686 -96.912 2.000 1.000 0.970 0.900 0.970 0.900 0.969
3 16 -89.179 -98.033 2.500 -89.079 -97.638 2.500 -90.550 -78.449 2.500 1.000 0.972 1.000 0.971 1.000 0.979
3 16 -89.079 -97.638 2.500 -89.179 -98.033 2.500 -89.078 -97.636 2.000 1.000 0.971 1.000 0.972 0.900 0.971
3 16 -90.550 -78.449 2.500 -89.079 -97.638 2.500 -82.950 -78.449 2.500 1.000 0.979 1.000 0.971 1.000 0.939
3 16 -89.079 -97.638 2.500 -89.078 -97.636 2.000 -88.912 -97.260 2.000 1.000 0.971 0.900 0.971 0.900 0.970
3 16 -89.179 -98.033 2.500 -89.178 -98.031 2.000 -89.078 -97.636 2.000 1.000 0.972 0.900 0.972 0.900 0.971
3 16 -72.250 -28.779 2.230 -75.904 -32.545 2.230 -75.590 -32.740 2.380 0.946 0.882 0.946 0.902 0.976 0.900
3 16 -68.110 -25.445 2.380 -68.398 -25.215 2.230 -71.948 -28.992 2.380 0.976 0.860 0.946 0.862 0.976 0.881
3 16 -90.550 -78.449 2.500 -90.550 -63.449 2.500 -92.000 -137.916 2.500 1.000 0.979 1.000 0.979 1.000 0.987
3 16 -64.086 -22.110 2.380 -64.360 -21.864 2.230 -68.110 -25.445 2.380 0.976 0.839 0.946 0.841 0.976 0.860
3 16 -90.550 -63.449 2.500 -92.000 -58.981 2.500 -92.000 -137.916 2.500 1.000 0.979 1.000 0.987 1.000 0.987
3 16 -90.550 -63.449 2.500 -83.000 -63.449 2.450 -82.950 -63.449 2.500 1.000 0.979 0.990 0.939 1.000 0.939
3 16 -64.360 -21.864 2.230 -68.398 -25.215 2.230 -68.110 -25.445 2.380 0.946 0.841 0.946 0.862 0.976 0.860
3 16 -59.888 -18.997 2.380 -60.147 -18.735 2.230 -64.086 -22.110 2.380 0.976 0.817 0.946 0.818 0.976 0.839
3 16 -68.398 -25.215 2.230 -72.250 -28.779 2.230 -71.948 -28.992 2.380 0.946 0.862 0.946 0.882 0.976 0.881
3 16 -55.529 -16.114 2.380 -55.772 -15.838 2.230 -59.888 -18.997 2.380 0.976 0.794 0.946 0.795 0.976 0.817
3 16 -60.147 -18.735 2.230 -64.360 -21.864 2.230 -64.086 -22.110 2.380 0.946 0.818 0.946 0.841 0.976 0.839
3 16 -82.950 -78.449 2.500 -90.500 -78.449 2.450 -90.550 -78.449 2.500 1.000 0.939 0.990 0.979 1.000 0.979
3 16 -82.950 -133.449 2.500 -90.550 -133.449 2.500 -92.000 -137.916 2.500 1.000 0.939 1.000 0.979 1.000 0.987
3 16 -55.772 -15.838 2.230 -60.147 -18.735 2.230 -59.888 -18.997 2.380 0.946 0.795 0.946 0.818 0.976 0.817
3 16 -90.550 -133.449 2.500 -90.550 -118.449 2.500 -92.000 -137.916 2.500 1.000 0.979 1.000 0.979 1.000 0.987
3 16 -51.020 -13.470 2.380 -51.247 -13.181 2.230 -55.529 -16.114 2.380 0.976 0.770 0.946 0.771 0.976 0.794
3 16 -46.376 -11.073 2.380 -46.586 -10.771 2.230 -51.020 -13.470 2.380 0.976 0.745 0.946 0.746 0.976 0.770
3 16 -85.476 -150.029 2.500 -82.950 -133.449 2.500 -87.836 -146.107 2.500 1.000 0.952 1.000 0.939 1.000 0.965
3 16 -87.836 -146.107 2.500 -82.950 -133.449 2.500 -90.011 -142.069 2.500 1.000 0.965 1.000 0.939 1.000 0.976
3 16 -90.011 -142.069 2.500 -82.950 -133.449 2.500 -92.000 -137.916 2.500 1.000 0.976 1.000 0.939 1.000 0.987
3 16 -41.610 -8.930 2.380 -41.802 -8.616 2.230 -46.376 -11.073 2.380 0.976 0.720 0.946 0.721 0.976 0.745
3 16 -82.950 -133.449 2.500 -90.500 -133.449 2.450 -90.550 -133.449 2.500 1.000 0.939 0.990 0.979 1.000 0.979
3 16 -46.586 -10.771 2.230 -51.247 -13.181 2.230 -51.020 -13.470 2.380 0.946 0.746 0.946 0.771 0.976 0.770
3 16 -51.247 -13.181 2.230 -55.772 -15.838 2.230 -55.529 -16.114 2.380 0.946 0.771 0.946 0.795 0.976 0.794
3 16 -41.802 -8.616 2.230 -46.586 -10.771 2.230 -46.376 -11.073 2.380 0.946 0.721 0.946 0.746 0.976 0.745
3 16 -90.550 -118.449 2.500 -83.000 -118.449 2.450 -82.950 -118.449 2.500 1.000 0.979 0.990 0.939 1.000 0.939
3 16 -36.735 -7.046 2.380 -36.908 -6.722 2.230 -41.610 -8.930 2.380 0.976 0.694 0.946 0.695 0.976 0.720
3 16 -92.000 -58.981 2.500 -90.011 -54.829 2.500 -92.384 -58.898 2.470 1.000 0.987 1.000 0.976 0.994 0.989
3 16 -92.000 -137.916 2.500 -92.000 -58.981 2.500 -92.384 -58.898 2.470 1.000 0.987 1.000 0.987 0.994 0.989
3 16 -90.011 -54.829 2.500 -87.837 -50.792 2.500 -90.128 -54.211 2.470 1.000 0.976 1.000 0.965 0.994 0.977
3 16 -92.384 -58.898 2.470 -90.011 -54.829 2.500 -90.128 -54.211 2.470 0.994 0.989 1.000 0.976 0.994 0.977
3 16 -87.837 -50.792 2.500 -85.477 -46.869 2.500 -87.621 -49.650 2.470 1.000 0.965 1.000 0.952 0.994 0.964
3 16 -90.128 -54.211 2.470 -87.837 -50.792 2.500 -87.621 -49.650 2.470 0.994 0.977 1.000 0.965 0.994 0.964
3 16 -85.477 -46.869 2.500 -82.924 -43.054 2.500 -84.873 -45.230 2.470 1.000 0.952 1.000 0.939 0.994 0.949
3 16 -87.621 -49.650 2.470 -85.477 -46.869 2.500 -84.873 -45.230 2.470 0.994 0.964 1.000 0.952 0.994 0.949
3 16 -82.924 -43.054 2.500 -80.190 -39.359 2.500 -81.891 -40.965 2.470 1.000 0.939 1.000 0.924 0.994 0.933
3 16 -84.873 -45.230 2.470 -82.924 -43.054 2.500 -81.891 -40.965 2.470 0.994 0.949 1.000 0.939 0.994 0.933
3 16 -80.190 -39.359 2.500 -77.290 -35.808 2.500 -78.684 -36.867 2.470 1.000 0.924 1.000 0.909 0.994 0.916
3 16 -81.891 -40.965 2.470 -80.190 -39.359 2.500 -78.684 -36.867 2.470 0.994 0.933 1.000 0.924 0.994 0.916
3 16 -77.290 -35.808 2.500 -74.218 -32.393 2.500 -75.261 -32.947 2.470 1.000 0.909 1.000 0.893 0.994 0.898
3 16 -78.684 -36.867 2.470 -77.290 -35.808 2.500 -75.261 -32.947 2.470 0.994 0.916 1.000 0.909 0.994 0.898
3 16 -74.218 -32.393 2.500 -70.986 -29.126 2.500 -71.632 -29.217 2.470 1.000 0.893 1.000 0.876 0.994 0.879
3 16 -75.261 -32.947 2.470 -74.218 -32.393 2.500 -71.632 -29.217 2.470 0.994 0.898 1.000 0.893 0.994 0.879
3 16 -70.986 -29.126 2.500 -67.610 -26.026 2.500 -71.632 -29.217 2.470 1.000 0.876 1.000 0.858 0.994 0.879
3 16 -67.610 -26.026 2.500 -64.081 -23.084 2.500 -67.807 -25.688 2.470 1.000 0.858 1.000 0.839 0.994 0.859
3 16 -71.632 -29.217 2.470 -67.610 -26.026 2.500 -67.807 -25.688 2.470 0.994 0.879 1.000 0.858 0.994 0.859
3 16 -64.081 -23.084 2.500 -60.416 -20.312 2.500 -63.798 -22.370 2.470 1.000 0.839 1.000 0.820 0.994 0.838
3 16 -67.807 -25.688 2.470 -64.081 -23.084 2.500 -63.798 -22.370 2.470 0.994 0.859 1.000 0.839 0.994 0.838
3 16 -60.416 -20.312 2.500 -56.632 -17.725 2.500 -59.616 -19.273 2.470 1.000 0.820 1.000 0.800 0.994 0.815
3 16 -63.798 -22.370 2.470 -60.416 -20.312 2.500 -59.616 -19.273 2.470 0.994 0.838 1.000 0.820 0.994 0.815
3 16 -56.632 -17.725 2.500 -52.719 -15.315 2.500 -55.273 -16.405 2.470 1.000 0.800 1.000 0.779 0.994 0.792
3 16 -59.616 -19.273 2.470 -56.632 -17.725 2.500 -55.273 -16.405 2.470 0.994 0.815 1.000 0.800 0.994 0.792
3 16 -52.719 -15.315 2.500 -48.698 -13.095 2.500 -50.782 -13.776 2.470 1.000 0.779 1.000 0.758 0.994 0.769
3 16 -55.273 -16.405 2.470 -52.719 -15.315 2.500 -50.782 -13.776 2.470 0.994 0.792 1.000 0.779 0.994 0.769
3 16 -48.698 -13.095 2.500 -44.583 -11.074 2.500 -46.156 -11.391 2.470 1.000 0.758 1.000 0.736 0.994 0.744
3 16 -50.782 -13.776 2.470 -48.698 -13.095 2.500 -46.156 -11.391 2.470 0.994 0.769 1.000 0.758 0.994 0.744
3 16 -44.583 -11.074 2.500 -40.365 -9.247 2.500 -41.409 -9.260 2.470 1.000 0.736 1.000 0.714 0.994 0.719
3 16 -46.156 -11.391 2.470 -44.583 -11.074 2.500 -41.409 -9.260 2.470 0.994 0.744 1.000 0.736 0.994 0.719
3 16 -40.365 -9.247 2.500 -36.072 -7.624 2.500 -36.554 -7.387 2.470 1.000 0.714 1.000 0.691 0.994 0.693
3 16 -41.409 -9.260 2.470 -40.365 -9.247 2.500 -36.554 -7.387 2.470 0.994 0.719 1.000 0.714 0.994 0.693
3 16 -36.072 -7.624 2.500 -31.708 -6.210 2.500 -36.554 -7.387 2.470 1.000 0.691 1.000 0.668 0.994 0.693
3 16 -31.708 -6.210 2.500 -27.273 -5.002 2.500 -31.604 -5.778 2.470 1.000 0.668 1.000 0.644 0.994 0.667
3 16 -36.554 -7.387 2.470 -31.708 -6.210 2.500 -31.604 -5.778 2.470 0.994 0.693 1.000 0.668 0.994 0.667
3 16 -27.273 -5.002 2.500 -22.794 -4.009 2.500 -26.576 -4.438 2.470 1.000 0.644 1.000 0.621 0.994 0.641
3 16 -31.604 -5.778 2.470 -27.273 -5.002 2.500 -26.576 -4.438 2.470 0.994 0.667 1.000 0.644 0.994 0.641
3 16 -18.271 -3.231 2.500 -22.794 -4.009 2.500 13.720 -3.884 2.500 1.000 0.597 1.000 0.621 1.000 0.427
3 16 -22.794 -4.009 2.500 -18.271 -3.231 2.500 -21.482 -3.370 2.470 1.000 0.621 1.000 0.597 0.994 0.614
3 16 -26.576 -4.438 2.470 -22.794 -4.009 2.500 -21.482 -3.370 2.470 0.994 0.641 1.000 0.621 0.994 0.614
3 16 -13.709 -2.669 2.500 -18.271 -3.231 2.500 9.185 -3.137 2.500 1.000 0.573 1.000 0.597 1.000 0.451
3 16 -18.271 -3.231 2.500 -13.709 -2.669 2.500 -16.339 -2.578 2.470 1.000 0.597 1.000 0.573 0.994 0.586
3 16 9.185 -3.137 2.500 -18.271 -3.231 2.500 13.720 -3.884 2.500 1.000 0.451 1.000 0.597 1.000 0.427
3 16 -21.482 -3.370 2.470 -18.271 -3.231 2.500 -16.339 -2.578 2.470 0.994 0.614 1.000 0.597 0.994 0.586
3 16 -9.136 -2.325 2.500 -13.709 -2.669 2.500 4.623 -2.605 2.500 1.000 0.548 1.000 0.573 1.000 0.476
3 16 -13.709 -2.669 2.500 -9.136 -2.325 2.500 -11.160 -2.065 2.470 1.000 0.573 1.000 0.548 0.994 0.559
3 16 4.623 -2.605 2.500 -13.709 -2.669 2.500 9.185 -3.137 2.500 1.000 0.476 1.000 0.573 1.000 0.451
3 16 -16.339 -2.578 2.470 -13.709 -2.669 2.500 -11.160 -2.065 2.470 0.994 0.586 1.000 0.573 0.994 0.559
3 16 -4.546 -2.200 2.500 -9.136 -2.325 2.500 0.049 -2.294 2.500 1.000 0.524 1.000 0.548 1.000 0.500
3 16 -9.136 -2.325 2.500 -4.546 -2.200 2.500 -5.961 -1.830 2.470 1.000 0.548 1.000 0.524 0.994 0.532
3 16 0.049 -2.294 2.500 -9.136 -2.325 2.500 4.623 -2.605 2.500 1.000 0.500 1.000 0.548 1.000 0.476
3 16 -11.160 -2.065 2.470 -9.136 -2.325 2.500 -5.961 -1.830 2.470 0.994 0.559 1.000 0.548 0.994 0.532
3 16 -4.546 -2.200 2.500 0.049 -2.294 2.500 -0.757 -1.876 2.470 1.000 0.524 1.000 0.500 0.994 0.504
3 16 -5.961 -1.830 2.470 -4.546 -2.200 2.500 -0.757 -1.876 2.470 0.994 0.532 1.000 0.524 0.994 0.504
3 16 0.049 -2.294 2.500 4.623 -2.605 2.500 4.436 -2.203 2.470 1.000 0.500 1.000 0.476 0.994 0.477
3 16 -0.757 -1.876 2.470 0.049 -2.294 2.500 4.436 -2.203 2.470 0.994 0.504 1.000 0.500 0.994 0.477
3 16 4.623 -2.605 2.500 9.185 -3.137 2.500 4.436 -2.203 2.470 1.000 0.476 1.000 0.451 0.994 0.477
3 16 9.185 -3.137 2.500 13.720 -3.884 2.500 9.605 -2.808 2.470 1.000 0.451 1.000 0.427 0.994 0.449
3 16 4.436 -2.203 2.470 9.185 -3.137 2.500 9.605 -2.808 2.470 0.994 0.477 1.000 0.451 0.994 0.449
3 16 13.720 -3.884 2.500 18.201 -4.845 2.500 14.734 -3.690 2.470 1.000 0.427 1.000 0.404 0.994 0.422
3 16 9.605 -2.808 2.470 13.720 -3.884 2.500 14.734 -3.690 2.470 0.994 0.449 1.000 0.427 0.994 0.422
3 16 18.201 -4.845 2.500 22.643 -6.023 2.500 19.808 -4.848 2.470 1.000 0.404 1.000 0.380 0.994 0.395
3 16 14.734 -3.690 2.470 18.201 -4.845 2.500 19.808 -4.848 2.470 0.994 0.422 1.000 0.404 0.994 0.395
3 16 22.643 -6.023 2.500 27.023 -7.409 2.500 24.812 -6.277 2.470 1.000 0.380 1.000 0.357 0.994 0.369
3 16 19.808 -4.848 2.470 22.643 -6.023 2.500 24.812 -6.277 2.470 0.994 0.395 1.000 0.380 0.994 0.369
3 16 27.023 -7.409 2.500 31.322 -8.999 2.500 29.732 -7.973 2.470 1.000 0.357 1.000 0.334 0.994 0.343
3 16 24.812 -6.277 2.470 27.023 -7.409 2.500 29.732 -7.973 2.470 0.994 0.369 1.000 0.357 0.994 0.343
3 16 31.322 -8.999 2.500 35.552 -10.798 2.500 34.553 -9.932 2.470 1.000 0.334 1.000 0.312 0.994 0.317
3 16 29.732 -7.973 2.470 31.322 -8.999 2.500 34.553 -9.932 2.470 0.994 0.343 1.000 0.334 0.994 0.317
3 16 35.552 -10.798 2.500 39.687 -12.794 2.500 39.262 -12.147 2.470 1.000 0.312 1.000 0.290 0.994 0.292
3 16 34.553 -9.932 2.470 35.552 -10.798 2.500 39.262 -12.147 2.470 0.994 0.317 1.000 0.312 0.994 0.292
3 16 39.687 -12.794 2.500 43.716 -14.982 2.500 43.845 -14.613 2.470 1.000 0.290 1.000 0.269 0.994 0.268
3 16 39.262 -12.147 2.470 39.687 -12.794 2.500 43.845 -14.613 2.470 0.994 0.292 1.000 0.290 0.994 0.268
3 16 43.716 -14.982 2.500 47.647 -17.366 2.500 43.845 -14.613 2.470 1.000 0.269 1.000 0.248 0.994 0.268
3 16 47.647 -17.366 2.500 51.454 -19.930 2.500 48.289 -17.322 2.470 1.000 0.248 1.000 0.228 0.994 0.245
3 16 43.845 -14.613 2.470 47.647 -17.366 2.500 48.289 -17.322 2.470 0.994 0.268 1.000 0.248 0.994 0.245
3 16 51.454 -19.930 2.500 55.131 -22.672 2.500 52.580 -20.266 2.470 1.000 0.228 1.000 0.208 0.994 0.222
3 16 48.289 -17.322 2.470 51.454 -19.930 2.500 52.580 -20.266 2.470 0.994 0.245 1.000 0.228 0.994 0.222
3 16 55.131 -22.672 2.500 58.682 -25.592 2.500 56.707 -23.437 2.470 1.000 0.208 1.000 0.190 0.994 0.200
3 16 52.580 -20.266 2.470 55.131 -22.672 2.500 56.707 -23.437 2.470 0.994 0.222 1.000 0.208 0.994 0.200
3 16 58.682 -25.592 2.500 62.082 -28.671 2.500 60.656 -26.825 2.470 1.000 0.190 1.000 0.172 0.994 0.179
3 16 56.707 -23.437 2.470 58.682 -25.592 2.500 60.656 -26.825 2.470 0.994 0.200 1.000 0.190 0.994 0.179
3 16 62.082 -28.671 2.500 65.333 -31.911 2.500 64.418 -30.421 2.470 1.000 0.172 1.000 0.154 0.994 0.159
3 16 60.656 -26.825 2.470 62.082 -28.671 2.500 64.418 -30.421 2.470 0.994 0.179 1.000 0.172 0.994 0.159
3 16 65.333 -31.911 2.500 68.430 -35.308 2.500 67.981 -34.214 2.470 1.000 0.154 1.000 0.138 0.994 0.140
3 16 64.418 -30.421 2.470 65.333 -31.911 2.500 67.981 -34.214 2.470 0.994 0.159 1.000 0.154 0.994 0.140
3 16 68.430 -35.308 2.500 71.355 -38.838 2.500 71.334 -38.194 2.470 1.000 0.138 1.000 0.122 0.994 0.123
3 16 67.981 -34.214 2.470 68.430 -35.308 2.500 71.334 -38.194 2.470 0.994 0.140 1.000 0.138 0.994 0.123
3 16 71.355 -38.838 2.500 74.112 -42.511 2.500 71.334 -38.194 2.470 1.000 0.122 1.000 0.108 0.994 0.123
3 16 74.112 -42.511 2.500 76.693 -46.314 2.500 74.468 -42.349 2.470 1.000 0.108 1.000 0.094 0.994 0.106
3 16 71.334 -38.194 2.470 74.112 -42.511 2.500 74.468 -42.349 2.470 0.994 0.123 1.000 0.108 0.994 0.106
3 16 76.693 -46.314 2.500 79.084 -50.225 2.500 77.374 -46.666 2.470 1.000 0.094 1.000 0.082 0.994 0.091
3 16 74.468 -42.349 2.470 76.693 -46.314 2.500 77.374 -46.666 2.470 0.994 0.106 1.000 0.094 0.994 0.091
3 16 79.084 -50.225 2.500 81.290 -54.255 2.500 80.044 -51.133 2.470 1.000 0.082 1.000 0.070 0.994 0.076
3 16 77.374 -46.666 2.470 79.084 -50.225 2.500 80.044 -51.133 2.470 0.994 0.091 1.000 0.082 0.994 0.076
3 16 81.290 -54.255 2.500 83.302 -58.386 2.500 82.469 -55.738 2.470 1.000 0.070 1.000 0.059 0.994 0.064
3 16 80.044 -51.133 2.470 81.290 -54.255 2.500 82.469 -55.738 2.470 0.994 0.076 1.000 0.070 0.994 0.064
3 16 83.302 -58.386 2.500 85.110 -62.598 2.500 84.642 -60.466 2.470 1.000 0.059 1.000 0.050 0.994 0.052
3 16 82.469 -55.738 2.470 83.302 -58.386 2.500 84.642 -60.466 2.470 0.994 0.064 1.000 0.059 0.994 0.052
3 16 85.110 -62.598 2.500 86.719 -66.903 2.500 86.558 -65.305 2.470 1.000 0.050 1.000 0.041 0.994 0.042
3 16 84.642 -60.466 2.470 85.110 -62.598 2.500 86.558 -65.305 2.470 0.994 0.052 1.000 0.050 0.994 0.042
3 16 86.719 -66.903 2.500 88.121 -71.277 2.500 88.211 -70.239 2.470 1.000 0.041 1.000 0.034 0.994 0.033
3 16 86.558 -65.305 2.470 86.719 -66.903 2.500 88.211 -70.239 2.470 0.994 0.042 1.000 0.041 0.994 0.033
3 16 88.121 -71.277 2.500 89.310 -75.704 2.500 89.596 -75.256 2.470 1.000 0.034 1.000 0.027 0.994 0.026
3 16 88.211 -70.239 2.470 88.121 -71.277 2.500 89.596 -75.256 2.470 0.994 0.033 1.000 0.034 0.994 0.026
3 16 89.310 -75.704 2.500 90.289 -80.196 2.500 89.596 -75.256 2.470 1.000 0.027 1.000 0.022 0.994 0.026
3 16 90.289 -80.196 2.500 91.052 -84.723 2.500 90.708 -80.340 2.470 1.000 0.022 1.000 0.018 0.994 0.020
3 16 89.596 -75.256 2.470 90.289 -80.196 2.500 90.708 -80.340 2.470 0.994 0.026 1.000 0.022 0.994 0.020
3 16 91.052 -84.723 2.500 91.597 -89.276 2.500 91.545 -85.476 2.470 1.000 0.018 1.000 0.015 0.994 0.016
3 16 90.708 -80.340 2.470 91.052 -84.723 2.500 91.545 -85.476 2.470 0.994 0.020 1.000 0.018 0.994 0.016
3 16 91.597 -89.276 2.500 91.926 -93.861 2.500 92.105 -90.650 2.470 1.000 0.015 1.000 0.014 0.994 0.013
3 16 91.545 -85.476 2.470 91.597 -89.276 2.500 92.105 -90.650 2.470 0.994 0.016 1.000 0.015 0.994 0.013
3 16 91.926 -93.861 2.500 92.036 -98.448 2.500 92.385 -95.847 2.470 1.000 0.014 1.000 0.013 0.994 0.011
3 16 92.105 -90.650 2.470 91.926 -93.861 2.500 92.385 -95.847 2.470 0.994 0.013 1.000 0.014 0.994 0.011
3 16 92.036 -98.448 2.500 91.926 -103.035 2.500 92.385 -101.051 2.470 1.000 0.013 1.000 0.014 0.994 0.011
3 16 92.385 -95.847 2.470 92.036 -98.448 2.500 92.385 -101.051 2.470 0.994 0.011 1.000 0.013 0.994 0.011
3 16 91.926 -103.035 2.500 91.597 -107.621 2.500 92.105 -106.247 2.470 1.000 0.014 1.000 0.015 0.994 0.013
3 16 92.385 -101.051 2.470 91.926 -103.035 2.500 92.105 -106.247 2.470 0.994 0.011 1.000 0.014 0.994 0.013
3 16 91.597 -107.621 2.500 91.052 -112.174 2.500 91.545 -111.421 2.470 1.000 0.015 1.000 0.018 0.994 0.016
3 16 92.105 -106.247 2.470 91.597 -107.621 2.500 91.545 -111.421 2.470 0.994 0.013 1.000 0.015 0.994 0.016
3 16 91.052 -112.174 2.500 90.289 -116.701 2.500 90.708 -116.558 2.470 1.000 0.018 1.000 0.022 0.994 0.020
3 16 91.545 -111.421 2.470 91.052 -112.174 2.500 90.708 -116.558 2.470 0.994 0.016 1.000 0.018 0.994 0.020
3 16 90.289 -116.701 2.500 89.310 -121.192 2.500 90.708 -116.558 2.470 1.000 0.022 1.000 0.027 0.994 0.020
3 16 89.310 -121.192 2.500 88.121 -125.620 2.500 89.596 -121.641 2.470 1.000 0.027 1.000 0.034 0.994 0.026
3 16 90.708 -116.558 2.470 89.310 -121.192 2.500 89.596 -121.641 2.470 0.994 0.020 1.000 0.027 0.994 0.026
3 16 88.121 -125.620 2.500 86.719 -129.994 2.500 88.211 -126.658 2.470 1.000 0.034 1.000 0.041 0.994 0.033
3 16 89.596 -121.641 2.470 88.121 -125.620 2.500 88.211 -126.658 2.470 0.994 0.026 1.000 0.034 0.994 0.033
3 16 86.719 -129.994 2.500 85.110 -134.299 2.500 86.558 -131.593 2.470 1.000 0.041 1.000 0.050 0.994 0.042
3 16 88.211 -126.658 2.470 86.719 -129.994 2.500 86.558 -131.593 2.470 0.994 0.033 1.000 0.041 0.994 0.042
3 16 85.110 -134.299 2.500 83.302 -138.510 2.500 84.642 -136.431 2.470 1.000 0.050 1.000 0.059 0.994 0.052
3 16 86.558 -131.593 2.470 85.110 -134.299 2.500 84.642 -136.431 2.470 0.994 0.042 1.000 0.050 0.994 0.052
3 16 83.302 -138.510 2.500 81.290 -142.641 2.500 82.469 -141.160 2.470 1.000 0.059 1.000 0.070 0.994 0.064
3 16 84.642 -136.431 2.470 83.302 -138.510 2.500 82.469 -141.160 2.470 0.994 0.052 1.000 0.059 0.994 0.064
3 16 81.290 -142.641 2.500 79.084 -146.672 2.500 80.044 -145.764 2.470 1.000 0.070 1.000 0.082 0.994 0.076
3 16 82.469 -141.160 2.470 81.290 -142.641 2.500 80.044 -145.764 2.470 0.994 0.064 1.000 0.070 0.994 0.076
3 16 79.084 -146.672 2.500 76.694 -150.583 2.500 77.374 -150.232 2.470 1.000 0.082 1.000 0.094 0.994 0.091
3 16 80.044 -145.764 2.470 79.084 -146.672 2.500 77.374 -150.232 2.470 0.994 0.076 1.000 0.082 0.994 0.091
3 16 76.694 -150.583 2.500 74.112 -154.385 2.500 74.468 -154.549 2.470 1.000 0.094 1.000 0.108 0.994 0.106
3 16 77.374 -150.232 2.470 76.694 -150.583 2.500 74.468 -154.549 2.470 0.994 0.091 1.000 0.094 0.994 0.106
3 16 74.112 -154.385 2.500 71.356 -158.058 2.500 74.468 -154.549 2.470 1.000 0.108 1.000 0.122 0.994 0.106
3 16 71.356 -158.058 2.500 68.431 -161.589 2.500 71.334 -158.703 2.470 1.000 0.122 1.000 0.138 0.994 0.123
3 16 74.468 -154.549 2.470 71.356 -158.058 2.500 71.334 -158.703 2.470 0.994 0.106 1.000 0.122 0.994 0.123
3 16 68.431 -161.589 2.500 65.333 -164.985 2.500 67.981 -162.683 2.470 1.000 0.138 1.000 0.154 0.994 0.140
3 16 71.334 -158.703 2.470 68.431 -161.589 2.500 67.981 -162.683 2.470 0.994 0.123 1.000 0.138 0.994 0.140
3 16 65.333 -164.985 2.500 62.082 -168.226 2.500 64.418 -166.476 2.470 1.000 0.154 1.000 0.172 0.994 0.159
3 16 67.981 -162.683 2.470 65.333 -164.985 2.500 64.418 -166.476 2.470 0.994 0.140 1.000 0.154 0.994 0.159
3 16 62.082 -168.226 2.500 58.683 -171.304 2.500 60.656 -170.073 2.470 1.000 0.172 1.000 0.190 0.994 0.179
3 16 64.418 -166.476 2.470 62.082 -168.226 2.500 60.656 -170.073 2.470 0.994 0.159 1.000 0.172 0.994 0.179
3 16 58.683 -171.304 2.500 55.132 -174.225 2.500 56.707 -173.461 2.470 1.000 0.190 1.000 0.208 0.994 0.200
3 16 60.656 -170.073 2.470 58.683 -171.304 2.500 56.707 -173.461 2.470 0.994 0.179 1.000 0.190 0.994 0.200
3 16 55.132 -174.225 2.500 51.454 -176.967 2.500 52.580 -176.632 2.470 1.000 0.208 1.000 0.228 0.994 0.222
3 16 56.707 -173.461 2.470 55.132 -174.225 2.500 52.580 -176.632 2.470 0.994 0.200 1.000 0.208 0.994 0.222
3 16 51.454 -176.967 2.500 47.648 -179.531 2.500 48.289 -179.576 2.470 1.000 0.228 1.000 0.248 0.994 0.245
3 16 52.580 -176.632 2.470 51.454 -176.967 2.500 48.289 -179.576 2.470 0.994 0.222 1.000 0.228 0.994 0.245
3 16 47.648 -179.531 2.500 43.717 -181.915 2.500 48.289 -179.576 2.470 1.000 0.248 1.000 0.269 0.994 0.245
3 16 43.717 -181.915 2.500 39.688 -184.103 2.500 43.845 -182.285 2.470 1.000 0.269 1.000 0.290 0.994 0.268
3 16 48.289 -179.576 2.470 43.717 -181.915 2.500 43.845 -182.285 2.470 0.994 0.245 1.000 0.269 0.994 0.268
3 16 39.688 -184.103 2.500 35.553 -186.099 2.500 39.262 -184.750 2.470 1.000 0.290 1.000 0.312 0.994 0.292
3 16 43.845 -182.285 2.470 39.688 -184.103 2.500 39.262 -184.750 2.470 0.994 0.268 1.000 0.290 0.994 0.292
3 16 35.553 -186.099 2.500 31.323 -187.898 2.500 34.553 -186.966 2.470 1.000 0.312 1.000 0.334 0.994 0.317
3 16 39.262 -184.750 2.470 35.553 -186.099 2.500 34.553 -186.966 2.470 0.994 0.292 1.000 0.312 0.994 0.317
3 16 31.323 -187.898 2.500 27.024 -189.488 2.500 29.732 -188.924 2.470 1.000 0.334 1.000 0.357 0.994 0.343
3 16 34.553 -186.966 2.470 31.323 -187.898 2.500 29.732 -188.924 2.470 0.994 0.317 1.000 0.334 0.994 0.343
3 16 27.024 -189.488 2.500 22.645 -190.875 2.500 24.812 -190.621 2.470 1.000 0.357 1.000 0.380 0.994 0.369
3 16 29.732 -188.924 2.470 27.024 -189.488 2.500 24.812 -190.621 2.470 0.994 0.343 1.000 0.357 0.994 0.369
3 16 22.645 -190.875 2.500 18.203 -192.052 2.500 19.808 -192.050 2.470 1.000 0.380 1.000 0.404 0.994 0.395
3 16 24.812 -190.621 2.470 22.645 -190.875 2.500 19.808 -192.050 2.470 0.994 0.369 1.000 0.380 0.994 0.395
3 16 13.721 -193.013 2.500 18.203 -192.052 2.500 -22.792 -192.889 2.500 1.000 0.427 1.000 0.404 1.000 0.621
3 16 18.203 -192.052 2.500 13.721 -193.013 2.500 14.734 -193.207 2.470 1.000 0.404 1.000 0.427 0.994 0.422
3 16 19.808 -192.050 2.470 18.203 -192.052 2.500 14.734 -193.207 2.470 0.994 0.395 1.000 0.404 0.994 0.422
3 16 9.187 -193.761 2.500 13.721 -193.013 2.500 -18.270 -193.666 2.500 1.000 0.451 1.000 0.427 1.000 0.597
3 16 13.721 -193.013 2.500 9.187 -193.761 2.500 9.605 -194.090 2.470 1.000 0.427 1.000 0.451 0.994 0.449
3 16 -18.270 -193.666 2.500 13.721 -193.013 2.500 -22.792 -192.889 2.500 1.000 0.597 1.000 0.427 1.000 0.621
3 16 14.734 -193.207 2.470 13.721 -193.013 2.500 9.605 -194.090 2.470 0.994 0.422 1.000 0.427 0.994 0.449
3 16 4.624 -194.292 2.500 9.187 -193.761 2.500 -13.707 -194.229 2.500 1.000 0.476 1.000 0.451 1.000 0.573
3 16 9.187 -193.761 2.500 4.624 -194.292 2.500 9.605 -194.090 2.470 1.000 0.451 1.000 0.476 0.994 0.449
3 16 -13.707 -194.229 2.500 9.187 -193.761 2.500 -18.270 -193.666 2.500 1.000 0.573 1.000 0.451 1.000 0.597
3 16 0.051 -194.604 2.500 4.624 -194.292 2.500 -9.135 -194.573 2.500 1.000 0.500 1.000 0.476 1.000 0.548
3 16 4.624 -194.292 2.500 0.051 -194.604 2.500 4.436 -194.695 2.470 1.000 0.476 1.000 0.500 0.994 0.477
3 16 -9.135 -194.573 2.500 4.624 -194.292 2.500 -13.707 -194.229 2.500 1.000 0.548 1.000 0.476 1.000 0.573
3 16 9.605 -194.090 2.470 4.624 -194.292 2.500 4.436 -194.695 2.470 0.994 0.449 1.000 0.476 0.994 0.477
3 16 -4.545 -194.697 2.500 0.051 -194.604 2.500 -9.135 -194.573 2.500 1.000 0.524 1.000 0.500 1.000 0.548
3 16 0.051 -194.604 2.500 -4.545 -194.697 2.500 -0.757 -195.021 2.470 1.000 0.500 1.000 0.524 0.994 0.504
3 16 4.436 -194.695 2.470 0.051 -194.604 2.500 -0.757 -195.021 2.470 0.994 0.477 1.000 0.500 0.994 0.504
3 16 -4.545 -194.697 2.500 -9.135 -194.573 2.500 -5.961 -195.067 2.470 1.000 0.524 1.000 0.548 0.994 0.532
3 16 -0.757 -195.021 2.470 -4.545 -194.697 2.500 -5.961 -195.067 2.470 0.994 0.504 1.000 0.524 0.994 0.532
3 16 -9.135 -194.573 2.500 -13.707 -194.229 2.500 -11.160 -194.833 2.470 1.000 0.548 1.000 0.573 0.994 0.559
3 16 -5.961 -195.067 2.470 -9.135 -194.573 2.500 -11.160 -194.833 2.470 0.994 0.532 1.000 0.548 0.994 0.559
3 16 -13.707 -194.229 2.500 -18.270 -193.666 2.500 -16.339 -194.319 2.470 1.000 0.573 1.000 0.597 0.994 0.586
3 16 -11.160 -194.833 2.470 -13.707 -194.229 2.500 -16.339 -194.319 2.470 0.994 0.559 1.000 0.573 0.994 0.586
3 16 -18.270 -193.666 2.500 -22.792 -192.889 2.500 -21.482 -193.527 2.470 1.000 0.597 1.000 0.621 0.994 0.614
3 16 -16.339 -194.319 2.470 -18.270 -193.666 2.500 -21.482 -193.527 2.470 0.994 0.586 1.000 0.597 0.994 0.614
3 16 -22.792 -192.889 2.500 -27.271 -191.896 2.500 -26.576 -192.460 2.470 1.000 0.621 1.000 0.644 0.994 0.641
3 16 -21.482 -193.527 2.470 -22.792 -192.889 2.500 -26.576 -192.460 2.470 0.994 0.614 1.000 0.621 0.994 0.641
3 16 -27.271 -191.896 2.500 -31.707 -190.688 2.500 -31.604 -191.120 2.470 1.000 0.644 1.000 0.668 0.994 0.667
3 16 -26.576 -192.460 2.470 -27.271 -191.896 2.500 -31.604 -191.120 2.470 0.994 0.641 1.000 0.644 0.994 0.667
3 16 -31.707 -190.688 2.500 -36.070 -189.274 2.500 -31.604 -191.120 2.470 1.000 0.668 1.000 0.691 0.994 0.667
3 16 -36.070 -189.274 2.500 -40.364 -187.651 2.500 -36.554 -189.511 2.470 1.000 0.691 1.000 0.714 0.994 0.693
3 16 -31.604 -191.120 2.470 -36.070 -189.274 2.500 -36.554 -189.511 2.470 0.994 0.667 1.000 0.691 0.994 0.693
3 16 -40.364 -187.651 2.500 -44.582 -185.824 2.500 -41.409 -187.638 2.470 1.000 0.714 1.000 0.736 0.994 0.719
3 16 -36.554 -189.511 2.470 -40.364 -187.651 2.500 -41.409 -187.638 2.470 0.994 0.693 1.000 0.714 0.994 0.719
3 16 -44.582 -185.824 2.500 -48.697 -183.803 2.500 -46.156 -185.506 2.470 1.000 0.736 1.000 0.758 0.994 0.744
3 16 -41.409 -187.638 2.470 -44.582 -185.824 2.500 -46.156 -185.506 2.470 0.994 0.719 1.000 0.736 0.994 0.744
3 16 -48.697 -183.803 2.500 -52.717 -181.583 2.500 -50.782 -183.122 2.470 1.000 0.758 1.000 0.779 0.994 0.769
3 16 -46.156 -185.506 2.470 -48.697 -183.803 2.500 -50.782 -183.122 2.470 0.994 0.744 1.000 0.758 0.994 0.769
3 16 -52.717 -181.583 2.500 -56.631 -179.173 2.500 -55.273 -180.492 2.470 1.000 0.779 1.000 0.800 0.994 0.792
3 16 -50.782 -183.122 2.470 -52.717 -181.583 2.500 -55.273 -180.492 2.470 0.994 0.769 1.000 0.779 0.994 0.792
3 16 -56.631 -179.173 2.500 -60.415 -176.586 2.500 -59.616 -177.624 2.470 1.000 0.800 1.000 0.820 0.994 0.815
3 16 -55.273 -180.492 2.470 -56.631 -179.173 2.500 -59.616 -177.624 2.470 0.994 0.792 1.000 0.800 0.994 0.815
3 16 -60.415 -176.586 2.500 -64.079 -173.815 2.500 -63.798 -174.527 2.470 1.000 0.820 1.000 0.839 0.994 0.838
3 16 -59.616 -177.624 2.470 -60.415 -176.586 2.500 -63.798 -174.527 2.470 0.994 0.815 1.000 0.820 0.994 0.838
3 16 -64.079 -173.815 2.500 -67.608 -170.873 2.500 -67.807 -171.209 2.470 1.000 0.839 1.000 0.858 0.994 0.859
3 16 -63.798 -174.527 2.470 -64.079 -173.815 2.500 -67.807 -171.209 2.470 0.994 0.838 1.000 0.839 0.994 0.859
3 16 -67.608 -170.873 2.500 -70.984 -167.772 2.500 -67.807 -171.209 2.470 1.000 0.858 1.000 0.876 0.994 0.859
3 16 -70.984 -167.772 2.500 -74.217 -164.506 2.500 -71.632 -167.680 2.470 1.000 0.876 1.000 0.893 0.994 0.879
3 16 -67.807 -171.209 2.470 -70.984 -167.772 2.500 -71.632 -167.680 2.470 0.994 0.859 1.000 0.876 0.994 0.879
3 16 -74.217 -164.506 2.500 -77.289 -161.091 2.500 -75.261 -163.950 2.470 1.000 0.893 1.000 0.909 0.994 0.898
3 16 -71.632 -167.680 2.470 -74.217 -164.506 2.500 -75.261 -163.950 2.470 0.994 0.879 1.000 0.893 0.994 0.898
3 16 -77.289 -161.091 2.500 -80.189 -157.540 2.500 -78.684 -160.031 2.470 1.000 0.909 1.000 0.924 0.994 0.916
3 16 -75.261 -163.950 2.470 -77.289 -161.091 2.500 -78.684 -160.031 2.470 0.994 0.898 1.000 0.909 0.994 0.916
3 16 -80.189 -157.540 2.500 -82.923 -153.845 2.500 -81.891 -155.932 2.470 1.000 0.924 1.000 0.939 0.994 0.933
3 16 -78.684 -160.031 2.470 -80.189 -157.540 2.500 -81.891 -155.932 2.470 0.994 0.916 1.000 0.924 0.994 0.933
3 16 -82.923 -153.845 2.500 -85.476 -150.029 2.500 -84.873 -151.667 2.470 1.000 0.939 1.000 0.952 0.994 0.949
3 16 -81.891 -155.932 2.470 -82.923 -153.845 2.500 -84.873 -151.667 2.470 0.994 0.933 1.000 0.939 0.994 0.949
3 16 -85.476 -150.029 2.500 -87.836 -146.107 2.500 -87.621 -147.248 2.470 1.000 0.952 1.000 0.965 0.994 0.964
3 16 -84.873 -151.667 2.470 -85.476 -150.029 2.500 -87.621 -147.248 2.470 0.994 0.949 1.000 0.952 0.994 0.964
3 16 -87.836 -146.107 2.500 -90.011 -142.069 2.500 -90.128 -142.687 2.470 1.000 0.965 1.000 0.976 0.994 0.977
3 16 -87.621 -147.248 2.470 -87.836 -146.107 2.500 -90.128 -142.687 2.470 0.994 0.964 1.000 0.965 0.994 0.977
3 16 -90.011 -142.069 2.500 -92.000 -137.916 2.500 -90.128 -142.687 2.470 1.000 0.976 1.000 0.987 0.994 0.977
3 16 -92.000 -137.916 2.500 -92.384 -58.898 2.470 -92.396 -138.002 2.469 1.000 0.987 0.994 0.989 0.994 0.989
3 16 -90.128 -142.687 2.470 -92.000 -137.916 2.500 -92.396 -138.002 2.469 0.994 0.977 1.000 0.987 0.994 0.989
3 16 -81.025 -44.699 2.000 -81.025 -152.199 2.000 -24.810 -74.279 2.000 0.900 0.929 0.900 0.929 0.900 0.631
3 16 89.536 -98.449 2.000 -81.025 -152.199 2.000 89.424 -103.007 2.000 0.900 0.026 0.900 0.929 0.900 0.027
3 16 -81.025 -152.199 2.000 89.536 -98.449 2.000 18.699 -98.449 2.000 0.900 0.929 0.900 0.026 0.900 0.401
3 16 89.424 -103.007 2.000 -81.025 -152.199 2.000 89.091 -107.564 2.000 0.900 0.027 0.900 0.929 0.900 0.029
3 16 89.091 -107.564 2.000 -81.025 -152.199 2.000 88.538 -112.088 2.000 0.900 0.029 0.900 0.929 0.900 0.032
3 16 88.538 -112.088 2.000 -81.025 -152.199 2.000 87.764 -116.584 2.000 0.900 0.032 0.900 0.929 0.900 0.036
3 16 87.764 -116.584 2.000 -81.025 -152.199 2.000 86.772 -121.044 2.000 0.900 0.036 0.900 0.929 0.900 0.041
3 16 86.772 -121.044 2.000 -81.025 -152.199 2.000 85.567 -125.438 2.000 0.900 0.041 0.900 0.929 0.900 0.047
3 16 85.567 -125.438 2.000 -81.025 -152.199 2.000 84.147 -129.775 2.000 0.900 0.047 0.900 0.929 0.900 0.055
3 16 84.147 -129.775 2.000 -81.025 -152.199 2.000 82.516 -134.042 2.000 0.900 0.055 0.900 0.929 0.900 0.063
3 16 82.516 -134.042 2.000 -81.025 -152.199 2.000 80.685 -138.213 2.000 0.900 0.063 0.900 0.929 0.900 0.073
3 16 80.685 -138.213 2.000 -81.025 -152.199 2.000 78.648 -142.299 2.000 0.900 0.073 0.900 0.929 0.900 0.084
3 16 78.648 -142.299 2.000 -81.025 -152.199 2.000 76.414 -146.283 2.000 0.900 0.084 0.900 0.929 0.900 0.096
3 16 76.414 -146.283 2.000 -81.025 -152.199 2.000 73.996 -150.142 2.000 0.900 0.096 0.900 0.929 0.900 0.108
3 16 73.996 -150.142 2.000 -81.025 -152.199 2.000 71.385 -153.889 2.000 0.900 0.108 0.900 0.929 0.900 0.122
3 16 71.385 -153.889 2.000 -81.025 -152.199 2.000 -78.309 -155.884 2.000 0.900 0.122 0.900 0.929 0.900 0.914
3 16 -81.025 -152.199 2.000 18.699 -98.449 2.000 -27.127 -98.449 2.000 0.900 0.929 0.900 0.401 0.900 0.644
3 16 -24.810 -74.279 2.000 -81.025 -152.199 2.000 -25.442 -75.243 2.000 0.900 0.631 0.900 0.929 0.900 0.635
3 16 -25.442 -75.243 2.000 -81.025 -152.199 2.000 -26.025 -76.232 2.000 0.900 0.635 0.900 0.929 0.900 0.638
3 16 -26.025 -76.232 2.000 -81.025 -152.199 2.000 -26.565 -77.250 2.000 0.900 0.638 0.900 0.929 0.900 0.641
3 16 -26.565 -77.250 2.000 -81.025 -152.199 2.000 -27.059 -78.295 2.000 0.900 0.641 0.900 0.929 0.900 0.643
3 16 -27.059 -78.295 2.000 -81.025 -152.199 2.000 -27.503 -79.360 2.000 0.900 0.643 0.900 0.929 0.900 0.646
3 16 -27.503 -79.360 2.000 -81.025 -152.199 2.000 -27.896 -80.438 2.000 0.900 0.646 0.900 0.929 0.900 0.648
3 16 -27.896 -80.438 2.000 -81.025 -152.199 2.000 -28.239 -81.538 2.000 0.900 0.648 0.900 0.929 0.900 0.649
3 16 -28.239 -81.538 2.000 -81.025 -152.199 2.000 -28.533 -82.656 2.000 0.900 0.649 0.900 0.929 0.900 0.651
3 16 -28.533 -82.656 2.000 -81.025 -152.199 2.000 -28.775 -83.784 2.000 0.900 0.651 0.900 0.929 0.900 0.652
3 16 -28.775 -83.784 2.000 -81.025 -152.199 2.000 -28.963 -84.917 2.000 0.900 0.652 0.900 0.929 0.900 0.653
3 16 -28.963 -84.917 2.000 -81.025 -152.199 2.000 -29.099 -86.060 2.000 0.900 0.653 0.900 0.929 0.900 0.654
3 16 -29.099 -86.060 2.000 -81.025 -152.199 2.000 -29.183 -87.213 2.000 0.900 0.654 0.900 0.929 0.900 0.654
3 16 -29.183 -87.213 2.000 -81.025 -152.199 2.000 -29.214 -88.367 2.000 0.900 0.654 0.900 0.929 0.900 0.655
3 16 -29.214 -88.367 2.000 -81.025 -152.199 2.000 -29.191 -89.515 2.000 0.900 0.655 0.900 0.929 0.900 0.654
3 16 -29.191 -89.515 2.000 -81.025 -152.199 2.000 -29.115 -90.664 2.000 0.900 0.654 0.900 0.929 0.900 0.654
3 16 -29.115 -90.664 2.000 -81.025 -152.199 2.000 -28.986 -91.812 2.000 0.900 0.654 0.900 0.929 0.900 0.653
3 16 -28.986 -91.812 2.000 -81.025 -152.199 2.000 -28.805 -92.952 2.000 0.900 0.653 0.900 0.929 0.900 0.652
3 16 -28.805 -92.952 2.000 -81.025 -152.199 2.000 -28.572 -94.077 2.000 0.900 0.652 0.900 0.929 0.900 0.651
3 16 -28.572 -94.077 2.000 -81.025 -152.199 2.000 -28.288 -95.188 2.000 0.900 0.651 0.900 0.929 0.900 0.650
3 16 -28.288 -95.188 2.000 -81.025 -152.199 2.000 -27.953 -96.286 2.000 0.900 0.650 0.900 0.929 0.900 0.648
3 16 -27.953 -96.286 2.000 -81.025 -152.199 2.000 -27.566 -97.373 2.000 0.900 0.648 0.900 0.929 0.900 0.646
3 16 -27.566 -97.373 2.000 -81.025 -152.199 2.000 -27.127 -98.449 2.000 0.900 0.646 0.900 0.929 0.900 0.644
3 16 -78.309 -41.013 2.000 -81.025 -44.699 2.000 71.385 -43.008 2.000 0.900 0.914 0.900 0.929 0.900 0.122
3 16 71.385 -43.008 2.000 -81.025 -44.699 2.000 73.996 -46.755 2.000 0.900 0.122 0.900 0.929 0.900 0.108
3 16 73.996 -46.755 2.000 -81.025 -44.699 2.000 -8.798 -63.873 2.000 0.900 0.108 0.900 0.929 0.900 0.547
3 16 -8.798 -63.873 2.000 -81.025 -44.699 2.000 -9.928 -64.111 2.000 0.900 0.547 0.900 0.929 0.900 0.553
3 16 -9.928 -64.111 2.000 -81.025 -44.699 2.000 -11.042 -64.399 2.000 0.900 0.553 0.900 0.929 0.900 0.558
3 16 -11.042 -64.399 2.000 -81.025 -44.699 2.000 -12.140 -64.739 2.000 0.900 0.558 0.900 0.929 0.900 0.564
3 16 -12.140 -64.739 2.000 -81.025 -44.699 2.000 -13.226 -65.130 2.000 0.900 0.564 0.900 0.929 0.900 0.570
3 16 -13.226 -65.130 2.000 -81.025 -44.699 2.000 -14.293 -65.571 2.000 0.900 0.570 0.900 0.929 0.900 0.576
3 16 -14.293 -65.571 2.000 -81.025 -44.699 2.000 -15.336 -66.059 2.000 0.900 0.576 0.900 0.929 0.900 0.581
3 16 -15.336 -66.059 2.000 -81.025 -44.699 2.000 -16.353 -66.594 2.000 0.900 0.581 0.900 0.929 0.900 0.587
3 16 -16.353 -66.594 2.000 -81.025 -44.699 2.000 -17.348 -67.178 2.000 0.900 0.587 0.900 0.929 0.900 0.592
3 16 -17.348 -67.178 2.000 -81.025 -44.699 2.000 -18.317 -67.807 2.000 0.900 0.592 0.900 0.929 0.900 0.597
3 16 -18.317 -67.807 2.000 -81.025 -44.699 2.000 -19.253 -68.478 2.000 0.900 0.597 0.900 0.929 0.900 0.602
3 16 -19.253 -68.478 2.000 -81.025 -44.699 2.000 -20.154 -69.190 2.000 0.900 0.602 0.900 0.929 0.900 0.607
3 16 -20.154 -69.190 2.000 -81.025 -44.699 2.000 -21.026 -69.946 2.000 0.900 0.607 0.900 0.929 0.900 0.611
3 16 -21.026 -69.946 2.000 -81.025 -44.699 2.000 -21.863 -70.743 2.000 0.900 0.611 0.900 0.929 0.900 0.616
3 16 -21.863 -70.743 2.000 -81.025 -44.699 2.000 -22.660 -71.575 2.000 0.900 0.616 0.900 0.929 0.900 0.620
3 16 -22.660 -71.575 2.000 -81.025 -44.699 2.000 -23.415 -72.439 2.000 0.900 0.620 0.900 0.929 0.900 0.624
3 16 -23.415 -72.439 2.000 -81.025 -44.699 2.000 -24.133 -73.342 2.000 0.900 0.624 0.900 0.929 0.900 0.628
3 16 -24.133 -73.342 2.000 -81.025 -44.699 2.000 -24.810 -74.279 2.000 0.900 0.628 0.900 0.929 0.900 0.631
3 16 -75.430 -37.479 2.000 -78.309 -41.013 2.000 68.596 -39.392 2.000 0.900 0.899 0.900 0.914 0.900 0.137
3 16 68.596 -39.392 2.000 -78.309 -41.013 2.000 71.385 -43.008 2.000 0.900 0.137 0.900 0.914 0.900 0.122
3 16 -72.388 -34.096 2.000 -75.430 -37.479 2.000 65.642 -35.926 2.000 0.900 0.883 0.900 0.899 0.900 0.153
3 16 65.642 -35.926 2.000 -75.430 -37.479 2.000 68.596 -39.392 2.000 0.900 0.153 0.900 0.899 0.900 0.137
3 16 -69.177 -30.856 2.000 -72.388 -34.096 2.000 62.514 -32.598 2.000 0.900 0.866 0.900 0.883 0.900 0.169
3 16 62.514 -32.598 2.000 -72.388 -34.096 2.000 65.642 -35.926 2.000 0.900 0.169 0.900 0.883 0.900 0.153
3 16 -65.806 -27.771 2.000 -69.177 -30.856 2.000 59.229 -29.427 2.000 0.900 0.848 0.900 0.866 0.900 0.187
3 16 59.229 -29.427 2.000 -69.177 -30.856 2.000 62.514 -32.598 2.000 0.900 0.187 0.900 0.866 0.900 0.169
3 16 -62.300 -24.862 2.000 -65.806 -27.771 2.000 55.801 -26.427 2.000 0.900 0.830 0.900 0.848 0.900 0.205
3 16 55.801 -26.427 2.000 -65.806 -27.771 2.000 59.229 -29.427 2.000 0.900 0.205 0.900 0.848 0.900 0.187
3 16 -58.650 -22.123 2.000 -62.300 -24.862 2.000 52.221 -23.589 2.000 0.900 0.810 0.900 0.830 0.900 0.224
3 16 52.221 -23.589 2.000 -62.300 -24.862 2.000 55.801 -26.427 2.000 0.900 0.224 0.900 0.830 0.900 0.205
3 16 -54.867 -19.561 2.000 -58.650 -22.123 2.000 48.512 -20.931 2.000 0.900 0.790 0.900 0.810 0.900 0.243
3 16 48.512 -20.931 2.000 -58.650 -22.123 2.000 52.221 -23.589 2.000 0.900 0.243 0.900 0.810 0.900 0.224
3 16 -50.976 -17.194 2.000 -54.867 -19.561 2.000 44.683 -18.461 2.000 0.900 0.770 0.900 0.790 0.900 0.264
3 16 44.683 -18.461 2.000 -54.867 -19.561 2.000 48.512 -20.931 2.000 0.900 0.264 0.900 0.790 0.900 0.243
3 16 -46.964 -15.014 2.000 -50.976 -17.194 2.000 40.728 -16.174 2.000 0.900 0.748 0.900 0.770 0.900 0.285
3 16 40.728 -16.174 2.000 -50.976 -17.194 2.000 44.683 -18.461 2.000 0.900 0.285 0.900 0.770 0.900 0.264
3 16 -42.850 -13.030 2.000 -46.964 -15.014 2.000 36.673 -14.084 2.000 0.900 0.727 0.900 0.748 0.900 0.306
3 16 36.673 -14.084 2.000 -46.964 -15.014 2.000 40.728 -16.174 2.000 0.900 0.306 0.900 0.748 0.900 0.285
3 16 -38.656 -11.255 2.000 -42.850 -13.030 2.000 32.524 -12.198 2.000 0.900 0.705 0.900 0.727 0.900 0.328
3 16 32.524 -12.198 2.000 -42.850 -13.030 2.000 36.673 -14.084 2.000 0.900 0.328 0.900 0.727 0.900 0.306
3 16 -34.368 -9.682 2.000 -38.656 -11.255 2.000 28.278 -10.510 2.000 0.900 0.682 0.900 0.705 0.900 0.350
3 16 28.278 -10.510 2.000 -38.656 -11.255 2.000 32.524 -12.198 2.000 0.900 0.350 0.900 0.705 0.900 0.328
3 16 -30.010 -8.318 2.000 -34.368 -9.682 2.000 23.964 -9.034 2.000 0.900 0.659 0.900 0.682 0.900 0.373
3 16 23.964 -9.034 2.000 -34.368 -9.682 2.000 28.278 -10.510 2.000 0.900 0.373 0.900 0.682 0.900 0.350
3 16 -25.602 -7.171 2.000 -30.010 -8.318 2.000 19.583 -7.770 2.000 0.900 0.635 0.900 0.659 0.900 0.396
3 16 19.583 -7.770 2.000 -30.010 -8.318 2.000 23.964 -9.034 2.000 0.900 0.396 0.900 0.659 0.900 0.373
3 16 -21.131 -6.238 2.000 -25.602 -7.171 2.000 15.136 -6.718 2.000 0.900 0.612 0.900 0.635 0.900 0.420
3 16 15.136 -6.718 2.000 -25.602 -7.171 2.000 19.583 -7.770 2.000 0.900 0.420 0.900 0.635 0.900 0.396
3 16 -16.622 -5.524 2.000 -21.131 -6.238 2.000 10.655 -5.885 2.000 0.900 0.588 0.900 0.612 0.900 0.444
3 16 10.655 -5.885 2.000 -21.131 -6.238 2.000 15.136 -6.718 2.000 0.900 0.444 0.900 0.612 0.900 0.420
3 16 -12.094 -5.031 2.000 -16.622 -5.524 2.000 6.135 -5.272 2.000 0.900 0.564 0.900 0.588 0.900 0.468
3 16 6.135 -5.272 2.000 -16.622 -5.524 2.000 10.655 -5.885 2.000 0.900 0.468 0.900 0.588 0.900 0.444
3 16 -7.533 -4.758 2.000 -12.094 -5.031 2.000 1.583 -4.879 2.000 0.900 0.540 0.900 0.564 0.900 0.492
3 16 1.583 -4.879 2.000 -12.094 -5.031 2.000 6.135 -5.272 2.000 0.900 0.492 0.900 0.564 0.900 0.468
3 16 -2.970 -4.707 2.000 -7.533 -4.758 2.000 1.583 -4.879 2.000 0.900 0.516 0.900 0.540 0.900 0.492
3 16 76.414 -50.615 2.000 73.996 -46.755 2.000 -7.658 -63.687 2.000 0.900 0.096 0.900 0.108 0.900 0.541
3 16 -7.658 -63.687 2.000 73.996 -46.755 2.000 -8.798 -63.873 2.000 0.900 0.541 0.900 0.108 0.900 0.547
3 16 78.648 -54.599 2.000 76.414 -50.615 2.000 -6.516 -63.555 2.000 0.900 0.084 0.900 0.096 0.900 0.534
3 16 -6.516 -63.555 2.000 76.414 -50.615 2.000 -7.658 -63.687 2.000 0.900 0.534 0.900 0.096 0.900 0.541
3 16 80.685 -58.684 2.000 78.648 -54.599 2.000 -5.369 -63.476 2.000 0.900 0.073 0.900 0.084 0.900 0.528
3 16 -5.369 -63.476 2.000 78.648 -54.599 2.000 -6.516 -63.555 2.000 0.900 0.528 0.900 0.084 0.900 0.534
3 16 82.516 -62.855 2.000 80.685 -58.684 2.000 -4.214 -63.449 2.000 0.900 0.063 0.900 0.073 0.900 0.522
3 16 -4.214 -63.449 2.000 80.685 -58.684 2.000 -5.369 -63.476 2.000 0.900 0.522 0.900 0.073 0.900 0.528
3 16 84.147 -67.123 2.000 82.516 -62.855 2.000 7.925 -66.594 2.000 0.900 0.055 0.900 0.063 0.900 0.458
3 16 7.925 -66.594 2.000 82.516 -62.855 2.000 6.908 -66.059 2.000 0.900 0.458 0.900 0.063 0.900 0.463
3 16 6.908 -66.059 2.000 82.516 -62.855 2.000 5.865 -65.571 2.000 0.900 0.463 0.900 0.063 0.900 0.469
3 16 5.865 -65.571 2.000 82.516 -62.855 2.000 4.798 -65.130 2.000 0.900 0.469 0.900 0.063 0.900 0.475
3 16 4.798 -65.130 2.000 82.516 -62.855 2.000 3.712 -64.739 2.000 0.900 0.475 0.900 0.063 0.900 0.480
3 16 3.712 -64.739 2.000 82.516 -62.855 2.000 2.614 -64.399 2.000 0.900 0.480 0.900 0.063 0.900 0.486
3 16 2.614 -64.399 2.000 82.516 -62.855 2.000 1.500 -64.111 2.000 0.900 0.486 0.900 0.063 0.900 0.492
3 16 1.500 -64.111 2.000 82.516 -62.855 2.000 0.369 -63.873 2.000 0.900 0.492 0.900 0.063 0.900 0.498
3 16 0.369 -63.873 2.000 82.516 -62.855 2.000 -0.770 -63.687 2.000 0.900 0.498 0.900 0.063 0.900 0.504
3 16 -0.770 -63.687 2.000 82.516 -62.855 2.000 -1.912 -63.555 2.000 0.900 0.504 0.900 0.063 0.900 0.510
3 16 -1.912 -63.555 2.000 82.516 -62.855 2.000 -3.059 -63.476 2.000 0.900 0.510 0.900 0.063 0.900 0.516
3 16 -3.059 -63.476 2.000 82.516 -62.855 2.000 -4.214 -63.449 2.000 0.900 0.516 0.900 0.063 0.900 0.522
3 16 85.567 -71.460 2.000 84.147 -67.123 2.000 13.435 -70.743 2.000 0.900 0.047 0.900 0.055 0.900 0.429
3 16 13.435 -70.743 2.000 84.147 -67.123 2.000 12.598 -69.946 2.000 0.900 0.429 0.900 0.055 0.900 0.433
3 16 12.598 -69.946 2.000 84.147 -67.123 2.000 11.726 -69.190 2.000 0.900 0.433 0.900 0.055 0.900 0.438
3 16 11.726 -69.190 2.000 84.147 -67.123 2.000 10.825 -68.478 2.000 0.900 0.438 0.900 0.055 0.900 0.443
3 16 10.825 -68.478 2.000 84.147 -67.123 2.000 9.889 -67.807 2.000 0.900 0.443 0.900 0.055 0.900 0.448
3 16 9.889 -67.807 2.000 84.147 -67.123 2.000 8.920 -67.178 2.000 0.900 0.448 0.900 0.055 0.900 0.453
3 16 8.920 -67.178 2.000 84.147 -67.123 2.000 7.925 -66.594 2.000 0.900 0.453 0.900 0.055 0.900 0.458
3 16 86.772 -75.854 2.000 85.567 -71.460 2.000 17.014 -75.243 2.000 0.900 0.041 0.900 0.047 0.900 0.410
3 16 17.014 -75.243 2.000 85.567 -71.460 2.000 16.382 -74.279 2.000 0.900 0.410 0.900 0.047 0.900 0.413
3 16 16.382 -74.279 2.000 85.567 -71.460 2.000 15.705 -73.342 2.000 0.900 0.413 0.900 0.047 0.900 0.417
3 16 15.705 -73.342 2.000 85.567 -71.460 2.000 14.987 -72.439 2.000 0.900 0.417 0.900 0.047 0.900 0.421
3 16 14.987 -72.439 2.000 85.567 -71.460 2.000 14.232 -71.575 2.000 0.900 0.421 0.900 0.047 0.900 0.425
3 16 14.232 -71.575 2.000 85.567 -71.460 2.000 13.435 -70.743 2.000 0.900 0.425 0.900 0.047 0.900 0.429
3 16 87.764 -80.314 2.000 86.772 -75.854 2.000 19.075 -79.360 2.000 0.900 0.036 0.900 0.041 0.900 0.399
3 16 19.075 -79.360 2.000 86.772 -75.854 2.000 18.631 -78.295 2.000 0.900 0.399 0.900 0.041 0.900 0.401
3 16 18.631 -78.295 2.000 86.772 -75.854 2.000 18.137 -77.250 2.000 0.900 0.401 0.900 0.041 0.900 0.404
3 16 18.137 -77.250 2.000 86.772 -75.854 2.000 17.597 -76.232 2.000 0.900 0.404 0.900 0.041 0.900 0.407
3 16 17.597 -76.232 2.000 86.772 -75.854 2.000 17.014 -75.243 2.000 0.900 0.407 0.900 0.041 0.900 0.410
3 16 88.538 -84.809 2.000 87.764 -80.314 2.000 20.347 -83.784 2.000 0.900 0.032 0.900 0.036 0.900 0.392
3 16 20.347 -83.784 2.000 87.764 -80.314 2.000 20.105 -82.656 2.000 0.900 0.392 0.900 0.036 0.900 0.394
3 16 20.105 -82.656 2.000 87.764 -80.314 2.000 19.811 -81.538 2.000 0.900 0.394 0.900 0.036 0.900 0.395
3 16 19.811 -81.538 2.000 87.764 -80.314 2.000 19.468 -80.438 2.000 0.900 0.395 0.900 0.036 0.900 0.397
3 16 19.468 -80.438 2.000 87.764 -80.314 2.000 19.075 -79.360 2.000 0.900 0.397 0.900 0.036 0.900 0.399
3 16 89.091 -89.333 2.000 88.538 -84.809 2.000 20.786 -88.367 2.000 0.900 0.029 0.900 0.032 0.900 0.390
3 16 20.786 -88.367 2.000 88.538 -84.809 2.000 20.755 -87.213 2.000 0.900 0.390 0.900 0.032 0.900 0.390
3 16 20.755 -87.213 2.000 88.538 -84.809 2.000 20.671 -86.060 2.000 0.900 0.390 0.900 0.032 0.900 0.391
3 16 20.671 -86.060 2.000 88.538 -84.809 2.000 20.535 -84.917 2.000 0.900 0.391 0.900 0.032 0.900 0.391
3 16 20.535 -84.917 2.000 88.538 -84.809 2.000 20.347 -83.784 2.000 0.900 0.391 0.900 0.032 0.900 0.392
3 16 89.424 -93.890 2.000 89.091 -89.333 2.000 20.377 -92.952 2.000 0.900 0.027 0.900 0.029 0.900 0.392
3 16 20.377 -92.952 2.000 89.091 -89.333 2.000 20.558 -91.812 2.000 0.900 0.392 0.900 0.029 0.900 0.391
3 16 20.558 -91.812 2.000 89.091 -89.333 2.000 20.687 -90.664 2.000 0.900 0.391 0.900 0.029 0.900 0.391
3 16 20.687 -90.664 2.000 89.091 -89.333 2.000 20.763 -89.515 2.000 0.900 0.391 0.900 0.029 0.900 0.390
3 16 20.763 -89.515 2.000 89.091 -89.333 2.000 20.786 -88.367 2.000 0.900 0.390 0.900 0.029 0.900 0.390
3 16 89.536 -98.449 2.000 89.424 -93.890 2.000 18.699 -98.449 2.000 0.900 0.026 0.900 0.027 0.900 0.401
3 16 18.699 -98.449 2.000 89.424 -93.890 2.000 19.138 -97.373 2.000 0.900 0.401 0.900 0.027 0.900 0.399
3 16 19.138 -97.373 2.000 89.424 -93.890 2.000 19.525 -96.286 2.000 0.900 0.399 0.900 0.027 0.900 0.397
3 16 19.525 -96.286 2.000 89.424 -93.890 2.000 19.860 -95.188 2.000 0.900 0.397 0.900 0.027 0.900 0.395
3 16 19.860 -95.188 2.000 89.424 -93.890 2.000 20.144 -94.077 2.000 0.900 0.395 0.900 0.027 0.900 0.393
3 16 20.144 -94.077 2.000 89.424 -93.890 2.000 20.377 -92.952 2.000 0.900 0.393 0.900 0.027 0.900 0.392
3 16 68.596 -157.505 2.000 71.385 -153.889 2.000 -78.309 -155.884 2.000 0.900 0.137 0.900 0.122 0.900 0.914
3 16 65.642 -160.972 2.000 68.596 -157.505 2.000 -75.430 -159.419 2.000 0.900 0.153 0.900 0.137 0.900 0.899
3 16 -75.430 -159.419 2.000 68.596 -157.505 2.000 -78.309 -155.884 2.000 0.900 0.899 0.900 0.137 0.900 0.914
3 16 62.514 -164.300 2.000 65.642 -160.972 2.000 -72.388 -162.802 2.000 0.900 0.169 0.900 0.153 0.900 0.883
3 16 -72.388 -162.802 2.000 65.642 -160.972 2.000 -75.430 -159.419 2.000 0.900 0.883 0.900 0.153 0.900 0.899
3 16 59.229 -167.470 2.000 62.514 -164.300 2.000 -69.177 -166.041 2.000 0.900 0.187 0.900 0.169 0.900 0.866
3 16 -69.177 -166.041 2.000 62.514 -164.300 2.000 -72.388 -162.802 2.000 0.900 0.866 0.900 0.169 0.900 0.883
3 16 55.801 -170.470 2.000 59.229 -167.470 2.000 -65.806 -169.126 2.000 0.900 0.205 0.900 0.187 0.900 0.848
3 16 -65.806 -169.126 2.000 59.229 -167.470 2.000 -69.177 -166.041 2.000 0.900 0.848 0.900 0.187 0.900 0.866
3 16 52.221 -173.308 2.000 55.801 -170.470 2.000 -62.300 -172.036 2.000 0.900 0.224 0.900 0.205 0.900 0.830
3 16 -62.300 -172.036 2.000 55.801 -170.470 2.000 -65.806 -169.126 2.000 0.900 0.830 0.900 0.205 0.900 0.848
3 16 48.512 -175.967 2.000 52.221 -173.308 2.000 -58.650 -174.775 2.000 0.900 0.243 0.900 0.224 0.900 0.810
3 16 -58.650 -174.775 2.000 52.221 -173.308 2.000 -62.300 -172.036 2.000 0.900 0.810 0.900 0.224 0.900 0.830
3 16 44.683 -178.436 2.000 48.512 -175.967 2.000 -54.867 -177.336 2.000 0.900 0.264 0.900 0.243 0.900 0.790
3 16 -54.867 -177.336 2.000 48.512 -175.967 2.000 -58.650 -174.775 2.000 0.900 0.790 0.900 0.243 0.900 0.810
3 16 40.728 -180.724 2.000 44.683 -178.436 2.000 -50.976 -179.704 2.000 0.900 0.285 0.900 0.264 0.900 0.770
3 16 -50.976 -179.704 2.000 44.683 -178.436 2.000 -54.867 -177.336 2.000 0.900 0.770 0.900 0.264 0.900 0.790
3 16 36.673 -182.813 2.000 40.728 -180.724 2.000 -46.964 -181.883 2.000 0.900 0.306 0.900 0.285 0.900 0.748
3 16 -46.964 -181.883 2.000 40.728 -180.724 2.000 -50.976 -179.704 2.000 0.900 0.748 0.900 0.285 0.900 0.770
3 16 32.524 -184.700 2.000 36.673 -182.813 2.000 -42.850 -183.867 2.000 0.900 0.328 0.900 0.306 0.900 0.727
3 16 -42.850 -183.867 2.000 36.673 -182.813 2.000 -46.964 -181.883 2.000 0.900 0.727 0.900 0.306 0.900 0.748
3 16 28.278 -186.387 2.000 32.524 -184.700 2.000 -38.656 -185.643 2.000 0.900 0.350 0.900 0.328 0.900 0.705
3 16 -38.656 -185.643 2.000 32.524 -184.700 2.000 -42.850 -183.867 2.000 0.900 0.705 0.900 0.328 0.900 0.727
3 16 23.964 -187.864 2.000 28.278 -186.387 2.000 -34.368 -187.216 2.000 0.900 0.373 0.900 0.350 0.900 0.682
3 16 -34.368 -187.216 2.000 28.278 -186.387 2.000 -38.656 -185.643 2.000 0.900 0.682 0.900 0.350 0.900 0.705
3 16 19.583 -189.128 2.000 23.964 -187.864 2.000 -30.010 -188.580 2.000 0.900 0.396 0.900 0.373 0.900 0.659
3 16 -30.010 -188.580 2.000 23.964 -187.864 2.000 -34.368 -187.216 2.000 0.900 0.659 0.900 0.373 0.900 0.682
3 16 15.136 -190.179 2.000 19.583 -189.128 2.000 -25.602 -189.726 2.000 0.900 0.420 0.900 0.396 0.900 0.635
3 16 -25.602 -189.726 2.000 19.583 -189.128 2.000 -30.010 -188.580 2.000 0.900 0.635 0.900 0.396 0.900 0.659
3 16 10.655 -191.012 2.000 15.136 -190.179 2.000 -21.131 -190.659 2.000 0.900 0.444 0.900 0.420 0.900 0.612
3 16 -21.131 -190.659 2.000 15.136 -190.179 2.000 -25.602 -189.726 2.000 0.900 0.612 0.900 0.420 0.900 0.635
3 16 6.135 -191.625 2.000 10.655 -191.012 2.000 -16.622 -191.374 2.000 0.900 0.468 0.900 0.444 0.900 0.588
3 16 -16.622 -191.374 2.000 10.655 -191.012 2.000 -21.131 -190.659 2.000 0.900 0.588 0.900 0.444 0.900 0.612
3 16 1.583 -192.019 2.000 6.135 -191.625 2.000 -12.094 -191.867 2.000 0.900 0.492 0.900 0.468 0.900 0.564
3 16 -12.094 -191.867 2.000 6.135 -191.625 2.000 -16.622 -191.374 2.000 0.900 0.564 0.900 0.468 0.900 0.588
3 16 -2.970 -192.190 2.000 1.583 -192.019 2.000 -7.533 -192.139 2.000 0.900 0.516 0.900 0.492 0.900 0.540
3 16 -7.533 -192.139 2.000 1.583 -192.019 2.000 -12.094 -191.867 2.000 0.900 0.540 0.900 0.492 0.900 0.564
3 16 18.699 -98.449 2.000 19.138 -97.373 2.000 18.699 -98.449 -2.000 0.900 0.401 0.900 0.399 0.100 0.401
3 16 -27.127 -98.449 2.000 18.699 -98.449 2.000 -27.127 -98.449 -2.000 0.900 0.644 0.900 0.401 0.100 0.644
3 16 18.699 -98.449 2.000 18.699 -98.449 -2.000 -27.127 -98.449 -2.000 0.900 0.401 0.100 0.401 0.100 0.644
3 16 19.138 -97.373 2.000 19.525 -96.286 2.000 19.138 -97.373 -2.000 0.900 0.399 0.900 0.397 0.100 0.399
3 16 18.699 -98.449 -2.000 19.138 -97.373 2.000 19.138 -97.373 -2.000 0.100 0.401 0.900 0.399 0.100 0.399
3 16 19.525 -96.286 2.000 19.860 -95.188 2.000 19.525 -96.286 -2.000 0.900 0.397 0.900 0.395 0.100 0.397
3 16 19.138 -97.373 -2.000 19.525 -96.286 2.000 19.525 -96.286 -2.000 0.100 0.399 0.900 0.397 0.100 0.397
3 16 19.860 -95.188 2.000 20.144 -94.077 2.000 19.860 -95.188 -2.000 0.900 0.395 0.900 0.393 0.100 0.395
3 16 19.525 -96.286 -2.000 19.860 -95.188 2.000 19.860 -95.188 -2.000 0.100 0.397 0.900 0.395 0.100 0.395
3 16 20.144 -94.077 2.000 20.377 -92.952 2.000 20.144 -94.077 -2.000 0.900 0.393 0.900 0.392 0.100 0.393
3 16 19.860 -95.188 -2.000 20.144 -94.077 2.000 20.144 -94.077 -2.000 0.100 0.395 0.900 0.393 0.100 0.393
3 16 20.377 -92.952 2.000 20.558 -91.812 2.000 20.377 -92.952 -2.000 0.900 0.392 0.900 0.391 0.100 0.392
3 16 20.144 -94.077 -2.000 20.377 -92.952 2.000 20.377 -92.952 -2.000 0.100 0.393 0.900 0.392 0.100 0.392
3 16 20.558 -91.812 2.000 20.687 -90.664 2.000 20.558 -91.812 -2.000 0.900 0.391 0.900 0.391 0.100 0.391
3 16 20.377 -92.952 -2.000 20.558 -91.812 2.000 20.558 -91.812 -2.000 0.100 0.392 0.900 0.391 0.100 0.391
3 16 20.687 -90.664 2.000 20.763 -89.515 2.000 20.687 -90.664 -2.000 0.900 0.391 0.900 0.390 0.100 0.391
3 16 20.558 -91.812 -2.000 20.687 -90.664 2.000 20.687 -90.664 -2.000 0.100 0.391 0.900 0.391 0.100 0.391
3 16 20.763 -89.515 2.000 20.786 -88.367 2.000 20.763 -89.515 -2.000 0.900 0.390 0.900 0.390 0.100 0.390
3 16 20.687 -90.664 -2.000 20.763 -89.515 2.000 20.763 -89.515 -2.000 0.100 0.391 0.900 0.390 0.100 0.390
3 16 20.786 -88.367 2.000 20.755 -87.213 2.000 20.786 -88.367 -2.000 0.900 0.390 0.900 0.390 0.100 0.390
3 16 20.763 -89.515 -2.000 20.786 -88.367 2.000 20.786 -88.367 -2.000 0.100 0.390 0.900 0.390 0.100 0.390
3 16 20.755 -87.213 2.000 20.671 -86.060 2.000 20.755 -87.213 -2.000 0.900 0.390 0.900 0.391 0.100 0.390
3 16 20.786 -88.367 -2.000 20.755 -87.213 2.000 20.755 -87.213 -2.000 0.100 0.390 0.900 0.390 0.100 0.390
3 16 20.671 -86.060 2.000 20.535 -84.917 2.000 20.671 -86.060 -2.000 0.900 0.391 0.900 0.391 0.100 0.391
3 16 20.755 -87.213 -2.000 20.671 -86.060 2.000 20.671 -86.060 -2.000 0.100 0.390 0.900 0.391 0.100 0.391
3 16 20.535 -84.917 2.000 20.347 -83.784 2.000 20.535 -84.917 -2.000 0.900 0.391 0.900 0.392 0.100 0.391
3 16 20.671 -86.060 -2.000 20.535 -84.917 2.000 20.535 -84.917 -2.000 0.100 0.391 0.900 0.391 0.100 0.391
3 16 20.347 -83.784 2.000 20.105 -82.656 2.000 20.347 -83.784 -2.000 0.900 0.392 0.900 0.394 0.100 0.392
3 16 20.535 -84.917 -2.000 20.347 -83.784 2.000 20.347 -83.784 -2.000 0.100 0.391 0.900 0.392 0.100 0.392
3 16 20.105 -82.656 2.000 19.811 -81.538 2.000 20.105 -82.656 -2.000 0.900 0.394 0.900 0.395 0.100 0.394
3 16 20.347 -83.784 -2.000 20.105 -82.656 2.000 20.105 -82.656 -2.000 0.100 0.392 0.900 0.394 0.100 0.394
3 16 19.811 -81.538 2.000 19.468 -80.438 2.000 19.811 -81.538 -2.000 0.900 0.395 0.900 0.397 0.100 0.395
3 16 20.105 -82.656 -2.000 19.811 -81.538 2.000 19.811 -81.538 -2.000 0.100 0.394 0.900 0.395 0.100 0.395
3 16 19.468 -80.438 2.000 19.075 -79.360 2.000 19.468 -80.438 -2.000 0.900 0.397 0.900 0.399 0.100 0.397
3 16 19.811 -81.538 -2.000 19.468 -80.438 2.000 19.468 -80.438 -2.000 0.100 0.395 0.900 0.397 0.100 0.397
3 16 19.075 -79.360 2.000 18.631 -78.295 2.000 19.075 -79.360 -2.000 0.900 0.399 0.900 0.401 0.100 0.399
3 16 19.468 -80.438 -2.000 19.075 -79.360 2.000 19.075 -79.360 -2.000 0.100 0.397 0.900 0.399 0.100 0.399
3 16 18.631 -78.295 2.000 18.137 -77.250 2.000 18.631 -78.295 -2.000 0.900 0.401 0.900 0.404 0.100 0.401
3 16 19.075 -79.360 -2.000 18.631 -78.295 2.000 18.631 -78.295 -2.000 0.100 0.399 0.900 0.401 0.100 0.401
3 16 18.137 -77.250 2.000 17.597 -76.232 2.000 18.137 -77.250 -2.000 0.900 0.404 0.900 0.407 0.100 0.404
3 16 18.631 -78.295 -2.000 18.137 -77.250 2.000 18.137 -77.250 -2.000 0.100 0.401 0.900 0.404 0.100 0.404
3 16 17.597 -76.232 2.000 17.014 -75.243 2.000 17.597 -76.232 -2.000 0.900 0.407 0.900 0.410 0.100 0.407
3 16 18.137 -77.250 -2.000 17.597 -76.232 2.000 17.597 -76.232 -2.000 0.100 0.404 0.900 0.407 0.100 0.407
3 16 17.014 -75.243 2.000 16.382 -74.279 2.000 17.014 -75.243 -2.000 0.900 0.410 0.900 0.413 0.100 0.410
3 16 17.597 -76.232 -2.000 17.014 -75.243 2.000 17.014 -75.243 -2.000 0.100 0.407 0.900 0.410 0.100 0.410
3 16 16.382 -74.279 2.000 15.705 -73.342 2.000 16.382 -74.279 -2.000 0.900 0.413 0.900 0.417 0.100 0.413
3 16 17.014 -75.243 -2.000 16.382 -74.279 2.000 16.382 -74.279 -2.000 0.100 0.410 0.900 0.413 0.100 0.413
3 16 15.705 -73.342 2.000 14.987 -72.439 2.000 15.705 -73.342 -2.000 0.900 0.417 0.900 0.421 0.100 0.417
3 16 16.382 -74.279 -2.000 15.705 -73.342 2.000 15.705 -73.342 -2.000 0.100 0.413 0.900 0.417 0.100 0.417
3 16 14.987 -72.439 2.000 14.232 -71.575 2.000 14.987 -72.439 -2.000 0.900 0.421 0.900 0.425 0.100 0.421
3 16 15.705 -73.342 -2.000 14.987 -72.439 2.000 14.987 -72.439 -2.000 0.100 0.417 0.900 0.421 0.100 0.421
3 16 14.232 -71.575 2.000 13.435 -70.743 2.000 14.232 -71.575 -2.000 0.900 0.425 0.900 0.429 0.100 0.425
3 16 14.987 -72.439 -2.000 14.232 -71.575 2.000 14.232 -71.575 -2.000 0.100 0.421 0.900 0.425 0.100 0.425
3 16 13.435 -70.743 2.000 12.598 -69.946 2.000 13.435 -70.743 -2.000 0.900 0.429 0.900 0.433 0.100 0.429
3 16 14.232 -71.575 -2.000 13.435 -70.743 2.000 13.435 -70.743 -2.000 0.100 0.425 0.900 0.429 0.100 0.429
3 16 12.598 -69.946 2.000 11.726 -69.190 2.000 12.598 -69.946 -2.000 0.900 0.433 0.900 0.438 0.100 0.433
3 16 13.435 -70.743 -2.000 12.598 -69.946 2.000 12.598 -69.946 -2.000 0.100 0.429 0.900 0.433 0.100 0.433
3 16 11.726 -69.190 2.000 10.825 -68.478 2.000 11.726 -69.190 -2.000 0.900 0.438 0.900 0.443 0.100 0.438
3 16 12.598 -69.946 -2.000 11.726 -69.190 2.000 11.726 -69.190 -2.000 0.100 0.433 0.900 0.438 0.100 0.438
3 16 10.825 -68.478 2.000 9.889 -67.807 2.000 10.825 -68.478 -2.000 0.900 0.443 0.900 0.448 0.100 0.443
3 16 11.726 -69.190 -2.000 10.825 -68.478 2.000 10.825 -68.478 -2.000 0.100 0.438 0.900 0.443 0.100 0.443
3 16 9.889 -67.807 2.000 8.920 -67.178 2.000 9.889 -67.807 -2.000 0.900 0.448 0.900 0.453 0.100 0.448
3 16 10.825 -68.478 -2.000 9.889 -67.807 2.000 9.889 -67.807 -2.000 0.100 0.443 0.900 0.448 0.100 0.448
3 16 8.920 -67.178 2.000 7.925 -66.594 2.000 8.920 -67.178 -2.000 0.900 0.453 0.900 0.458 0.100 0.453
3 16 9.889 -67.807 -2.000 8.920 -67.178 2.000 8.920 -67.178 -2.000 0.100 0.448 0.900 0.453 0.100 0.453
3 16 7.925 -66.594 2.000 6.908 -66.059 2.000 7.925 -66.594 -2.000 0.900 0.458 0.900 0.463 0.100 0.458
3 16 8.920 -67.178 -2.000 7.925 -66.594 2.000 7.925 -66.594 -2.000 0.100 0.453 0.900 0.458 0.100 0.458
3 16 6.908 -66.059 2.000 5.865 -65.571 2.000 6.908 -66.059 -2.000 0.900 0.463 0.900 0.469 0.100 0.463
3 16 7.925 -66.594 -2.000 6.908 -66.059 2.000 6.908 -66.059 -2.000 0.100 0.458 0.900 0.463 0.100 0.463
3 16 5.865 -65.571 2.000 4.798 -65.130 2.000 5.865 -65.571 -2.000 0.900 0.469 0.900 0.475 0.100 0.469
3 16 6.908 -66.059 -2.000 5.865 -65.571 2.000 5.865 -65.571 -2.000 0.100 0.463 0.900 0.469 0.100 0.469
3 16 4.798 -65.130 2.000 3.712 -64.739 2.000 4.798 -65.130 -2.000 0.900 0.475 0.900 0.480 0.100 0.475
3 16 5.865 -65.571 -2.000 4.798 -65.130 2.000 4.798 -65.130 -2.000 0.100 0.469 0.900 0.475 0.100 0.475
3 16 3.712 -64.739 2.000 2.614 -64.399 2.000 3.712 -64.739 -2.000 0.900 0.480 0.900 0.486 0.100 0.480
3 16 4.798 -65.130 -2.000 3.712 -64.739 2.000 3.712 -64.739 -2.000 0.100 0.475 0.900 0.480 0.100 0.480
3 16 2.614 -64.399 2.000 1.500 -64.111 2.000 2.614 -64.399 -2.000 0.900 0.486 0.900 0.492 0.100 0.486
3 16 3.712 -64.739 -2.000 2.614 -64.399 2.000 2.614 -64.399 -2.000 0.100 0.480 0.900 0.486 0.100 0.486
3 16 1.500 -64.111 2.000 0.369 -63.873 2.000 1.500 -64.111 -2.000 0.900 0.492 0.900 0.498 0.100 0.492
3 16 2.614 -64.399 -2.000 1.500 -64.111 2.000 1.500 -64.111 -2.000 0.100 0.486 0.900 0.492 0.100 0.492
3 16 0.369 -63.873 2.000 -0.770 -63.687 2.000 0.369 -63.873 -2.000 0.900 0.498 0.900 0.504 0.100 0.498
3 16 1.500 -64.111 -2.000 0.369 -63.873 2.000 0.369 -63.873 -2.000 0.100 0.492 0.900 0.498 0.100 0.498
3 16 -0.770 -63.687 2.000 -1.912 -63.555 2.000 -0.770 -63.687 -2.000 0.900 0.504 0.900 0.510 0.100 0.504
3 16 0.369 -63.873 -2.000 -0.770 -63.687 2.000 -0.770 -63.687 -2.000 0.100 0.498 0.900 0.504 0.100 0.504
3 16 -1.912 -63.555 2.000 -3.059 -63.476 2.000 -1.912 -63.555 -2.000 0.900 0.510 0.900 0.516 0.100 0.510
3 16 -0.770 -63.687 -2.000 -1.912 -63.555 2.000 -1.912 -63.555 -2.000 0.100 0.504 0.900 0.510 0.100 0.510
3 16 -3.059 -63.476 2.000 -4.214 -63.449 2.000 -3.059 -63.476 -2.000 0.900 0.516 0.900 0.522 0.100 0.516
3 16 -1.912 -63.555 -2.000 -3.059 -63.476 2.000 -3.059 -63.476 -2.000 0.100 0.510 0.900 0.516 0.100 0.516
3 16 -4.214 -63.449 2.000 -5.369 -63.476 2.000 -4.214 -63.449 -2.000 0.900 0.522 0.900 0.528 0.100 0.522
3 16 -3.059 -63.476 -2.000 -4.214 -63.449 2.000 -4.214 -63.449 -2.000 0.100 0.516 0.900 0.522 0.100 0.522
3 16 -5.369 -63.476 2.000 -6.516 -63.555 2.000 -5.369 -63.476 -2.000 0.900 0.528 0.900 0.534 0.100 0.528
3 16 -4.214 -63.449 -2.000 -5.369 -63.476 2.000 -5.369 -63.476 -2.000 0.100 0.522 0.900 0.528 0.100 0.528
3 16 -6.516 -63.555 2.000 -7.658 -63.687 2.000 -6.516 -63.555 -2.000 0.900 0.534 0.900 0.541 0.100 0.534
3 16 -5.369 -63.476 -2.000 -6.516 -63.555 2.000 -6.516 -63.555 -2.000 0.100 0.528 0.900 0.534 0.100 0.534
3 16 -7.658 -63.687 2.000 -8.798 -63.873 2.000 -7.658 -63.687 -2.000 0.900 0.541 0.900 0.547 0.100 0.541
3 16 -6.516 -63.555 -2.000 -7.658 -63.687 2.000 -7.658 -63.687 -2.000 0.100 0.534 0.900 0.541 0.100 0.541
3 16 -8.798 -63.873 2.000 -9.928 -64.111 2.000 -8.798 -63.873 -2.000 0.900 0.547 0.900 0.553 0.100 0.547
3 16 -7.658 -63.687 -2.000 -8.798 -63.873 2.000 -8.798 -63.873 -2.000 0.100 0.541 0.900 0.547 0.100 0.547
3 16 -9.928 -64.111 2.000 -11.042 -64.399 2.000 -9.928 -64.111 -2.000 0.900 0.553 0.900 0.558 0.100 0.553
3 16 -8.798 -63.873 -2.000 -9.928 -64.111 2.000 -9.928 -64.111 -2.000 0.100 0.547 0.900 0.553 0.100 0.553
3 16 -11.042 -64.399 2.000 -12.140 -64.739 2.000 -11.042 -64.399 -2.000 0.900 0.558 0.900 0.564 0.100 0.558
3 16 -9.928 -64.111 -2.000 -11.042 -64.399 2.000 -11.042 -64.399 -2.000 0.100 0.553 0.900 0.558 0.100 0.558
3 16 -12.140 -64.739 2.000 -13.226 -65.130 2.000 -12.140 -64.739 -2.000 0.900 0.564 0.900 0.570 0.100 0.564
3 16 -11.042 -64.399 -2.000 -12.140 -64.739 2.000 -12.140 -64.739 -2.000 0.100 0.558 0.900 0.564 0.100 0.564
3 16 -13.226 -65.130 2.000 -14.293 -65.571 2.000 -13.226 -65.130 -2.000 0.900 0.570 0.900 0.576 0.100 0.570
3 16 -12.140 -64.739 -2.000 -13.226 -65.130 2.000 -13.226 -65.130 -2.000 0.100 0.564 0.900 0.570 0.100 0.570
3 16 -14.293 -65.571 2.000 -15.336 -66.059 2.000 -14.293 -65.571 -2.000 0.900 0.576 0.900 0.581 0.100 0.576
3 16 -13.226 -65.130 -2.000 -14.293 -65.571 2.000 -14.293 -65.571 -2.000 0.100 0.570 0.900 0.576 0.100 0.576
3 16 -15.336 -66.059 2.000 -16.353 -66.594 2.000 -15.336 -66.059 -2.000 0.900 0.581 0.900 0.587 0.100 0.581
3 16 -14.293 -65.571 -2.000 -15.336 -66.059 2.000 -15.336 -66.059 -2.000 0.100 0.576 0.900 0.581 0.100 0.581
3 16 -16.353 -66.594 2.000 -17.348 -67.178 2.000 -16.353 -66.594 -2.000 0.900 0.587 0.900 0.592 0.100 0.587
3 16 -15.336 -66.059 -2.000 -16.353 -66.594 2.000 -16.353 -66.594 -2.000 0.100 0.581 0.900 0.587 0.100 0.587
3 16 -17.348 -67.178 2.000 -18.317 -67.807 2.000 -17.348 -67.178 -2.000 0.900 0.592 0.900 0.597 0.100 0.592
3 16 -16.353 -66.594 -2.000 -17.348 -67.178 2.000 -17.348 -67.178 -2.000 0.100 0.587 0.900 0.592 0.100 0.592
3 16 -18.317 -67.807 2.000 -19.253 -68.478 2.000 -18.317 -67.807 -2.000 0.900 0.597 0.900 0.602 0.100 0.597
3 16 -17.348 -67.178 -2.000 -18.317 -67.807 2.000 -18.317 -67.807 -2.000 0.100 0.592 0.900 0.597 0.100 0.597
3 16 -19.253 -68.478 2.000 -20.154 -69.190 2.000 -19.253 -68.478 -2.000 0.900 0.602 0.900 0.607 0.100 0.602
3 16 -18.317 -67.807 -2.000 -19.253 -68.478 2.000 -19.253 -68.478 -2.000 0.100 0.597 0.900 0.602 0.100 0.602
3 16 -20.154 -69.190 2.000 -21.026 -69.946 2.000 -20.154 -69.190 -2.000 0.900 0.607 0.900 0.611 0.100 0.607
3 16 -19.253 -68.478 -2.000 -20.154 -69.190 2.000 -20.154 -69.190 -2.000 0.100 0.602 0.900 0.607 0.100 0.607
3 16 -21.026 -69.946 2.000 -21.863 -70.743 2.000 -21.026 -69.946 -2.000 0.900 0.611 0.900 0.616 0.100 0.611
3 16 -20.154 -69.190 -2.000 -21.026 -69.946 2.000 -21.026 -69.946 -2.000 0.100 0.607 0.900 0.611 0.100 0.611
3 16 -21.863 -70.743 2.000 -22.660 -71.575 2.000 -21.863 -70.743 -2.000 0.900 0.616 0.900 0.620 0.100 0.616
3 16 -21.026 -69.946 -2.000 -21.863 -70.743 2.000 -21.863 -70.743 -2.000 0.100 0.611 0.900 0.616 0.100 0.616
3 16 -22.660 -71.575 2.000 -23.415 -72.439 2.000 -22.660 -71.575 -2.000 0.900 0.620 0.900 0.624 0.100 0.620
3 16 -21.863 -70.743 -2.000 -22.660 -71.575 2.000 -22.660 -71.575 -2.000 0.100 0.616 0.900 0.620 0.100 0.620
3 16 -23.415 -72.439 2.000 -24.133 -73.342 2.000 -23.415 -72.439 -2.000 0.900 0.624 0.900 0.628 0.100 0.624
3 16 -22.660 -71.575 -2.000 -23.415 -72.439 2.000 -23.415 -72.439 -2.000 0.100 0.620 0.900 0.624 0.100 0.624
3 16 -24.133 -73.342 2.000 -24.810 -74.279 2.000 -24.133 -73.342 -2.000 0.900 0.628 0.900 0.631 0.100 0.628
3 16 -23.415 -72.439 -2.000 -24.133 -73.342 2.000 -24.133 -73.342 -2.000 0.100 0.624 0.900 0.628 0.100 0.628
3 16 -24.810 -74.279 2.000 -25.442 -75.243 2.000 -24.810 -74.279 -2.000 0.900 0.631 0.900 0.635 0.100 0.631
3 16 -24.133 -73.342 -2.000 -24.810 -74.279 2.000 -24.810 -74.279 -2.000 0.100 0.628 0.900 0.631 0.100 0.631
3 16 -25.442 -75.243 2.000 -26.025 -76.232 2.000 -25.442 -75.243 -2.000 0.900 0.635 0.900 0.638 0.100 0.635
3 16 -24.810 -74.279 -2.000 -25.442 -75.243 2.000 -25.442 -75.243 -2.000 0.100 0.631 0.900 0.635 0.100 0.635
3 16 -26.025 -76.232 2.000 -26.565 -77.250 2.000 -26.025 -76.232 -2.000 0.900 0.638 0.900 0.641 0.100 0.638
3 16 -25.442 -75.243 -2.000 -26.025 -76.232 2.000 -26.025 -76.232 -2.000 0.100 0.635 0.900 0.638 0.100 0.638
3 16 -26.565 -77.250 2.000 -27.059 -78.295 2.000 -26.565 -77.250 -2.000 0.900 0.641 0.900 0.643 0.100 0.641
3 16 -26.025 -76.232 -2.000 -26.565 -77.250 2.000 -26.565 -77.250 -2.000 0.100 0.638 0.900 0.641 0.100 0.641
3 16 -27.059 -78.295 2.000 -27.503 -79.360 2.000 -27.059 -78.295 -2.000 0.900 0.643 0.900 0.646 0.100 0.643
3 16 -26.565 -77.250 -2.000 -27.059 -78.295 2.000 -27.059 -78.295 -2.000 0.100 0.641 0.900 0.643 0.100 0.643
3 16 -27.503 -79.360 2.000 -27.896 -80.438 2.000 -27.503 -79.360 -2.000 0.900 0.646 0.900 0.648 0.100 0.646
3 16 -27.059 -78.295 -2.000 -27.503 -79.360 2.000 -27.503 -79.360 -2.000 0.100 0.643 0.900 0.646 0.100 0.646
3 16 -27.896 -80.438 2.000 -28.239 -81.538 2.000 -27.896 -80.438 -2.000 0.900 0.648 0.900 0.649 0.100 0.648
3 16 -27.503 -79.360 -2.000 -27.896 -80.438 2.000 -27.896 -80.438 -2.000 0.100 0.646 0.900 0.648 0.100 0.648
3 16 -28.239 -81.538 2.000 -28.533 -82.656 2.000 -28.239 -81.538 -2.000 0.900 0.649 0.900 0.651 0.100 0.649
3 16 -27.896 -80.438 -2.000 -28.239 -81.538 2.000 -28.239 -81.538 -2.000 0.100 0.648 0.900 0.649 0.100 0.649
3 16 -28.533 -82.656 2.000 -28.775 -83.784 2.000 -28.533 -82.656 -2.000 0.900 0.651 0.900 0.652 0.100 0.651
3 16 -28.239 -81.538 -2.000 -28.533 -82.656 2.000 -28.533 -82.656 -2.000 0.100 0.649 0.900 0.651 0.100 0.651
3 16 -28.775 -83.784 2.000 -28.963 -84.917 2.000 -28.775 -83.784 -2.000 0.900 0.652 0.900 0.653 0.100 0.652
3 16 -28.533 -82.656 -2.000 -28.775 -83.784 2.000 -28.775 -83.784 -2.000 0.100 0.651 0.900 0.652 0.100 0.652
3 16 -28.963 -84.917 2.000 -29.099 -86.060 2.000 -28.963 -84.917 -2.000 0.900 0.653 0.900 0.654 0.100 0.653
3 16 -28.775 -83.784 -2.000 -28.963 -84.917 2.000 -28.963 -84.917 -2.000 0.100 0.652 0.900 0.653 0.100 0.653
3 16 -29.099 -86.060 2.000 -29.183 -87.213 2.000 -29.099 -86.060 -2.000 0.900 0.654 0.900 0.654 0.100 0.654
3 16 -28.963 -84.917 -2.000 -29.099 -86.060 2.000 -29.099 -86.060 -2.000 0.100 0.653 0.900 0.654 0.100 0.654
3 16 -29.183 -87.213 2.000 -29.214 -88.367 2.000 -29.183 -87.213 -2.000 0.900 0.654 0.900 0.655 0.100 0.654
3 16 -29.099 -86.060 -2.000 -29.183 -87.213 2.000 -29.183 -87.213 -2.000 0.100 0.654 0.900 0.654 0.100 0.654
3 16 -29.214 -88.367 2.000 -29.191 -89.515 2.000 -29.214 -88.367 -2.000 0.900 0.655 0.900 0.654 0.100 0.655
3 16 -29.183 -87.213 -2.000 -29.214 -88.367 2.000 -29.214 -88.367 -2.000 0.100 0.654 0.900 0.655 0.100 0.655
3 16 -29.191 -89.515 2.000 -29.115 -90.664 2.000 -29.191 -89.515 -2.000 0.900 0.654 0.900 0.654 0.100 0.654
3 16 -29.214 -88.367 -2.000 -29.191 -89.515 2.000 -29.191 -89.515 -2.000 0.100 0.655 0.900 0.654 0.100 0.654
3 16 -29.115 -90.664 2.000 -28.986 -91.812 2.000 -29.115 -90.664 -2.000 0.900 0.654 0.900 0.653 0.100 0.654
3 16 -29.191 -89.515 -2.000 -29.115 -90.664 2.000 -29.115 -90.664 -2.000 0.100 0.654 0.900 0.654 0.100 0.654
3 16 -28.986 -91.812 2.000 -28.805 -92.952 2.000 -28.986 -91.812 -2.000 0.900 0.653 0.900 0.652 0.100 0.653
3 16 -29.115 -90.664 -2.000 -28.986 -91.812 2.000 -28.986 -91.812 -2.000 0.100 0.654 0.900 0.653 0.100 0.653
3 16 -28.805 -92.952 2.000 -28.572 -94.077 2.000 -28.805 -92.952 -2.000 0.900 0.652 0.900 0.651 0.100 0.652
3 16 -28.986 -91.812 -2.000 -28.805 -92.952 2.000 -28.805 -92.952 -2.000 0.100 0.653 0.900 0.652 0.100 0.652
3 16 -28.572 -94.077 2.000 -28.288 -95.188 2.000 -28.572 -94.077 -2.000 0.900 0.651 0.900 0.650 0.100 0.651
3 16 -28.805 -92.952 -2.000 -28.572 -94.077 2.000 -28.572 -94.077 -2.000 0.100 0.652 0.900 0.651 0.100 0.651
3 16 -28.288 -95.188 2.000 -27.953 -96.286 2.000 -28.288 -95.188 -2.000 0.900 0.650 0.900 0.648 0.100 0.650
3 16 -28.572 -94.077 -2.000 -28.288 -95.188 2.000 -28.288 -95.188 -2.000 0.100 0.651 0.900 0.650 0.100 0.650
3 16 -27.953 -96.286 2.000 -27.566 -97.373 2.000 -27.953 -96.286 -2.000 0.900 0.648 0.900 0.646 0.100 0.648
3 16 -28.288 -95.188 -2.000 -27.953 -96.286 2.000 -27.953 -96.286 -2.000 0.100 0.650 0.900 0.648 0.100 0.648
3 16 -27.566 -97.373 2.000 -27.127 -98.449 2.000 -27.566 -97.373 -2.000 0.900 0.646 0.900 0.644 0.100 0.646
3 16 -27.953 -96.286 -2.000 -27.566 -97.373 2.000 -27.566 -97.373 -2.000 0.100 0.648 0.900 0.646 0.100 0.646
3 16 -27.566 -97.373 -2.000 -27.127 -98.449 2.000 -27.127 -98.449 -2.000 0.100 0.646 0.900 0.644 0.100 0.644
3 16 -83.000 -118.449 -2.450 -83.000 -133.449 -2.450 -83.000 -118.449 2.450 0.010 0.939 0.010 0.939 0.990 0.939
3 16 -83.000 -133.449 -2.450 -83.000 -118.449 -2.450 -82.950 -118.449 -2.500 0.010 0.939 0.010 0.939 0.000 0.939
3 16 -83.000 -118.449 2.450 -83.000 -133.449 -2.450 -83.000 -133.449 2.450 0.990 0.939 0.010 0.939 0.990 0.939
3 16 -83.000 -133.449 2.450 -83.000 -133.449 -2.450 -90.550 -133.449 -2.500 0.990 0.939 0.010 0.939 0.000 0.979
3 16 -83.000 -133.449 -2.450 -82.950 -118.449 -2.500 -82.950 -133.449 -2.500 0.010 0.939 0.000 0.939 0.000 0.939
3 16 -83.000 -118.449 -2.450 -83.000 -118.449 2.450 -90.550 -118.449 2.500 0.010 0.939 0.990 0.939 1.000 0.979
3 16 -90.500 -118.449 2.450 -83.000 -118.449 -2.450 -90.550 -118.449 2.500 0.990 0.979 0.010 0.939 1.000 0.979
3 16 -83.000 -118.449 -2.450 -90.500 -118.449 2.450 -82.950 -118.449 -2.500 0.010 0.939 0.990 0.979 0.000 0.939
3 16 -83.000 -118.449 2.450 -83.000 -133.449 2.450 -82.950 -133.449 2.500 0.990 0.939 0.990 0.939 1.000 0.939
3 16 -82.950 -118.449 2.500 -83.000 -118.449 2.450 -82.950 -133.449 2.500 1.000 0.939 0.990 0.939 1.000 0.939
3 16 -90.500 -133.449 -2.450 -83.000 -133.449 2.450 -90.550 -133.449 -2.500 0.010 0.979 0.990 0.939 0.000 0.979
3 16 -83.000 -133.449 2.450 -90.500 -133.449 -2.450 -82.950 -133.449 2.500 0.990 0.939 0.010 0.979 1.000 0.939
3 16 -90.500 -118.449 2.450 -90.550 -118.449 2.500 -90.500 -133.449 2.450 0.990 0.979 1.000 0.979 0.990 0.979
3 16 -82.950 -118.449 -2.500 -90.500 -118.449 2.450 -90.500 -118.449 -2.450 0.000 0.939 0.990 0.979 0.010 0.979
3 16 -90.500 -118.449 -2.450 -90.500 -118.449 2.450 -90.500 -133.449 2.450 0.010 0.979 0.990 0.979 0.990 0.979
3 16 -90.500 -133.449 2.450 -90.550 -118.449 2.500 -90.550 -133.449 2.500 0.990 0.979 1.000 0.979 1.000 0.979
3 16 -90.550 -118.449 -2.500 -90.500 -118.449 -2.450 -90.550 -133.449 -2.500 0.000 0.979 0.010 0.979 0.000 0.979
3 16 -90.500 -133.449 -2.450 -90.500 -118.449 -2.450 -90.500 -133.449 2.450 0.010 0.979 0.010 0.979 0.990 0.979
3 16 -90.500 -118.449 -2.450 -90.500 -133.449 -2.450 -90.550 -133.449 -2.500 0.010 0.979 0.010 0.979 0.000 0.979
3 16 -90.500 -133.449 -2.450 -90.500 -133.449 2.450 -82.950 -133.449 2.500 0.010 0.979 0.990 0.979 1.000 0.939
3 16 -83.000 -63.449 -2.450 -83.000 -78.449 -2.450 -83.000 -63.449 2.450 0.010 0.939 0.010 0.939 0.990 0.939
3 16 -83.000 -78.449 -2.450 -83.000 -63.449 -2.450 -82.950 -63.449 -2.500 0.010 0.939 0.010 0.939 0.000 0.939
3 16 -83.000 -63.449 2.450 -83.000 -78.449 -2.450 -83.000 -78.449 2.450 0.990 0.939 0.010 0.939 0.990 0.939
3 16 -83.000 -78.449 2.450 -83.000 -78.449 -2.450 -90.550 -78.449 -2.500 0.990 0.939 0.010 0.939 0.000 0.979
3 16 -83.000 -78.449 -2.450 -82.950 -63.449 -2.500 -82.950 -78.449 -2.500 0.010 0.939 0.000 0.939 0.000 0.939
3 16 -83.000 -63.449 -2.450 -83.000 -63.449 2.450 -90.550 -63.449 2.500 0.010 0.939 0.990 0.939 1.000 0.979
3 16 -82.950 -63.449 -2.500 -83.000 -63.449 -2.450 -90.500 -63.449 2.450 0.000 0.939 0.010 0.939 0.990 0.979
3 16 -90.500 -63.449 2.450 -83.000 -63.449 -2.450 -90.550 -63.449 2.500 0.990 0.979 0.010 0.939 1.000 0.979
3 16 -83.000 -63.449 2.450 -83.000 -78.449 2.450 -82.950 -78.449 2.500 0.990 0.939 0.990 0.939 1.000 0.939
3 16 -82.950 -63.449 2.500 -83.000 -63.449 2.450 -82.950 -78.449 2.500 1.000 0.939 0.990 0.939 1.000 0.939
3 16 -83.000 -78.449 2.450 -90.500 -78.449 -2.450 -82.950 -78.449 2.500 0.990 0.939 0.010 0.979 1.000 0.939
3 16 -90.500 -78.449 -2.450 -83.000 -78.449 2.450 -90.550 -78.449 -2.500 0.010 0.979 0.990 0.939 0.000 0.979
3 16 -90.500 -63.449 -2.450 -82.950 -63.449 -2.500 -90.500 -63.449 2.450 0.010 0.979 0.000 0.939 0.990 0.979
3 16 -90.550 -63.449 -2.500 -90.500 -63.449 -2.450 -90.550 -78.449 -2.500 0.000 0.979 0.010 0.979 0.000 0.979
3 16 -90.500 -63.449 -2.450 -90.500 -63.449 2.450 -90.500 -78.449 2.450 0.010 0.979 0.990 0.979 0.990 0.979
3 16 -90.500 -78.449 -2.450 -90.500 -63.449 -2.450 -90.500 -78.449 2.450 0.010 0.979 0.010 0.979 0.990 0.979
3 16 -90.500 -63.449 -2.450 -90.500 -78.449 -2.450 -90.550 -78.449 -2.500 0.010 0.979 0.010 0.979 0.000 0.979
3 16 -90.500 -63.449 2.450 -90.550 -63.449 2.500 -90.500 -78.449 2.450 0.990 0.979 1.000 0.979 0.990 0.979
3 16 -90.500 -78.449 2.450 -90.550 -63.449 2.500 -90.550 -78.449 2.500 0.990 0.979 1.000 0.979 1.000 0.979
3 16 -90.500 -78.449 -2.450 -90.500 -78.449 2.450 -82.950 -78.449 2.500 0.010 0.979 0.990 0.979 1.000 0.939
3 16 -89.178 -98.031 2.000 -89.214 -98.449 2.000 -84.250 -98.031 2.000 0.900 0.972 0.900 0.972 0.900 0.946
3 16 -84.250 -98.031 2.000 -89.214 -98.449 2.000 -84.214 -98.449 2.000 0.900 0.946 0.900 0.972 0.900 0.946
3 16 -84.214 -98.449 2.000 -89.214 -98.449 2.000 -89.178 -98.867 2.000 0.900 0.946 0.900 0.972 0.900 0.972
3 16 -89.078 -97.636 2.000 -89.178 -98.031 2.000 -84.350 -97.636 2.000 0.900 0.971 0.900 0.972 0.900 0.946
3 16 -84.350 -97.636 2.000 -89.178 -98.031 2.000 -84.250 -98.031 2.000 0.900 0.946 0.900 0.972 0.900 0.946
3 16 -88.912 -97.260 2.000 -89.078 -97.636 2.000 -84.516 -97.260 2.000 0.900 0.970 0.900 0.971 0.900 0.947
3 16 -84.516 -97.260 2.000 -89.078 -97.636 2.000 -84.350 -97.636 2.000 0.900 0.947 0.900 0.971 0.900 0.946
3 16 -88.686 -96.912 2.000 -88.912 -97.260 2.000 -84.742 -96.912 2.000 0.900 0.969 0.900 0.970 0.900 0.948
3 16 -84.742 -96.912 2.000 -88.912 -97.260 2.000 -84.516 -97.260 2.000 0.900 0.948 0.900 0.970 0.900 0.947
3 16 -88.408 -96.611 2.000 -88.686 -96.912 2.000 -85.021 -96.611 2.000 0.900 0.968 0.900 0.969 0.900 0.950
3 16 -85.021 -96.611 2.000 -88.686 -96.912 2.000 -84.742 -96.912 2.000 0.900 0.950 0.900 0.969 0.900 0.948
3 16 -88.080 -96.355 2.000 -88.408 -96.611 2.000 -85.348 -96.355 2.000 0.900 0.966 0.900 0.968 0.900 0.952
3 16 -85.348 -96.355 2.000 -88.408 -96.611 2.000 -85.021 -96.611 2.000 0.900 0.952 0.900 0.968 0.900 0.950
3 16 -87.719 -96.160 2.000 -88.080 -96.355 2.000 -85.709 -96.160 2.000 0.900 0.964 0.900 0.966 0.900 0.953
3 16 -85.709 -96.160 2.000 -88.080 -96.355 2.000 -85.348 -96.355 2.000 0.900 0.953 0.900 0.966 0.900 0.952
3 16 -87.326 -96.025 2.000 -87.719 -96.160 2.000 -86.102 -96.025 2.000 0.900 0.962 0.900 0.964 0.900 0.956
3 16 -86.102 -96.025 2.000 -87.719 -96.160 2.000 -85.709 -96.160 2.000 0.900 0.956 0.900 0.964 0.900 0.953
3 16 -86.922 -95.958 2.000 -87.326 -96.025 2.000 -86.506 -95.958 2.000 0.900 0.960 0.900 0.962 0.900 0.958
3 16 -86.506 -95.958 2.000 -87.326 -96.025 2.000 -86.102 -96.025 2.000 0.900 0.958 0.900 0.962 0.900 0.956
3 16 -84.250 -98.867 2.000 -84.214 -98.449 2.000 -89.178 -98.867 2.000 0.900 0.946 0.900 0.946 0.900 0.972
3 16 -84.350 -99.261 2.000 -84.250 -98.867 2.000 -89.078 -99.261 2.000 0.900 0.946 0.900 0.946 0.900 0.971
3 16 -89.078 -99.261 2.000 -84.250 -98.867 2.000 -89.178 -98.867 2.000 0.900 0.971 0.900 0.946 0.900 0.972
3 16 -84.516 -99.638 2.000 -84.350 -99.261 2.000 -88.912 -99.638 2.000 0.900 0.947 0.900 0.946 0.900 0.970
3 16 -88.912 -99.638 2.000 -84.350 -99.261 2.000 -89.078 -99.261 2.000 0.900 0.970 0.900 0.946 0.900 0.971
3 16 -84.742 -99.985 2.000 -84.516 -99.638 2.000 -88.686 -99.985 2.000 0.900 0.948 0.900 0.947 0.900 0.969
3 16 -88.686 -99.985 2.000 -84.516 -99.638 2.000 -88.912 -99.638 2.000 0.900 0.969 0.900 0.947 0.900 0.970
3 16 -85.021 -100.287 2.000 -84.742 -99.985 2.000 -88.408 -100.287 2.000 0.900 0.950 0.900 0.948 0.900 0.968
3 16 -88.408 -100.287 2.000 -84.742 -99.985 2.000 -88.686 -99.985 2.000 0.900 0.968 0.900 0.948 0.900 0.969
3 16 -85.348 -100.542 2.000 -85.021 -100.287 2.000 -88.080 -100.542 2.000 0.900 0.952 0.900 0.950 0.900 0.966
3 16 -88.080 -100.542 2.000 -85.021 -100.287 2.000 -88.408 -100.287 2.000 0.900 0.966 0.900 0.950 0.900 0.968
3 16 -85.709 -100.737 2.000 -85.348 -100.542 2.000 -87.719 -100.737 2.000 0.900 0.953 0.900 0.952 0.900 0.964
3 16 -87.719 -100.737 2.000 -85.348 -100.542 2.000 -88.080 -100.542 2.000 0.900 0.964 0.900 0.952 0.900 0.966
3 16 -86.102 -100.872 2.000 -85.709 -100.737 2.000 -87.326 -100.872 2.000 0.900 0.956 0.900 0.953 0.900 0.962
3 16 -87.326 -100.872 2.000 -85.709 -100.737 2.000 -87.719 -100.737 2.000 0.900 0.962 0.900 0.953 0.900 0.964
3 16 -86.506 -100.940 2.000 -86.102 -100.872 2.000 -86.922 -100.940 2.000 0.900 0.958 0.900 0.956 0.900 0.960
3 16 -86.922 -100.940 2.000 -86.102 -100.872 2.000 -87.326 -100.872 2.000 0.900 0.960 0.900 0.956 0.900 0.962
3 16 18.699 -98.449 -2.000 19.138 -97.373 -2.000 89.536 -98.449 -2.000 0.100 0.401 0.100 0.399 0.100 0.026
3 16 -27.127 -98.449 -2.000 18.699 -98.449 -2.000 89.424 -103.007 -2.000 0.100 0.644 0.100 0.401 0.100 0.027
3 16 89.424 -103.007 -2.000 18.699 -98.449 -2.000 89.536 -98.449 -2.000 0.100 0.027 0.100 0.401 0.100 0.026
3 16 19.138 -97.373 -2.000 19.525 -96.286 -2.000 89.536 -98.449 -2.000 0.100 0.399 0.100 0.397 0.100 0.026
3 16 19.525 -96.286 -2.000 19.860 -95.188 -2.000 89.536 -98.449 -2.000 0.100 0.397 0.100 0.395 0.100 0.026
3 16 19.860 -95.188 -2.000 20.144 -94.077 -2.000 89.536 -98.449 -2.000 0.100 0.395 0.100 0.393 0.100 0.026
3 16 20.144 -94.077 -2.000 20.377 -92.952 -2.000 89.424 -93.890 -2.000 0.100 0.393 0.100 0.392 0.100 0.027
3 16 89.536 -98.449 -2.000 20.144 -94.077 -2.000 89.424 -93.890 -2.000 0.100 0.026 0.100 0.393 0.100 0.027
3 16 20.377 -92.952 -2.000 20.558 -91.812 -2.000 89.424 -93.890 -2.000 0.100 0.392 0.100 0.391 0.100 0.027
3 16 20.558 -91.812 -2.000 20.687 -90.664 -2.000 89.424 -93.890 -2.000 0.100 0.391 0.100 0.391 0.100 0.027
3 16 20.687 -90.664 -2.000 20.763 -89.515 -2.000 89.424 -93.890 -2.000 0.100 0.391 0.100 0.390 0.100 0.027
3 16 20.763 -89.515 -2.000 20.786 -88.367 -2.000 89.091 -89.333 -2.000 0.100 0.390 0.100 0.390 0.100 0.029
3 16 89.424 -93.890 -2.000 20.763 -89.515 -2.000 89.091 -89.333 -2.000 0.100 0.027 0.100 0.390 0.100 0.029
3 16 20.786 -88.367 -2.000 20.755 -87.213 -2.000 89.091 -89.333 -2.000 0.100 0.390 0.100 0.390 0.100 0.029
3 16 20.755 -87.213 -2.000 20.671 -86.060 -2.000 89.091 -89.333 -2.000 0.100 0.390 0.100 0.391 0.100 0.029
3 16 20.671 -86.060 -2.000 20.535 -84.917 -2.000 89.091 -89.333 -2.000 0.100 0.391 0.100 0.391 0.100 0.029
3 16 20.535 -84.917 -2.000 20.347 -83.784 -2.000 88.538 -84.809 -2.000 0.100 0.391 0.100 0.392 0.100 0.032
3 16 89.091 -89.333 -2.000 20.535 -84.917 -2.000 88.538 -84.809 -2.000 0.100 0.029 0.100 0.391 0.100 0.032
3 16 20.347 -83.784 -2.000 20.105 -82.656 -2.000 88.538 -84.809 -2.000 0.100 0.392 0.100 0.394 0.100 0.032
3 16 20.105 -82.656 -2.000 19.811 -81.538 -2.000 88.538 -84.809 -2.000 0.100 0.394 0.100 0.395 0.100 0.032
3 16 19.811 -81.538 -2.000 19.468 -80.438 -2.000 88.538 -84.809 -2.000 0.100 0.395 0.100 0.397 0.100 0.032
3 16 19.468 -80.438 -2.000 19.075 -79.360 -2.000 87.764 -80.314 -2.000 0.100 0.397 0.100 0.399 0.100 0.036
3 16 88.538 -84.809 -2.000 19.468 -80.438 -2.000 87.764 -80.314 -2.000 0.100 0.032 0.100 0.397 0.100 0.036
3 16 19.075 -79.360 -2.000 18.631 -78.295 -2.000 87.764 -80.314 -2.000 0.100 0.399 0.100 0.401 0.100 0.036
3 16 18.631 -78.295 -2.000 18.137 -77.250 -2.000 87.764 -80.314 -2.000 0.100 0.401 0.100 0.404 0.100 0.036
3 16 18.137 -77.250 -2.000 17.597 -76.232 -2.000 87.764 -80.314 -2.000 0.100 0.404 0.100 0.407 0.100 0.036
3 16 17.597 -76.232 -2.000 17.014 -75.243 -2.000 86.772 -75.854 -2.000 0.100 0.407 0.100 0.410 0.100 0.041
3 16 87.764 -80.314 -2.000 17.597 -76.232 -2.000 86.772 -75.854 -2.000 0.100 0.036 0.100 0.407 0.100 0.041
3 16 17.014 -75.243 -2.000 16.382 -74.279 -2.000 86.772 -75.854 -2.000 0.100 0.410 0.100 0.413 0.100 0.041
3 16 16.382 -74.279 -2.000 15.705 -73.342 -2.000 86.772 -75.854 -2.000 0.100 0.413 0.100 0.417 0.100 0.041
3 16 15.705 -73.342 -2.000 14.987 -72.439 -2.000 86.772 -75.854 -2.000 0.100 0.417 0.100 0.421 0.100 0.041
3 16 14.987 -72.439 -2.000 14.232 -71.575 -2.000 86.772 -75.854 -2.000 0.100 0.421 0.100 0.425 0.100 0.041
3 16 14.232 -71.575 -2.000 13.435 -70.743 -2.000 85.567 -71.460 -2.000 0.100 0.425 0.100 0.429 0.100 0.047
3 16 86.772 -75.854 -2.000 14.232 -71.575 -2.000 85.567 -71.460 -2.000 0.100 0.041 0.100 0.425 0.100 0.047
3 16 13.435 -70.743 -2.000 12.598 -69.946 -2.000 85.567 -71.460 -2.000 0.100 0.429 0.100 0.433 0.100 0.047
3 16 12.598 -69.946 -2.000 11.726 -69.190 -2.000 85.567 -71.460 -2.000 0.100 0.433 0.100 0.438 0.100 0.047
3 16 11.726 -69.190 -2.000 10.825 -68.478 -2.000 85.567 -71.460 -2.000 0.100 0.438 0.100 0.443 0.100 0.047
3 16 10.825 -68.478 -2.000 9.889 -67.807 -2.000 85.567 -71.460 -2.000 0.100 0.443 0.100 0.448 0.100 0.047
3 16 9.889 -67.807 -2.000 8.920 -67.178 -2.000 85.567 -71.460 -2.000 0.100 0.448 0.100 0.453 0.100 0.047
3 16 8.920 -67.178 -2.000 7.925 -66.594 -2.000 84.147 -67.123 -2.000 0.100 0.453 0.100 0.458 0.100 0.055
3 16 85.567 -71.460 -2.000 8.920 -67.178 -2.000 84.147 -67.123 -2.000 0.100 0.047 0.100 0.453 0.100 0.055
3 16 7.925 -66.594 -2.000 6.908 -66.059 -2.000 84.147 -67.123 -2.000 0.100 0.458 0.100 0.463 0.100 0.055
3 16 6.908 -66.059 -2.000 5.865 -65.571 -2.000 84.147 -67.123 -2.000 0.100 0.463 0.100 0.469 0.100 0.055
3 16 5.865 -65.571 -2.000 4.798 -65.130 -2.000 84.147 -67.123 -2.000 0.100 0.469 0.100 0.475 0.100 0.055
3 16 4.798 -65.130 -2.000 3.712 -64.739 -2.000 84.147 -67.123 -2.000 0.100 0.475 0.100 0.480 0.100 0.055
3 16 3.712 -64.739 -2.000 2.614 -64.399 -2.000 84.147 -67.123 -2.000 0.100 0.480 0.100 0.486 0.100 0.055
3 16 2.614 -64.399 -2.000 1.500 -64.111 -2.000 84.147 -67.123 -2.000 0.100 0.486 0.100 0.492 0.100 0.055
3 16 1.500 -64.111 -2.000 0.369 -63.873 -2.000 84.147 -67.123 -2.000 0.100 0.492 0.100 0.498 0.100 0.055
3 16 0.369 -63.873 -2.000 -0.770 -63.687 -2.000 84.147 -67.123 -2.000 0.100 0.498 0.100 0.504 0.100 0.055
3 16 -0.770 -63.687 -2.000 -1.912 -63.555 -2.000 84.147 -67.123 -2.000 0.100 0.504 0.100 0.510 0.100 0.055
3 16 -1.912 -63.555 -2.000 -3.059 -63.476 -2.000 84.147 -67.123 -2.000 0.100 0.510 0.100 0.516 0.100 0.055
3 16 -3.059 -63.476 -2.000 -4.214 -63.449 -2.000 82.516 -62.855 -2.000 0.100 0.516 0.100 0.522 0.100 0.063
3 16 84.147 -67.123 -2.000 -3.059 -63.476 -2.000 82.516 -62.855 -2.000 0.100 0.055 0.100 0.516 0.100 0.063
3 16 -4.214 -63.449 -2.000 -5.369 -63.476 -2.000 -81.025 -44.699 -2.000 0.100 0.522 0.100 0.528 0.100 0.929
3 16 82.516 -62.855 -2.000 -4.214 -63.449 -2.000 -81.025 -44.699 -2.000 0.100 0.063 0.100 0.522 0.100 0.929
3 16 -5.369 -63.476 -2.000 -6.516 -63.555 -2.000 -81.025 -44.699 -2.000 0.100 0.528 0.100 0.534 0.100 0.929
3 16 -6.516 -63.555 -2.000 -7.658 -63.687 -2.000 -81.025 -44.699 -2.000 0.100 0.534 0.100 0.541 0.100 0.929
3 16 -7.658 -63.687 -2.000 -8.798 -63.873 -2.000 -81.025 -44.699 -2.000 0.100 0.541 0.100 0.547 0.100 0.929
3 16 -8.798 -63.873 -2.000 -9.928 -64.111 -2.000 -81.025 -44.699 -2.000 0.100 0.547 0.100 0.553 0.100 0.929
3 16 -9.928 -64.111 -2.000 -11.042 -64.399 -2.000 -81.025 -44.699 -2.000 0.100 0.553 0.100 0.558 0.100 0.929
3 16 -11.042 -64.399 -2.000 -12.140 -64.739 -2.000 -81.025 -44.699 -2.000 0.100 0.558 0.100 0.564 0.100 0.929
3 16 -12.140 -64.739 -2.000 -13.226 -65.130 -2.000 -81.025 -44.699 -2.000 0.100 0.564 0.100 0.570 0.100 0.929
3 16 -13.226 -65.130 -2.000 -14.293 -65.571 -2.000 -81.025 -44.699 -2.000 0.100 0.570 0.100 0.576 0.100 0.929
3 16 -14.293 -65.571 -2.000 -15.336 -66.059 -2.000 -81.025 -44.699 -2.000 0.100 0.576 0.100 0.581 0.100 0.929
3 16 -15.336 -66.059 -2.000 -16.353 -66.594 -2.000 -81.025 -44.699 -2.000 0.100 0.581 0.100 0.587 0.100 0.929
3 16 -16.353 -66.594 -2.000 -17.348 -67.178 -2.000 -81.025 -44.699 -2.000 0.100 0.587 0.100 0.592 0.100 0.929
3 16 -17.348 -67.178 -2.000 -18.317 -67.807 -2.000 -81.025 -44.699 -2.000 0.100 0.592 0.100 0.597 0.100 0.929
3 16 -18.317 -67.807 -2.000 -19.253 -68.478 -2.000 -81.025 -44.699 -2.000 0.100 0.597 0.100 0.602 0.100 0.929
3 16 -19.253 -68.478 -2.000 -20.154 -69.190 -2.000 -81.025 -44.699 -2.000 0.100 0.602 0.100 0.607 0.100 0.929
3 16 -20.154 -69.190 -2.000 -21.026 -69.946 -2.000 -81.025 -44.699 -2.000 0.100 0.607 0.100 0.611 0.100 0.929
3 16 -21.026 -69.946 -2.000 -21.863 -70.743 -2.000 -81.025 -44.699 -2.000 0.100 0.611 0.100 0.616 0.100 0.929
3 16 -21.863 -70.743 -2.000 -22.660 -71.575 -2.000 -81.025 -44.699 -2.000 0.100 0.616 0.100 0.620 0.100 0.929
3 16 -22.660 -71.575 -2.000 -23.415 -72.439 -2.000 -81.025 -44.699 -2.000 0.100 0.620 0.100 0.624 0.100 0.929
3 16 -23.415 -72.439 -2.000 -24.133 -73.342 -2.000 -81.025 -44.699 -2.000 0.100 0.624 0.100 0.628 0.100 0.929
3 16 -24.133 -73.342 -2.000 -24.810 -74.279 -2.000 -81.025 -44.699 -2.000 0.100 0.628 0.100 0.631 0.100 0.929
3 16 -24.810 -74.279 -2.000 -25.442 -75.243 -2.000 -81.025 -44.699 -2.000 0.100 0.631 0.100 0.635 0.100 0.929
3 16 -25.442 -75.243 -2.000 -26.025 -76.232 -2.000 -81.025 -44.699 -2.000 0.100 0.635 0.100 0.638 0.100 0.929
3 16 -26.025 -76.232 -2.000 -26.565 -77.250 -2.000 -81.025 -44.699 -2.000 0.100 0.638 0.100 0.641 0.100 0.929
3 16 -26.565 -77.250 -2.000 -27.059 -78.295 -2.000 -81.025 -44.699 -2.000 0.100 0.641 0.100 0.643 0.100 0.929
3 16 -27.059 -78.295 -2.000 -27.503 -79.360 -2.000 -81.025 -44.699 -2.000 0.100 0.643 0.100 0.646 0.100 0.929
3 16 -27.503 -79.360 -2.000 -27.896 -80.438 -2.000 -81.025 -44.699 -2.000 0.100 0.646 0.100 0.648 0.100 0.929
3 16 -27.896 -80.438 -2.000 -28.239 -81.538 -2.000 -81.025 -44.699 -2.000 0.100 0.648 0.100 0.649 0.100 0.929
3 16 -28.239 -81.538 -2.000 -28.533 -82.656 -2.000 -81.025 -44.699 -2.000 0.100 0.649 0.100 0.651 0.100 0.929
3 16 -28.533 -82.656 -2.000 -28.775 -83.784 -2.000 -81.025 -44.699 -2.000 0.100 0.651 0.100 0.652 0.100 0.929
3 16 -28.775 -83.784 -2.000 -28.963 -84.917 -2.000 -81.025 -44.699 -2.000 0.100 0.652 0.100 0.653 0.100 0.929
3 16 -28.963 -84.917 -2.000 -29.099 -86.060 -2.000 -81.025 -44.699 -2.000 0.100 0.653 0.100 0.654 0.100 0.929
3 16 -29.099 -86.060 -2.000 -29.183 -87.213 -2.000 -81.025 -44.699 -2.000 0.100 0.654 0.100 0.654 0.100 0.929
3 16 -29.183 -87.213 -2.000 -29.214 -88.367 -2.000 -81.025 -44.699 -2.000 0.100 0.654 0.100 0.655 0.100 0.929
3 16 -29.214 -88.367 -2.000 -29.191 -89.515 -2.000 -81.025 -44.699 -2.000 0.100 0.655 0.100 0.654 0.100 0.929
3 16 -29.191 -89.515 -2.000 -29.115 -90.664 -2.000 -81.025 -44.699 -2.000 0.100 0.654 0.100 0.654 0.100 0.929
3 16 -29.115 -90.664 -2.000 -28.986 -91.812 -2.000 -81.025 -44.699 -2.000 0.100 0.654 0.100 0.653 0.100 0.929
3 16 -28.986 -91.812 -2.000 -28.805 -92.952 -2.000 -81.025 -44.699 -2.000 0.100 0.653 0.100 0.652 0.100 0.929
3 16 -28.805 -92.952 -2.000 -28.572 -94.077 -2.000 -81.025 -44.699 -2.000 0.100 0.652 0.100 0.651 0.100 0.929
3 16 -28.572 -94.077 -2.000 -28.288 -95.188 -2.000 -81.025 -44.699 -2.000 0.100 0.651 0.100 0.650 0.100 0.929
3 16 -28.288 -95.188 -2.000 -27.953 -96.286 -2.000 -81.025 -44.699 -2.000 0.100 0.650 0.100 0.648 0.100 0.929
3 16 -27.953 -96.286 -2.000 -27.566 -97.373 -2.000 -81.025 -44.699 -2.000 0.100 0.648 0.100 0.646 0.100 0.929
3 16 -27.566 -97.373 -2.000 -27.127 -98.449 -2.000 -81.025 -44.699 -2.000 0.100 0.646 0.100 0.644 0.100 0.929
3 16 -81.025 -152.199 -2.000 -27.127 -98.449 -2.000 73.996 -150.142 -2.000 0.100 0.929 0.100 0.644 0.100 0.108
3 16 -27.127 -98.449 -2.000 -81.025 -152.199 -2.000 -81.025 -44.699 -2.000 0.100 0.644 0.100 0.929 0.100 0.929
3 16 73.996 -150.142 -2.000 -27.127 -98.449 -2.000 76.414 -146.283 -2.000 0.100 0.108 0.100 0.644 0.100 0.096
3 16 76.414 -146.283 -2.000 -27.127 -98.449 -2.000 78.648 -142.299 -2.000 0.100 0.096 0.100 0.644 0.100 0.084
3 16 78.648 -142.299 -2.000 -27.127 -98.449 -2.000 80.685 -138.213 -2.000 0.100 0.084 0.100 0.644 0.100 0.073
3 16 80.685 -138.213 -2.000 -27.127 -98.449 -2.000 82.516 -134.042 -2.000 0.100 0.073 0.100 0.644 0.100 0.063
3 16 82.516 -134.042 -2.000 -27.127 -98.449 -2.000 84.147 -129.775 -2.000 0.100 0.063 0.100 0.644 0.100 0.055
3 16 84.147 -129.775 -2.000 -27.127 -98.449 -2.000 85.567 -125.438 -2.000 0.100 0.055 0.100 0.644 0.100 0.047
3 16 85.567 -125.438 -2.000 -27.127 -98.449 -2.000 86.772 -121.044 -2.000 0.100 0.047 0.100 0.644 0.100 0.041
3 16 86.772 -121.044 -2.000 -27.127 -98.449 -2.000 87.764 -116.584 -2.000 0.100 0.041 0.100 0.644 0.100 0.036
3 16 87.764 -116.584 -2.000 -27.127 -98.449 -2.000 88.538 -112.088 -2.000 0.100 0.036 0.100 0.644 0.100 0.032
3 16 88.538 -112.088 -2.000 -27.127 -98.449 -2.000 89.091 -107.564 -2.000 0.100 0.032 0.100 0.644 0.100 0.029
3 16 89.091 -107.564 -2.000 -27.127 -98.449 -2.000 89.424 -103.007 -2.000 0.100 0.029 0.100 0.644 0.100 0.027
3 16 -78.309 -155.884 -2.000 -81.025 -152.199 -2.000 71.385 -153.889 -2.000 0.100 0.914 0.100 0.929 0.100 0.122
3 16 71.385 -153.889 -2.000 -81.025 -152.199 -2.000 73.996 -150.142 -2.000 0.100 0.122 0.100 0.929 0.100 0.108
3 16 -75.430 -159.419 -2.000 -78.309 -155.884 -2.000 68.596 -157.505 -2.000 0.100 0.899 0.100 0.914 0.100 0.137
3 16 68.596 -157.505 -2.000 -78.309 -155.884 -2.000 71.385 -153.889 -2.000 0.100 0.137 0.100 0.914 0.100 0.122
3 16 -72.388 -162.802 -2.000 -75.430 -159.419 -2.000 65.642 -160.972 -2.000 0.100 0.883 0.100 0.899 0.100 0.153
3 16 65.642 -160.972 -2.000 -75.430 -159.419 -2.000 68.596 -157.505 -2.000 0.100 0.153 0.100 0.899 0.100 0.137
3 16 -69.177 -166.041 -2.000 -72.388 -162.802 -2.000 62.514 -164.300 -2.000 0.100 0.866 0.100 0.883 0.100 0.169
3 16 62.514 -164.300 -2.000 -72.388 -162.802 -2.000 65.642 -160.972 -2.000 0.100 0.169 0.100 0.883 0.100 0.153
3 16 -65.806 -169.126 -2.000 -69.177 -166.041 -2.000 59.229 -167.470 -2.000 0.100 0.848 0.100 0.866 0.100 0.187
3 16 59.229 -167.470 -2.000 -69.177 -166.041 -2.000 62.514 -164.300 -2.000 0.100 0.187 0.100 0.866 0.100 0.169
3 16 -62.300 -172.036 -2.000 -65.806 -169.126 -2.000 55.801 -170.470 -2.000 0.100 0.830 0.100 0.848 0.100 0.205
3 16 55.801 -170.470 -2.000 -65.806 -169.126 -2.000 59.229 -167.470 -2.000 0.100 0.205 0.100 0.848 0.100 0.187
3 16 -58.650 -174.775 -2.000 -62.300 -172.036 -2.000 52.221 -173.308 -2.000 0.100 0.810 0.100 0.830 0.100 0.224
3 16 52.221 -173.308 -2.000 -62.300 -172.036 -2.000 55.801 -170.470 -2.000 0.100 0.224 0.100 0.830 0.100 0.205
3 16 -54.867 -177.336 -2.000 -58.650 -174.775 -2.000 48.512 -175.967 -2.000 0.100 0.790 0.100 0.810 0.100 0.243
3 16 48.512 -175.967 -2.000 -58.650 -174.775 -2.000 52.221 -173.308 -2.000 0.100 0.243 0.100 0.810 0.100 0.224
3 16 -50.976 -179.704 -2.000 -54.867 -177.336 -2.000 44.683 -178.436 -2.000 0.100 0.770 0.100 0.790 0.100 0.264
3 16 44.683 -178.436 -2.000 -54.867 -177.336 -2.000 48.512 -175.967 -2.000 0.100 0.264 0.100 0.790 0.100 0.243
3 16 -46.964 -181.883 -2.000 -50.976 -179.704 -2.000 40.728 -180.724 -2.000 0.100 0.748 0.100 0.770 0.100 0.285
3 16 40.728 -180.724 -2.000 -50.976 -179.704 -2.000 44.683 -178.436 -2.000 0.100 0.285 0.100 0.770 0.100 0.264
3 16 -42.850 -183.867 -2.000 -46.964 -181.883 -2.000 36.673 -182.813 -2.000 0.100 0.727 0.100 0.748 0.100 0.306
3 16 36.673 -182.813 -2.000 -46.964 -181.883 -2.000 40.728 -180.724 -2.000 0.100 0.306 0.100 0.748 0.100 0.285
3 16 -38.656 -185.643 -2.000 -42.850 -183.867 -2.000 32.524 -184.700 -2.000 0.100 0.705 0.100 0.727 0.100 0.328
3 16 32.524 -184.700 -2.000 -42.850 -183.867 -2.000 36.673 -182.813 -2.000 0.100 0.328 0.100 0.727 0.100 0.306
3 16 -34.368 -187.216 -2.000 -38.656 -185.643 -2.000 28.278 -186.387 -2.000 0.100 0.682 0.100 0.705 0.100 0.350
3 16 28.278 -186.387 -2.000 -38.656 -185.643 -2.000 32.524 -184.700 -2.000 0.100 0.350 0.100 0.705 0.100 0.328
3 16 -30.010 -188.580 -2.000 -34.368 -187.216 -2.000 23.964 -187.864 -2.000 0.100 0.659 0.100 0.682 0.100 0.373
3 16 23.964 -187.864 -2.000 -34.368 -187.216 -2.000 28.278 -186.387 -2.000 0.100 0.373 0.100 0.682 0.100 0.350
3 16 -25.602 -189.726 -2.000 -30.010 -188.580 -2.000 19.583 -189.128 -2.000 0.100 0.635 0.100 0.659 0.100 0.396
3 16 19.583 -189.128 -2.000 -30.010 -188.580 -2.000 23.964 -187.864 -2.000 0.100 0.396 0.100 0.659 0.100 0.373
3 16 -21.131 -190.659 -2.000 -25.602 -189.726 -2.000 15.136 -190.179 -2.000 0.100 0.612 0.100 0.635 0.100 0.420
3 16 15.136 -190.179 -2.000 -25.602 -189.726 -2.000 19.583 -189.128 -2.000 0.100 0.420 0.100 0.635 0.100 0.396
3 16 -16.622 -191.374 -2.000 -21.131 -190.659 -2.000 10.655 -191.012 -2.000 0.100 0.588 0.100 0.612 0.100 0.444
3 16 10.655 -191.012 -2.000 -21.131 -190.659 -2.000 15.136 -190.179 -2.000 0.100 0.444 0.100 0.612 0.100 0.420
3 16 -12.094 -191.867 -2.000 -16.622 -191.374 -2.000 6.135 -191.625 -2.000 0.100 0.564 0.100 0.588 0.100 0.468
3 16 6.135 -191.625 -2.000 -16.622 -191.374 -2.000 10.655 -191.012 -2.000 0.100 0.468 0.100 0.588 0.100 0.444
3 16 -7.533 -192.139 -2.000 -12.094 -191.867 -2.000 1.583 -192.019 -2.000 0.100 0.540 0.100 0.564 0.100 0.492
3 16 1.583 -192.019 -2.000 -12.094 -191.867 -2.000 6.135 -191.625 -2.000 0.100 0.492 0.100 0.564 0.100 0.468
3 16 -2.970 -192.190 -2.000 -7.533 -192.139 -2.000 1.583 -192.019 -2.000 0.100 0.516 0.100 0.540 0.100 0.492
3 16 80.685 -58.684 -2.000 82.516 -62.855 -2.000 -81.025 -44.699 -2.000 0.100 0.073 0.100 0.063 0.100 0.929
3 16 78.648 -54.599 -2.000 80.685 -58.684 -2.000 -81.025 -44.699 -2.000 0.100 0.084 0.100 0.073 0.100 0.929
3 16 76.414 -50.615 -2.000 78.648 -54.599 -2.000 -81.025 -44.699 -2.000 0.100 0.096 0.100 0.084 0.100 0.929
3 16 73.996 -46.755 -2.000 76.414 -50.615 -2.000 -81.025 -44.699 -2.000 0.100 0.108 0.100 0.096 0.100 0.929
3 16 71.385 -43.008 -2.000 73.996 -46.755 -2.000 -81.025 -44.699 -2.000 0.100 0.122 0.100 0.108 0.100 0.929
3 16 68.596 -39.392 -2.000 71.385 -43.008 -2.000 -78.309 -41.013 -2.000 0.100 0.137 0.100 0.122 0.100 0.914
3 16 -78.309 -41.013 -2.000 71.385 -43.008 -2.000 -81.025 -44.699 -2.000 0.100 0.914 0.100 0.122 0.100 0.929
3 16 65.642 -35.926 -2.000 68.596 -39.392 -2.000 -75.430 -37.479 -2.000 0.100 0.153 0.100 0.137 0.100 0.899
3 16 -75.430 -37.479 -2.000 68.596 -39.392 -2.000 -78.309 -41.013 -2.000 0.100 0.899 0.100 0.137 0.100 0.914
3 16 62.514 -32.598 -2.000 65.642 -35.926 -2.000 -72.388 -34.096 -2.000 0.100 0.169 0.100 0.153 0.100 0.883
3 16 -72.388 -34.096 -2.000 65.642 -35.926 -2.000 -75.430 -37.479 -2.000 0.100 0.883 0.100 0.153 0.100 0.899
3 16 59.229 -29.427 -2.000 62.514 -32.598 -2.000 -69.177 -30.856 -2.000 0.100 0.187 0.100 0.169 0.100 0.866
3 16 -69.177 -30.856 -2.000 62.514 -32.598 -2.000 -72.388 -34.096 -2.000 0.100 0.866 0.100 0.169 0.100 0.883
3 16 55.801 -26.427 -2.000 59.229 -29.427 -2.000 -65.806 -27.771 -2.000 0.100 0.205 0.100 0.187 0.100 0.848
3 16 -65.806 -27.771 -2.000 59.229 -29.427 -2.000 -69.177 -30.856 -2.000 0.100 0.848 0.100 0.187 0.100 0.866
3 16 52.221 -23.589 -2.000 55.801 -26.427 -2.000 -62.300 -24.862 -2.000 0.100 0.224 0.100 0.205 0.100 0.830
3 16 -62.300 -24.862 -2.000 55.801 -26.427 -2.000 -65.806 -27.771 -2.000 0.100 0.830 0.100 0.205 0.100 0.848
3 16 48.512 -20.931 -2.000 52.221 -23.589 -2.000 -58.650 -22.123 -2.000 0.100 0.243 0.100 0.224 0.100 0.810
3 16 -58.650 -22.123 -2.000 52.221 -23.589 -2.000 -62.300 -24.862 -2.000 0.100 0.810 0.100 0.224 0.100 0.830
3 16 44.683 -18.461 -2.000 48.512 -20.931 -2.000 -54.867 -19.561 -2.000 0.100 0.264 0.100 0.243 0.100 0.790
3 16 -54.867 -19.561 -2.000 48.512 -20.931 -2.000 -58.650 -22.123 -2.000 0.100 0.790 0.100 0.243 0.100 0.810
3 16 40.728 -16.174 -2.000 44.683 -18.461 -2.000 -50.976 -17.194 -2.000 0.100 0.285 0.100 0.264 0.100 0.770
3 16 -50.976 -17.194 -2.000 44.683 -18.461 -2.000 -54.867 -19.561 -2.000 0.100 0.770 0.100 0.264 0.100 0.790
3 16 36.673 -14.084 -2.000 40.728 -16.174 -2.000 -46.964 -15.014 -2.000 0.100 0.306 0.100 0.285 0.100 0.748
3 16 -46.964 -15.014 -2.000 40.728 -16.174 -2.000 -50.976 -17.194 -2.000 0.100 0.748 0.100 0.285 0.100 0.770
3 16 32.524 -12.198 -2.000 36.673 -14.084 -2.000 -42.850 -13.030 -2.000 0.100 0.328 0.100 0.306 0.100 0.727
3 16 -42.850 -13.030 -2.000 36.673 -14.084 -2.000 -46.964 -15.014 -2.000 0.100 0.727 0.100 0.306 0.100 0.748
3 16 28.278 -10.510 -2.000 32.524 -12.198 -2.000 -38.656 -11.255 -2.000 0.100 0.350 0.100 0.328 0.100 0.705
3 16 -38.656 -11.255 -2.000 32.524 -12.198 -2.000 -42.850 -13.030 -2.000 0.100 0.705 0.100 0.328 0.100 0.727
3 16 23.964 -9.034 -2.000 28.278 -10.510 -2.000 -34.368 -9.682 -2.000 0.100 0.373 0.100 0.350 0.100 0.682
3 16 -34.368 -9.682 -2.000 28.278 -10.510 -2.000 -38.656 -11.255 -2.000 0.100 0.682 0.100 0.350 0.100 0.705
3 16 19.583 -7.770 -2.000 23.964 -9.034 -2.000 -30.010 -8.318 -2.000 0.100 0.396 0.100 0.373 0.100 0.659
3 16 -30.010 -8.318 -2.000 23.964 -9.034 -2.000 -34.368 -9.682 -2.000 0.100 0.659 0.100 0.373 0.100 0.682
3 16 15.136 -6.718 -2.000 19.583 -7.770 -2.000 -25.602 -7.171 -2.000 0.100 0.420 0.100 0.396 0.100 0.635
3 16 -25.602 -7.171 -2.000 19.583 -7.770 -2.000 -30.010 -8.318 -2.000 0.100 0.635 0.100 0.396 0.100 0.659
3 16 10.655 -5.885 -2.000 15.136 -6.718 -2.000 -21.131 -6.238 -2.000 0.100 0.444 0.100 0.420 0.100 0.612
3 16 -21.131 -6.238 -2.000 15.136 -6.718 -2.000 -25.602 -7.171 -2.000 0.100 0.612 0.100 0.420 0.100 0.635
3 16 6.135 -5.272 -2.000 10.655 -5.885 -2.000 -16.622 -5.524 -2.000 0.100 0.468 0.100 0.444 0.100 0.588
3 16 -16.622 -5.524 -2.000 10.655 -5.885 -2.000 -21.131 -6.238 -2.000 0.100 0.588 0.100 0.444 0.100 0.612
3 16 1.583 -4.879 -2.000 6.135 -5.272 -2.000 -12.094 -5.031 -2.000 0.100 0.492 0.100 0.468 0.100 0.564
3 16 -12.094 -5.031 -2.000 6.135 -5.272 -2.000 -16.622 -5.524 -2.000 0.100 0.564 0.100 0.468 0.100 0.588
3 16 -2.970 -4.707 -2.000 1.583 -4.879 -2.000 -7.533 -4.758 -2.000 0.100 0.516 0.100 0.492 0.100 0.540
3 16 -7.533 -4.758 -2.000 1.583 -4.879 -2.000 -12.094 -5.031 -2.000 0.100 0.540 0.100 0.492 0.100 0.564
3 16 -92.384 -58.898 2.470 -90.128 -54.211 2.470 -90.504 -54.106 2.380 0.994 0.989 0.994 0.977 0.976 0.979
3 16 -31.766 -5.427 2.380 -31.920 -5.094 2.230 -36.735 -7.046 2.380 0.976 0.668 0.946 0.669 0.976 0.694
3 16 -92.384 -58.898 2.470 -90.504 -54.106 2.380 -92.766 -58.817 2.380 0.994 0.989 0.976 0.979 0.976 0.991
3 16 -36.908 -6.722 2.230 -41.802 -8.616 2.230 -41.610 -8.930 2.380 0.946 0.695 0.946 0.721 0.976 0.720
3 16 -90.128 -54.211 2.470 -87.621 -49.650 2.470 -87.990 -49.524 2.380 0.994 0.977 0.994 0.964 0.976 0.966
3 16 -90.128 -54.211 2.470 -87.990 -49.524 2.380 -90.504 -54.106 2.380 0.994 0.977 0.976 0.966 0.976 0.979
3 16 -87.621 -49.650 2.470 -84.873 -45.230 2.470 -85.234 -45.083 2.380 0.994 0.964 0.994 0.949 0.976 0.951
3 16 -87.621 -49.650 2.470 -85.234 -45.083 2.380 -87.990 -49.524 2.380 0.994 0.964 0.976 0.951 0.976 0.966
3 16 -84.873 -45.230 2.470 -81.891 -40.965 2.470 -82.243 -40.798 2.380 0.994 0.949 0.994 0.933 0.976 0.935
3 16 -84.873 -45.230 2.470 -82.243 -40.798 2.380 -85.234 -45.083 2.380 0.994 0.949 0.976 0.935 0.976 0.951
3 16 -81.891 -40.965 2.470 -78.684 -36.867 2.470 -79.025 -36.679 2.380 0.994 0.933 0.994 0.916 0.976 0.918
3 16 -81.891 -40.965 2.470 -79.025 -36.679 2.380 -82.243 -40.798 2.380 0.994 0.933 0.976 0.918 0.976 0.935
3 16 -78.684 -36.867 2.470 -75.261 -32.947 2.470 -75.590 -32.740 2.380 0.994 0.916 0.994 0.898 0.976 0.900
3 16 -78.684 -36.867 2.470 -75.590 -32.740 2.380 -79.025 -36.679 2.380 0.994 0.916 0.976 0.900 0.976 0.918
3 16 -75.261 -32.947 2.470 -71.632 -29.217 2.470 -71.948 -28.992 2.380 0.994 0.898 0.994 0.879 0.976 0.881
3 16 -75.261 -32.947 2.470 -71.948 -28.992 2.380 -75.590 -32.740 2.380 0.994 0.898 0.976 0.881 0.976 0.900
3 16 -71.632 -29.217 2.470 -67.807 -25.688 2.470 -68.110 -25.445 2.380 0.994 0.879 0.994 0.859 0.976 0.860
3 16 -71.632 -29.217 2.470 -68.110 -25.445 2.380 -71.948 -28.992 2.380 0.994 0.879 0.976 0.860 0.976 0.881
3 16 -67.807 -25.688 2.470 -63.798 -22.370 2.470 -64.086 -22.110 2.380 0.994 0.859 0.994 0.838 0.976 0.839
3 16 -67.807 -25.688 2.470 -64.086 -22.110 2.380 -68.110 -25.445 2.380 0.994 0.859 0.976 0.839 0.976 0.860
3 16 -63.798 -22.370 2.470 -59.616 -19.273 2.470 -59.888 -18.997 2.380 0.994 0.838 0.994 0.815 0.976 0.817
3 16 -63.798 -22.370 2.470 -59.888 -18.997 2.380 -64.086 -22.110 2.380 0.994 0.838 0.976 0.817 0.976 0.839
3 16 -59.616 -19.273 2.470 -55.273 -16.405 2.470 -55.529 -16.114 2.380 0.994 0.815 0.994 0.792 0.976 0.794
3 16 -59.616 -19.273 2.470 -55.529 -16.114 2.380 -59.888 -18.997 2.380 0.994 0.815 0.976 0.794 0.976 0.817
3 16 -55.273 -16.405 2.470 -50.782 -13.776 2.470 -51.020 -13.470 2.380 0.994 0.792 0.994 0.769 0.976 0.770
3 16 -55.273 -16.405 2.470 -51.020 -13.470 2.380 -55.529 -16.114 2.380 0.994 0.792 0.976 0.770 0.976 0.794
3 16 -50.782 -13.776 2.470 -46.156 -11.391 2.470 -46.376 -11.073 2.380 0.994 0.769 0.994 0.744 0.976 0.745
3 16 -50.782 -13.776 2.470 -46.376 -11.073 2.380 -51.020 -13.470 2.380 0.994 0.769 0.976 0.745 0.976 0.770
3 16 -46.156 -11.391 2.470 -41.409 -9.260 2.470 -41.610 -8.930 2.380 0.994 0.744 0.994 0.719 0.976 0.720
3 16 -46.156 -11.391 2.470 -41.610 -8.930 2.380 -46.376 -11.073 2.380 0.994 0.744 0.976 0.720 0.976 0.745
3 16 -41.409 -9.260 2.470 -36.554 -7.387 2.470 -36.735 -7.046 2.380 0.994 0.719 0.994 0.693 0.976 0.694
3 16 -41.409 -9.260 2.470 -36.735 -7.046 2.380 -41.610 -8.930 2.380 0.994 0.719 0.976 0.694 0.976 0.720
3 16 -36.554 -7.387 2.470 -31.604 -5.778 2.470 -31.766 -5.427 2.380 0.994 0.693 0.994 0.667 0.976 0.668
3 16 -36.554 -7.387 2.470 -31.766 -5.427 2.380 -36.735 -7.046 2.380 0.994 0.693 0.976 0.668 0.976 0.694
3 16 -31.604 -5.778 2.470 -26.576 -4.438 2.470 -26.716 -4.078 2.380 0.994 0.667 0.994 0.641 0.976 0.641
3 16 -31.604 -5.778 2.470 -26.716 -4.078 2.380 -31.766 -5.427 2.380 0.994 0.667 0.976 0.641 0.976 0.668
3 16 -26.576 -4.438 2.470 -21.482 -3.370 2.470 -21.602 -3.003 2.380 0.994 0.641 0.994 0.614 0.976 0.614
3 16 -26.576 -4.438 2.470 -21.602 -3.003 2.380 -26.716 -4.078 2.380 0.994 0.641 0.976 0.614 0.976 0.641
3 16 -21.482 -3.370 2.470 -16.339 -2.578 2.470 -16.437 -2.206 2.380 0.994 0.614 0.994 0.586 0.976 0.587
3 16 -21.482 -3.370 2.470 -16.437 -2.206 2.380 -21.602 -3.003 2.380 0.994 0.614 0.976 0.587 0.976 0.614
3 16 -16.339 -2.578 2.470 -11.160 -2.065 2.470 -11.236 -1.687 2.380 0.994 0.586 0.994 0.559 0.976 0.559
3 16 -16.339 -2.578 2.470 -11.236 -1.687 2.380 -16.437 -2.206 2.380 0.994 0.586 0.976 0.559 0.976 0.587
3 16 -11.160 -2.065 2.470 -5.961 -1.830 2.470 -6.015 -1.449 2.380 0.994 0.559 0.994 0.532 0.976 0.532
3 16 -11.160 -2.065 2.470 -6.015 -1.449 2.380 -11.236 -1.687 2.380 0.994 0.559 0.976 0.532 0.976 0.559
3 16 -5.961 -1.830 2.470 -0.757 -1.876 2.470 -0.789 -1.493 2.380 0.994 0.532 0.994 0.504 0.976 0.504
3 16 -5.961 -1.830 2.470 -0.789 -1.493 2.380 -6.015 -1.449 2.380 0.994 0.532 0.976 0.504 0.976 0.532
3 16 -0.757 -1.876 2.470 4.436 -2.203 2.470 4.427 -1.818 2.380 0.994 0.504 0.994 0.477 0.976 0.477
3 16 -0.757 -1.876 2.470 4.427 -1.818 2.380 -0.789 -1.493 2.380 0.994 0.504 0.976 0.477 0.976 0.504
3 16 4.436 -2.203 2.470 9.605 -2.808 2.470 9.618 -2.424 2.380 0.994 0.477 0.994 0.449 0.976 0.449
3 16 4.436 -2.203 2.470 9.618 -2.424 2.380 4.427 -1.818 2.380 0.994 0.477 0.976 0.449 0.976 0.477
3 16 9.605 -2.808 2.470 14.734 -3.690 2.470 14.769 -3.308 2.380 0.994 0.449 0.994 0.422 0.976 0.422
3 16 9.605 -2.808 2.470 14.769 -3.308 2.380 9.618 -2.424 2.380 0.994 0.449 0.976 0.422 0.976 0.449
3 16 14.734 -3.690 2.470 19.808 -4.848 2.470 19.865 -4.468 2.380 0.994 0.422 0.994 0.395 0.976 0.395
3 16 14.734 -3.690 2.470 19.865 -4.468 2.380 14.769 -3.308 2.380 0.994 0.422 0.976 0.395 0.976 0.422
3 16 19.808 -4.848 2.470 24.812 -6.277 2.470 24.891 -5.901 2.380 0.994 0.395 0.994 0.369 0.976 0.368
3 16 19.808 -4.848 2.470 24.891 -5.901 2.380 19.865 -4.468 2.380 0.994 0.395 0.976 0.368 0.976 0.395
3 16 24.812 -6.277 2.470 29.732 -7.973 2.470 29.832 -7.603 2.380 0.994 0.369 0.994 0.343 0.976 0.342
3 16 24.812 -6.277 2.470 29.832 -7.603 2.380 24.891 -5.901 2.380 0.994 0.369 0.976 0.342 0.976 0.368
3 16 29.732 -7.973 2.470 34.553 -9.932 2.470 34.675 -9.568 2.380 0.994 0.343 0.994 0.317 0.976 0.317
3 16 29.732 -7.973 2.470 34.675 -9.568 2.380 29.832 -7.603 2.380 0.994 0.343 0.976 0.317 0.976 0.342
3 16 34.553 -9.932 2.470 39.262 -12.147 2.470 39.405 -11.791 2.380 0.994 0.317 0.994 0.292 0.976 0.292
3 16 34.553 -9.932 2.470 39.405 -11.791 2.380 34.675 -9.568 2.380 0.994 0.317 0.976 0.292 0.976 0.317
3 16 39.262 -12.147 2.470 43.845 -14.613 2.470 44.008 -14.266 2.380 0.994 0.292 0.994 0.268 0.976 0.267
3 16 39.262 -12.147 2.470 44.008 -14.266 2.380 39.405 -11.791 2.380 0.994 0.292 0.976 0.267 0.976 0.292
3 16 43.845 -14.613 2.470 48.289 -17.322 2.470 48.471 -16.985 2.380 0.994 0.268 0.994 0.245 0.976 0.244
3 16 43.845 -14.613 2.470 48.471 -16.985 2.380 44.008 -14.266 2.380 0.994 0.268 0.976 0.244 0.976 0.267
3 16 48.289 -17.322 2.470 52.580 -20.266 2.470 52.782 -19.940 2.380 0.994 0.245 0.994 0.222 0.976 0.221
3 16 48.289 -17.322 2.470 52.782 -19.940 2.380 48.471 -16.985 2.380 0.994 0.245 0.976 0.221 0.976 0.244
3 16 52.580 -20.266 2.470 56.707 -23.437 2.470 56.927 -23.123 2.380 0.994 0.222 0.994 0.200 0.976 0.199
3 16 52.580 -20.266 2.470 56.927 -23.123 2.380 52.782 -19.940 2.380 0.994 0.222 0.976 0.199 0.976 0.221
3 16 56.707 -23.437 2.470 60.656 -26.825 2.470 60.895 -26.525 2.380 0.994 0.200 0.994 0.179 0.976 0.178
3 16 56.707 -23.437 2.470 60.895 -26.525 2.380 56.927 -23.123 2.380 0.994 0.200 0.976 0.178 0.976 0.199
3 16 60.656 -26.825 2.470 64.418 -30.421 2.470 64.673 -30.136 2.380 0.994 0.179 0.994 0.159 0.976 0.158
3 16 60.656 -26.825 2.470 64.673 -30.136 2.380 60.895 -26.525 2.380 0.994 0.179 0.976 0.158 0.976 0.178
3 16 64.418 -30.421 2.470 67.981 -34.214 2.470 68.252 -33.944 2.380 0.994 0.159 0.994 0.140 0.976 0.139
3 16 64.418 -30.421 2.470 68.252 -33.944 2.380 64.673 -30.136 2.380 0.994 0.159 0.976 0.139 0.976 0.158
3 16 67.981 -34.214 2.470 71.334 -38.194 2.470 71.620 -37.940 2.380 0.994 0.140 0.994 0.123 0.976 0.121
3 16 67.981 -34.214 2.470 71.620 -37.940 2.380 68.252 -33.944 2.380 0.994 0.140 0.976 0.121 0.976 0.139
3 16 71.334 -38.194 2.470 74.468 -42.349 2.470 74.769 -42.112 2.380 0.994 0.123 0.994 0.106 0.976 0.104
3 16 71.334 -38.194 2.470 74.769 -42.112 2.380 71.620 -37.940 2.380 0.994 0.123 0.976 0.104 0.976 0.121
3 16 74.468 -42.349 2.470 77.374 -46.666 2.470 77.688 -46.447 2.380 0.994 0.106 0.994 0.091 0.976 0.089
3 16 74.468 -42.349 2.470 77.688 -46.447 2.380 74.769 -42.112 2.380 0.994 0.106 0.976 0.089 0.976 0.104
3 16 77.374 -46.666 2.470 80.044 -51.133 2.470 80.370 -50.933 2.380 0.994 0.091 0.994 0.076 0.976 0.075
3 16 77.374 -46.666 2.470 80.370 -50.933 2.380 77.688 -46.447 2.380 0.994 0.091 0.976 0.075 0.976 0.089
3 16 80.044 -51.133 2.470 82.469 -55.738 2.470 82.806 -55.557 2.380 0.994 0.076 0.994 0.064 0.976 0.062
3 16 80.044 -51.133 2.470 82.806 -55.557 2.380 80.370 -50.933 2.380 0.994 0.076 0.976 0.062 0.976 0.075
3 16 82.469 -55.738 2.470 84.642 -60.466 2.470 84.989 -60.305 2.380 0.994 0.064 0.994 0.052 0.976 0.050
3 16 82.469 -55.738 2.470 84.989 -60.305 2.380 82.806 -55.557 2.380 0.994 0.064 0.976 0.050 0.976 0.062
3 16 84.642 -60.466 2.470 86.558 -65.305 2.470 86.914 -65.164 2.380 0.994 0.052 0.994 0.042 0.976 0.040
3 16 84.642 -60.466 2.470 86.914 -65.164 2.380 84.989 -60.305 2.380 0.994 0.052 0.976 0.040 0.976 0.050
3 16 86.558 -65.305 2.470 88.211 -70.239 2.470 88.574 -70.120 2.380 0.994 0.042 0.994 0.033 0.976 0.031
3 16 86.558 -65.305 2.470 88.574 -70.120 2.380 86.914 -65.164 2.380 0.994 0.042 0.976 0.031 0.976 0.040
3 16 88.211 -70.239 2.470 89.596 -75.256 2.470 89.965 -75.157 2.380 0.994 0.033 0.994 0.026 0.976 0.024
3 16 88.211 -70.239 2.470 89.965 -75.157 2.380 88.574 -70.120 2.380 0.994 0.033 0.976 0.024 0.976 0.031
3 16 89.596 -75.256 2.470 90.708 -80.340 2.470 91.082 -80.263 2.380 0.994 0.026 0.994 0.020 0.976 0.018
3 16 89.596 -75.256 2.470 91.082 -80.263 2.380 89.965 -75.157 2.380 0.994 0.026 0.976 0.018 0.976 0.024
3 16 90.708 -80.340 2.470 91.545 -85.476 2.470 91.923 -85.421 2.380 0.994 0.020 0.994 0.016 0.976 0.014
3 16 90.708 -80.340 2.470 91.923 -85.421 2.380 91.082 -80.263 2.380 0.994 0.020 0.976 0.014 0.976 0.018
3 16 91.545 -85.476 2.470 92.105 -90.650 2.470 92.486 -90.617 2.380 0.994 0.016 0.994 0.013 0.976 0.011
3 16 91.545 -85.476 2.470 92.486 -90.617 2.380 91.923 -85.421 2.380 0.994 0.016 0.976 0.011 0.976 0.014
3 16 92.105 -90.650 2.470 92.385 -95.847 2.470 92.767 -95.836 2.380 0.994 0.013 0.994 0.011 0.976 0.009
3 16 92.105 -90.650 2.470 92.767 -95.836 2.380 92.486 -90.617 2.380 0.994 0.013 0.976 0.009 0.976 0.011
3 16 92.385 -95.847 2.470 92.385 -101.051 2.470 92.767 -95.836 2.380 0.994 0.011 0.994 0.011 0.976 0.009
3 16 92.385 -101.051 2.470 92.105 -106.247 2.470 92.767 -101.062 2.380 0.994 0.011 0.994 0.013 0.976 0.009
3 16 92.385 -101.051 2.470 92.767 -101.062 2.380 92.767 -95.836 2.380 0.994 0.011 0.976 0.009 0.976 0.009
3 16 92.105 -106.247 2.470 91.545 -111.421 2.470 92.486 -106.281 2.380 0.994 0.013 0.994 0.016 0.976 0.011
3 16 92.105 -106.247 2.470 92.486 -106.281 2.380 92.767 -101.062 2.380 0.994 0.013 0.976 0.011 0.976 0.009
3 16 91.545 -111.421 2.470 90.708 -116.558 2.470 91.923 -111.477 2.380 0.994 0.016 0.994 0.020 0.976 0.014
3 16 91.545 -111.421 2.470 91.923 -111.477 2.380 92.486 -106.281 2.380 0.994 0.016 0.976 0.014 0.976 0.011
3 16 90.708 -116.558 2.470 89.596 -121.641 2.470 91.082 -116.635 2.380 0.994 0.020 0.994 0.026 0.976 0.018
3 16 90.708 -116.558 2.470 91.082 -116.635 2.380 91.923 -111.477 2.380 0.994 0.020 0.976 0.018 0.976 0.014
3 16 89.596 -121.641 2.470 88.211 -126.658 2.470 89.965 -121.740 2.380 0.994 0.026 0.994 0.033 0.976 0.024
3 16 89.596 -121.641 2.470 89.965 -121.740 2.380 91.082 -116.635 2.380 0.994 0.026 0.976 0.024 0.976 0.018
3 16 88.211 -126.658 2.470 86.558 -131.593 2.470 88.574 -126.778 2.380 0.994 0.033 0.994 0.042 0.976 0.031
3 16 88.211 -126.658 2.470 88.574 -126.778 2.380 89.965 -121.740 2.380 0.994 0.033 0.976 0.031 0.976 0.024
3 16 86.558 -131.593 2.470 84.642 -136.431 2.470 86.914 -131.734 2.380 0.994 0.042 0.994 0.052 0.976 0.040
3 16 86.558 -131.593 2.470 86.914 -131.734 2.380 88.574 -126.778 2.380 0.994 0.042 0.976 0.040 0.976 0.031
3 16 84.642 -136.431 2.470 82.469 -141.160 2.470 84.989 -136.593 2.380 0.994 0.052 0.994 0.064 0.976 0.050
3 16 84.642 -136.431 2.470 84.989 -136.593 2.380 86.914 -131.734 2.380 0.994 0.052 0.976 0.050 0.976 0.040
3 16 82.469 -141.160 2.470 80.044 -145.764 2.470 82.806 -141.341 2.380 0.994 0.064 0.994 0.076 0.976 0.062
3 16 82.469 -141.160 2.470 82.806 -141.341 2.380 84.989 -136.593 2.380 0.994 0.064 0.976 0.062 0.976 0.050
3 16 80.044 -145.764 2.470 77.374 -150.232 2.470 80.370 -145.965 2.380 0.994 0.076 0.994 0.091 0.976 0.075
3 16 80.044 -145.764 2.470 80.370 -145.965 2.380 82.806 -141.341 2.380 0.994 0.076 0.976 0.075 0.976 0.062
3 16 77.374 -150.232 2.470 74.468 -154.549 2.470 77.688 -150.451 2.380 0.994 0.091 0.994 0.106 0.976 0.089
3 16 77.374 -150.232 2.470 77.688 -150.451 2.380 80.370 -145.965 2.380 0.994 0.091 0.976 0.089 0.976 0.075
3 16 74.468 -154.549 2.470 71.334 -158.703 2.470 74.769 -154.786 2.380 0.994 0.106 0.994 0.123 0.976 0.104
3 16 74.468 -154.549 2.470 74.769 -154.786 2.380 77.688 -150.451 2.380 0.994 0.106 0.976 0.104 0.976 0.089
3 16 71.334 -158.703 2.470 67.981 -162.683 2.470 71.620 -158.957 2.380 0.994 0.123 0.994 0.140 0.976 0.121
3 16 71.334 -158.703 2.470 71.620 -158.957 2.380 74.769 -154.786 2.380 0.994 0.123 0.976 0.121 0.976 0.104
3 16 67.981 -162.683 2.470 64.418 -166.476 2.470 68.252 -162.953 2.380 0.994 0.140 0.994 0.159 0.976 0.139
3 16 67.981 -162.683 2.470 68.252 -162.953 2.380 71.620 -158.957 2.380 0.994 0.140 0.976 0.139 0.976 0.121
3 16 64.418 -166.476 2.470 60.656 -170.073 2.470 64.673 -166.762 2.380 0.994 0.159 0.994 0.179 0.976 0.158
3 16 64.418 -166.476 2.470 64.673 -166.762 2.380 68.252 -162.953 2.380 0.994 0.159 0.976 0.158 0.976 0.139
3 16 60.656 -170.073 2.470 56.707 -173.461 2.470 60.895 -170.372 2.380 0.994 0.179 0.994 0.200 0.976 0.178
3 16 60.656 -170.073 2.470 60.895 -170.372 2.380 64.673 -166.762 2.380 0.994 0.179 0.976 0.178 0.976 0.158
3 16 56.707 -173.461 2.470 52.580 -176.632 2.470 56.927 -173.774 2.380 0.994 0.200 0.994 0.222 0.976 0.199
3 16 56.707 -173.461 2.470 56.927 -173.774 2.380 60.895 -170.372 2.380 0.994 0.200 0.976 0.199 0.976 0.178
3 16 52.580 -176.632 2.470 48.289 -179.576 2.470 52.782 -176.957 2.380 0.994 0.222 0.994 0.245 0.976 0.221
3 16 52.580 -176.632 2.470 52.782 -176.957 2.380 56.927 -173.774 2.380 0.994 0.222 0.976 0.221 0.976 0.199
3 16 48.289 -179.576 2.470 43.845 -182.285 2.470 48.471 -179.913 2.380 0.994 0.245 0.994 0.268 0.976 0.244
3 16 48.289 -179.576 2.470 48.471 -179.913 2.380 52.782 -176.957 2.380 0.994 0.245 0.976 0.244 0.976 0.221
3 16 43.845 -182.285 2.470 39.262 -184.750 2.470 44.008 -182.632 2.380 0.994 0.268 0.994 0.292 0.976 0.267
3 16 43.845 -182.285 2.470 44.008 -182.632 2.380 48.471 -179.913 2.380 0.994 0.268 0.976 0.267 0.976 0.244
3 16 39.262 -184.750 2.470 34.553 -186.966 2.470 39.405 -185.106 2.380 0.994 0.292 0.994 0.317 0.976 0.292
3 16 39.262 -184.750 2.470 39.405 -185.106 2.380 44.008 -182.632 2.380 0.994 0.292 0.976 0.292 0.976 0.267
3 16 34.553 -186.966 2.470 29.732 -188.924 2.470 34.675 -187.330 2.380 0.994 0.317 0.994 0.343 0.976 0.317
3 16 34.553 -186.966 2.470 34.675 -187.330 2.380 39.405 -185.106 2.380 0.994 0.317 0.976 0.317 0.976 0.292
3 16 29.732 -188.924 2.470 24.812 -190.621 2.470 29.832 -189.295 2.380 0.994 0.343 0.994 0.369 0.976 0.342
3 16 29.732 -188.924 2.470 29.832 -189.295 2.380 34.675 -187.330 2.380 0.994 0.343 0.976 0.342 0.976 0.317
3 16 24.812 -190.621 2.470 19.808 -192.050 2.470 24.891 -190.996 2.380 0.994 0.369 0.994 0.395 0.976 0.368
3 16 24.812 -190.621 2.470 24.891 -190.996 2.380 29.832 -189.295 2.380 0.994 0.369 0.976 0.368 0.976 0.342
3 16 19.808 -192.050 2.470 14.734 -193.207 2.470 19.865 -192.429 2.380 0.994 0.395 0.994 0.422 0.976 0.395
3 16 19.808 -192.050 2.470 19.865 -192.429 2.380 24.891 -190.996 2.380 0.994 0.395 0.976 0.395 0.976 0.368
3 16 14.734 -193.207 2.470 9.605 -194.090 2.470 14.769 -193.590 2.380 0.994 0.422 0.994 0.449 0.976 0.422
3 16 14.734 -193.207 2.470 14.769 -193.590 2.380 19.865 -192.429 2.380 0.994 0.422 0.976 0.422 0.976 0.395
3 16 9.605 -194.090 2.470 4.436 -194.695 2.470 9.618 -194.474 2.380 0.994 0.449 0.994 0.477 0.976 0.449
3 16 9.605 -194.090 2.470 9.618 -194.474 2.380 14.769 -193.590 2.380 0.994 0.449 0.976 0.449 0.976 0.422
3 16 4.436 -194.695 2.470 -0.757 -195.021 2.470 4.427 -195.079 2.380 0.994 0.477 0.994 0.504 0.976 0.477
3 16 4.436 -194.695 2.470 4.427 -195.079 2.380 9.618 -194.474 2.380 0.994 0.477 0.976 0.477 0.976 0.449
3 16 -0.757 -195.021 2.470 -5.961 -195.067 2.470 -0.789 -195.404 2.380 0.994 0.504 0.994 0.532 0.976 0.504
3 16 -0.757 -195.021 2.470 -0.789 -195.404 2.380 4.427 -195.079 2.380 0.994 0.504 0.976 0.504 0.976 0.477
3 16 -5.961 -195.067 2.470 -11.160 -194.833 2.470 -6.015 -195.448 2.380 0.994 0.532 0.994 0.559 0.976 0.532
3 16 -5.961 -195.067 2.470 -6.015 -195.448 2.380 -0.789 -195.404 2.380 0.994 0.532 0.976 0.532 0.976 0.504
3 16 -11.160 -194.833 2.470 -16.339 -194.319 2.470 -11.236 -195.210 2.380 0.994 0.559 0.994 0.586 0.976 0.559
3 16 -11.160 -194.833 2.470 -11.236 -195.210 2.380 -6.015 -195.448 2.380 0.994 0.559 0.976 0.559 0.976 0.532
3 16 -16.339 -194.319 2.470 -21.482 -193.527 2.470 -16.437 -194.692 2.380 0.994 0.586 0.994 0.614 0.976 0.587
3 16 -16.339 -194.319 2.470 -16.437 -194.692 2.380 -11.236 -195.210 2.380 0.994 0.586 0.976 0.587 0.976 0.559
3 16 -21.482 -193.527 2.470 -26.576 -192.460 2.470 -21.602 -193.894 2.380 0.994 0.614 0.994 0.641 0.976 0.614
3 16 -21.482 -193.527 2.470 -21.602 -193.894 2.380 -16.437 -194.692 2.380 0.994 0.614 0.976 0.614 0.976 0.587
3 16 -26.576 -192.460 2.470 -31.604 -191.120 2.470 -26.716 -192.819 2.380 0.994 0.641 0.994 0.667 0.976 0.641
3 16 -26.576 -192.460 2.470 -26.716 -192.819 2.380 -21.602 -193.894 2.380 0.994 0.641 0.976 0.641 0.976 0.614
3 16 -31.604 -191.120 2.470 -36.554 -189.511 2.470 -31.766 -191.471 2.380 0.994 0.667 0.994 0.693 0.976 0.668
3 16 -31.604 -191.120 2.470 -31.766 -191.471 2.380 -26.716 -192.819 2.380 0.994 0.667 0.976 0.668 0.976 0.641
3 16 -36.554 -189.511 2.470 -41.409 -187.638 2.470 -36.735 -189.852 2.380 0.994 0.693 0.994 0.719 0.976 0.694
3 16 -36.554 -189.511 2.470 -36.735 -189.852 2.380 -31.766 -191.471 2.380 0.994 0.693 0.976 0.694 0.976 0.668
3 16 -41.409 -187.638 2.470 -46.156 -185.506 2.470 -41.610 -187.968 2.380 0.994 0.719 0.994 0.744 0.976 0.720
3 16 -41.409 -187.638 2.470 -41.610 -187.968 2.380 -36.735 -189.852 2.380 0.994 0.719 0.976 0.720 0.976 0.694
3 16 -46.156 -185.506 2.470 -50.782 -183.122 2.470 -46.376 -185.824 2.380 0.994 0.744 0.994 0.769 0.976 0.745
3 16 -46.156 -185.506 2.470 -46.376 -185.824 2.380 -41.610 -187.968 2.380 0.994 0.744 0.976 0.745 0.976 0.720
3 16 -50.782 -183.122 2.470 -55.273 -180.492 2.470 -51.020 -183.427 2.380 0.994 0.769 0.994 0.792 0.976 0.770
3 16 -50.782 -183.122 2.470 -51.020 -183.427 2.380 -46.376 -185.824 2.380 0.994 0.769 0.976 0.770 0.976 0.745
3 16 -55.273 -180.492 2.470 -59.616 -177.624 2.470 -55.529 -180.783 2.380 0.994 0.792 0.994 0.815 0.976 0.794
3 16 -55.273 -180.492 2.470 -55.529 -180.783 2.380 -51.020 -183.427 2.380 0.994 0.792 0.976 0.794 0.976 0.770
3 16 -59.616 -177.624 2.470 -63.798 -174.527 2.470 -59.888 -177.900 2.380 0.994 0.815 0.994 0.838 0.976 0.817
3 16 -59.616 -177.624 2.470 -59.888 -177.900 2.380 -55.529 -180.783 2.380 0.994 0.815 0.976 0.817 0.976 0.794
3 16 -63.798 -174.527 2.470 -67.807 -171.209 2.470 -64.086 -174.787 2.380 0.994 0.838 0.994 0.859 0.976 0.839
3 16 -63.798 -174.527 2.470 -64.086 -174.787 2.380 -59.888 -177.900 2.380 0.994 0.838 0.976 0.839 0.976 0.817
3 16 -67.807 -171.209 2.470 -71.632 -167.680 2.470 -68.110 -171.452 2.380 0.994 0.859 0.994 0.879 0.976 0.860
3 16 -67.807 -171.209 2.470 -68.110 -171.452 2.380 -64.086 -174.787 2.380 0.994 0.859 0.976 0.860 0.976 0.839
3 16 -71.632 -167.680 2.470 -75.261 -163.950 2.470 -71.948 -167.905 2.380 0.994 0.879 0.994 0.898 0.976 0.881
3 16 -71.632 -167.680 2.470 -71.948 -167.905 2.380 -68.110 -171.452 2.380 0.994 0.879 0.976 0.881 0.976 0.860
3 16 -75.261 -163.950 2.470 -78.684 -160.031 2.470 -75.590 -164.157 2.380 0.994 0.898 0.994 0.916 0.976 0.900
3 16 -75.261 -163.950 2.470 -75.590 -164.157 2.380 -71.948 -167.905 2.380 0.994 0.898 0.976 0.900 0.976 0.881
3 16 -78.684 -160.031 2.470 -81.891 -155.932 2.470 -79.025 -160.218 2.380 0.994 0.916 0.994 0.933 0.976 0.918
3 16 -78.684 -160.031 2.470 -79.025 -160.218 2.380 -75.590 -164.157 2.380 0.994 0.916 0.976 0.918 0.976 0.900
3 16 -81.891 -155.932 2.470 -84.873 -151.667 2.470 -82.243 -156.100 2.380 0.994 0.933 0.994 0.949 0.976 0.935
3 16 -81.891 -155.932 2.470 -82.243 -156.100 2.380 -79.025 -160.218 2.380 0.994 0.933 0.976 0.935 0.976 0.918
3 16 -84.873 -151.667 2.470 -87.621 -147.248 2.470 -85.234 -151.814 2.380 0.994 0.949 0.994 0.964 0.976 0.951
3 16 -84.873 -151.667 2.470 -85.234 -151.814 2.380 -82.243 -156.100 2.380 0.994 0.949 0.976 0.951 0.976 0.935
3 16 -87.621 -147.248 2.470 -90.128 -142.687 2.470 -87.990 -147.374 2.380 0.994 0.964 0.994 0.977 0.976 0.966
3 16 -87.621 -147.248 2.470 -87.990 -147.374 2.380 -85.234 -151.814 2.380 0.994 0.964 0.976 0.966 0.976 0.951
3 16 -90.128 -142.687 2.470 -92.396 -138.002 2.469 -90.504 -142.791 2.380 0.994 0.977 0.994 0.989 0.976 0.979
3 16 -90.128 -142.687 2.470 -90.504 -142.791 2.380 -87.990 -147.374 2.380 0.994 0.977 0.976 0.979 0.976 0.966
3 16 -31.920 -5.094 2.230 -36.908 -6.722 2.230 -36.735 -7.046 2.380 0.946 0.669 0.946 0.695 0.976 0.694
3 16 -26.716 -4.078 2.380 -26.851 -3.737 2.230 -31.766 -5.427 2.380 0.976 0.641 0.946 0.642 0.976 0.668
3 16 -92.391 -138.001 -2.469 -90.134 -142.689 -2.469 -90.510 -142.793 -2.378 0.006 0.989 0.006 0.977 0.024 0.979
3 16 -21.602 -3.003 2.380 -21.716 -2.655 2.230 -26.716 -4.078 2.380 0.976 0.614 0.946 0.615 0.976 0.641
3 16 -26.851 -3.737 2.230 -31.920 -5.094 2.230 -31.766 -5.427 2.380 0.946 0.642 0.946 0.669 0.976 0.668
3 16 -92.773 -138.082 -2.378 -92.391 -138.001 -2.469 -90.510 -142.793 -2.378 0.024 0.991 0.006 0.989 0.024 0.979
3 16 -90.134 -142.689 -2.469 -87.628 -147.250 -2.469 -87.997 -147.376 -2.378 0.006 0.977 0.006 0.964 0.024 0.966
3 16 -90.510 -142.793 -2.378 -90.134 -142.689 -2.469 -87.997 -147.376 -2.378 0.024 0.979 0.006 0.977 0.024 0.966
3 16 -87.628 -147.250 -2.469 -84.880 -151.670 -2.469 -85.241 -151.817 -2.378 0.006 0.964 0.006 0.949 0.024 0.951
3 16 -87.997 -147.376 -2.378 -87.628 -147.250 -2.469 -85.241 -151.817 -2.378 0.024 0.966 0.006 0.964 0.024 0.951
3 16 -84.880 -151.670 -2.469 -81.898 -155.935 -2.469 -82.249 -156.103 -2.378 0.006 0.949 0.006 0.933 0.024 0.935
3 16 -85.241 -151.817 -2.378 -84.880 -151.670 -2.469 -82.249 -156.103 -2.378 0.024 0.951 0.006 0.949 0.024 0.935
3 16 -81.898 -155.935 -2.469 -78.691 -160.034 -2.469 -79.031 -160.221 -2.378 0.006 0.933 0.006 0.916 0.024 0.918
3 16 -82.249 -156.103 -2.378 -81.898 -155.935 -2.469 -79.031 -160.221 -2.378 0.024 0.935 0.006 0.933 0.024 0.918
3 16 -78.691 -160.034 -2.469 -75.267 -163.954 -2.469 -75.596 -164.161 -2.378 0.006 0.916 0.006 0.898 0.024 0.900
3 16 -79.031 -160.221 -2.378 -78.691 -160.034 -2.469 -75.596 -164.161 -2.378 0.024 0.918 0.006 0.916 0.024 0.900
3 16 -75.267 -163.954 -2.469 -71.638 -167.684 -2.469 -71.954 -167.909 -2.378 0.006 0.898 0.006 0.879 0.024 0.881
3 16 -75.596 -164.161 -2.378 -75.267 -163.954 -2.469 -71.954 -167.909 -2.378 0.024 0.900 0.006 0.898 0.024 0.881
3 16 -71.638 -167.684 -2.469 -67.813 -171.214 -2.469 -68.115 -171.456 -2.378 0.006 0.879 0.006 0.859 0.024 0.860
3 16 -71.954 -167.909 -2.378 -71.638 -167.684 -2.469 -68.115 -171.456 -2.378 0.024 0.881 0.006 0.879 0.024 0.860
3 16 -67.813 -171.214 -2.469 -63.803 -174.532 -2.469 -64.091 -174.792 -2.378 0.006 0.859 0.006 0.838 0.024 0.839
3 16 -68.115 -171.456 -2.378 -67.813 -171.214 -2.469 -64.091 -174.792 -2.378 0.024 0.860 0.006 0.859 0.024 0.839
3 16 -63.803 -174.532 -2.469 -59.621 -177.630 -2.469 -59.893 -177.905 -2.378 0.006 0.838 0.006 0.815 0.024 0.817
3 16 -64.091 -174.792 -2.378 -63.803 -174.532 -2.469 -59.893 -177.905 -2.378 0.024 0.839 0.006 0.838 0.024 0.817
3 16 -59.621 -177.630 -2.469 -55.278 -180.497 -2.469 -55.533 -180.788 -2.378 0.006 0.815 0.006 0.792 0.024 0.794
3 16 -59.893 -177.905 -2.378 -59.621 -177.630 -2.469 -55.533 -180.788 -2.378 0.024 0.817 0.006 0.815 0.024 0.794
3 16 -55.278 -180.497 -2.469 -50.787 -183.127 -2.469 -51.025 -183.432 -2.378 0.006 0.792 0.006 0.769 0.024 0.770
3 16 -55.533 -180.788 -2.378 -55.278 -180.497 -2.469 -51.025 -183.432 -2.378 0.024 0.794 0.006 0.792 0.024 0.770
3 16 -50.787 -183.127 -2.469 -46.160 -185.512 -2.469 -46.380 -185.830 -2.378 0.006 0.769 0.006 0.744 0.024 0.745
3 16 -51.025 -183.432 -2.378 -50.787 -183.127 -2.469 -46.380 -185.830 -2.378 0.024 0.770 0.006 0.769 0.024 0.745
3 16 -46.160 -185.512 -2.469 -41.413 -187.644 -2.469 -41.614 -187.974 -2.378 0.006 0.744 0.006 0.719 0.024 0.720
3 16 -46.380 -185.830 -2.378 -46.160 -185.512 -2.469 -41.614 -187.974 -2.378 0.024 0.745 0.006 0.744 0.024 0.720
3 16 -41.413 -187.644 -2.469 -36.557 -189.517 -2.469 -36.738 -189.858 -2.378 0.006 0.719 0.006 0.693 0.024 0.694
3 16 -41.614 -187.974 -2.378 -41.413 -187.644 -2.469 -36.738 -189.858 -2.378 0.024 0.720 0.006 0.719 0.024 0.694
3 16 -36.557 -189.517 -2.469 -31.607 -191.126 -2.469 -31.769 -191.477 -2.378 0.006 0.693 0.006 0.667 0.024 0.668
3 16 -36.738 -189.858 -2.378 -36.557 -189.517 -2.469 -31.769 -191.477 -2.378 0.024 0.694 0.006 0.693 0.024 0.668
3 16 -31.607 -191.126 -2.469 -26.578 -192.466 -2.469 -26.719 -192.826 -2.378 0.006 0.667 0.006 0.641 0.024 0.641
3 16 -31.769 -191.477 -2.378 -31.607 -191.126 -2.469 -26.719 -192.826 -2.378 0.024 0.668 0.006 0.667 0.024 0.641
3 16 -26.578 -192.466 -2.469 -21.485 -193.534 -2.469 -21.604 -193.901 -2.378 0.006 0.641 0.006 0.614 0.024 0.614
3 16 -26.719 -192.826 -2.378 -26.578 -192.466 -2.469 -21.604 -193.901 -2.378 0.024 0.641 0.006 0.641 0.024 0.614
3 16 -21.485 -193.534 -2.469 -16.341 -194.326 -2.469 -16.439 -194.698 -2.378 0.006 0.614 0.006 0.586 0.024 0.587
3 16 -21.604 -193.901 -2.378 -21.485 -193.534 -2.469 -16.439 -194.698 -2.378 0.024 0.614 0.006 0.614 0.024 0.587
3 16 -16.341 -194.326 -2.469 -11.162 -194.840 -2.469 -11.238 -195.217 -2.378 0.006 0.586 0.006 0.559 0.024 0.559
3 16 -16.439 -194.698 -2.378 -16.341 -194.326 -2.469 -11.238 -195.217 -2.378 0.024 0.587 0.006 0.586 0.024 0.559
3 16 -11.162 -194.840 -2.469 -5.962 -195.074 -2.469 -6.016 -195.455 -2.378 0.006 0.559 0.006 0.532 0.024 0.532
3 16 -11.238 -195.217 -2.378 -11.162 -194.840 -2.469 -6.016 -195.455 -2.378 0.024 0.559 0.006 0.559 0.024 0.532
3 16 -5.962 -195.074 -2.469 -0.758 -195.028 -2.469 -0.790 -195.411 -2.378 0.006 0.532 0.006 0.504 0.024 0.504
3 16 -6.016 -195.455 -2.378 -5.962 -195.074 -2.469 -0.790 -195.411 -2.378 0.024 0.532 0.006 0.532 0.024 0.504
3 16 -0.758 -195.028 -2.469 4.436 -194.702 -2.469 4.427 -195.086 -2.378 0.006 0.504 0.006 0.477 0.024 0.477
3 16 -0.790 -195.411 -2.378 -0.758 -195.028 -2.469 4.427 -195.086 -2.378 0.024 0.504 0.006 0.504 0.024 0.477
3 16 4.436 -194.702 -2.469 9.605 -194.097 -2.469 9.618 -194.481 -2.378 0.006 0.477 0.006 0.449 0.024 0.449
3 16 4.427 -195.086 -2.378 4.436 -194.702 -2.469 9.618 -194.481 -2.378 0.024 0.477 0.006 0.477 0.024 0.449
3 16 9.605 -194.097 -2.469 14.735 -193.214 -2.469 14.769 -193.596 -2.378 0.006 0.449 0.006 0.422 0.024 0.422
3 16 9.618 -194.481 -2.378 9.605 -194.097 -2.469 14.769 -193.596 -2.378 0.024 0.449 0.006 0.449 0.024 0.422
3 16 14.735 -193.214 -2.469 19.809 -192.056 -2.469 19.866 -192.436 -2.378 0.006 0.422 0.006 0.395 0.024 0.395
3 16 14.769 -193.596 -2.378 14.735 -193.214 -2.469 19.866 -192.436 -2.378 0.024 0.422 0.006 0.422 0.024 0.395
3 16 19.809 -192.056 -2.469 24.813 -190.627 -2.469 24.892 -191.003 -2.378 0.006 0.395 0.006 0.369 0.024 0.368
3 16 19.866 -192.436 -2.378 19.809 -192.056 -2.469 24.892 -191.003 -2.378 0.024 0.395 0.006 0.395 0.024 0.368
3 16 24.813 -190.627 -2.469 29.734 -188.931 -2.469 29.834 -189.301 -2.378 0.006 0.369 0.006 0.343 0.024 0.342
3 16 24.892 -191.003 -2.378 24.813 -190.627 -2.469 29.834 -189.301 -2.378 0.024 0.368 0.006 0.369 0.024 0.342
3 16 29.734 -188.931 -2.469 34.555 -186.972 -2.469 34.677 -187.336 -2.378 0.006 0.343 0.006 0.317 0.024 0.317
3 16 29.834 -189.301 -2.378 29.734 -188.931 -2.469 34.677 -187.336 -2.378 0.024 0.342 0.006 0.343 0.024 0.317
3 16 34.555 -186.972 -2.469 39.265 -184.757 -2.469 39.407 -185.113 -2.378 0.006 0.317 0.006 0.292 0.024 0.291
3 16 34.677 -187.336 -2.378 34.555 -186.972 -2.469 39.407 -185.113 -2.378 0.024 0.317 0.006 0.317 0.024 0.291
3 16 39.265 -184.757 -2.469 43.848 -182.291 -2.469 44.011 -182.638 -2.378 0.006 0.292 0.006 0.268 0.024 0.267
3 16 39.407 -185.113 -2.378 39.265 -184.757 -2.469 44.011 -182.638 -2.378 0.024 0.291 0.006 0.292 0.024 0.267
3 16 43.848 -182.291 -2.469 48.292 -179.582 -2.469 48.475 -179.919 -2.378 0.006 0.268 0.006 0.244 0.024 0.244
3 16 44.011 -182.638 -2.378 43.848 -182.291 -2.469 48.475 -179.919 -2.378 0.024 0.267 0.006 0.268 0.024 0.244
3 16 48.292 -179.582 -2.469 52.584 -176.638 -2.469 52.785 -176.963 -2.378 0.006 0.244 0.006 0.222 0.024 0.221
3 16 48.475 -179.919 -2.378 48.292 -179.582 -2.469 52.785 -176.963 -2.378 0.024 0.244 0.006 0.244 0.024 0.221
3 16 52.584 -176.638 -2.469 56.711 -173.467 -2.469 56.931 -173.780 -2.378 0.006 0.222 0.006 0.200 0.024 0.199
3 16 52.785 -176.963 -2.378 52.584 -176.638 -2.469 56.931 -173.780 -2.378 0.024 0.221 0.006 0.222 0.024 0.199
3 16 56.711 -173.467 -2.469 60.661 -170.078 -2.469 60.899 -170.378 -2.378 0.006 0.200 0.006 0.179 0.024 0.178
3 16 56.931 -173.780 -2.378 56.711 -173.467 -2.469 60.899 -170.378 -2.378 0.024 0.199 0.006 0.200 0.024 0.178
3 16 60.661 -170.078 -2.469 64.423 -166.482 -2.469 64.678 -166.767 -2.378 0.006 0.179 0.006 0.159 0.024 0.158
3 16 60.899 -170.378 -2.378 60.661 -170.078 -2.469 64.678 -166.767 -2.378 0.024 0.178 0.006 0.179 0.024 0.158
3 16 64.423 -166.482 -2.469 67.986 -162.688 -2.469 68.257 -162.958 -2.378 0.006 0.159 0.006 0.140 0.024 0.139
3 16 64.678 -166.767 -2.378 64.423 -166.482 -2.469 68.257 -162.958 -2.378 0.024 0.158 0.006 0.159 0.024 0.139
3 16 67.986 -162.688 -2.469 71.339 -158.708 -2.469 71.625 -158.962 -2.378 0.006 0.140 0.006 0.123 0.024 0.121
3 16 68.257 -162.958 -2.378 67.986 -162.688 -2.469 71.625 -158.962 -2.378 0.024 0.139 0.006 0.140 0.024 0.121
3 16 71.339 -158.708 -2.469 74.474 -154.553 -2.469 74.774 -154.790 -2.378 0.006 0.123 0.006 0.106 0.024 0.104
3 16 71.625 -158.962 -2.378 71.339 -158.708 -2.469 74.774 -154.790 -2.378 0.024 0.121 0.006 0.123 0.024 0.104
3 16 74.474 -154.553 -2.469 77.380 -150.236 -2.469 77.694 -150.454 -2.378 0.006 0.106 0.006 0.091 0.024 0.089
3 16 74.774 -154.790 -2.378 74.474 -154.553 -2.469 77.694 -150.454 -2.378 0.024 0.104 0.006 0.106 0.024 0.089
3 16 77.380 -150.236 -2.469 80.050 -145.768 -2.469 80.375 -145.968 -2.378 0.006 0.091 0.006 0.076 0.024 0.075
3 16 77.694 -150.454 -2.378 77.380 -150.236 -2.469 80.375 -145.968 -2.378 0.024 0.089 0.006 0.091 0.024 0.075
3 16 80.050 -145.768 -2.469 82.475 -141.163 -2.469 82.811 -141.344 -2.378 0.006 0.076 0.006 0.064 0.024 0.062
3 16 80.375 -145.968 -2.378 80.050 -145.768 -2.469 82.811 -141.344 -2.378 0.024 0.075 0.006 0.076 0.024 0.062
3 16 82.475 -141.163 -2.469 84.649 -136.434 -2.469 84.995 -136.595 -2.378 0.006 0.064 0.006 0.052 0.024 0.050
3 16 82.811 -141.344 -2.378 82.475 -141.163 -2.469 84.995 -136.595 -2.378 0.024 0.062 0.006 0.064 0.024 0.050
3 16 84.649 -136.434 -2.469 86.565 -131.595 -2.469 86.920 -131.736 -2.378 0.006 0.052 0.006 0.042 0.024 0.040
3 16 84.995 -136.595 -2.378 84.649 -136.434 -2.469 86.920 -131.736 -2.378 0.024 0.050 0.006 0.052 0.024 0.040
3 16 86.565 -131.595 -2.469 88.218 -126.660 -2.469 88.580 -126.780 -2.378 0.006 0.042 0.006 0.033 0.024 0.031
3 16 86.920 -131.736 -2.378 86.565 -131.595 -2.469 88.580 -126.780 -2.378 0.024 0.040 0.006 0.042 0.024 0.031
3 16 88.218 -126.660 -2.469 89.602 -121.643 -2.469 89.971 -121.742 -2.378 0.006 0.033 0.006 0.026 0.024 0.024
3 16 88.580 -126.780 -2.378 88.218 -126.660 -2.469 89.971 -121.742 -2.378 0.024 0.031 0.006 0.033 0.024 0.024
3 16 89.602 -121.643 -2.469 90.715 -116.559 -2.469 91.089 -116.636 -2.378 0.006 0.026 0.006 0.020 0.024 0.018
3 16 89.971 -121.742 -2.378 89.602 -121.643 -2.469 91.089 -116.636 -2.378 0.024 0.024 0.006 0.026 0.024 0.018
3 16 90.715 -116.559 -2.469 91.552 -111.422 -2.469 91.930 -111.478 -2.378 0.006 0.020 0.006 0.016 0.024 0.014
3 16 91.089 -116.636 -2.378 90.715 -116.559 -2.469 91.930 -111.478 -2.378 0.024 0.018 0.006 0.020 0.024 0.014
3 16 91.552 -111.422 -2.469 92.112 -106.248 -2.469 92.492 -106.281 -2.378 0.006 0.016 0.006 0.013 0.024 0.011
3 16 91.930 -111.478 -2.378 91.552 -111.422 -2.469 92.492 -106.281 -2.378 0.024 0.014 0.006 0.016 0.024 0.011
3 16 92.112 -106.248 -2.469 92.392 -101.051 -2.469 92.774 -101.062 -2.378 0.006 0.013 0.006 0.011 0.024 0.009
3 16 92.492 -106.281 -2.378 92.112 -106.248 -2.469 92.774 -101.062 -2.378 0.024 0.011 0.006 0.013 0.024 0.009
3 16 92.392 -101.051 -2.469 92.392 -95.846 -2.469 92.774 -101.062 -2.378 0.006 0.011 0.006 0.011 0.024 0.009
3 16 92.392 -95.846 -2.469 92.112 -90.649 -2.469 92.774 -95.835 -2.378 0.006 0.011 0.006 0.013 0.024 0.009
3 16 92.774 -101.062 -2.378 92.392 -95.846 -2.469 92.774 -95.835 -2.378 0.024 0.009 0.006 0.011 0.024 0.009
3 16 92.112 -90.649 -2.469 91.552 -85.475 -2.469 92.492 -90.616 -2.378 0.006 0.013 0.006 0.016 0.024 0.011
3 16 92.774 -95.835 -2.378 92.112 -90.649 -2.469 92.492 -90.616 -2.378 0.024 0.009 0.006 0.013 0.024 0.011
3 16 91.552 -85.475 -2.469 90.715 -80.338 -2.469 91.930 -85.420 -2.378 0.006 0.016 0.006 0.020 0.024 0.014
3 16 92.492 -90.616 -2.378 91.552 -85.475 -2.469 91.930 -85.420 -2.378 0.024 0.011 0.006 0.016 0.024 0.014
3 16 90.715 -80.338 -2.469 89.602 -75.254 -2.469 91.089 -80.261 -2.378 0.006 0.020 0.006 0.026 0.024 0.018
3 16 91.930 -85.420 -2.378 90.715 -80.338 -2.469 91.089 -80.261 -2.378 0.024 0.014 0.006 0.020 0.024 0.018
3 16 89.602 -75.254 -2.469 88.218 -70.237 -2.469 89.971 -75.156 -2.378 0.006 0.026 0.006 0.033 0.024 0.024
3 16 91.089 -80.261 -2.378 89.602 -75.254 -2.469 89.971 -75.156 -2.378 0.024 0.018 0.006 0.026 0.024 0.024
3 16 88.218 -70.237 -2.469 86.565 -65.302 -2.469 88.580 -70.117 -2.378 0.006 0.033 0.006 0.042 0.024 0.031
3 16 89.971 -75.156 -2.378 88.218 -70.237 -2.469 88.580 -70.117 -2.378 0.024 0.024 0.006 0.033 0.024 0.031
3 16 86.565 -65.302 -2.469 84.649 -60.463 -2.469 86.920 -65.161 -2.378 0.006 0.042 0.006 0.052 0.024 0.040
3 16 88.580 -70.117 -2.378 86.565 -65.302 -2.469 86.920 -65.161 -2.378 0.024 0.031 0.006 0.042 0.024 0.040
3 16 84.649 -60.463 -2.469 82.475 -55.734 -2.469 84.995 -60.302 -2.378 0.006 0.052 0.006 0.064 0.024 0.050
3 16 86.920 -65.161 -2.378 84.649 -60.463 -2.469 84.995 -60.302 -2.378 0.024 0.040 0.006 0.052 0.024 0.050
3 16 82.475 -55.734 -2.469 80.050 -51.129 -2.469 82.811 -55.553 -2.378 0.006 0.064 0.006 0.076 0.024 0.062
3 16 84.995 -60.302 -2.378 82.475 -55.734 -2.469 82.811 -55.553 -2.378 0.024 0.050 0.006 0.064 0.024 0.062
3 16 80.050 -51.129 -2.469 77.380 -46.662 -2.469 80.375 -50.929 -2.378 0.006 0.076 0.006 0.091 0.024 0.075
3 16 82.811 -55.553 -2.378 80.050 -51.129 -2.469 80.375 -50.929 -2.378 0.024 0.062 0.006 0.076 0.024 0.075
3 16 77.380 -46.662 -2.469 74.474 -42.344 -2.469 77.694 -46.443 -2.378 0.006 0.091 0.006 0.106 0.024 0.089
3 16 80.375 -50.929 -2.378 77.380 -46.662 -2.469 77.694 -46.443 -2.378 0.024 0.075 0.006 0.091 0.024 0.089
3 16 74.474 -42.344 -2.469 71.339 -38.190 -2.469 74.774 -42.108 -2.378 0.006 0.106 0.006 0.123 0.024 0.104
3 16 77.694 -46.443 -2.378 74.474 -42.344 -2.469 74.774 -42.108 -2.378 0.024 0.089 0.006 0.106 0.024 0.104
3 16 71.339 -38.190 -2.469 67.986 -34.210 -2.469 71.625 -37.936 -2.378 0.006 0.123 0.006 0.140 0.024 0.121
3 16 74.774 -42.108 -2.378 71.339 -38.190 -2.469 71.625 -37.936 -2.378 0.024 0.104 0.006 0.123 0.024 0.121
3 16 67.986 -34.210 -2.469 64.423 -30.416 -2.469 68.257 -33.940 -2.378 0.006 0.140 0.006 0.159 0.024 0.139
3 16 71.625 -37.936 -2.378 67.986 -34.210 -2.469 68.257 -33.940 -2.378 0.024 0.121 0.006 0.140 0.024 0.139
3 16 64.423 -30.416 -2.469 60.661 -26.819 -2.469 64.678 -30.131 -2.378 0.006 0.159 0.006 0.179 0.024 0.158
3 16 68.257 -33.940 -2.378 64.423 -30.416 -2.469 64.678 -30.131 -2.378 0.024 0.139 0.006 0.159 0.024 0.158
3 16 60.661 -26.819 -2.469 56.711 -23.431 -2.469 60.899 -26.520 -2.378 0.006 0.179 0.006 0.200 0.024 0.178
3 16 64.678 -30.131 -2.378 60.661 -26.819 -2.469 60.899 -26.520 -2.378 0.024 0.158 0.006 0.179 0.024 0.178
3 16 56.711 -23.431 -2.469 52.584 -20.260 -2.469 56.931 -23.118 -2.378 0.006 0.200 0.006 0.222 0.024 0.199
3 16 60.899 -26.520 -2.378 56.711 -23.431 -2.469 56.931 -23.118 -2.378 0.024 0.178 0.006 0.200 0.024 0.199
3 16 52.584 -20.260 -2.469 48.292 -17.315 -2.469 52.785 -19.934 -2.378 0.006 0.222 0.006 0.244 0.024 0.221
3 16 56.931 -23.118 -2.378 52.584 -20.260 -2.469 52.785 -19.934 -2.378 0.024 0.199 0.006 0.222 0.024 0.221
3 16 48.292 -17.315 -2.469 43.848 -14.606 -2.469 48.475 -16.979 -2.378 0.006 0.244 0.006 0.268 0.024 0.244
3 16 52.785 -19.934 -2.378 48.292 -17.315 -2.469 48.475 -16.979 -2.378 0.024 0.221 0.006 0.244 0.024 0.244
3 16 43.848 -14.606 -2.469 39.265 -12.141 -2.469 44.011 -14.260 -2.378 0.006 0.268 0.006 0.292 0.024 0.267
3 16 48.475 -16.979 -2.378 43.848 -14.606 -2.469 44.011 -14.260 -2.378 0.024 0.244 0.006 0.268 0.024 0.267
3 16 39.265 -12.141 -2.469 34.555 -9.925 -2.469 39.407 -11.785 -2.378 0.006 0.292 0.006 0.317 0.024 0.291
3 16 44.011 -14.260 -2.378 39.265 -12.141 -2.469 39.407 -11.785 -2.378 0.024 0.267 0.006 0.292 0.024 0.291
3 16 34.555 -9.925 -2.469 29.734 -7.966 -2.469 34.677 -9.562 -2.378 0.006 0.317 0.006 0.343 0.024 0.317
3 16 39.407 -11.785 -2.378 34.555 -9.925 -2.469 34.677 -9.562 -2.378 0.024 0.291 0.006 0.317 0.024 0.317
3 16 29.734 -7.966 -2.469 24.813 -6.270 -2.469 29.834 -7.596 -2.378 0.006 0.343 0.006 0.369 0.024 0.342
3 16 34.677 -9.562 -2.378 29.734 -7.966 -2.469 29.834 -7.596 -2.378 0.024 0.317 0.006 0.343 0.024 0.342
3 16 24.813 -6.270 -2.469 19.809 -4.841 -2.469 24.892 -5.894 -2.378 0.006 0.369 0.006 0.395 0.024 0.368
3 16 29.834 -7.596 -2.378 24.813 -6.270 -2.469 24.892 -5.894 -2.378 0.024 0.342 0.006 0.369 0.024 0.368
3 16 19.809 -4.841 -2.469 14.735 -3.683 -2.469 19.866 -4.461 -2.378 0.006 0.395 0.006 0.422 0.024 0.395
3 16 24.892 -5.894 -2.378 19.809 -4.841 -2.469 19.866 -4.461 -2.378 0.024 0.368 0.006 0.395 0.024 0.395
3 16 14.735 -3.683 -2.469 9.605 -2.801 -2.469 14.769 -3.301 -2.378 0.006 0.422 0.006 0.449 0.024 0.422
3 16 19.866 -4.461 -2.378 14.735 -3.683 -2.469 14.769 -3.301 -2.378 0.024 0.395 0.006 0.422 0.024 0.422
3 16 9.605 -2.801 -2.469 4.436 -2.196 -2.469 9.618 -2.417 -2.378 0.006 0.449 0.006 0.477 0.024 0.449
3 16 14.769 -3.301 -2.378 9.605 -2.801 -2.469 9.618 -2.417 -2.378 0.024 0.422 0.006 0.449 0.024 0.449
3 16 4.436 -2.196 -2.469 -0.758 -1.869 -2.469 4.427 -1.811 -2.378 0.006 0.477 0.006 0.504 0.024 0.477
3 16 9.618 -2.417 -2.378 4.436 -2.196 -2.469 4.427 -1.811 -2.378 0.024 0.449 0.006 0.477 0.024 0.477
3 16 -0.758 -1.869 -2.469 -5.962 -1.823 -2.469 -0.790 -1.486 -2.378 0.006 0.504 0.006 0.532 0.024 0.504
3 16 4.427 -1.811 -2.378 -0.758 -1.869 -2.469 -0.790 -1.486 -2.378 0.024 0.477 0.006 0.504 0.024 0.504
3 16 -5.962 -1.823 -2.469 -11.162 -2.058 -2.469 -6.016 -1.443 -2.378 0.006 0.532 0.006 0.559 0.024 0.532
3 16 -0.790 -1.486 -2.378 -5.962 -1.823 -2.469 -6.016 -1.443 -2.378 0.024 0.504 0.006 0.532 0.024 0.532
3 16 -11.162 -2.058 -2.469 -16.341 -2.571 -2.469 -11.238 -1.680 -2.378 0.006 0.559 0.006 0.586 0.024 0.559
3 16 -6.016 -1.443 -2.378 -11.162 -2.058 -2.469 -11.238 -1.680 -2.378 0.024 0.532 0.006 0.559 0.024 0.559
3 16 -16.341 -2.571 -2.469 -21.485 -3.363 -2.469 -16.439 -2.199 -2.378 0.006 0.586 0.006 0.614 0.024 0.587
3 16 -11.238 -1.680 -2.378 -16.341 -2.571 -2.469 -16.439 -2.199 -2.378 0.024 0.559 0.006 0.586 0.024 0.587
3 16 -21.485 -3.363 -2.469 -26.578 -4.431 -2.469 -21.604 -2.997 -2.378 0.006 0.614 0.006 0.641 0.024 0.614
3 16 -16.439 -2.199 -2.378 -21.485 -3.363 -2.469 -21.604 -2.997 -2.378 0.024 0.587 0.006 0.614 0.024 0.614
3 16 -26.578 -4.431 -2.469 -31.607 -5.771 -2.469 -26.719 -4.072 -2.378 0.006 0.641 0.006 0.667 0.024 0.641
3 16 -21.604 -2.997 -2.378 -26.578 -4.431 -2.469 -26.719 -4.072 -2.378 0.024 0.614 0.006 0.641 0.024 0.641
3 16 -31.607 -5.771 -2.469 -36.557 -7.380 -2.469 -31.769 -5.421 -2.378 0.006 0.667 0.006 0.693 0.024 0.668
3 16 -26.719 -4.072 -2.378 -31.607 -5.771 -2.469 -31.769 -5.421 -2.378 0.024 0.641 0.006 0.667 0.024 0.668
3 16 -36.557 -7.380 -2.469 -41.413 -9.254 -2.469 -36.738 -7.040 -2.378 0.006 0.693 0.006 0.719 0.024 0.694
3 16 -31.769 -5.421 -2.378 -36.557 -7.380 -2.469 -36.738 -7.040 -2.378 0.024 0.668 0.006 0.693 0.024 0.694
3 16 -41.413 -9.254 -2.469 -46.160 -11.386 -2.469 -41.614 -8.924 -2.378 0.006 0.719 0.006 0.744 0.024 0.720
3 16 -36.738 -7.040 -2.378 -41.413 -9.254 -2.469 -41.614 -8.924 -2.378 0.024 0.694 0.006 0.719 0.024 0.720
3 16 -46.160 -11.386 -2.469 -50.787 -13.770 -2.469 -46.380 -11.068 -2.378 0.006 0.744 0.006 0.769 0.024 0.745
3 16 -41.614 -8.924 -2.378 -46.160 -11.386 -2.469 -46.380 -11.068 -2.378 0.024 0.720 0.006 0.744 0.024 0.745
3 16 -50.787 -13.770 -2.469 -55.278 -16.400 -2.469 -51.025 -13.465 -2.378 0.006 0.769 0.006 0.792 0.024 0.770
3 16 -46.380 -11.068 -2.378 -50.787 -13.770 -2.469 -51.025 -13.465 -2.378 0.024 0.745 0.006 0.769 0.024 0.770
3 16 -55.278 -16.400 -2.469 -59.621 -19.268 -2.469 -55.533 -16.109 -2.378 0.006 0.792 0.006 0.815 0.024 0.794
3 16 -51.025 -13.465 -2.378 -55.278 -16.400 -2.469 -55.533 -16.109 -2.378 0.024 0.770 0.006 0.792 0.024 0.794
3 16 -59.621 -19.268 -2.469 -63.803 -22.366 -2.469 -59.893 -18.992 -2.378 0.006 0.815 0.006 0.838 0.024 0.817
3 16 -55.533 -16.109 -2.378 -59.621 -19.268 -2.469 -59.893 -18.992 -2.378 0.024 0.794 0.006 0.815 0.024 0.817
3 16 -63.803 -22.366 -2.469 -67.813 -25.684 -2.469 -64.091 -22.106 -2.378 0.006 0.838 0.006 0.859 0.024 0.839
3 16 -59.893 -18.992 -2.378 -63.803 -22.366 -2.469 -64.091 -22.106 -2.378 0.024 0.817 0.006 0.838 0.024 0.839
3 16 -67.813 -25.684 -2.469 -71.638 -29.213 -2.469 -68.115 -25.441 -2.378 0.006 0.859 0.006 0.879 0.024 0.860
3 16 -64.091 -22.106 -2.378 -67.813 -25.684 -2.469 -68.115 -25.441 -2.378 0.024 0.839 0.006 0.859 0.024 0.860
3 16 -71.638 -29.213 -2.469 -75.267 -32.943 -2.469 -71.954 -28.988 -2.378 0.006 0.879 0.006 0.898 0.024 0.881
3 16 -68.115 -25.441 -2.378 -71.638 -29.213 -2.469 -71.954 -28.988 -2.378 0.024 0.860 0.006 0.879 0.024 0.881
3 16 -75.267 -32.943 -2.469 -78.691 -36.863 -2.469 -75.596 -32.737 -2.378 0.006 0.898 0.006 0.916 0.024 0.900
3 16 -71.954 -28.988 -2.378 -75.267 -32.943 -2.469 -75.596 -32.737 -2.378 0.024 0.881 0.006 0.898 0.024 0.900
3 16 -78.691 -36.863 -2.469 -81.898 -40.962 -2.469 -79.031 -36.676 -2.378 0.006 0.916 0.006 0.933 0.024 0.918
3 16 -75.596 -32.737 -2.378 -78.691 -36.863 -2.469 -79.031 -36.676 -2.378 0.024 0.900 0.006 0.916 0.024 0.918
3 16 -81.898 -40.962 -2.469 -84.880 -45.228 -2.469 -82.249 -40.795 -2.378 0.006 0.933 0.006 0.949 0.024 0.935
3 16 -79.031 -36.676 -2.378 -81.898 -40.962 -2.469 -82.249 -40.795 -2.378 0.024 0.918 0.006 0.933 0.024 0.935
3 16 -84.880 -45.228 -2.469 -87.628 -49.647 -2.469 -85.241 -45.081 -2.378 0.006 0.949 0.006 0.964 0.024 0.951
3 16 -82.249 -40.795 -2.378 -84.880 -45.228 -2.469 -85.241 -45.081 -2.378 0.024 0.935 0.006 0.949 0.024 0.951
3 16 -87.628 -49.647 -2.469 -90.134 -54.209 -2.469 -87.997 -49.522 -2.378 0.006 0.964 0.006 0.977 0.024 0.966
3 16 -85.241 -45.081 -2.378 -87.628 -49.647 -2.469 -87.997 -49.522 -2.378 0.024 0.951 0.006 0.964 0.024 0.966
3 16 -90.134 -54.209 -2.469 -92.396 -58.896 -2.469 -90.510 -54.104 -2.378 0.006 0.977 0.006 0.989 0.024 0.979
3 16 -87.997 -49.522 -2.378 -90.134 -54.209 -2.469 -90.510 -54.104 -2.378 0.024 0.966 0.006 0.977 0.024 0.979
3 16 -16.437 -2.206 2.380 -16.531 -1.851 2.230 -21.602 -3.003 2.380 0.976 0.587 0.946 0.587 0.976 0.614
3 16 -21.716 -2.655 2.230 -26.851 -3.737 2.230 -26.716 -4.078 2.380 0.946 0.615 0.946 0.642 0.976 0.641
3 16 -92.396 -58.896 -2.469 -92.391 -138.001 -2.469 -92.773 -138.082 -2.378 0.006 0.989 0.006 0.989 0.024 0.991
3 16 -92.396 -58.896 -2.469 -92.773 -138.082 -2.378 -92.781 -58.814 -2.375 0.006 0.989 0.024 0.991 0.025 0.991
3 16 -90.510 -54.104 -2.378 -92.396 -58.896 -2.469 -92.781 -58.814 -2.375 0.024 0.979 0.006 0.989 0.025 0.991
3 16 -92.773 -138.082 -2.378 -90.510 -142.793 -2.378 -90.867 -142.891 -2.227 0.024 0.991 0.024 0.979 0.055 0.981
3 16 -11.236 -1.687 2.380 -11.309 -1.328 2.230 -16.437 -2.206 2.380 0.976 0.559 0.946 0.560 0.976 0.587
3 16 -16.531 -1.851 2.230 -21.716 -2.655 2.230 -21.602 -3.003 2.380 0.946 0.587 0.946 0.615 0.976 0.614
3 16 -93.136 -138.159 -2.227 -92.773 -138.082 -2.378 -90.867 -142.891 -2.227 0.055 0.993 0.024 0.991 0.055 0.981
3 16 -90.510 -142.793 -2.378 -87.997 -147.376 -2.378 -88.348 -147.495 -2.227 0.024 0.979 0.024 0.966 0.055 0.967
3 16 -90.867 -142.891 -2.227 -90.510 -142.793 -2.378 -88.348 -147.495 -2.227 0.055 0.981 0.024 0.979 0.055 0.967
3 16 -87.997 -147.376 -2.378 -85.241 -151.817 -2.378 -85.584 -151.955 -2.227 0.024 0.966 0.024 0.951 0.055 0.953
3 16 -88.348 -147.495 -2.227 -87.997 -147.376 -2.378 -85.584 -151.955 -2.227 0.055 0.967 0.024 0.966 0.055 0.953
3 16 -85.241 -151.817 -2.378 -82.249 -156.103 -2.378 -82.583 -156.261 -2.227 0.024 0.951 0.024 0.935 0.055 0.937
3 16 -85.584 -151.955 -2.227 -85.241 -151.817 -2.378 -82.583 -156.261 -2.227 0.055 0.953 0.024 0.951 0.055 0.937
3 16 -82.249 -156.103 -2.378 -79.031 -160.221 -2.378 -79.355 -160.398 -2.227 0.024 0.935 0.024 0.918 0.055 0.920
3 16 -82.583 -156.261 -2.227 -82.249 -156.103 -2.378 -79.355 -160.398 -2.227 0.055 0.937 0.024 0.935 0.055 0.920
3 16 -79.031 -160.221 -2.378 -75.596 -164.161 -2.378 -75.909 -164.356 -2.227 0.024 0.918 0.024 0.900 0.055 0.902
3 16 -79.355 -160.398 -2.227 -79.031 -160.221 -2.378 -75.909 -164.356 -2.227 0.055 0.920 0.024 0.918 0.055 0.902
3 16 -75.596 -164.161 -2.378 -71.954 -167.909 -2.378 -72.255 -168.122 -2.227 0.024 0.900 0.024 0.881 0.055 0.882
3 16 -75.909 -164.356 -2.227 -75.596 -164.161 -2.378 -72.255 -168.122 -2.227 0.055 0.902 0.024 0.900 0.055 0.882
3 16 -71.954 -167.909 -2.378 -68.115 -171.456 -2.378 -68.403 -171.686 -2.227 0.024 0.881 0.024 0.860 0.055 0.862
3 16 -72.255 -168.122 -2.227 -71.954 -167.909 -2.378 -68.403 -171.686 -2.227 0.055 0.882 0.024 0.881 0.055 0.862
3 16 -68.115 -171.456 -2.378 -64.091 -174.792 -2.378 -64.365 -175.038 -2.227 0.024 0.860 0.024 0.839 0.055 0.841
3 16 -68.403 -171.686 -2.227 -68.115 -171.456 -2.378 -64.365 -175.038 -2.227 0.055 0.862 0.024 0.860 0.055 0.841
3 16 -64.091 -174.792 -2.378 -59.893 -177.905 -2.378 -60.152 -178.167 -2.227 0.024 0.839 0.024 0.817 0.055 0.818
3 16 -64.365 -175.038 -2.227 -64.091 -174.792 -2.378 -60.152 -178.167 -2.227 0.055 0.841 0.024 0.839 0.055 0.818
3 16 -59.893 -177.905 -2.378 -55.533 -180.788 -2.378 -55.776 -181.064 -2.227 0.024 0.817 0.024 0.794 0.055 0.795
3 16 -60.152 -178.167 -2.227 -59.893 -177.905 -2.378 -55.776 -181.064 -2.227 0.055 0.818 0.024 0.817 0.055 0.795
3 16 -55.533 -180.788 -2.378 -51.025 -183.432 -2.378 -51.251 -183.722 -2.227 0.024 0.794 0.024 0.770 0.055 0.771
3 16 -55.776 -181.064 -2.227 -55.533 -180.788 -2.378 -51.251 -183.722 -2.227 0.055 0.795 0.024 0.794 0.055 0.771
3 16 -51.025 -183.432 -2.378 -46.380 -185.830 -2.378 -46.590 -186.132 -2.227 0.024 0.770 0.024 0.745 0.055 0.747
3 16 -51.251 -183.722 -2.227 -51.025 -183.432 -2.378 -46.590 -186.132 -2.227 0.055 0.771 0.024 0.770 0.055 0.747
3 16 -46.380 -185.830 -2.378 -41.614 -187.974 -2.378 -41.805 -188.287 -2.227 0.024 0.745 0.024 0.720 0.055 0.721
3 16 -46.590 -186.132 -2.227 -46.380 -185.830 -2.378 -41.805 -188.287 -2.227 0.055 0.747 0.024 0.745 0.055 0.721
3 16 -41.614 -187.974 -2.378 -36.738 -189.858 -2.378 -36.911 -190.181 -2.227 0.024 0.720 0.024 0.694 0.055 0.695
3 16 -41.805 -188.287 -2.227 -41.614 -187.974 -2.378 -36.911 -190.181 -2.227 0.055 0.721 0.024 0.720 0.055 0.695
3 16 -36.738 -189.858 -2.378 -31.769 -191.477 -2.378 -31.922 -191.809 -2.227 0.024 0.694 0.024 0.668 0.055 0.669
3 16 -36.911 -190.181 -2.227 -36.738 -189.858 -2.378 -31.922 -191.809 -2.227 0.055 0.695 0.024 0.694 0.055 0.669
3 16 -31.769 -191.477 -2.378 -26.719 -192.826 -2.378 -26.853 -193.166 -2.227 0.024 0.668 0.024 0.641 0.055 0.642
3 16 -31.922 -191.809 -2.227 -31.769 -191.477 -2.378 -26.853 -193.166 -2.227 0.055 0.669 0.024 0.668 0.055 0.642
3 16 -26.719 -192.826 -2.378 -21.604 -193.901 -2.378 -21.718 -194.248 -2.227 0.024 0.641 0.024 0.614 0.055 0.615
3 16 -26.853 -193.166 -2.227 -26.719 -192.826 -2.378 -21.718 -194.248 -2.227 0.055 0.642 0.024 0.641 0.055 0.615
3 16 -21.604 -193.901 -2.378 -16.439 -194.698 -2.378 -16.532 -195.052 -2.227 0.024 0.614 0.024 0.587 0.055 0.587
3 16 -21.718 -194.248 -2.227 -21.604 -193.901 -2.378 -16.532 -195.052 -2.227 0.055 0.615 0.024 0.614 0.055 0.587
3 16 -16.439 -194.698 -2.378 -11.238 -195.217 -2.378 -11.311 -195.576 -2.227 0.024 0.587 0.024 0.559 0.055 0.560
3 16 -16.532 -195.052 -2.227 -16.439 -194.698 -2.378 -11.311 -195.576 -2.227 0.055 0.587 0.024 0.587 0.055 0.560
3 16 -11.238 -195.217 -2.378 -6.016 -195.455 -2.378 -6.068 -195.817 -2.227 0.024 0.559 0.024 0.532 0.055 0.532
3 16 -11.311 -195.576 -2.227 -11.238 -195.217 -2.378 -6.068 -195.817 -2.227 0.055 0.560 0.024 0.559 0.055 0.532
3 16 -6.016 -195.455 -2.378 -0.790 -195.411 -2.378 -0.821 -195.775 -2.227 0.024 0.532 0.024 0.504 0.055 0.504
3 16 -6.068 -195.817 -2.227 -6.016 -195.455 -2.378 -0.821 -195.775 -2.227 0.055 0.532 0.024 0.532 0.055 0.504
3 16 -0.790 -195.411 -2.378 4.427 -195.086 -2.378 4.417 -195.451 -2.227 0.024 0.504 0.024 0.477 0.055 0.477
3 16 -0.821 -195.775 -2.227 -0.790 -195.411 -2.378 4.417 -195.451 -2.227 0.055 0.504 0.024 0.504 0.055 0.477
3 16 4.427 -195.086 -2.378 9.618 -194.481 -2.378 9.630 -194.845 -2.227 0.024 0.477 0.024 0.449 0.055 0.449
3 16 4.417 -195.451 -2.227 4.427 -195.086 -2.378 9.630 -194.845 -2.227 0.055 0.477 0.024 0.477 0.055 0.449
3 16 9.618 -194.481 -2.378 14.769 -193.596 -2.378 14.802 -193.960 -2.227 0.024 0.449 0.024 0.422 0.055 0.422
3 16 9.630 -194.845 -2.227 9.618 -194.481 -2.378 14.802 -193.960 -2.227 0.055 0.449 0.024 0.449 0.055 0.422
3 16 14.769 -193.596 -2.378 19.866 -192.436 -2.378 19.919 -192.797 -2.227 0.024 0.422 0.024 0.395 0.055 0.395
3 16 14.802 -193.960 -2.227 14.769 -193.596 -2.378 19.919 -192.797 -2.227 0.055 0.422 0.024 0.422 0.055 0.395
3 16 19.866 -192.436 -2.378 24.892 -191.003 -2.378 24.967 -191.360 -2.227 0.024 0.395 0.024 0.368 0.055 0.368
3 16 19.919 -192.797 -2.227 19.866 -192.436 -2.378 24.967 -191.360 -2.227 0.055 0.395 0.024 0.395 0.055 0.368
3 16 24.892 -191.003 -2.378 29.834 -189.301 -2.378 29.929 -189.653 -2.227 0.024 0.368 0.024 0.342 0.055 0.342
3 16 24.967 -191.360 -2.227 24.892 -191.003 -2.378 29.929 -189.653 -2.227 0.055 0.368 0.024 0.368 0.055 0.342
3 16 29.834 -189.301 -2.378 34.677 -187.336 -2.378 34.792 -187.681 -2.227 0.024 0.342 0.024 0.317 0.055 0.316
3 16 29.929 -189.653 -2.227 29.834 -189.301 -2.378 34.792 -187.681 -2.227 0.055 0.342 0.024 0.342 0.055 0.316
3 16 34.677 -187.336 -2.378 39.407 -185.113 -2.378 39.542 -185.451 -2.227 0.024 0.317 0.024 0.291 0.055 0.291
3 16 34.792 -187.681 -2.227 34.677 -187.336 -2.378 39.542 -185.451 -2.227 0.055 0.316 0.024 0.317 0.055 0.291
3 16 39.407 -185.113 -2.378 44.011 -182.638 -2.378 44.165 -182.967 -2.227 0.024 0.291 0.024 0.267 0.055 0.266
3 16 39.542 -185.451 -2.227 39.407 -185.113 -2.378 44.165 -182.967 -2.227 0.055 0.291 0.024 0.291 0.055 0.266
3 16 44.011 -182.638 -2.378 48.475 -179.919 -2.378 48.648 -180.239 -2.227 0.024 0.267 0.024 0.244 0.055 0.243
3 16 44.165 -182.967 -2.227 44.011 -182.638 -2.378 48.648 -180.239 -2.227 0.055 0.266 0.024 0.267 0.055 0.243
3 16 48.475 -179.919 -2.378 52.785 -176.963 -2.378 52.977 -177.272 -2.227 0.024 0.244 0.024 0.221 0.055 0.220
3 16 48.648 -180.239 -2.227 48.475 -179.919 -2.378 52.977 -177.272 -2.227 0.055 0.243 0.024 0.244 0.055 0.220
3 16 52.785 -176.963 -2.378 56.931 -173.780 -2.378 57.140 -174.077 -2.227 0.024 0.221 0.024 0.199 0.055 0.198
3 16 52.977 -177.272 -2.227 52.785 -176.963 -2.378 57.140 -174.077 -2.227 0.055 0.220 0.024 0.221 0.055 0.198
3 16 56.931 -173.780 -2.378 60.899 -170.378 -2.378 61.125 -170.663 -2.227 0.024 0.199 0.024 0.178 0.055 0.177
3 16 57.140 -174.077 -2.227 56.931 -173.780 -2.378 61.125 -170.663 -2.227 0.055 0.198 0.024 0.199 0.055 0.177
3 16 60.899 -170.378 -2.378 64.678 -166.767 -2.378 64.920 -167.038 -2.227 0.024 0.178 0.024 0.158 0.055 0.157
3 16 61.125 -170.663 -2.227 60.899 -170.378 -2.378 64.920 -167.038 -2.227 0.055 0.177 0.024 0.178 0.055 0.157
3 16 64.678 -166.767 -2.378 68.257 -162.958 -2.378 68.514 -163.215 -2.227 0.024 0.158 0.024 0.139 0.055 0.137
3 16 64.920 -167.038 -2.227 64.678 -166.767 -2.378 68.514 -163.215 -2.227 0.055 0.157 0.024 0.158 0.055 0.137
3 16 68.257 -162.958 -2.378 71.625 -158.962 -2.378 71.897 -159.203 -2.227 0.024 0.139 0.024 0.121 0.055 0.120
3 16 68.514 -163.215 -2.227 68.257 -162.958 -2.378 71.897 -159.203 -2.227 0.055 0.137 0.024 0.139 0.055 0.120
3 16 71.625 -158.962 -2.378 74.774 -154.790 -2.378 75.059 -155.015 -2.227 0.024 0.121 0.024 0.104 0.055 0.103
3 16 71.897 -159.203 -2.227 71.625 -158.962 -2.378 75.059 -155.015 -2.227 0.055 0.120 0.024 0.121 0.055 0.103
3 16 74.774 -154.790 -2.378 77.694 -150.454 -2.378 77.991 -150.663 -2.227 0.024 0.104 0.024 0.089 0.055 0.087
3 16 75.059 -155.015 -2.227 74.774 -154.790 -2.378 77.991 -150.663 -2.227 0.055 0.103 0.024 0.104 0.055 0.087
3 16 77.694 -150.454 -2.378 80.375 -145.968 -2.378 80.684 -146.159 -2.227 0.024 0.089 0.024 0.075 0.055 0.073
3 16 77.991 -150.663 -2.227 77.694 -150.454 -2.378 80.684 -146.159 -2.227 0.055 0.087 0.024 0.089 0.055 0.073
3 16 80.375 -145.968 -2.378 82.811 -141.344 -2.378 83.131 -141.516 -2.227 0.024 0.075 0.024 0.062 0.055 0.060
3 16 80.684 -146.159 -2.227 80.375 -145.968 -2.378 83.131 -141.516 -2.227 0.055 0.073 0.024 0.075 0.055 0.060
3 16 82.811 -141.344 -2.378 84.995 -136.595 -2.378 85.324 -136.749 -2.227 0.024 0.062 0.024 0.050 0.055 0.049
3 16 83.131 -141.516 -2.227 82.811 -141.344 -2.378 85.324 -136.749 -2.227 0.055 0.060 0.024 0.062 0.055 0.049
3 16 84.995 -136.595 -2.378 86.920 -131.736 -2.378 87.257 -131.870 -2.227 0.024 0.050 0.024 0.040 0.055 0.038
3 16 85.324 -136.749 -2.227 84.995 -136.595 -2.378 87.257 -131.870 -2.227 0.055 0.049 0.024 0.050 0.055 0.038
3 16 86.920 -131.736 -2.378 88.580 -126.780 -2.378 88.925 -126.894 -2.227 0.024 0.040 0.024 0.031 0.055 0.029
3 16 87.257 -131.870 -2.227 86.920 -131.736 -2.378 88.925 -126.894 -2.227 0.055 0.038 0.024 0.040 0.055 0.029
3 16 88.580 -126.780 -2.378 89.971 -121.742 -2.378 90.322 -121.836 -2.227 0.024 0.031 0.024 0.024 0.055 0.022
3 16 88.925 -126.894 -2.227 88.580 -126.780 -2.378 90.322 -121.836 -2.227 0.055 0.029 0.024 0.031 0.055 0.022
3 16 89.971 -121.742 -2.378 91.089 -116.636 -2.378 91.444 -116.709 -2.227 0.024 0.024 0.024 0.018 0.055 0.016
3 16 90.322 -121.836 -2.227 89.971 -121.742 -2.378 91.444 -116.709 -2.227 0.055 0.022 0.024 0.024 0.055 0.016
3 16 91.089 -116.636 -2.378 91.930 -111.478 -2.378 92.289 -111.530 -2.227 0.024 0.018 0.024 0.014 0.055 0.012
3 16 91.444 -116.709 -2.227 91.089 -116.636 -2.378 92.289 -111.530 -2.227 0.055 0.016 0.024 0.018 0.055 0.012
3 16 91.930 -111.478 -2.378 92.492 -106.281 -2.378 92.854 -106.313 -2.227 0.024 0.014 0.024 0.011 0.055 0.009
3 16 92.289 -111.530 -2.227 91.930 -111.478 -2.378 92.854 -106.313 -2.227 0.055 0.012 0.024 0.014 0.055 0.009
3 16 92.492 -106.281 -2.378 92.774 -101.062 -2.378 93.136 -101.073 -2.227 0.024 0.011 0.024 0.009 0.055 0.007
3 16 92.854 -106.313 -2.227 92.492 -106.281 -2.378 93.136 -101.073 -2.227 0.055 0.009 0.024 0.011 0.055 0.007
3 16 92.774 -101.062 -2.378 92.774 -95.835 -2.378 93.136 -101.073 -2.227 0.024 0.009 0.024 0.009 0.055 0.007
3 16 92.774 -95.835 -2.378 92.492 -90.616 -2.378 93.136 -95.825 -2.227 0.024 0.009 0.024 0.011 0.055 0.007
3 16 93.136 -101.073 -2.227 92.774 -95.835 -2.378 93.136 -95.825 -2.227 0.055 0.007 0.024 0.009 0.055 0.007
3 16 92.492 -90.616 -2.378 91.930 -85.420 -2.378 92.854 -90.585 -2.227 0.024 0.011 0.024 0.014 0.055 0.009
3 16 93.136 -95.825 -2.227 92.492 -90.616 -2.378 92.854 -90.585 -2.227 0.055 0.007 0.024 0.011 0.055 0.009
3 16 91.930 -85.420 -2.378 91.089 -80.261 -2.378 92.289 -85.367 -2.227 0.024 0.014 0.024 0.018 0.055 0.012
3 16 92.854 -90.585 -2.227 91.930 -85.420 -2.378 92.289 -85.367 -2.227 0.055 0.009 0.024 0.014 0.055 0.012
3 16 91.089 -80.261 -2.378 89.971 -75.156 -2.378 91.444 -80.188 -2.227 0.024 0.018 0.024 0.024 0.055 0.016
3 16 92.289 -85.367 -2.227 91.089 -80.261 -2.378 91.444 -80.188 -2.227 0.055 0.012 0.024 0.018 0.055 0.016
3 16 89.971 -75.156 -2.378 88.580 -70.117 -2.378 90.322 -75.062 -2.227 0.024 0.024 0.024 0.031 0.055 0.022
3 16 91.444 -80.188 -2.227 89.971 -75.156 -2.378 90.322 -75.062 -2.227 0.055 0.016 0.024 0.024 0.055 0.022
3 16 88.580 -70.117 -2.378 86.920 -65.161 -2.378 88.925 -70.003 -2.227 0.024 0.031 0.024 0.040 0.055 0.029
3 16 90.322 -75.062 -2.227 88.580 -70.117 -2.378 88.925 -70.003 -2.227 0.055 0.022 0.024 0.031 0.055 0.029
3 16 86.920 -65.161 -2.378 84.995 -60.302 -2.378 87.257 -65.028 -2.227 0.024 0.040 0.024 0.050 0.055 0.038
3 16 88.925 -70.003 -2.227 86.920 -65.161 -2.378 87.257 -65.028 -2.227 0.055 0.029 0.024 0.040 0.055 0.038
3 16 84.995 -60.302 -2.378 82.811 -55.553 -2.378 85.324 -60.149 -2.227 0.024 0.050 0.024 0.062 0.055 0.049
3 16 87.257 -65.028 -2.227 84.995 -60.302 -2.378 85.324 -60.149 -2.227 0.055 0.038 0.024 0.050 0.055 0.049
3 16 82.811 -55.553 -2.378 80.375 -50.929 -2.378 83.131 -55.381 -2.227 0.024 0.062 0.024 0.075 0.055 0.060
3 16 85.324 -60.149 -2.227 82.811 -55.553 -2.378 83.131 -55.381 -2.227 0.055 0.049 0.024 0.062 0.055 0.060
3 16 80.375 -50.929 -2.378 77.694 -46.443 -2.378 80.684 -50.739 -2.227 0.024 0.075 0.024 0.089 0.055 0.073
3 16 83.131 -55.381 -2.227 80.375 -50.929 -2.378 80.684 -50.739 -2.227 0.055 0.060 0.024 0.075 0.055 0.073
3 16 77.694 -46.443 -2.378 74.774 -42.108 -2.378 77.991 -46.235 -2.227 0.024 0.089 0.024 0.104 0.055 0.087
3 16 80.684 -50.739 -2.227 77.694 -46.443 -2.378 77.991 -46.235 -2.227 0.055 0.073 0.024 0.089 0.055 0.087
3 16 74.774 -42.108 -2.378 71.625 -37.936 -2.378 75.059 -41.883 -2.227 0.024 0.104 0.024 0.121 0.055 0.103
3 16 77.991 -46.235 -2.227 74.774 -42.108 -2.378 75.059 -41.883 -2.227 0.055 0.087 0.024 0.104 0.055 0.103
3 16 71.625 -37.936 -2.378 68.257 -33.940 -2.378 71.897 -37.695 -2.227 0.024 0.121 0.024 0.139 0.055 0.120
3 16 75.059 -41.883 -2.227 71.625 -37.936 -2.378 71.897 -37.695 -2.227 0.055 0.103 0.024 0.121 0.055 0.120
3 16 68.257 -33.940 -2.378 64.678 -30.131 -2.378 68.514 -33.683 -2.227 0.024 0.139 0.024 0.158 0.055 0.137
3 16 71.897 -37.695 -2.227 68.257 -33.940 -2.378 68.514 -33.683 -2.227 0.055 0.120 0.024 0.139 0.055 0.137
3 16 64.678 -30.131 -2.378 60.899 -26.520 -2.378 64.920 -29.859 -2.227 0.024 0.158 0.024 0.178 0.055 0.157
3 16 68.514 -33.683 -2.227 64.678 -30.131 -2.378 64.920 -29.859 -2.227 0.055 0.137 0.024 0.158 0.055 0.157
3 16 60.899 -26.520 -2.378 56.931 -23.118 -2.378 61.125 -26.235 -2.227 0.024 0.178 0.024 0.199 0.055 0.177
3 16 64.920 -29.859 -2.227 60.899 -26.520 -2.378 61.125 -26.235 -2.227 0.055 0.157 0.024 0.178 0.055 0.177
3 16 56.931 -23.118 -2.378 52.785 -19.934 -2.378 57.140 -22.820 -2.227 0.024 0.199 0.024 0.221 0.055 0.198
3 16 61.125 -26.235 -2.227 56.931 -23.118 -2.378 57.140 -22.820 -2.227 0.055 0.177 0.024 0.199 0.055 0.198
3 16 52.785 -19.934 -2.378 48.475 -16.979 -2.378 52.977 -19.625 -2.227 0.024 0.221 0.024 0.244 0.055 0.220
3 16 57.140 -22.820 -2.227 52.785 -19.934 -2.378 52.977 -19.625 -2.227 0.055 0.198 0.024 0.221 0.055 0.220
3 16 48.475 -16.979 -2.378 44.011 -14.260 -2.378 48.648 -16.659 -2.227 0.024 0.244 0.024 0.267 0.055 0.243
3 16 52.977 -19.625 -2.227 48.475 -16.979 -2.378 48.648 -16.659 -2.227 0.055 0.220 0.024 0.244 0.055 0.243
3 16 44.011 -14.260 -2.378 39.407 -11.785 -2.378 44.165 -13.930 -2.227 0.024 0.267 0.024 0.291 0.055 0.266
3 16 48.648 -16.659 -2.227 44.011 -14.260 -2.378 44.165 -13.930 -2.227 0.055 0.243 0.024 0.267 0.055 0.266
3 16 39.407 -11.785 -2.378 34.677 -9.562 -2.378 39.542 -11.447 -2.227 0.024 0.291 0.024 0.317 0.055 0.291
3 16 44.165 -13.930 -2.227 39.407 -11.785 -2.378 39.542 -11.447 -2.227 0.055 0.266 0.024 0.291 0.055 0.291
3 16 34.677 -9.562 -2.378 29.834 -7.596 -2.378 34.792 -9.216 -2.227 0.024 0.317 0.024 0.342 0.055 0.316
3 16 39.542 -11.447 -2.227 34.677 -9.562 -2.378 34.792 -9.216 -2.227 0.055 0.291 0.024 0.317 0.055 0.316
3 16 29.834 -7.596 -2.378 24.892 -5.894 -2.378 29.929 -7.244 -2.227 0.024 0.342 0.024 0.368 0.055 0.342
3 16 34.792 -9.216 -2.227 29.834 -7.596 -2.378 29.929 -7.244 -2.227 0.055 0.316 0.024 0.342 0.055 0.342
3 16 24.892 -5.894 -2.378 19.866 -4.461 -2.378 24.967 -5.538 -2.227 0.024 0.368 0.024 0.395 0.055 0.368
3 16 29.929 -7.244 -2.227 24.892 -5.894 -2.378 24.967 -5.538 -2.227 0.055 0.342 0.024 0.368 0.055 0.368
3 16 19.866 -4.461 -2.378 14.769 -3.301 -2.378 19.919 -4.101 -2.227 0.024 0.395 0.024 0.422 0.055 0.395
3 16 24.967 -5.538 -2.227 19.866 -4.461 -2.378 19.919 -4.101 -2.227 0.055 0.368 0.024 0.395 0.055 0.395
3 16 14.769 -3.301 -2.378 9.618 -2.417 -2.378 14.802 -2.938 -2.227 0.024 0.422 0.024 0.449 0.055 0.422
3 16 19.919 -4.101 -2.227 14.769 -3.301 -2.378 14.802 -2.938 -2.227 0.055 0.395 0.024 0.422 0.055 0.422
3 16 9.618 -2.417 -2.378 4.427 -1.811 -2.378 9.630 -2.052 -2.227 0.024 0.449 0.024 0.477 0.055 0.449
3 16 14.802 -2.938 -2.227 9.618 -2.417 -2.378 9.630 -2.052 -2.227 0.055 0.422 0.024 0.449 0.055 0.449
3 16 4.427 -1.811 -2.378 -0.790 -1.486 -2.378 4.417 -1.446 -2.227 0.024 0.477 0.024 0.504 0.055 0.477
3 16 9.630 -2.052 -2.227 4.427 -1.811 -2.378 4.417 -1.446 -2.227 0.055 0.449 0.024 0.477 0.055 0.477
3 16 -0.790 -1.486 -2.378 -6.016 -1.443 -2.378 -0.821 -1.122 -2.227 0.024 0.504 0.024 0.532 0.055 0.504
3 16 4.417 -1.446 -2.227 -0.790 -1.486 -2.378 -0.821 -1.122 -2.227 0.055 0.477 0.024 0.504 0.055 0.504
3 16 -6.016 -1.443 -2.378 -11.238 -1.680 -2.378 -6.068 -1.081 -2.227 0.024 0.532 0.024 0.559 0.055 0.532
3 16 -0.821 -1.122 -2.227 -6.016 -1.443 -2.378 -6.068 -1.081 -2.227 0.055 0.504 0.024 0.532 0.055 0.532
3 16 -11.238 -1.680 -2.378 -16.439 -2.199 -2.378 -11.311 -1.322 -2.227 0.024 0.559 0.024 0.587 0.055 0.560
3 16 -6.068 -1.081 -2.227 -11.238 -1.680 -2.378 -11.311 -1.322 -2.227 0.055 0.532 0.024 0.559 0.055 0.560
3 16 -16.439 -2.199 -2.378 -21.604 -2.997 -2.378 -16.532 -1.845 -2.227 0.024 0.587 0.024 0.614 0.055 0.587
3 16 -11.311 -1.322 -2.227 -16.439 -2.199 -2.378 -16.532 -1.845 -2.227 0.055 0.560 0.024 0.587 0.055 0.587
3 16 -21.604 -2.997 -2.378 -26.719 -4.072 -2.378 -21.718 -2.649 -2.227 0.024 0.614 0.024 0.641 0.055 0.615
3 16 -16.532 -1.845 -2.227 -21.604 -2.997 -2.378 -21.718 -2.649 -2.227 0.055 0.587 0.024 0.614 0.055 0.615
3 16 -26.719 -4.072 -2.378 -31.769 -5.421 -2.378 -26.853 -3.731 -2.227 0.024 0.641 0.024 0.668 0.055 0.642
3 16 -21.718 -2.649 -2.227 -26.719 -4.072 -2.378 -26.853 -3.731 -2.227 0.055 0.615 0.024 0.641 0.055 0.642
3 16 -31.769 -5.421 -2.378 -36.738 -7.040 -2.378 -31.922 -5.088 -2.227 0.024 0.668 0.024 0.694 0.055 0.669
3 16 -26.853 -3.731 -2.227 -31.769 -5.421 -2.378 -31.922 -5.088 -2.227 0.055 0.642 0.024 0.668 0.055 0.669
3 16 -36.738 -7.040 -2.378 -41.614 -8.924 -2.378 -36.911 -6.716 -2.227 0.024 0.694 0.024 0.720 0.055 0.695
3 16 -31.922 -5.088 -2.227 -36.738 -7.040 -2.378 -36.911 -6.716 -2.227 0.055 0.669 0.024 0.694 0.055 0.695
3 16 -41.614 -8.924 -2.378 -46.380 -11.068 -2.378 -41.805 -8.611 -2.227 0.024 0.720 0.024 0.745 0.055 0.721
3 16 -36.911 -6.716 -2.227 -41.614 -8.924 -2.378 -41.805 -8.611 -2.227 0.055 0.695 0.024 0.720 0.055 0.721
3 16 -46.380 -11.068 -2.378 -51.025 -13.465 -2.378 -46.590 -10.766 -2.227 0.024 0.745 0.024 0.770 0.055 0.747
3 16 -41.805 -8.611 -2.227 -46.380 -11.068 -2.378 -46.590 -10.766 -2.227 0.055 0.721 0.024 0.745 0.055 0.747
3 16 -51.025 -13.465 -2.378 -55.533 -16.109 -2.378 -51.251 -13.176 -2.227 0.024 0.770 0.024 0.794 0.055 0.771
3 16 -46.590 -10.766 -2.227 -51.025 -13.465 -2.378 -51.251 -13.176 -2.227 0.055 0.747 0.024 0.770 0.055 0.771
3 16 -55.533 -16.109 -2.378 -59.893 -18.992 -2.378 -55.776 -15.833 -2.227 0.024 0.794 0.024 0.817 0.055 0.795
3 16 -51.251 -13.176 -2.227 -55.533 -16.109 -2.378 -55.776 -15.833 -2.227 0.055 0.771 0.024 0.794 0.055 0.795
3 16 -59.893 -18.992 -2.378 -64.091 -22.106 -2.378 -60.152 -18.731 -2.227 0.024 0.817 0.024 0.839 0.055 0.818
3 16 -55.776 -15.833 -2.227 -59.893 -18.992 -2.378 -60.152 -18.731 -2.227 0.055 0.795 0.024 0.817 0.055 0.818
3 16 -64.091 -22.106 -2.378 -68.115 -25.441 -2.378 -64.365 -21.860 -2.227 0.024 0.839 0.024 0.860 0.055 0.841
3 16 -60.152 -18.731 -2.227 -64.091 -22.106 -2.378 -64.365 -21.860 -2.227 0.055 0.818 0.024 0.839 0.055 0.841
3 16 -68.115 -25.441 -2.378 -71.954 -28.988 -2.378 -68.403 -25.211 -2.227 0.024 0.860 0.024 0.881 0.055 0.862
3 16 -64.365 -21.860 -2.227 -68.115 -25.441 -2.378 -68.403 -25.211 -2.227 0.055 0.841 0.024 0.860 0.055 0.862
3 16 -71.954 -28.988 -2.378 -75.596 -32.737 -2.378 -72.255 -28.775 -2.227 0.024 0.881 0.024 0.900 0.055 0.882
3 16 -68.403 -25.211 -2.227 -71.954 -28.988 -2.378 -72.255 -28.775 -2.227 0.055 0.862 0.024 0.881 0.055 0.882
3 16 -75.596 -32.737 -2.378 -79.031 -36.676 -2.378 -75.909 -32.541 -2.227 0.024 0.900 0.024 0.918 0.055 0.902
3 16 -72.255 -28.775 -2.227 -75.596 -32.737 -2.378 -75.909 -32.541 -2.227 0.055 0.882 0.024 0.900 0.055 0.902
3 16 -79.031 -36.676 -2.378 -82.249 -40.795 -2.378 -79.355 -36.499 -2.227 0.024 0.918 0.024 0.935 0.055 0.920
3 16 -75.909 -32.541 -2.227 -79.031 -36.676 -2.378 -79.355 -36.499 -2.227 0.055 0.902 0.024 0.918 0.055 0.920
3 16 -82.249 -40.795 -2.378 -85.241 -45.081 -2.378 -82.583 -40.637 -2.227 0.024 0.935 0.024 0.951 0.055 0.937
3 16 -79.355 -36.499 -2.227 -82.249 -40.795 -2.378 -82.583 -40.637 -2.227 0.055 0.920 0.024 0.935 0.055 0.937
3 16 -85.241 -45.081 -2.378 -87.997 -49.522 -2.378 -85.584 -44.942 -2.227 0.024 0.951 0.024 0.966 0.055 0.953
3 16 -82.583 -40.637 -2.227 -85.241 -45.081 -2.378 -85.584 -44.942 -2.227 0.055 0.937 0.024 0.951 0.055 0.953
3 16 -87.997 -49.522 -2.378 -90.510 -54.104 -2.378 -88.348 -49.403 -2.227 0.024 0.966 0.024 0.979 0.055 0.967
3 16 -85.584 -44.942 -2.227 -87.997 -49.522 -2.378 -88.348 -49.403 -2.227 0.055 0.953 0.024 0.966 0.055 0.967
3 16 -90.510 -54.104 -2.378 -92.781 -58.814 -2.375 -90.867 -54.006 -2.227 0.024 0.979 0.025 0.991 0.055 0.981
3 16 -88.348 -49.403 -2.227 -90.510 -54.104 -2.378 -90.867 -54.006 -2.227 0.055 0.967 0.024 0.979 0.055 0.981
3 16 -6.015 -1.449 2.380 -6.067 -1.087 2.230 -11.236 -1.687 2.380 0.976 0.532 0.946 0.532 0.976 0.559
3 16 -11.309 -1.328 2.230 -16.531 -1.851 2.230 -16.437 -2.206 2.380 0.946 0.560 0.946 0.587 0.976 0.587
3 16 -92.781 -58.814 -2.375 -92.773 -138.082 -2.378 -93.136 -138.159 -2.227 0.025 0.991 0.024 0.991 0.055 0.993
3 16 -92.781 -58.814 -2.375 -93.136 -138.159 -2.227 -93.146 -58.736 -2.222 0.025 0.991 0.055 0.993 0.056 0.993
3 16 -90.867 -54.006 -2.227 -92.781 -58.814 -2.375 -93.146 -58.736 -2.222 0.055 0.981 0.025 0.991 0.056 0.993
3 16 -93.136 -138.159 -2.227 -90.867 -142.891 -2.227 -91.197 -142.982 -2.022 0.055 0.993 0.055 0.981 0.096 0.983
3 16 -0.789 -1.493 2.380 -0.820 -1.128 2.230 -6.015 -1.449 2.380 0.976 0.504 0.946 0.504 0.976 0.532
3 16 -6.067 -1.087 2.230 -11.309 -1.328 2.230 -11.236 -1.687 2.380 0.946 0.532 0.946 0.560 0.976 0.559
3 16 -93.470 -138.230 -2.022 -93.136 -138.159 -2.227 -91.197 -142.982 -2.022 0.096 0.995 0.055 0.993 0.096 0.983
3 16 -90.867 -142.891 -2.227 -88.348 -147.495 -2.227 -88.671 -147.604 -2.022 0.055 0.981 0.055 0.967 0.096 0.969
3 16 -91.197 -142.982 -2.022 -90.867 -142.891 -2.227 -88.671 -147.604 -2.022 0.096 0.983 0.055 0.981 0.096 0.969
3 16 -88.348 -147.495 -2.227 -85.584 -151.955 -2.227 -85.900 -152.083 -2.022 0.055 0.967 0.055 0.953 0.096 0.954
3 16 -88.671 -147.604 -2.022 -88.348 -147.495 -2.227 -85.900 -152.083 -2.022 0.096 0.969 0.055 0.967 0.096 0.954
3 16 -85.584 -151.955 -2.227 -82.583 -156.261 -2.227 -82.892 -156.407 -2.022 0.055 0.953 0.055 0.937 0.096 0.939
3 16 -85.900 -152.083 -2.022 -85.584 -151.955 -2.227 -82.892 -156.407 -2.022 0.096 0.954 0.055 0.953 0.096 0.939
3 16 -82.583 -156.261 -2.227 -79.355 -160.398 -2.227 -79.654 -160.562 -2.022 0.055 0.937 0.055 0.920 0.096 0.921
3 16 -82.892 -156.407 -2.022 -82.583 -156.261 -2.227 -79.654 -160.562 -2.022 0.096 0.939 0.055 0.937 0.096 0.921
3 16 -79.355 -160.398 -2.227 -75.909 -164.356 -2.227 -76.198 -164.536 -2.022 0.055 0.920 0.055 0.902 0.096 0.903
3 16 -79.654 -160.562 -2.022 -79.355 -160.398 -2.227 -76.198 -164.536 -2.022 0.096 0.921 0.055 0.920 0.096 0.903
3 16 -75.909 -164.356 -2.227 -72.255 -168.122 -2.227 -72.533 -168.319 -2.022 0.055 0.902 0.055 0.882 0.096 0.884
3 16 -76.198 -164.536 -2.022 -75.909 -164.356 -2.227 -72.533 -168.319 -2.022 0.096 0.903 0.055 0.902 0.096 0.884
3 16 -72.255 -168.122 -2.227 -68.403 -171.686 -2.227 -68.669 -171.898 -2.022 0.055 0.882 0.055 0.862 0.096 0.863
3 16 -72.533 -168.319 -2.022 -72.255 -168.122 -2.227 -68.669 -171.898 -2.022 0.096 0.884 0.055 0.882 0.096 0.863
3 16 -68.403 -171.686 -2.227 -64.365 -175.038 -2.227 -64.618 -175.265 -2.022 0.055 0.862 0.055 0.841 0.096 0.842
3 16 -68.669 -171.898 -2.022 -68.403 -171.686 -2.227 -64.618 -175.265 -2.022 0.096 0.863 0.055 0.862 0.096 0.842
3 16 -64.365 -175.038 -2.227 -60.152 -178.167 -2.227 -60.391 -178.408 -2.022 0.055 0.841 0.055 0.818 0.096 0.820
3 16 -64.618 -175.265 -2.022 -64.365 -175.038 -2.227 -60.391 -178.408 -2.022 0.096 0.842 0.055 0.841 0.096 0.820
3 16 -60.152 -178.167 -2.227 -55.776 -181.064 -2.227 -56.001 -181.318 -2.022 0.055 0.818 0.055 0.795 0.096 0.796
3 16 -60.391 -178.408 -2.022 -60.152 -178.167 -2.227 -56.001 -181.318 -2.022 0.096 0.820 0.055 0.818 0.096 0.796
3 16 -55.776 -181.064 -2.227 -51.251 -183.722 -2.227 -51.461 -183.988 -2.022 0.055 0.795 0.055 0.771 0.096 0.772
3 16 -56.001 -181.318 -2.022 -55.776 -181.064 -2.227 -51.461 -183.988 -2.022 0.096 0.796 0.055 0.795 0.096 0.772
3 16 -51.251 -183.722 -2.227 -46.590 -186.132 -2.227 -46.783 -186.410 -2.022 0.055 0.771 0.055 0.747 0.096 0.748
3 16 -51.461 -183.988 -2.022 -51.251 -183.722 -2.227 -46.783 -186.410 -2.022 0.096 0.772 0.055 0.771 0.096 0.748
3 16 -46.590 -186.132 -2.227 -41.805 -188.287 -2.227 -41.982 -188.576 -2.022 0.055 0.747 0.055 0.721 0.096 0.722
3 16 -46.783 -186.410 -2.022 -46.590 -186.132 -2.227 -41.982 -188.576 -2.022 0.096 0.748 0.055 0.747 0.096 0.722
3 16 -41.805 -188.287 -2.227 -36.911 -190.181 -2.227 -37.071 -190.480 -2.022 0.055 0.721 0.055 0.695 0.096 0.696
3 16 -41.982 -188.576 -2.022 -41.805 -188.287 -2.227 -37.071 -190.480 -2.022 0.096 0.722 0.055 0.721 0.096 0.696
3 16 -36.911 -190.181 -2.227 -31.922 -191.809 -2.227 -32.064 -192.116 -2.022 0.055 0.695 0.055 0.669 0.096 0.670
3 16 -37.071 -190.480 -2.022 -36.911 -190.181 -2.227 -32.064 -192.116 -2.022 0.096 0.696 0.055 0.695 0.096 0.670
3 16 -31.922 -191.809 -2.227 -26.853 -193.166 -2.227 -26.977 -193.481 -2.022 0.055 0.669 0.055 0.642 0.096 0.643
3 16 -32.064 -192.116 -2.022 -31.922 -191.809 -2.227 -26.977 -193.481 -2.022 0.096 0.670 0.055 0.669 0.096 0.643
3 16 -26.853 -193.166 -2.227 -21.718 -194.248 -2.227 -21.823 -194.569 -2.022 0.055 0.642 0.055 0.615 0.096 0.615
3 16 -26.977 -193.481 -2.022 -26.853 -193.166 -2.227 -21.823 -194.569 -2.022 0.096 0.643 0.055 0.642 0.096 0.615
3 16 -21.718 -194.248 -2.227 -16.532 -195.052 -2.227 -16.619 -195.379 -2.022 0.055 0.615 0.055 0.587 0.096 0.588
3 16 -21.823 -194.569 -2.022 -21.718 -194.248 -2.227 -16.619 -195.379 -2.022 0.096 0.615 0.055 0.615 0.096 0.588
3 16 -16.532 -195.052 -2.227 -11.311 -195.576 -2.227 -11.378 -195.906 -2.022 0.055 0.587 0.055 0.560 0.096 0.560
3 16 -16.619 -195.379 -2.022 -16.532 -195.052 -2.227 -11.378 -195.906 -2.022 0.096 0.588 0.055 0.587 0.096 0.560
3 16 -11.311 -195.576 -2.227 -6.068 -195.817 -2.227 -6.116 -196.151 -2.022 0.055 0.560 0.055 0.532 0.096 0.532
3 16 -11.378 -195.906 -2.022 -11.311 -195.576 -2.227 -6.116 -196.151 -2.022 0.096 0.560 0.055 0.560 0.096 0.532
3 16 -6.068 -195.817 -2.227 -0.821 -195.775 -2.227 -0.849 -196.111 -2.022 0.055 0.532 0.055 0.504 0.096 0.504
3 16 -6.116 -196.151 -2.022 -6.068 -195.817 -2.227 -0.849 -196.111 -2.022 0.096 0.532 0.055 0.532 0.096 0.504
3 16 -0.821 -195.775 -2.227 4.417 -195.451 -2.227 4.408 -195.788 -2.022 0.055 0.504 0.055 0.477 0.096 0.477
3 16 -0.849 -196.111 -2.022 -0.821 -195.775 -2.227 4.408 -195.788 -2.022 0.096 0.504 0.055 0.504 0.096 0.477
3 16 4.417 -195.451 -2.227 9.630 -194.845 -2.227 9.640 -195.182 -2.022 0.055 0.477 0.055 0.449 0.096 0.449
3 16 4.408 -195.788 -2.022 4.417 -195.451 -2.227 9.640 -195.182 -2.022 0.096 0.477 0.055 0.477 0.096 0.449
3 16 9.630 -194.845 -2.227 14.802 -193.960 -2.227 14.832 -194.295 -2.022 0.055 0.449 0.055 0.422 0.096 0.422
3 16 9.640 -195.182 -2.022 9.630 -194.845 -2.227 14.832 -194.295 -2.022 0.096 0.449 0.055 0.449 0.096 0.422
3 16 14.802 -193.960 -2.227 19.919 -192.797 -2.227 19.969 -193.130 -2.022 0.055 0.422 0.055 0.395 0.096 0.394
3 16 14.832 -194.295 -2.022 14.802 -193.960 -2.227 19.969 -193.130 -2.022 0.096 0.422 0.055 0.422 0.096 0.394
3 16 19.919 -192.797 -2.227 24.967 -191.360 -2.227 25.035 -191.689 -2.022 0.055 0.395 0.055 0.368 0.096 0.368
3 16 19.969 -193.130 -2.022 19.919 -192.797 -2.227 25.035 -191.689 -2.022 0.096 0.394 0.055 0.395 0.096 0.368
3 16 24.967 -191.360 -2.227 29.929 -189.653 -2.227 30.017 -189.978 -2.022 0.055 0.368 0.055 0.342 0.096 0.341
3 16 25.035 -191.689 -2.022 24.967 -191.360 -2.227 30.017 -189.978 -2.022 0.096 0.368 0.055 0.368 0.096 0.341
3 16 29.929 -189.653 -2.227 34.792 -187.681 -2.227 34.899 -188.000 -2.022 0.055 0.342 0.055 0.316 0.096 0.315
3 16 30.017 -189.978 -2.022 29.929 -189.653 -2.227 34.899 -188.000 -2.022 0.096 0.341 0.055 0.342 0.096 0.315
3 16 34.792 -187.681 -2.227 39.542 -185.451 -2.227 39.667 -185.763 -2.022 0.055 0.316 0.055 0.291 0.096 0.290
3 16 34.899 -188.000 -2.022 34.792 -187.681 -2.227 39.667 -185.763 -2.022 0.096 0.315 0.055 0.316 0.096 0.290
3 16 39.542 -185.451 -2.227 44.165 -182.967 -2.227 44.308 -183.272 -2.022 0.055 0.291 0.055 0.266 0.096 0.266
3 16 39.667 -185.763 -2.022 39.542 -185.451 -2.227 44.308 -183.272 -2.022 0.096 0.290 0.055 0.291 0.096 0.266
3 16 44.165 -182.967 -2.227 48.648 -180.239 -2.227 48.808 -180.534 -2.022 0.055 0.266 0.055 0.243 0.096 0.242
3 16 44.308 -183.272 -2.022 44.165 -182.967 -2.227 48.808 -180.534 -2.022 0.096 0.266 0.055 0.266 0.096 0.242
3 16 48.648 -180.239 -2.227 52.977 -177.272 -2.227 53.153 -177.558 -2.022 0.055 0.243 0.055 0.220 0.096 0.219
3 16 48.808 -180.534 -2.022 48.648 -180.239 -2.227 53.153 -177.558 -2.022 0.096 0.242 0.055 0.243 0.096 0.219
3 16 52.977 -177.272 -2.227 57.140 -174.077 -2.227 57.333 -174.352 -2.022 0.055 0.220 0.055 0.198 0.096 0.197
3 16 53.153 -177.558 -2.022 52.977 -177.272 -2.227 57.333 -174.352 -2.022 0.096 0.219 0.055 0.220 0.096 0.197
3 16 57.140 -174.077 -2.227 61.125 -170.663 -2.227 61.333 -170.925 -2.022 0.055 0.198 0.055 0.177 0.096 0.175
3 16 57.333 -174.352 -2.022 57.140 -174.077 -2.227 61.333 -170.925 -2.022 0.096 0.197 0.055 0.198 0.096 0.175
3 16 61.125 -170.663 -2.227 64.920 -167.038 -2.227 65.143 -167.288 -2.022 0.055 0.177 0.055 0.157 0.096 0.155
3 16 61.333 -170.925 -2.022 61.125 -170.663 -2.227 65.143 -167.288 -2.022 0.096 0.175 0.055 0.177 0.096 0.155
3 16 64.920 -167.038 -2.227 68.514 -163.215 -2.227 68.751 -163.451 -2.022 0.055 0.157 0.055 0.137 0.096 0.136
3 16 65.143 -167.288 -2.022 64.920 -167.038 -2.227 68.751 -163.451 -2.022 0.096 0.155 0.055 0.157 0.096 0.136
3 16 68.514 -163.215 -2.227 71.897 -159.203 -2.227 72.148 -159.426 -2.022 0.055 0.137 0.055 0.120 0.096 0.118
3 16 68.751 -163.451 -2.022 68.514 -163.215 -2.227 72.148 -159.426 -2.022 0.096 0.136 0.055 0.137 0.096 0.118
3 16 71.897 -159.203 -2.227 75.059 -155.015 -2.227 75.322 -155.223 -2.022 0.055 0.120 0.055 0.103 0.096 0.101
3 16 72.148 -159.426 -2.022 71.897 -159.203 -2.227 75.322 -155.223 -2.022 0.096 0.118 0.055 0.120 0.096 0.101
3 16 75.059 -155.015 -2.227 77.991 -150.663 -2.227 78.266 -150.855 -2.022 0.055 0.103 0.055 0.087 0.096 0.086
3 16 75.322 -155.223 -2.022 75.059 -155.015 -2.227 78.266 -150.855 -2.022 0.096 0.101 0.055 0.103 0.096 0.086
3 16 77.991 -150.663 -2.227 80.684 -146.159 -2.227 80.970 -146.334 -2.022 0.055 0.087 0.055 0.073 0.096 0.072
3 16 78.266 -150.855 -2.022 77.991 -150.663 -2.227 80.970 -146.334 -2.022 0.096 0.086 0.055 0.087 0.096 0.072
3 16 80.684 -146.159 -2.227 83.131 -141.516 -2.227 83.426 -141.675 -2.022 0.055 0.073 0.055 0.060 0.096 0.059
3 16 80.970 -146.334 -2.022 80.684 -146.159 -2.227 83.426 -141.675 -2.022 0.096 0.072 0.055 0.073 0.096 0.059
3 16 83.131 -141.516 -2.227 85.324 -136.749 -2.227 85.628 -136.890 -2.022 0.055 0.060 0.055 0.049 0.096 0.047
3 16 83.426 -141.675 -2.022 83.131 -141.516 -2.227 85.628 -136.890 -2.022 0.096 0.059 0.055 0.060 0.096 0.047
3 16 85.324 -136.749 -2.227 87.257 -131.870 -2.227 87.569 -131.993 -2.022 0.055 0.049 0.055 0.038 0.096 0.037
3 16 85.628 -136.890 -2.022 85.324 -136.749 -2.227 87.569 -131.993 -2.022 0.096 0.047 0.055 0.049 0.096 0.037
3 16 87.257 -131.870 -2.227 88.925 -126.894 -2.227 89.243 -126.999 -2.022 0.055 0.038 0.055 0.029 0.096 0.028
3 16 87.569 -131.993 -2.022 87.257 -131.870 -2.227 89.243 -126.999 -2.022 0.096 0.037 0.055 0.038 0.096 0.028
3 16 88.925 -126.894 -2.227 90.322 -121.836 -2.227 90.645 -121.922 -2.022 0.055 0.029 0.055 0.022 0.096 0.020
3 16 89.243 -126.999 -2.022 88.925 -126.894 -2.227 90.645 -121.922 -2.022 0.096 0.028 0.055 0.029 0.096 0.020
3 16 90.322 -121.836 -2.227 91.444 -116.709 -2.227 91.772 -116.777 -2.022 0.055 0.022 0.055 0.016 0.096 0.014
3 16 90.645 -121.922 -2.022 90.322 -121.836 -2.227 91.772 -116.777 -2.022 0.096 0.020 0.055 0.022 0.096 0.014
3 16 91.444 -116.709 -2.227 92.289 -111.530 -2.227 92.620 -111.579 -2.022 0.055 0.016 0.055 0.012 0.096 0.010
3 16 91.772 -116.777 -2.022 91.444 -116.709 -2.227 92.620 -111.579 -2.022 0.096 0.014 0.055 0.016 0.096 0.010
3 16 92.289 -111.530 -2.227 92.854 -106.313 -2.227 93.187 -106.342 -2.022 0.055 0.012 0.055 0.009 0.096 0.007
3 16 92.620 -111.579 -2.022 92.289 -111.530 -2.227 93.187 -106.342 -2.022 0.096 0.010 0.055 0.012 0.096 0.007
3 16 92.854 -106.313 -2.227 93.136 -101.073 -2.227 93.471 -101.082 -2.022 0.055 0.009 0.055 0.007 0.096 0.005
3 16 93.187 -106.342 -2.022 92.854 -106.313 -2.227 93.471 -101.082 -2.022 0.096 0.007 0.055 0.009 0.096 0.005
3 16 93.136 -101.073 -2.227 93.136 -95.825 -2.227 93.471 -101.082 -2.022 0.055 0.007 0.055 0.007 0.096 0.005
3 16 93.136 -95.825 -2.227 92.854 -90.585 -2.227 93.471 -95.815 -2.022 0.055 0.007 0.055 0.009 0.096 0.005
3 16 93.471 -101.082 -2.022 93.136 -95.825 -2.227 93.471 -95.815 -2.022 0.096 0.005 0.055 0.007 0.096 0.005
3 16 92.854 -90.585 -2.227 92.289 -85.367 -2.227 93.187 -90.556 -2.022 0.055 0.009 0.055 0.012 0.096 0.007
3 16 93.471 -95.815 -2.022 92.854 -90.585 -2.227 93.187 -90.556 -2.022 0.096 0.005 0.055 0.009 0.096 0.007
3 16 92.289 -85.367 -2.227 91.444 -80.188 -2.227 92.620 -85.319 -2.022 0.055 0.012 0.055 0.016 0.096 0.010
3 16 93.187 -90.556 -2.022 92.289 -85.367 -2.227 92.620 -85.319 -2.022 0.096 0.007 0.055 0.012 0.096 0.010
3 16 91.444 -80.188 -2.227 90.322 -75.062 -2.227 91.772 -80.120 -2.022 0.055 0.016 0.055 0.022 0.096 0.014
3 16 92.620 -85.319 -2.022 91.444 -80.188 -2.227 91.772 -80.120 -2.022 0.096 0.010 0.055 0.016 0.096 0.014
3 16 90.322 -75.062 -2.227 88.925 -70.003 -2.227 90.645 -74.975 -2.022 0.055 0.022 0.055 0.029 0.096 0.020
3 16 91.772 -80.120 -2.022 90.322 -75.062 -2.227 90.645 -74.975 -2.022 0.096 0.014 0.055 0.022 0.096 0.020
3 16 88.925 -70.003 -2.227 87.257 -65.028 -2.227 89.243 -69.898 -2.022 0.055 0.029 0.055 0.038 0.096 0.028
3 16 90.645 -74.975 -2.022 88.925 -70.003 -2.227 89.243 -69.898 -2.022 0.096 0.020 0.055 0.029 0.096 0.028
3 16 87.257 -65.028 -2.227 85.324 -60.149 -2.227 87.569 -64.904 -2.022 0.055 0.038 0.055 0.049 0.096 0.037
3 16 89.243 -69.898 -2.022 87.257 -65.028 -2.227 87.569 -64.904 -2.022 0.096 0.028 0.055 0.038 0.096 0.037
3 16 85.324 -60.149 -2.227 83.131 -55.381 -2.227 85.628 -60.007 -2.022 0.055 0.049 0.055 0.060 0.096 0.047
3 16 87.569 -64.904 -2.022 85.324 -60.149 -2.227 85.628 -60.007 -2.022 0.096 0.037 0.055 0.049 0.096 0.047
3 16 83.131 -55.381 -2.227 80.684 -50.739 -2.227 83.426 -55.223 -2.022 0.055 0.060 0.055 0.073 0.096 0.059
3 16 85.628 -60.007 -2.022 83.131 -55.381 -2.227 83.426 -55.223 -2.022 0.096 0.047 0.055 0.060 0.096 0.059
3 16 80.684 -50.739 -2.227 77.991 -46.235 -2.227 80.970 -50.563 -2.022 0.055 0.073 0.055 0.087 0.096 0.072
3 16 83.426 -55.223 -2.022 80.684 -50.739 -2.227 80.970 -50.563 -2.022 0.096 0.059 0.055 0.073 0.096 0.072
3 16 77.991 -46.235 -2.227 75.059 -41.883 -2.227 78.266 -46.043 -2.022 0.055 0.087 0.055 0.103 0.096 0.086
3 16 80.970 -50.563 -2.022 77.991 -46.235 -2.227 78.266 -46.043 -2.022 0.096 0.072 0.055 0.087 0.096 0.086
3 16 75.059 -41.883 -2.227 71.897 -37.695 -2.227 75.322 -41.675 -2.022 0.055 0.103 0.055 0.120 0.096 0.101
3 16 78.266 -46.043 -2.022 75.059 -41.883 -2.227 75.322 -41.675 -2.022 0.096 0.086 0.055 0.103 0.096 0.101
3 16 71.897 -37.695 -2.227 68.514 -33.683 -2.227 72.148 -37.472 -2.022 0.055 0.120 0.055 0.137 0.096 0.118
3 16 75.322 -41.675 -2.022 71.897 -37.695 -2.227 72.148 -37.472 -2.022 0.096 0.101 0.055 0.120 0.096 0.118
3 16 68.514 -33.683 -2.227 64.920 -29.859 -2.227 68.751 -33.446 -2.022 0.055 0.137 0.055 0.157 0.096 0.136
3 16 72.148 -37.472 -2.022 68.514 -33.683 -2.227 68.751 -33.446 -2.022 0.096 0.118 0.055 0.137 0.096 0.136
3 16 64.920 -29.859 -2.227 61.125 -26.235 -2.227 65.143 -29.609 -2.022 0.055 0.157 0.055 0.177 0.096 0.155
3 16 68.751 -33.446 -2.022 64.920 -29.859 -2.227 65.143 -29.609 -2.022 0.096 0.136 0.055 0.157 0.096 0.155
3 16 61.125 -26.235 -2.227 57.140 -22.820 -2.227 61.333 -25.972 -2.022 0.055 0.177 0.055 0.198 0.096 0.175
3 16 65.143 -29.609 -2.022 61.125 -26.235 -2.227 61.333 -25.972 -2.022 0.096 0.155 0.055 0.177 0.096 0.175
3 16 57.140 -22.820 -2.227 52.977 -19.625 -2.227 57.333 -22.545 -2.022 0.055 0.198 0.055 0.220 0.096 0.197
3 16 61.333 -25.972 -2.022 57.140 -22.820 -2.227 57.333 -22.545 -2.022 0.096 0.175 0.055 0.198 0.096 0.197
3 16 52.977 -19.625 -2.227 48.648 -16.659 -2.227 53.153 -19.340 -2.022 0.055 0.220 0.055 0.243 0.096 0.219
3 16 57.333 -22.545 -2.022 52.977 -19.625 -2.227 53.153 -19.340 -2.022 0.096 0.197 0.055 0.220 0.096 0.219
3 16 48.648 -16.659 -2.227 44.165 -13.930 -2.227 48.808 -16.363 -2.022 0.055 0.243 0.055 0.266 0.096 0.242
3 16 53.153 -19.340 -2.022 48.648 -16.659 -2.227 48.808 -16.363 -2.022 0.096 0.219 0.055 0.243 0.096 0.242
3 16 44.165 -13.930 -2.227 39.542 -11.447 -2.227 44.308 -13.626 -2.022 0.055 0.266 0.055 0.291 0.096 0.266
3 16 48.808 -16.363 -2.022 44.165 -13.930 -2.227 44.308 -13.626 -2.022 0.096 0.242 0.055 0.266 0.096 0.266
3 16 39.542 -11.447 -2.227 34.792 -9.216 -2.227 39.667 -11.135 -2.022 0.055 0.291 0.055 0.316 0.096 0.290
3 16 44.308 -13.626 -2.022 39.542 -11.447 -2.227 39.667 -11.135 -2.022 0.096 0.266 0.055 0.291 0.096 0.290
3 16 34.792 -9.216 -2.227 29.929 -7.244 -2.227 34.899 -8.897 -2.022 0.055 0.316 0.055 0.342 0.096 0.315
3 16 39.667 -11.135 -2.022 34.792 -9.216 -2.227 34.899 -8.897 -2.022 0.096 0.290 0.055 0.316 0.096 0.315
3 16 29.929 -7.244 -2.227 24.967 -5.538 -2.227 30.017 -6.920 -2.022 0.055 0.342 0.055 0.368 0.096 0.341
3 16 34.899 -8.897 -2.022 29.929 -7.244 -2.227 30.017 -6.920 -2.022 0.096 0.315 0.055 0.342 0.096 0.341
3 16 24.967 -5.538 -2.227 19.919 -4.101 -2.227 25.035 -5.208 -2.022 0.055 0.368 0.055 0.395 0.096 0.368
3 16 30.017 -6.920 -2.022 24.967 -5.538 -2.227 25.035 -5.208 -2.022 0.096 0.341 0.055 0.368 0.096 0.368
3 16 19.919 -4.101 -2.227 14.802 -2.938 -2.227 19.969 -3.768 -2.022 0.055 0.395 0.055 0.422 0.096 0.394
3 16 25.035 -5.208 -2.022 19.919 -4.101 -2.227 19.969 -3.768 -2.022 0.096 0.368 0.055 0.395 0.096 0.394
3 16 14.802 -2.938 -2.227 9.630 -2.052 -2.227 14.832 -2.602 -2.022 0.055 0.422 0.055 0.449 0.096 0.422
3 16 19.969 -3.768 -2.022 14.802 -2.938 -2.227 14.832 -2.602 -2.022 0.096 0.394 0.055 0.422 0.096 0.422
3 16 9.630 -2.052 -2.227 4.417 -1.446 -2.227 9.640 -1.715 -2.022 0.055 0.449 0.055 0.477 0.096 0.449
3 16 14.832 -2.602 -2.022 9.630 -2.052 -2.227 9.640 -1.715 -2.022 0.096 0.422 0.055 0.449 0.096 0.449
3 16 4.417 -1.446 -2.227 -0.821 -1.122 -2.227 4.408 -1.109 -2.022 0.055 0.477 0.055 0.504 0.096 0.477
3 16 9.640 -1.715 -2.022 4.417 -1.446 -2.227 4.408 -1.109 -2.022 0.096 0.449 0.055 0.477 0.096 0.477
3 16 -0.821 -1.122 -2.227 -6.068 -1.081 -2.227 -0.849 -0.786 -2.022 0.055 0.504 0.055 0.532 0.096 0.504
3 16 4.408 -1.109 -2.022 -0.821 -1.122 -2.227 -0.849 -0.786 -2.022 0.096 0.477 0.055 0.504 0.096 0.504
3 16 -6.068 -1.081 -2.227 -11.311 -1.322 -2.227 -6.116 -0.747 -2.022 0.055 0.532 0.055 0.560 0.096 0.532
3 16 -0.849 -0.786 -2.022 -6.068 -1.081 -2.227 -6.116 -0.747 -2.022 0.096 0.504 0.055 0.532 0.096 0.532
3 16 -11.311 -1.322 -2.227 -16.532 -1.845 -2.227 -11.378 -0.991 -2.022 0.055 0.560 0.055 0.587 0.096 0.560
3 16 -6.116 -0.747 -2.022 -11.311 -1.322 -2.227 -11.378 -0.991 -2.022 0.096 0.532 0.055 0.560 0.096 0.560
3 16 -16.532 -1.845 -2.227 -21.718 -2.649 -2.227 -16.619 -1.519 -2.022 0.055 0.587 0.055 0.615 0.096 0.588
3 16 -11.378 -0.991 -2.022 -16.532 -1.845 -2.227 -16.619 -1.519 -2.022 0.096 0.560 0.055 0.587 0.096 0.588
3 16 -21.718 -2.649 -2.227 -26.853 -3.731 -2.227 -21.823 -2.328 -2.022 0.055 0.615 0.055 0.642 0.096 0.615
3 16 -16.619 -1.519 -2.022 -21.718 -2.649 -2.227 -21.823 -2.328 -2.022 0.096 0.588 0.055 0.615 0.096 0.615
3 16 -26.853 -3.731 -2.227 -31.922 -5.088 -2.227 -26.977 -3.416 -2.022 0.055 0.642 0.055 0.669 0.096 0.643
3 16 -21.823 -2.328 -2.022 -26.853 -3.731 -2.227 -26.977 -3.416 -2.022 0.096 0.615 0.055 0.642 0.096 0.643
3 16 -31.922 -5.088 -2.227 -36.911 -6.716 -2.227 -32.064 -4.781 -2.022 0.055 0.669 0.055 0.695 0.096 0.670
3 16 -26.977 -3.416 -2.022 -31.922 -5.088 -2.227 -32.064 -4.781 -2.022 0.096 0.643 0.055 0.669 0.096 0.670
3 16 -36.911 -6.716 -2.227 -41.805 -8.611 -2.227 -37.071 -6.418 -2.022 0.055 0.695 0.055 0.721 0.096 0.696
3 16 -32.064 -4.781 -2.022 -36.911 -6.716 -2.227 -37.071 -6.418 -2.022 0.096 0.670 0.055 0.695 0.096 0.696
3 16 -41.805 -8.611 -2.227 -46.590 -10.766 -2.227 -41.982 -8.322 -2.022 0.055 0.721 0.055 0.747 0.096 0.722
3 16 -37.071 -6.418 -2.022 -41.805 -8.611 -2.227 -41.982 -8.322 -2.022 0.096 0.696 0.055 0.721 0.096 0.722
3 16 -46.590 -10.766 -2.227 -51.251 -13.176 -2.227 -46.783 -10.488 -2.022 0.055 0.747 0.055 0.771 0.096 0.748
3 16 -41.982 -8.322 -2.022 -46.590 -10.766 -2.227 -46.783 -10.488 -2.022 0.096 0.722 0.055 0.747 0.096 0.748
3 16 -51.251 -13.176 -2.227 -55.776 -15.833 -2.227 -51.461 -12.909 -2.022 0.055 0.771 0.055 0.795 0.096 0.772
3 16 -46.783 -10.488 -2.022 -51.251 -13.176 -2.227 -51.461 -12.909 -2.022 0.096 0.748 0.055 0.771 0.096 0.772
3 16 -55.776 -15.833 -2.227 -60.152 -18.731 -2.227 -56.001 -15.579 -2.022 0.055 0.795 0.055 0.818 0.096 0.796
3 16 -51.461 -12.909 -2.022 -55.776 -15.833 -2.227 -56.001 -15.579 -2.022 0.096 0.772 0.055 0.795 0.096 0.796
3 16 -60.152 -18.731 -2.227 -64.365 -21.860 -2.227 -60.391 -18.490 -2.022 0.055 0.818 0.055 0.841 0.096 0.820
3 16 -56.001 -15.579 -2.022 -60.152 -18.731 -2.227 -60.391 -18.490 -2.022 0.096 0.796 0.055 0.818 0.096 0.820
3 16 -64.365 -21.860 -2.227 -68.403 -25.211 -2.227 -64.618 -21.633 -2.022 0.055 0.841 0.055 0.862 0.096 0.842
3 16 -60.391 -18.490 -2.022 -64.365 -21.860 -2.227 -64.618 -21.633 -2.022 0.096 0.820 0.055 0.841 0.096 0.842
3 16 -68.403 -25.211 -2.227 -72.255 -28.775 -2.227 -68.669 -24.999 -2.022 0.055 0.862 0.055 0.882 0.096 0.863
3 16 -64.618 -21.633 -2.022 -68.403 -25.211 -2.227 -68.669 -24.999 -2.022 0.096 0.842 0.055 0.862 0.096 0.863
3 16 -72.255 -28.775 -2.227 -75.909 -32.541 -2.227 -72.533 -28.579 -2.022 0.055 0.882 0.055 0.902 0.096 0.884
3 16 -68.669 -24.999 -2.022 -72.255 -28.775 -2.227 -72.533 -28.579 -2.022 0.096 0.863 0.055 0.882 0.096 0.884
3 16 -75.909 -32.541 -2.227 -79.355 -36.499 -2.227 -76.198 -32.361 -2.022 0.055 0.902 0.055 0.920 0.096 0.903
3 16 -72.533 -28.579 -2.022 -75.909 -32.541 -2.227 -76.198 -32.361 -2.022 0.096 0.884 0.055 0.902 0.096 0.903
3 16 -79.355 -36.499 -2.227 -82.583 -40.637 -2.227 -79.654 -36.336 -2.022 0.055 0.920 0.055 0.937 0.096 0.921
3 16 -76.198 -32.361 -2.022 -79.355 -36.499 -2.227 -79.654 -36.336 -2.022 0.096 0.903 0.055 0.920 0.096 0.921
3 16 -82.583 -40.637 -2.227 -85.584 -44.942 -2.227 -82.892 -40.491 -2.022 0.055 0.937 0.055 0.953 0.096 0.939
3 16 -79.654 -36.336 -2.022 -82.583 -40.637 -2.227 -82.892 -40.491 -2.022 0.096 0.921 0.055 0.937 0.096 0.939
3 16 -85.584 -44.942 -2.227 -88.348 -49.403 -2.227 -85.900 -44.814 -2.022 0.055 0.953 0.055 0.967 0.096 0.954
3 16 -82.892 -40.491 -2.022 -85.584 -44.942 -2.227 -85.900 -44.814 -2.022 0.096 0.939 0.055 0.953 0.096 0.954
3 16 -88.348 -49.403 -2.227 -90.867 -54.006 -2.227 -88.671 -49.294 -2.022 0.055 0.967 0.055 0.981 0.096 0.969
3 16 -85.900 -44.814 -2.022 -88.348 -49.403 -2.227 -88.671 -49.294 -2.022 0.096 0.954 0.055 0.967 0.096 0.969
3 16 -90.867 -54.006 -2.227 -93.146 -58.736 -2.222 -91.197 -53.916 -2.022 0.055 0.981 0.056 0.993 0.096 0.983
3 16 -88.671 -49.294 -2.022 -90.867 -54.006 -2.227 -91.197 -53.916 -2.022 0.096 0.969 0.055 0.981 0.096 0.983
3 16 4.427 -1.818 2.380 4.417 -1.453 2.230 -0.789 -1.493 2.380 0.976 0.477 0.946 0.477 0.976 0.504
3 16 -0.820 -1.128 2.230 -6.067 -1.087 2.230 -6.015 -1.449 2.380 0.946 0.504 0.946 0.532 0.976 0.532
3 16 -93.146 -58.736 -2.222 -93.136 -138.159 -2.227 -93.470 -138.230 -2.022 0.056 0.993 0.055 0.993 0.096 0.995
3 16 -93.146 -58.736 -2.222 -93.470 -138.230 -2.022 -93.481 -58.665 -2.014 0.056 0.993 0.096 0.995 0.097 0.995
3 16 -91.197 -53.916 -2.022 -93.146 -58.736 -2.222 -93.481 -58.665 -2.014 0.096 0.983 0.056 0.993 0.097 0.995
3 16 -93.470 -138.230 -2.022 -91.197 -142.982 -2.022 -91.491 -143.063 -1.767 0.096 0.995 0.096 0.983 0.147 0.984
3 16 9.618 -2.424 2.380 9.629 -2.058 2.230 4.427 -1.818 2.380 0.976 0.449 0.946 0.449 0.976 0.477
3 16 4.417 -1.453 2.230 -0.820 -1.128 2.230 -0.789 -1.493 2.380 0.946 0.477 0.946 0.504 0.976 0.504
3 16 -93.769 -138.294 -1.767 -93.470 -138.230 -2.022 -91.491 -143.063 -1.767 0.147 0.996 0.096 0.995 0.147 0.984
3 16 -91.197 -142.982 -2.022 -88.671 -147.604 -2.022 -88.960 -147.701 -1.767 0.096 0.983 0.096 0.969 0.147 0.971
3 16 -91.491 -143.063 -1.767 -91.197 -142.982 -2.022 -88.960 -147.701 -1.767 0.147 0.984 0.096 0.983 0.147 0.971
3 16 -88.671 -147.604 -2.022 -85.900 -152.083 -2.022 -86.182 -152.197 -1.767 0.096 0.969 0.096 0.954 0.147 0.956
3 16 -88.960 -147.701 -1.767 -88.671 -147.604 -2.022 -86.182 -152.197 -1.767 0.147 0.971 0.096 0.969 0.147 0.956
3 16 -85.900 -152.083 -2.022 -82.892 -156.407 -2.022 -83.167 -156.537 -1.767 0.096 0.954 0.096 0.939 0.147 0.940
3 16 -86.182 -152.197 -1.767 -85.900 -152.083 -2.022 -83.167 -156.537 -1.767 0.147 0.956 0.096 0.954 0.147 0.940
3 16 -82.892 -156.407 -2.022 -79.654 -160.562 -2.022 -79.921 -160.707 -1.767 0.096 0.939 0.096 0.921 0.147 0.923
3 16 -83.167 -156.537 -1.767 -82.892 -156.407 -2.022 -79.921 -160.707 -1.767 0.147 0.940 0.096 0.939 0.147 0.923
3 16 -79.654 -160.562 -2.022 -76.198 -164.536 -2.022 -76.456 -164.697 -1.767 0.096 0.921 0.096 0.903 0.147 0.905
3 16 -79.921 -160.707 -1.767 -79.654 -160.562 -2.022 -76.456 -164.697 -1.767 0.147 0.923 0.096 0.921 0.147 0.905
3 16 -76.198 -164.536 -2.022 -72.533 -168.319 -2.022 -72.780 -168.494 -1.767 0.096 0.903 0.096 0.884 0.147 0.885
3 16 -76.456 -164.697 -1.767 -76.198 -164.536 -2.022 -72.780 -168.494 -1.767 0.147 0.905 0.096 0.903 0.147 0.885
3 16 -72.533 -168.319 -2.022 -68.669 -171.898 -2.022 -68.906 -172.088 -1.767 0.096 0.884 0.096 0.863 0.147 0.865
3 16 -72.780 -168.494 -1.767 -72.533 -168.319 -2.022 -68.906 -172.088 -1.767 0.147 0.885 0.096 0.884 0.147 0.865
3 16 -68.669 -171.898 -2.022 -64.618 -175.265 -2.022 -64.843 -175.467 -1.767 0.096 0.863 0.096 0.842 0.147 0.843
3 16 -68.906 -172.088 -1.767 -68.669 -171.898 -2.022 -64.843 -175.467 -1.767 0.147 0.865 0.096 0.863 0.147 0.843
3 16 -64.618 -175.265 -2.022 -60.391 -178.408 -2.022 -60.604 -178.623 -1.767 0.096 0.842 0.096 0.820 0.147 0.821
3 16 -64.843 -175.467 -1.767 -64.618 -175.265 -2.022 -60.604 -178.623 -1.767 0.147 0.843 0.096 0.842 0.147 0.821
3 16 -60.391 -178.408 -2.022 -56.001 -181.318 -2.022 -56.201 -181.545 -1.767 0.096 0.820 0.096 0.796 0.147 0.797
3 16 -60.604 -178.623 -1.767 -60.391 -178.408 -2.022 -56.201 -181.545 -1.767 0.147 0.821 0.096 0.820 0.147 0.797
3 16 -56.001 -181.318 -2.022 -51.461 -183.988 -2.022 -51.647 -184.226 -1.767 0.096 0.796 0.096 0.772 0.147 0.773
3 16 -56.201 -181.545 -1.767 -56.001 -181.318 -2.022 -51.647 -184.226 -1.767 0.147 0.797 0.096 0.796 0.147 0.773
3 16 -51.461 -183.988 -2.022 -46.783 -186.410 -2.022 -46.955 -186.658 -1.767 0.096 0.772 0.096 0.748 0.147 0.748
3 16 -51.647 -184.226 -1.767 -51.461 -183.988 -2.022 -46.955 -186.658 -1.767 0.147 0.773 0.096 0.772 0.147 0.748
3 16 -46.783 -186.410 -2.022 -41.982 -188.576 -2.022 -42.139 -188.833 -1.767 0.096 0.748 0.096 0.722 0.147 0.723
3 16 -46.955 -186.658 -1.767 -46.783 -186.410 -2.022 -42.139 -188.833 -1.767 0.147 0.748 0.096 0.748 0.147 0.723
3 16 -41.982 -188.576 -2.022 -37.071 -190.480 -2.022 -37.213 -190.746 -1.767 0.096 0.722 0.096 0.696 0.147 0.697
3 16 -42.139 -188.833 -1.767 -41.982 -188.576 -2.022 -37.213 -190.746 -1.767 0.147 0.723 0.096 0.722 0.147 0.697
3 16 -37.071 -190.480 -2.022 -32.064 -192.116 -2.022 -32.191 -192.390 -1.767 0.096 0.696 0.096 0.670 0.147 0.670
3 16 -37.213 -190.746 -1.767 -37.071 -190.480 -2.022 -32.191 -192.390 -1.767 0.147 0.697 0.096 0.696 0.147 0.670
3 16 -32.064 -192.116 -2.022 -26.977 -193.481 -2.022 -27.087 -193.761 -1.767 0.096 0.670 0.096 0.643 0.147 0.643
3 16 -32.191 -192.390 -1.767 -32.064 -192.116 -2.022 -27.087 -193.761 -1.767 0.147 0.670 0.096 0.670 0.147 0.643
3 16 -26.977 -193.481 -2.022 -21.823 -194.569 -2.022 -21.917 -194.856 -1.767 0.096 0.643 0.096 0.615 0.147 0.616
3 16 -27.087 -193.761 -1.767 -26.977 -193.481 -2.022 -21.917 -194.856 -1.767 0.147 0.643 0.096 0.643 0.147 0.616
3 16 -21.823 -194.569 -2.022 -16.619 -195.379 -2.022 -16.696 -195.670 -1.767 0.096 0.615 0.096 0.588 0.147 0.588
3 16 -21.917 -194.856 -1.767 -21.823 -194.569 -2.022 -16.696 -195.670 -1.767 0.147 0.616 0.096 0.615 0.147 0.588
3 16 -16.619 -195.379 -2.022 -11.378 -195.906 -2.022 -11.438 -196.201 -1.767 0.096 0.588 0.096 0.560 0.147 0.561
3 16 -16.696 -195.670 -1.767 -16.619 -195.379 -2.022 -11.438 -196.201 -1.767 0.147 0.588 0.096 0.588 0.147 0.561
3 16 -11.378 -195.906 -2.022 -6.116 -196.151 -2.022 -6.159 -196.448 -1.767 0.096 0.560 0.096 0.532 0.147 0.533
3 16 -11.438 -196.201 -1.767 -11.378 -195.906 -2.022 -6.159 -196.448 -1.767 0.147 0.561 0.096 0.560 0.147 0.533
3 16 -6.116 -196.151 -2.022 -0.849 -196.111 -2.022 -0.875 -196.411 -1.767 0.096 0.532 0.096 0.504 0.147 0.505
3 16 -6.159 -196.448 -1.767 -6.116 -196.151 -2.022 -0.875 -196.411 -1.767 0.147 0.533 0.096 0.532 0.147 0.505
3 16 -0.849 -196.111 -2.022 4.408 -195.788 -2.022 4.400 -196.088 -1.767 0.096 0.504 0.096 0.477 0.147 0.477
3 16 -0.875 -196.411 -1.767 -0.849 -196.111 -2.022 4.400 -196.088 -1.767 0.147 0.505 0.096 0.504 0.147 0.477
3 16 4.408 -195.788 -2.022 9.640 -195.182 -2.022 9.649 -195.482 -1.767 0.096 0.477 0.096 0.449 0.147 0.449
3 16 4.400 -196.088 -1.767 4.408 -195.788 -2.022 9.649 -195.482 -1.767 0.147 0.477 0.096 0.477 0.147 0.449
3 16 9.640 -195.182 -2.022 14.832 -194.295 -2.022 14.859 -194.594 -1.767 0.096 0.449 0.096 0.422 0.147 0.421
3 16 9.649 -195.482 -1.767 9.640 -195.182 -2.022 14.859 -194.594 -1.767 0.147 0.449 0.096 0.449 0.147 0.421
3 16 14.832 -194.295 -2.022 19.969 -193.130 -2.022 20.013 -193.426 -1.767 0.096 0.422 0.096 0.394 0.147 0.394
3 16 14.859 -194.594 -1.767 14.832 -194.295 -2.022 20.013 -193.426 -1.767 0.147 0.421 0.096 0.422 0.147 0.394
3 16 19.969 -193.130 -2.022 25.035 -191.689 -2.022 25.096 -191.983 -1.767 0.096 0.394 0.096 0.368 0.147 0.367
3 16 20.013 -193.426 -1.767 19.969 -193.130 -2.022 25.096 -191.983 -1.767 0.147 0.394 0.096 0.394 0.147 0.367
3 16 25.035 -191.689 -2.022 30.017 -189.978 -2.022 30.095 -190.267 -1.767 0.096 0.368 0.096 0.341 0.147 0.341
3 16 25.096 -191.983 -1.767 25.035 -191.689 -2.022 30.095 -190.267 -1.767 0.147 0.367 0.096 0.368 0.147 0.341
3 16 30.017 -189.978 -2.022 34.899 -188.000 -2.022 34.993 -188.285 -1.767 0.096 0.341 0.096 0.315 0.147 0.315
3 16 30.095 -190.267 -1.767 30.017 -189.978 -2.022 34.993 -188.285 -1.767 0.147 0.341 0.096 0.341 0.147 0.315
3 16 34.899 -188.000 -2.022 39.667 -185.763 -2.022 39.778 -186.041 -1.767 0.096 0.315 0.096 0.290 0.147 0.290
3 16 34.993 -188.285 -1.767 34.899 -188.000 -2.022 39.778 -186.041 -1.767 0.147 0.315 0.096 0.315 0.147 0.290
3 16 39.667 -185.763 -2.022 44.308 -183.272 -2.022 44.435 -183.543 -1.767 0.096 0.290 0.096 0.266 0.147 0.265
3 16 39.778 -186.041 -1.767 39.667 -185.763 -2.022 44.435 -183.543 -1.767 0.147 0.290 0.096 0.290 0.147 0.265
3 16 44.308 -183.272 -2.022 48.808 -180.534 -2.022 48.950 -180.797 -1.767 0.096 0.266 0.096 0.242 0.147 0.241
3 16 44.435 -183.543 -1.767 44.308 -183.272 -2.022 48.950 -180.797 -1.767 0.147 0.265 0.096 0.266 0.147 0.241
3 16 48.808 -180.534 -2.022 53.153 -177.558 -2.022 53.311 -177.812 -1.767 0.096 0.242 0.096 0.219 0.147 0.218
3 16 48.950 -180.797 -1.767 48.808 -180.534 -2.022 53.311 -177.812 -1.767 0.147 0.241 0.096 0.242 0.147 0.218
3 16 53.153 -177.558 -2.022 57.333 -174.352 -2.022 57.504 -174.597 -1.767 0.096 0.219 0.096 0.197 0.147 0.196
3 16 53.311 -177.812 -1.767 53.153 -177.558 -2.022 57.504 -174.597 -1.767 0.147 0.218 0.096 0.219 0.147 0.196
3 16 57.333 -174.352 -2.022 61.333 -170.925 -2.022 61.519 -171.160 -1.767 0.096 0.197 0.096 0.175 0.147 0.175
3 16 57.504 -174.597 -1.767 57.333 -174.352 -2.022 61.519 -171.160 -1.767 0.147 0.196 0.096 0.197 0.147 0.175
3 16 61.333 -170.925 -2.022 65.143 -167.288 -2.022 65.342 -167.512 -1.767 0.096 0.175 0.096 0.155 0.147 0.154
3 16 61.519 -171.160 -1.767 61.333 -170.925 -2.022 65.342 -167.512 -1.767 0.147 0.175 0.096 0.175 0.147 0.154
3 16 65.143 -167.288 -2.022 68.751 -163.451 -2.022 68.963 -163.663 -1.767 0.096 0.155 0.096 0.136 0.147 0.135
3 16 65.342 -167.512 -1.767 65.143 -167.288 -2.022 68.963 -163.663 -1.767 0.147 0.154 0.096 0.155 0.147 0.135
3 16 68.751 -163.451 -2.022 72.148 -159.426 -2.022 72.371 -159.624 -1.767 0.096 0.136 0.096 0.118 0.147 0.117
3 16 68.963 -163.663 -1.767 68.751 -163.451 -2.022 72.371 -159.624 -1.767 0.147 0.135 0.096 0.136 0.147 0.117
3 16 72.148 -159.426 -2.022 75.322 -155.223 -2.022 75.557 -155.408 -1.767 0.096 0.118 0.096 0.101 0.147 0.100
3 16 72.371 -159.624 -1.767 72.148 -159.426 -2.022 75.557 -155.408 -1.767 0.147 0.117 0.096 0.118 0.147 0.100
3 16 75.322 -155.223 -2.022 78.266 -150.855 -2.022 78.511 -151.026 -1.767 0.096 0.101 0.096 0.086 0.147 0.085
3 16 75.557 -155.408 -1.767 75.322 -155.223 -2.022 78.511 -151.026 -1.767 0.147 0.100 0.096 0.101 0.147 0.085
3 16 78.266 -150.855 -2.022 80.970 -146.334 -2.022 81.224 -146.491 -1.767 0.096 0.086 0.096 0.072 0.147 0.070
3 16 78.511 -151.026 -1.767 78.266 -150.855 -2.022 81.224 -146.491 -1.767 0.147 0.085 0.096 0.086 0.147 0.070
3 16 80.970 -146.334 -2.022 83.426 -141.675 -2.022 83.689 -141.817 -1.767 0.096 0.072 0.096 0.059 0.147 0.057
3 16 81.224 -146.491 -1.767 80.970 -146.334 -2.022 83.689 -141.817 -1.767 0.147 0.070 0.096 0.072 0.147 0.057
3 16 83.426 -141.675 -2.022 85.628 -136.890 -2.022 85.898 -137.016 -1.767 0.096 0.059 0.096 0.047 0.147 0.046
3 16 83.689 -141.817 -1.767 83.426 -141.675 -2.022 85.898 -137.016 -1.767 0.147 0.057 0.096 0.059 0.147 0.046
3 16 85.628 -136.890 -2.022 87.569 -131.993 -2.022 87.846 -132.103 -1.767 0.096 0.047 0.096 0.037 0.147 0.035
3 16 85.898 -137.016 -1.767 85.628 -136.890 -2.022 87.846 -132.103 -1.767 0.147 0.046 0.096 0.047 0.147 0.035
3 16 87.569 -131.993 -2.022 89.243 -126.999 -2.022 89.526 -127.093 -1.767 0.096 0.037 0.096 0.028 0.147 0.026
3 16 87.846 -132.103 -1.767 87.569 -131.993 -2.022 89.526 -127.093 -1.767 0.147 0.035 0.096 0.037 0.147 0.026
3 16 89.243 -126.999 -2.022 90.645 -121.922 -2.022 90.934 -121.999 -1.767 0.096 0.028 0.096 0.020 0.147 0.019
3 16 89.526 -127.093 -1.767 89.243 -126.999 -2.022 90.934 -121.999 -1.767 0.147 0.026 0.096 0.028 0.147 0.019
3 16 90.645 -121.922 -2.022 91.772 -116.777 -2.022 92.065 -116.837 -1.767 0.096 0.020 0.096 0.014 0.147 0.013
3 16 90.934 -121.999 -1.767 90.645 -121.922 -2.022 92.065 -116.837 -1.767 0.147 0.019 0.096 0.020 0.147 0.013
3 16 91.772 -116.777 -2.022 92.620 -111.579 -2.022 92.916 -111.622 -1.767 0.096 0.014 0.096 0.010 0.147 0.008
3 16 92.065 -116.837 -1.767 91.772 -116.777 -2.022 92.916 -111.622 -1.767 0.147 0.013 0.096 0.014 0.147 0.008
3 16 92.620 -111.579 -2.022 93.187 -106.342 -2.022 93.484 -106.368 -1.767 0.096 0.010 0.096 0.007 0.147 0.005
3 16 92.916 -111.622 -1.767 92.620 -111.579 -2.022 93.484 -106.368 -1.767 0.147 0.008 0.096 0.010 0.147 0.005
3 16 93.187 -106.342 -2.022 93.471 -101.082 -2.022 93.769 -101.091 -1.767 0.096 0.007 0.096 0.005 0.147 0.004
3 16 93.484 -106.368 -1.767 93.187 -106.342 -2.022 93.769 -101.091 -1.767 0.147 0.005 0.096 0.007 0.147 0.004
3 16 93.471 -101.082 -2.022 93.471 -95.815 -2.022 93.769 -101.091 -1.767 0.096 0.005 0.096 0.005 0.147 0.004
3 16 93.471 -95.815 -2.022 93.187 -90.556 -2.022 93.769 -95.806 -1.767 0.096 0.005 0.096 0.007 0.147 0.004
3 16 93.769 -101.091 -1.767 93.471 -95.815 -2.022 93.769 -95.806 -1.767 0.147 0.004 0.096 0.005 0.147 0.004
3 16 93.187 -90.556 -2.022 92.620 -85.319 -2.022 93.484 -90.530 -1.767 0.096 0.007 0.096 0.010 0.147 0.005
3 16 93.769 -95.806 -1.767 93.187 -90.556 -2.022 93.484 -90.530 -1.767 0.147 0.004 0.096 0.007 0.147 0.005
3 16 92.620 -85.319 -2.022 91.772 -80.120 -2.022 92.916 -85.276 -1.767 0.096 0.010 0.096 0.014 0.147 0.008
3 16 93.484 -90.530 -1.767 92.620 -85.319 -2.022 92.916 -85.276 -1.767 0.147 0.005 0.096 0.010 0.147 0.008
3 16 91.772 -80.120 -2.022 90.645 -74.975 -2.022 92.065 -80.060 -1.767 0.096 0.014 0.096 0.020 0.147 0.013
3 16 92.916 -85.276 -1.767 91.772 -80.120 -2.022 92.065 -80.060 -1.767 0.147 0.008 0.096 0.014 0.147 0.013
3 16 90.645 -74.975 -2.022 89.243 -69.898 -2.022 90.934 -74.898 -1.767 0.096 0.020 0.096 0.028 0.147 0.019
3 16 92.065 -80.060 -1.767 90.645 -74.975 -2.022 90.934 -74.898 -1.767 0.147 0.013 0.096 0.020 0.147 0.019
3 16 89.243 -69.898 -2.022 87.569 -64.904 -2.022 89.526 -69.804 -1.767 0.096 0.028 0.096 0.037 0.147 0.026
3 16 90.934 -74.898 -1.767 89.243 -69.898 -2.022 89.526 -69.804 -1.767 0.147 0.019 0.096 0.028 0.147 0.026
3 16 87.569 -64.904 -2.022 85.628 -60.007 -2.022 87.846 -64.794 -1.767 0.096 0.037 0.096 0.047 0.147 0.035
3 16 89.526 -69.804 -1.767 87.569 -64.904 -2.022 87.846 -64.794 -1.767 0.147 0.026 0.096 0.037 0.147 0.035
3 16 85.628 -60.007 -2.022 83.426 -55.223 -2.022 85.898 -59.881 -1.767 0.096 0.047 0.096 0.059 0.147 0.046
3 16 87.846 -64.794 -1.767 85.628 -60.007 -2.022 85.898 -59.881 -1.767 0.147 0.035 0.096 0.047 0.147 0.046
3 16 83.426 -55.223 -2.022 80.970 -50.563 -2.022 83.689 -55.081 -1.767 0.096 0.059 0.096 0.072 0.147 0.057
3 16 85.898 -59.881 -1.767 83.426 -55.223 -2.022 83.689 -55.081 -1.767 0.147 0.046 0.096 0.059 0.147 0.057
3 16 80.970 -50.563 -2.022 78.266 -46.043 -2.022 81.224 -50.407 -1.767 0.096 0.072 0.096 0.086 0.147 0.070
3 16 83.689 -55.081 -1.767 80.970 -50.563 -2.022 81.224 -50.407 -1.767 0.147 0.057 0.096 0.072 0.147 0.070
3 16 78.266 -46.043 -2.022 75.322 -41.675 -2.022 78.511 -45.872 -1.767 0.096 0.086 0.096 0.101 0.147 0.085
3 16 81.224 -50.407 -1.767 78.266 -46.043 -2.022 78.511 -45.872 -1.767 0.147 0.070 0.096 0.086 0.147 0.085
3 16 75.322 -41.675 -2.022 72.148 -37.472 -2.022 75.557 -41.490 -1.767 0.096 0.101 0.096 0.118 0.147 0.100
3 16 78.511 -45.872 -1.767 75.322 -41.675 -2.022 75.557 -41.490 -1.767 0.147 0.085 0.096 0.101 0.147 0.100
3 16 72.148 -37.472 -2.022 68.751 -33.446 -2.022 72.371 -37.273 -1.767 0.096 0.118 0.096 0.136 0.147 0.117
3 16 75.557 -41.490 -1.767 72.148 -37.472 -2.022 72.371 -37.273 -1.767 0.147 0.100 0.096 0.118 0.147 0.117
3 16 68.751 -33.446 -2.022 65.143 -29.609 -2.022 68.963 -33.235 -1.767 0.096 0.136 0.096 0.155 0.147 0.135
3 16 72.371 -37.273 -1.767 68.751 -33.446 -2.022 68.963 -33.235 -1.767 0.147 0.117 0.096 0.136 0.147 0.135
3 16 65.143 -29.609 -2.022 61.333 -25.972 -2.022 65.342 -29.386 -1.767 0.096 0.155 0.096 0.175 0.147 0.154
3 16 68.963 -33.235 -1.767 65.143 -29.609 -2.022 65.342 -29.386 -1.767 0.147 0.135 0.096 0.155 0.147 0.154
3 16 61.333 -25.972 -2.022 57.333 -22.545 -2.022 61.519 -25.738 -1.767 0.096 0.175 0.096 0.197 0.147 0.175
3 16 65.342 -29.386 -1.767 61.333 -25.972 -2.022 61.519 -25.738 -1.767 0.147 0.154 0.096 0.175 0.147 0.175
3 16 57.333 -22.545 -2.022 53.153 -19.340 -2.022 57.504 -22.301 -1.767 0.096 0.197 0.096 0.219 0.147 0.196
3 16 61.519 -25.738 -1.767 57.333 -22.545 -2.022 57.504 -22.301 -1.767 0.147 0.175 0.096 0.197 0.147 0.196
3 16 53.153 -19.340 -2.022 48.808 -16.363 -2.022 53.311 -19.085 -1.767 0.096 0.219 0.096 0.242 0.147 0.218
3 16 57.504 -22.301 -1.767 53.153 -19.340 -2.022 53.311 -19.085 -1.767 0.147 0.196 0.096 0.219 0.147 0.218
3 16 48.808 -16.363 -2.022 44.308 -13.626 -2.022 48.950 -16.100 -1.767 0.096 0.242 0.096 0.266 0.147 0.241
3 16 53.311 -19.085 -1.767 48.808 -16.363 -2.022 48.950 -16.100 -1.767 0.147 0.218 0.096 0.242 0.147 0.241
3 16 44.308 -13.626 -2.022 39.667 -11.135 -2.022 44.435 -13.355 -1.767 0.096 0.266 0.096 0.290 0.147 0.265
3 16 48.950 -16.100 -1.767 44.308 -13.626 -2.022 44.435 -13.355 -1.767 0.147 0.241 0.096 0.266 0.147 0.265
3 16 39.667 -11.135 -2.022 34.899 -8.897 -2.022 39.778 -10.856 -1.767 0.096 0.290 0.096 0.315 0.147 0.290
3 16 44.435 -13.355 -1.767 39.667 -11.135 -2.022 39.778 -10.856 -1.767 0.147 0.265 0.096 0.290 0.147 0.290
3 16 34.899 -8.897 -2.022 30.017 -6.920 -2.022 34.993 -8.613 -1.767 0.096 0.315 0.096 0.341 0.147 0.315
3 16 39.778 -10.856 -1.767 34.899 -8.897 -2.022 34.993 -8.613 -1.767 0.147 0.290 0.096 0.315 0.147 0.315
3 16 30.017 -6.920 -2.022 25.035 -5.208 -2.022 30.095 -6.630 -1.767 0.096 0.341 0.096 0.368 0.147 0.341
3 16 34.993 -8.613 -1.767 30.017 -6.920 -2.022 30.095 -6.630 -1.767 0.147 0.315 0.096 0.341 0.147 0.341
3 16 25.035 -5.208 -2.022 19.969 -3.768 -2.022 25.096 -4.915 -1.767 0.096 0.368 0.096 0.394 0.147 0.367
3 16 30.095 -6.630 -1.767 25.035 -5.208 -2.022 25.096 -4.915 -1.767 0.147 0.341 0.096 0.368 0.147 0.367
3 16 19.969 -3.768 -2.022 14.832 -2.602 -2.022 20.013 -3.471 -1.767 0.096 0.394 0.096 0.422 0.147 0.394
3 16 25.096 -4.915 -1.767 19.969 -3.768 -2.022 20.013 -3.471 -1.767 0.147 0.367 0.096 0.394 0.147 0.394
3 16 14.832 -2.602 -2.022 9.640 -1.715 -2.022 14.859 -2.303 -1.767 0.096 0.422 0.096 0.449 0.147 0.421
3 16 20.013 -3.471 -1.767 14.832 -2.602 -2.022 14.859 -2.303 -1.767 0.147 0.394 0.096 0.422 0.147 0.421
3 16 9.640 -1.715 -2.022 4.408 -1.109 -2.022 9.649 -1.415 -1.767 0.096 0.449 0.096 0.477 0.147 0.449
3 16 14.859 -2.303 -1.767 9.640 -1.715 -2.022 9.649 -1.415 -1.767 0.147 0.421 0.096 0.449 0.147 0.449
3 16 4.408 -1.109 -2.022 -0.849 -0.786 -2.022 4.400 -0.809 -1.767 0.096 0.477 0.096 0.504 0.147 0.477
3 16 9.649 -1.415 -1.767 4.408 -1.109 -2.022 4.400 -0.809 -1.767 0.147 0.449 0.096 0.477 0.147 0.477
3 16 -0.849 -0.786 -2.022 -6.116 -0.747 -2.022 -0.875 -0.487 -1.767 0.096 0.504 0.096 0.532 0.147 0.505
3 16 4.400 -0.809 -1.767 -0.849 -0.786 -2.022 -0.875 -0.487 -1.767 0.147 0.477 0.096 0.504 0.147 0.505
3 16 -6.116 -0.747 -2.022 -11.378 -0.991 -2.022 -6.159 -0.449 -1.767 0.096 0.532 0.096 0.560 0.147 0.533
3 16 -0.875 -0.487 -1.767 -6.116 -0.747 -2.022 -6.159 -0.449 -1.767 0.147 0.505 0.096 0.532 0.147 0.533
3 16 -11.378 -0.991 -2.022 -16.619 -1.519 -2.022 -11.438 -0.696 -1.767 0.096 0.560 0.096 0.588 0.147 0.561
3 16 -6.159 -0.449 -1.767 -11.378 -0.991 -2.022 -11.438 -0.696 -1.767 0.147 0.533 0.096 0.560 0.147 0.561
3 16 -16.619 -1.519 -2.022 -21.823 -2.328 -2.022 -16.696 -1.228 -1.767 0.096 0.588 0.096 0.615 0.147 0.588
3 16 -11.438 -0.696 -1.767 -16.619 -1.519 -2.022 -16.696 -1.228 -1.767 0.147 0.561 0.096 0.588 0.147 0.588
3 16 -21.823 -2.328 -2.022 -26.977 -3.416 -2.022 -21.917 -2.042 -1.767 0.096 0.615 0.096 0.643 0.147 0.616
3 16 -16.696 -1.228 -1.767 -21.823 -2.328 -2.022 -21.917 -2.042 -1.767 0.147 0.588 0.096 0.615 0.147 0.616
3 16 -26.977 -3.416 -2.022 -32.064 -4.781 -2.022 -27.087 -3.136 -1.767 0.096 0.643 0.096 0.670 0.147 0.643
3 16 -21.917 -2.042 -1.767 -26.977 -3.416 -2.022 -27.087 -3.136 -1.767 0.147 0.616 0.096 0.643 0.147 0.643
3 16 -32.064 -4.781 -2.022 -37.071 -6.418 -2.022 -32.191 -4.507 -1.767 0.096 0.670 0.096 0.696 0.147 0.670
3 16 -27.087 -3.136 -1.767 -32.064 -4.781 -2.022 -32.191 -4.507 -1.767 0.147 0.643 0.096 0.670 0.147 0.670
3 16 -37.071 -6.418 -2.022 -41.982 -8.322 -2.022 -37.213 -6.152 -1.767 0.096 0.696 0.096 0.722 0.147 0.697
3 16 -32.191 -4.507 -1.767 -37.071 -6.418 -2.022 -37.213 -6.152 -1.767 0.147 0.670 0.096 0.696 0.147 0.697
3 16 -41.982 -8.322 -2.022 -46.783 -10.488 -2.022 -42.139 -8.064 -1.767 0.096 0.722 0.096 0.748 0.147 0.723
3 16 -37.213 -6.152 -1.767 -41.982 -8.322 -2.022 -42.139 -8.064 -1.767 0.147 0.697 0.096 0.722 0.147 0.723
3 16 -46.783 -10.488 -2.022 -51.461 -12.909 -2.022 -46.955 -10.239 -1.767 0.096 0.748 0.096 0.772 0.147 0.748
3 16 -42.139 -8.064 -1.767 -46.783 -10.488 -2.022 -46.955 -10.239 -1.767 0.147 0.723 0.096 0.748 0.147 0.748
3 16 -51.461 -12.909 -2.022 -56.001 -15.579 -2.022 -51.647 -12.671 -1.767 0.096 0.772 0.096 0.796 0.147 0.773
3 16 -46.955 -10.239 -1.767 -51.461 -12.909 -2.022 -51.647 -12.671 -1.767 0.147 0.748 0.096 0.772 0.147 0.773
3 16 -56.001 -15.579 -2.022 -60.391 -18.490 -2.022 -56.201 -15.352 -1.767 0.096 0.796 0.096 0.820 0.147 0.797
3 16 -51.647 -12.671 -1.767 -56.001 -15.579 -2.022 -56.201 -15.352 -1.767 0.147 0.773 0.096 0.796 0.147 0.797
3 16 -60.391 -18.490 -2.022 -64.618 -21.633 -2.022 -60.604 -18.275 -1.767 0.096 0.820 0.096 0.842 0.147 0.821
3 16 -56.201 -15.352 -1.767 -60.391 -18.490 -2.022 -60.604 -18.275 -1.767 0.147 0.797 0.096 0.820 0.147 0.821
3 16 -64.618 -21.633 -2.022 -68.669 -24.999 -2.022 -64.843 -21.430 -1.767 0.096 0.842 0.096 0.863 0.147 0.843
3 16 -60.604 -18.275 -1.767 -64.618 -21.633 -2.022 -64.843 -21.430 -1.767 0.147 0.821 0.096 0.842 0.147 0.843
3 16 -68.669 -24.999 -2.022 -72.533 -28.579 -2.022 -68.906 -24.810 -1.767 0.096 0.863 0.096 0.884 0.147 0.865
3 16 -64.843 -21.430 -1.767 -68.669 -24.999 -2.022 -68.906 -24.810 -1.767 0.147 0.843 0.096 0.863 0.147 0.865
3 16 -72.533 -28.579 -2.022 -76.198 -32.361 -2.022 -72.780 -28.403 -1.767 0.096 0.884 0.096 0.903 0.147 0.885
3 16 -68.906 -24.810 -1.767 -72.533 -28.579 -2.022 -72.780 -28.403 -1.767 0.147 0.865 0.096 0.884 0.147 0.885
3 16 -76.198 -32.361 -2.022 -79.654 -36.336 -2.022 -76.456 -32.201 -1.767 0.096 0.903 0.096 0.921 0.147 0.905
3 16 -72.780 -28.403 -1.767 -76.198 -32.361 -2.022 -76.456 -32.201 -1.767 0.147 0.885 0.096 0.903 0.147 0.905
3 16 -79.654 -36.336 -2.022 -82.892 -40.491 -2.022 -79.921 -36.190 -1.767 0.096 0.921 0.096 0.939 0.147 0.923
3 16 -76.456 -32.201 -1.767 -79.654 -36.336 -2.022 -79.921 -36.190 -1.767 0.147 0.905 0.096 0.921 0.147 0.923
3 16 -82.892 -40.491 -2.022 -85.900 -44.814 -2.022 -83.167 -40.361 -1.767 0.096 0.939 0.096 0.954 0.147 0.940
3 16 -79.921 -36.190 -1.767 -82.892 -40.491 -2.022 -83.167 -40.361 -1.767 0.147 0.923 0.096 0.939 0.147 0.940
3 16 -85.900 -44.814 -2.022 -88.671 -49.294 -2.022 -86.182 -44.700 -1.767 0.096 0.954 0.096 0.969 0.147 0.956
3 16 -83.167 -40.361 -1.767 -85.900 -44.814 -2.022 -86.182 -44.700 -1.767 0.147 0.940 0.096 0.954 0.147 0.956
3 16 -88.671 -49.294 -2.022 -91.197 -53.916 -2.022 -88.960 -49.196 -1.767 0.096 0.969 0.096 0.983 0.147 0.971
3 16 -86.182 -44.700 -1.767 -88.671 -49.294 -2.022 -88.960 -49.196 -1.767 0.147 0.956 0.096 0.969 0.147 0.971
3 16 -91.197 -53.916 -2.022 -93.481 -58.665 -2.014 -91.491 -53.835 -1.767 0.096 0.983 0.097 0.995 0.147 0.984
3 16 -88.960 -49.196 -1.767 -91.197 -53.916 -2.022 -91.491 -53.835 -1.767 0.147 0.971 0.096 0.983 0.147 0.984
3 16 14.769 -3.308 2.380 14.802 -2.944 2.230 9.618 -2.424 2.380 0.976 0.422 0.946 0.422 0.976 0.449
3 16 9.629 -2.058 2.230 4.417 -1.453 2.230 4.427 -1.818 2.380 0.946 0.449 0.946 0.477 0.976 0.477
3 16 -93.481 -58.665 -2.014 -93.470 -138.230 -2.022 -93.769 -138.294 -1.767 0.097 0.995 0.096 0.995 0.147 0.996
3 16 -93.481 -58.665 -2.014 -93.769 -138.294 -1.767 -93.779 -58.602 -1.757 0.097 0.995 0.147 0.996 0.149 0.996
3 16 -91.491 -53.835 -1.767 -93.481 -58.665 -2.014 -93.779 -58.602 -1.757 0.147 0.984 0.097 0.995 0.149 0.996
3 16 -93.769 -138.294 -1.767 -91.491 -143.063 -1.767 -91.742 -143.131 -1.468 0.147 0.996 0.147 0.984 0.206 0.985
3 16 19.865 -4.468 2.380 19.918 -4.107 2.230 14.769 -3.308 2.380 0.976 0.395 0.946 0.395 0.976 0.422
3 16 14.802 -2.944 2.230 9.629 -2.058 2.230 9.618 -2.424 2.380 0.946 0.422 0.946 0.449 0.976 0.449
3 16 -94.024 -138.348 -1.468 -93.769 -138.294 -1.767 -91.742 -143.131 -1.468 0.206 0.997 0.147 0.996 0.206 0.985
3 16 -91.491 -143.063 -1.767 -88.960 -147.701 -1.767 -89.206 -147.784 -1.468 0.147 0.984 0.147 0.971 0.206 0.972
3 16 -91.742 -143.131 -1.468 -91.491 -143.063 -1.767 -89.206 -147.784 -1.468 0.206 0.985 0.147 0.984 0.206 0.972
3 16 -88.960 -147.701 -1.767 -86.182 -152.197 -1.767 -86.423 -152.294 -1.468 0.147 0.971 0.147 0.956 0.206 0.957
3 16 -89.206 -147.784 -1.468 -88.960 -147.701 -1.767 -86.423 -152.294 -1.468 0.206 0.972 0.147 0.971 0.206 0.957
3 16 -86.182 -152.197 -1.767 -83.167 -156.537 -1.767 -83.401 -156.647 -1.468 0.147 0.956 0.147 0.940 0.206 0.941
3 16 -86.423 -152.294 -1.468 -86.182 -152.197 -1.767 -83.401 -156.647 -1.468 0.206 0.957 0.147 0.956 0.206 0.941
3 16 -83.167 -156.537 -1.767 -79.921 -160.707 -1.767 -80.149 -160.831 -1.468 0.147 0.940 0.147 0.923 0.206 0.924
3 16 -83.401 -156.647 -1.468 -83.167 -156.537 -1.767 -80.149 -160.831 -1.468 0.206 0.941 0.147 0.940 0.206 0.924
3 16 -79.921 -160.707 -1.767 -76.456 -164.697 -1.767 -76.676 -164.834 -1.468 0.147 0.923 0.147 0.905 0.206 0.906
3 16 -80.149 -160.831 -1.468 -79.921 -160.707 -1.767 -76.676 -164.834 -1.468 0.206 0.924 0.147 0.923 0.206 0.906
3 16 -76.456 -164.697 -1.767 -72.780 -168.494 -1.767 -72.992 -168.643 -1.468 0.147 0.905 0.147 0.885 0.206 0.886
3 16 -76.676 -164.834 -1.468 -76.456 -164.697 -1.767 -72.992 -168.643 -1.468 0.206 0.906 0.147 0.905 0.206 0.886
3 16 -72.780 -168.494 -1.767 -68.906 -172.088 -1.767 -69.108 -172.249 -1.468 0.147 0.885 0.147 0.865 0.206 0.866
3 16 -72.992 -168.643 -1.468 -72.780 -168.494 -1.767 -69.108 -172.249 -1.468 0.206 0.886 0.147 0.885 0.206 0.866
3 16 -68.906 -172.088 -1.767 -64.843 -175.467 -1.767 -65.036 -175.640 -1.468 0.147 0.865 0.147 0.843 0.206 0.844
3 16 -69.108 -172.249 -1.468 -68.906 -172.088 -1.767 -65.036 -175.640 -1.468 0.206 0.866 0.147 0.865 0.206 0.844
3 16 -64.843 -175.467 -1.767 -60.604 -178.623 -1.767 -60.786 -178.806 -1.468 0.147 0.843 0.147 0.821 0.206 0.822
3 16 -65.036 -175.640 -1.468 -64.843 -175.467 -1.767 -60.786 -178.806 -1.468 0.206 0.844 0.147 0.843 0.206 0.822
3 16 -60.604 -178.623 -1.767 -56.201 -181.545 -1.767 -56.372 -181.739 -1.468 0.147 0.821 0.147 0.797 0.206 0.798
3 16 -60.786 -178.806 -1.468 -60.604 -178.623 -1.767 -56.372 -181.739 -1.468 0.206 0.822 0.147 0.821 0.206 0.798
3 16 -56.201 -181.545 -1.767 -51.647 -184.226 -1.767 -51.807 -184.429 -1.468 0.147 0.797 0.147 0.773 0.206 0.774
3 16 -56.372 -181.739 -1.468 -56.201 -181.545 -1.767 -51.807 -184.429 -1.468 0.206 0.798 0.147 0.797 0.206 0.774
3 16 -51.647 -184.226 -1.767 -46.955 -186.658 -1.767 -47.103 -186.870 -1.468 0.147 0.773 0.147 0.748 0.206 0.749
3 16 -51.807 -184.429 -1.468 -51.647 -184.226 -1.767 -47.103 -186.870 -1.468 0.206 0.774 0.147 0.773 0.206 0.749
3 16 -46.955 -186.658 -1.767 -42.139 -188.833 -1.767 -42.274 -189.053 -1.468 0.147 0.748 0.147 0.723 0.206 0.724
3 16 -47.103 -186.870 -1.468 -46.955 -186.658 -1.767 -42.274 -189.053 -1.468 0.206 0.749 0.147 0.748 0.206 0.724
3 16 -42.139 -188.833 -1.767 -37.213 -190.746 -1.767 -37.335 -190.973 -1.468 0.147 0.723 0.147 0.697 0.206 0.698
3 16 -42.274 -189.053 -1.468 -42.139 -188.833 -1.767 -37.335 -190.973 -1.468 0.206 0.724 0.147 0.723 0.206 0.698
3 16 -37.213 -190.746 -1.767 -32.191 -192.390 -1.767 -32.299 -192.624 -1.468 0.147 0.697 0.147 0.670 0.206 0.671
3 16 -37.335 -190.973 -1.468 -37.213 -190.746 -1.767 -32.299 -192.624 -1.468 0.206 0.698 0.147 0.697 0.206 0.671
3 16 -32.191 -192.390 -1.767 -27.087 -193.761 -1.767 -27.182 -194.001 -1.468 0.147 0.670 0.147 0.643 0.206 0.644
3 16 -32.299 -192.624 -1.468 -32.191 -192.390 -1.767 -27.182 -194.001 -1.468 0.206 0.671 0.147 0.670 0.206 0.644
3 16 -27.087 -193.761 -1.767 -21.917 -194.856 -1.767 -21.998 -195.100 -1.468 0.147 0.643 0.147 0.616 0.206 0.616
3 16 -27.182 -194.001 -1.468 -27.087 -193.761 -1.767 -21.998 -195.100 -1.468 0.206 0.644 0.147 0.643 0.206 0.616
3 16 -21.917 -194.856 -1.767 -16.696 -195.670 -1.767 -16.762 -195.918 -1.468 0.147 0.616 0.147 0.588 0.206 0.589
3 16 -21.998 -195.100 -1.468 -21.917 -194.856 -1.767 -16.762 -195.918 -1.468 0.206 0.616 0.147 0.616 0.206 0.589
3 16 -16.696 -195.670 -1.767 -11.438 -196.201 -1.767 -11.490 -196.453 -1.468 0.147 0.588 0.147 0.561 0.206 0.561
3 16 -16.762 -195.918 -1.468 -16.696 -195.670 -1.767 -11.490 -196.453 -1.468 0.206 0.589 0.147 0.588 0.206 0.561
3 16 -11.438 -196.201 -1.767 -6.159 -196.448 -1.767 -6.196 -196.702 -1.468 0.147 0.561 0.147 0.533 0.206 0.533
3 16 -11.490 -196.453 -1.468 -11.438 -196.201 -1.767 -6.196 -196.702 -1.468 0.206 0.561 0.147 0.561 0.206 0.533
3 16 -6.159 -196.448 -1.767 -0.875 -196.411 -1.767 -0.897 -196.666 -1.468 0.147 0.533 0.147 0.505 0.206 0.505
3 16 -6.196 -196.702 -1.468 -6.159 -196.448 -1.767 -0.897 -196.666 -1.468 0.206 0.533 0.147 0.533 0.206 0.505
3 16 -0.875 -196.411 -1.767 4.400 -196.088 -1.767 4.393 -196.345 -1.468 0.147 0.505 0.147 0.477 0.206 0.477
3 16 -0.897 -196.666 -1.468 -0.875 -196.411 -1.767 4.393 -196.345 -1.468 0.206 0.505 0.147 0.505 0.206 0.477
3 16 4.400 -196.088 -1.767 9.649 -195.482 -1.767 9.657 -195.739 -1.468 0.147 0.477 0.147 0.449 0.206 0.449
3 16 4.393 -196.345 -1.468 4.400 -196.088 -1.767 9.657 -195.739 -1.468 0.206 0.477 0.147 0.477 0.206 0.449
3 16 9.649 -195.482 -1.767 14.859 -194.594 -1.767 14.882 -194.849 -1.468 0.147 0.449 0.147 0.421 0.206 0.421
3 16 9.657 -195.739 -1.468 9.649 -195.482 -1.767 14.882 -194.849 -1.468 0.206 0.449 0.147 0.449 0.206 0.421
3 16 14.859 -194.594 -1.767 20.013 -193.426 -1.767 20.050 -193.680 -1.468 0.147 0.421 0.147 0.394 0.206 0.394
3 16 14.882 -194.849 -1.468 14.859 -194.594 -1.767 20.050 -193.680 -1.468 0.206 0.421 0.147 0.421 0.206 0.394
3 16 20.013 -193.426 -1.767 25.096 -191.983 -1.767 25.148 -192.233 -1.468 0.147 0.394 0.147 0.367 0.206 0.367
3 16 20.050 -193.680 -1.468 20.013 -193.426 -1.767 25.148 -192.233 -1.468 0.206 0.394 0.147 0.394 0.206 0.367
3 16 25.096 -191.983 -1.767 30.095 -190.267 -1.767 30.161 -190.514 -1.468 0.147 0.367 0.147 0.341 0.206 0.340
3 16 25.148 -192.233 -1.468 25.096 -191.983 -1.767 30.161 -190.514 -1.468 0.206 0.367 0.147 0.367 0.206 0.340
3 16 30.095 -190.267 -1.767 34.993 -188.285 -1.767 35.074 -188.527 -1.468 0.147 0.341 0.147 0.315 0.206 0.314
3 16 30.161 -190.514 -1.468 30.095 -190.267 -1.767 35.074 -188.527 -1.468 0.206 0.340 0.147 0.341 0.206 0.314
3 16 34.993 -188.285 -1.767 39.778 -186.041 -1.767 39.873 -186.279 -1.468 0.147 0.315 0.147 0.290 0.206 0.289
3 16 35.074 -188.527 -1.468 34.993 -188.285 -1.767 39.873 -186.279 -1.468 0.206 0.314 0.147 0.315 0.206 0.289
3 16 39.778 -186.041 -1.767 44.435 -183.543 -1.767 44.543 -183.774 -1.468 0.147 0.290 0.147 0.265 0.206 0.264
3 16 39.873 -186.279 -1.468 39.778 -186.041 -1.767 44.543 -183.774 -1.468 0.206 0.289 0.147 0.290 0.206 0.264
3 16 44.435 -183.543 -1.767 48.950 -180.797 -1.767 49.072 -181.022 -1.468 0.147 0.265 0.147 0.241 0.206 0.240
3 16 44.543 -183.774 -1.468 44.435 -183.543 -1.767 49.072 -181.022 -1.468 0.206 0.264 0.147 0.265 0.206 0.240
3 16 48.950 -180.797 -1.767 53.311 -177.812 -1.767 53.445 -178.030 -1.468 0.147 0.241 0.147 0.218 0.206 0.217
3 16 49.072 -181.022 -1.468 48.950 -180.797 -1.767 53.445 -178.030 -1.468 0.206 0.240 0.147 0.241 0.206 0.217
3 16 53.311 -177.812 -1.767 57.504 -174.597 -1.767 57.651 -174.806 -1.468 0.147 0.218 0.147 0.196 0.206 0.195
3 16 53.445 -178.030 -1.468 53.311 -177.812 -1.767 57.651 -174.806 -1.468 0.206 0.217 0.147 0.218 0.206 0.195
3 16 57.504 -174.597 -1.767 61.519 -171.160 -1.767 61.677 -171.360 -1.468 0.147 0.196 0.147 0.175 0.206 0.174
3 16 57.651 -174.806 -1.468 57.504 -174.597 -1.767 61.677 -171.360 -1.468 0.206 0.195 0.147 0.196 0.206 0.174
3 16 61.519 -171.160 -1.767 65.342 -167.512 -1.767 65.512 -167.702 -1.468 0.147 0.175 0.147 0.154 0.206 0.153
3 16 61.677 -171.360 -1.468 61.519 -171.160 -1.767 65.512 -167.702 -1.468 0.206 0.174 0.147 0.175 0.206 0.153
3 16 65.342 -167.512 -1.767 68.963 -163.663 -1.767 69.143 -163.843 -1.468 0.147 0.154 0.147 0.135 0.206 0.134
3 16 65.512 -167.702 -1.468 65.342 -167.512 -1.767 69.143 -163.843 -1.468 0.206 0.153 0.147 0.154 0.206 0.134
3 16 68.963 -163.663 -1.767 72.371 -159.624 -1.767 72.562 -159.794 -1.468 0.147 0.135 0.147 0.117 0.206 0.116
3 16 69.143 -163.843 -1.468 68.963 -163.663 -1.767 72.562 -159.794 -1.468 0.206 0.134 0.147 0.135 0.206 0.116
3 16 72.371 -159.624 -1.767 75.557 -155.408 -1.767 75.757 -155.566 -1.468 0.147 0.117 0.147 0.100 0.206 0.099
3 16 72.562 -159.794 -1.468 72.371 -159.624 -1.767 75.757 -155.566 -1.468 0.206 0.116 0.147 0.117 0.206 0.099
3 16 75.557 -155.408 -1.767 78.511 -151.026 -1.767 78.720 -151.172 -1.468 0.147 0.100 0.147 0.085 0.206 0.083
3 16 75.757 -155.566 -1.468 75.557 -155.408 -1.767 78.720 -151.172 -1.468 0.206 0.099 0.147 0.100 0.206 0.083
3 16 78.511 -151.026 -1.767 81.224 -146.491 -1.767 81.441 -146.625 -1.468 0.147 0.085 0.147 0.070 0.206 0.069
3 16 78.720 -151.172 -1.468 78.511 -151.026 -1.767 81.441 -146.625 -1.468 0.206 0.083 0.147 0.085 0.206 0.069
3 16 81.224 -146.491 -1.767 83.689 -141.817 -1.767 83.913 -141.937 -1.468 0.147 0.070 0.147 0.057 0.206 0.056
3 16 81.441 -146.625 -1.468 81.224 -146.491 -1.767 83.913 -141.937 -1.468 0.206 0.069 0.147 0.070 0.206 0.056
3 16 83.689 -141.817 -1.767 85.898 -137.016 -1.767 86.130 -137.124 -1.468 0.147 0.057 0.147 0.046 0.206 0.044
3 16 83.913 -141.937 -1.468 83.689 -141.817 -1.767 86.130 -137.124 -1.468 0.206 0.056 0.147 0.057 0.206 0.044
3 16 85.898 -137.016 -1.767 87.846 -132.103 -1.767 88.083 -132.198 -1.468 0.147 0.046 0.147 0.035 0.206 0.034
3 16 86.130 -137.124 -1.468 85.898 -137.016 -1.767 88.083 -132.198 -1.468 0.206 0.044 0.147 0.046 0.206 0.034
3 16 87.846 -132.103 -1.767 89.526 -127.093 -1.767 89.768 -127.173 -1.468 0.147 0.035 0.147 0.026 0.206 0.025
3 16 88.083 -132.198 -1.468 87.846 -132.103 -1.767 89.768 -127.173 -1.468 0.206 0.034 0.147 0.035 0.206 0.025
3 16 89.526 -127.093 -1.767 90.934 -121.999 -1.767 91.180 -122.065 -1.468 0.147 0.026 0.147 0.019 0.206 0.018
3 16 89.768 -127.173 -1.468 89.526 -127.093 -1.767 91.180 -122.065 -1.468 0.206 0.025 0.147 0.026 0.206 0.018
3 16 90.934 -121.999 -1.767 92.065 -116.837 -1.767 92.314 -116.889 -1.468 0.147 0.019 0.147 0.013 0.206 0.012
3 16 91.180 -122.065 -1.468 90.934 -121.999 -1.767 92.314 -116.889 -1.468 0.206 0.018 0.147 0.019 0.206 0.012
3 16 92.065 -116.837 -1.767 92.916 -111.622 -1.767 93.168 -111.659 -1.468 0.147 0.013 0.147 0.008 0.206 0.007
3 16 92.314 -116.889 -1.468 92.065 -116.837 -1.767 93.168 -111.659 -1.468 0.206 0.012 0.147 0.013 0.206 0.007
3 16 92.916 -111.622 -1.767 93.484 -106.368 -1.767 93.738 -106.390 -1.468 0.147 0.008 0.147 0.005 0.206 0.004
3 16 93.168 -111.659 -1.468 92.916 -111.622 -1.767 93.738 -106.390 -1.468 0.206 0.007 0.147 0.008 0.206 0.004
3 16 93.484 -106.368 -1.767 93.769 -101.091 -1.767 93.738 -106.390 -1.468 0.147 0.005 0.147 0.004 0.206 0.004
3 16 93.769 -101.091 -1.767 93.769 -95.806 -1.767 94.024 -101.098 -1.468 0.147 0.004 0.147 0.004 0.206 0.003
3 16 93.738 -106.390 -1.468 93.769 -101.091 -1.767 94.024 -101.098 -1.468 0.206 0.004 0.147 0.004 0.206 0.003
3 16 93.769 -95.806 -1.767 93.484 -90.530 -1.767 94.024 -95.799 -1.468 0.147 0.004 0.147 0.005 0.206 0.003
3 16 94.024 -101.098 -1.468 93.769 -95.806 -1.767 94.024 -95.799 -1.468 0.206 0.003 0.147 0.004 0.206 0.003
3 16 93.484 -90.530 -1.767 92.916 -85.276 -1.767 93.738 -90.507 -1.468 0.147 0.005 0.147 0.008 0.206 0.004
3 16 94.024 -95.799 -1.468 93.484 -90.530 -1.767 93.738 -90.507 -1.468 0.206 0.003 0.147 0.005 0.206 0.004
3 16 92.916 -85.276 -1.767 92.065 -80.060 -1.767 93.168 -85.239 -1.468 0.147 0.008 0.147 0.013 0.206 0.007
3 16 93.738 -90.507 -1.468 92.916 -85.276 -1.767 93.168 -85.239 -1.468 0.206 0.004 0.147 0.008 0.206 0.007
3 16 92.065 -80.060 -1.767 90.934 -74.898 -1.767 92.314 -80.009 -1.468 0.147 0.013 0.147 0.019 0.206 0.012
3 16 93.168 -85.239 -1.468 92.065 -80.060 -1.767 92.314 -80.009 -1.468 0.206 0.007 0.147 0.013 0.206 0.012
3 16 90.934 -74.898 -1.767 89.526 -69.804 -1.767 91.180 -74.832 -1.468 0.147 0.019 0.147 0.026 0.206 0.018
3 16 92.314 -80.009 -1.468 90.934 -74.898 -1.767 91.180 -74.832 -1.468 0.206 0.012 0.147 0.019 0.206 0.018
3 16 89.526 -69.804 -1.767 87.846 -64.794 -1.767 89.768 -69.724 -1.468 0.147 0.026 0.147 0.035 0.206 0.025
3 16 91.180 -74.832 -1.468 89.526 -69.804 -1.767 89.768 -69.724 -1.468 0.206 0.018 0.147 0.026 0.206 0.025
3 16 87.846 -64.794 -1.767 85.898 -59.881 -1.767 88.083 -64.700 -1.468 0.147 0.035 0.147 0.046 0.206 0.034
3 16 89.768 -69.724 -1.468 87.846 -64.794 -1.767 88.083 -64.700 -1.468 0.206 0.025 0.147 0.035 0.206 0.034
3 16 85.898 -59.881 -1.767 83.689 -55.081 -1.767 86.130 -59.774 -1.468 0.147 0.046 0.147 0.057 0.206 0.044
3 16 88.083 -64.700 -1.468 85.898 -59.881 -1.767 86.130 -59.774 -1.468 0.206 0.034 0.147 0.046 0.206 0.044
3 16 83.689 -55.081 -1.767 81.224 -50.407 -1.767 83.913 -54.960 -1.468 0.147 0.057 0.147 0.070 0.206 0.056
3 16 86.130 -59.774 -1.468 83.689 -55.081 -1.767 83.913 -54.960 -1.468 0.206 0.044 0.147 0.057 0.206 0.056
3 16 81.224 -50.407 -1.767 78.511 -45.872 -1.767 81.441 -50.273 -1.468 0.147 0.070 0.147 0.085 0.206 0.069
3 16 83.913 -54.960 -1.468 81.224 -50.407 -1.767 81.441 -50.273 -1.468 0.206 0.056 0.147 0.070 0.206 0.069
3 16 78.511 -45.872 -1.767 75.557 -41.490 -1.767 78.720 -45.726 -1.468 0.147 0.085 0.147 0.100 0.206 0.083
3 16 81.441 -50.273 -1.468 78.511 -45.872 -1.767 78.720 -45.726 -1.468 0.206 0.069 0.147 0.085 0.206 0.083
3 16 75.557 -41.490 -1.767 72.371 -37.273 -1.767 75.757 -41.332 -1.468 0.147 0.100 0.147 0.117 0.206 0.099
3 16 78.720 -45.726 -1.468 75.557 -41.490 -1.767 75.757 -41.332 -1.468 0.206 0.083 0.147 0.100 0.206 0.099
3 16 72.371 -37.273 -1.767 68.963 -33.235 -1.767 72.562 -37.104 -1.468 0.147 0.117 0.147 0.135 0.206 0.116
3 16 75.757 -41.332 -1.468 72.371 -37.273 -1.767 72.562 -37.104 -1.468 0.206 0.099 0.147 0.117 0.206 0.116
3 16 68.963 -33.235 -1.767 65.342 -29.386 -1.767 69.143 -33.054 -1.468 0.147 0.135 0.147 0.154 0.206 0.134
3 16 72.562 -37.104 -1.468 68.963 -33.235 -1.767 69.143 -33.054 -1.468 0.206 0.116 0.147 0.135 0.206 0.134
3 16 65.342 -29.386 -1.767 61.519 -25.738 -1.767 65.512 -29.195 -1.468 0.147 0.154 0.147 0.175 0.206 0.153
3 16 69.143 -33.054 -1.468 65.342 -29.386 -1.767 65.512 -29.195 -1.468 0.206 0.134 0.147 0.154 0.206 0.153
3 16 61.519 -25.738 -1.767 57.504 -22.301 -1.767 61.677 -25.537 -1.468 0.147 0.175 0.147 0.196 0.206 0.174
3 16 65.512 -29.195 -1.468 61.519 -25.738 -1.767 61.677 -25.537 -1.468 0.206 0.153 0.147 0.175 0.206 0.174
3 16 57.504 -22.301 -1.767 53.311 -19.085 -1.767 57.651 -22.091 -1.468 0.147 0.196 0.147 0.218 0.206 0.195
3 16 61.677 -25.537 -1.468 57.504 -22.301 -1.767 57.651 -22.091 -1.468 0.206 0.174 0.147 0.196 0.206 0.195
3 16 53.311 -19.085 -1.767 48.950 -16.100 -1.767 53.445 -18.868 -1.468 0.147 0.218 0.147 0.241 0.206 0.217
3 16 57.651 -22.091 -1.468 53.311 -19.085 -1.767 53.445 -18.868 -1.468 0.206 0.195 0.147 0.218 0.206 0.217
3 16 48.950 -16.100 -1.767 44.435 -13.355 -1.767 49.072 -15.875 -1.468 0.147 0.241 0.147 0.265 0.206 0.240
3 16 53.445 -18.868 -1.468 48.950 -16.100 -1.767 49.072 -15.875 -1.468 0.206 0.217 0.147 0.241 0.206 0.240
3 16 44.435 -13.355 -1.767 39.778 -10.856 -1.767 44.543 -13.123 -1.468 0.147 0.265 0.147 0.290 0.206 0.264
3 16 49.072 -15.875 -1.468 44.435 -13.355 -1.767 44.543 -13.123 -1.468 0.206 0.240 0.147 0.265 0.206 0.264
3 16 39.778 -10.856 -1.767 34.993 -8.613 -1.767 39.873 -10.619 -1.468 0.147 0.290 0.147 0.315 0.206 0.289
3 16 44.543 -13.123 -1.468 39.778 -10.856 -1.767 39.873 -10.619 -1.468 0.206 0.264 0.147 0.290 0.206 0.289
3 16 34.993 -8.613 -1.767 30.095 -6.630 -1.767 35.074 -8.370 -1.468 0.147 0.315 0.147 0.341 0.206 0.314
3 16 39.873 -10.619 -1.468 34.993 -8.613 -1.767 35.074 -8.370 -1.468 0.206 0.289 0.147 0.315 0.206 0.314
3 16 30.095 -6.630 -1.767 25.096 -4.915 -1.767 30.161 -6.383 -1.468 0.147 0.341 0.147 0.367 0.206 0.340
3 16 35.074 -8.370 -1.468 30.095 -6.630 -1.767 30.161 -6.383 -1.468 0.206 0.314 0.147 0.341 0.206 0.340
3 16 25.096 -4.915 -1.767 20.013 -3.471 -1.767 25.148 -4.664 -1.468 0.147 0.367 0.147 0.394 0.206 0.367
3 16 30.161 -6.383 -1.468 25.096 -4.915 -1.767 25.148 -4.664 -1.468 0.206 0.340 0.147 0.367 0.206 0.367
3 16 20.013 -3.471 -1.767 14.859 -2.303 -1.767 20.050 -3.218 -1.468 0.147 0.394 0.147 0.421 0.206 0.394
3 16 25.148 -4.664 -1.468 20.013 -3.471 -1.767 20.050 -3.218 -1.468 0.206 0.367 0.147 0.394 0.206 0.394
3 16 14.859 -2.303 -1.767 9.649 -1.415 -1.767 14.882 -2.048 -1.468 0.147 0.421 0.147 0.449 0.206 0.421
3 16 20.050 -3.218 -1.468 14.859 -2.303 -1.767 14.882 -2.048 -1.468 0.206 0.394 0.147 0.421 0.206 0.421
3 16 9.649 -1.415 -1.767 4.400 -0.809 -1.767 9.657 -1.159 -1.468 0.147 0.449 0.147 0.477 0.206 0.449
3 16 14.882 -2.048 -1.468 9.649 -1.415 -1.767 9.657 -1.159 -1.468 0.206 0.421 0.147 0.449 0.206 0.449
3 16 4.400 -0.809 -1.767 -0.875 -0.487 -1.767 4.393 -0.553 -1.468 0.147 0.477 0.147 0.505 0.206 0.477
3 16 9.657 -1.159 -1.468 4.400 -0.809 -1.767 4.393 -0.553 -1.468 0.206 0.449 0.147 0.477 0.206 0.477
3 16 -0.875 -0.487 -1.767 -6.159 -0.449 -1.767 -0.897 -0.231 -1.468 0.147 0.505 0.147 0.533 0.206 0.505
3 16 4.393 -0.553 -1.468 -0.875 -0.487 -1.767 -0.897 -0.231 -1.468 0.206 0.477 0.147 0.505 0.206 0.505
3 16 -6.159 -0.449 -1.767 -11.438 -0.696 -1.767 -6.196 -0.195 -1.468 0.147 0.533 0.147 0.561 0.206 0.533
3 16 -0.897 -0.231 -1.468 -6.159 -0.449 -1.767 -6.196 -0.195 -1.468 0.206 0.505 0.147 0.533 0.206 0.533
3 16 -11.438 -0.696 -1.767 -16.696 -1.228 -1.767 -11.490 -0.445 -1.468 0.147 0.561 0.147 0.588 0.206 0.561
3 16 -6.196 -0.195 -1.468 -11.438 -0.696 -1.767 -11.490 -0.445 -1.468 0.206 0.533 0.147 0.561 0.206 0.561
3 16 -16.696 -1.228 -1.767 -21.917 -2.042 -1.767 -16.762 -0.979 -1.468 0.147 0.588 0.147 0.616 0.206 0.589
3 16 -11.490 -0.445 -1.468 -16.696 -1.228 -1.767 -16.762 -0.979 -1.468 0.206 0.561 0.147 0.588 0.206 0.589
3 16 -21.917 -2.042 -1.767 -27.087 -3.136 -1.767 -21.998 -1.797 -1.468 0.147 0.616 0.147 0.643 0.206 0.616
3 16 -16.762 -0.979 -1.468 -21.917 -2.042 -1.767 -21.998 -1.797 -1.468 0.206 0.589 0.147 0.616 0.206 0.616
3 16 -27.087 -3.136 -1.767 -32.191 -4.507 -1.767 -27.182 -2.897 -1.468 0.147 0.643 0.147 0.670 0.206 0.644
3 16 -21.998 -1.797 -1.468 -27.087 -3.136 -1.767 -27.182 -2.897 -1.468 0.206 0.616 0.147 0.643 0.206 0.644
3 16 -32.191 -4.507 -1.767 -37.213 -6.152 -1.767 -32.299 -4.274 -1.468 0.147 0.670 0.147 0.697 0.206 0.671
3 16 -27.182 -2.897 -1.468 -32.191 -4.507 -1.767 -32.299 -4.274 -1.468 0.206 0.644 0.147 0.670 0.206 0.671
3 16 -37.213 -6.152 -1.767 -42.139 -8.064 -1.767 -37.335 -5.924 -1.468 0.147 0.697 0.147 0.723 0.206 0.698
3 16 -32.299 -4.274 -1.468 -37.213 -6.152 -1.767 -37.335 -5.924 -1.468 0.206 0.671 0.147 0.697 0.206 0.698
3 16 -42.139 -8.064 -1.767 -46.955 -10.239 -1.767 -42.274 -7.844 -1.468 0.147 0.723 0.147 0.748 0.206 0.724
3 16 -37.335 -5.924 -1.468 -42.139 -8.064 -1.767 -42.274 -7.844 -1.468 0.206 0.698 0.147 0.723 0.206 0.724
3 16 -46.955 -10.239 -1.767 -51.647 -12.671 -1.767 -47.103 -10.028 -1.468 0.147 0.748 0.147 0.773 0.206 0.749
3 16 -42.274 -7.844 -1.468 -46.955 -10.239 -1.767 -47.103 -10.028 -1.468 0.206 0.724 0.147 0.748 0.206 0.749
3 16 -51.647 -12.671 -1.767 -56.201 -15.352 -1.767 -51.807 -12.468 -1.468 0.147 0.773 0.147 0.797 0.206 0.774
3 16 -47.103 -10.028 -1.468 -51.647 -12.671 -1.767 -51.807 -12.468 -1.468 0.206 0.749 0.147 0.773 0.206 0.774
3 16 -56.201 -15.352 -1.767 -60.604 -18.275 -1.767 -56.372 -15.159 -1.468 0.147 0.797 0.147 0.821 0.206 0.798
3 16 -51.807 -12.468 -1.468 -56.201 -15.352 -1.767 -56.372 -15.159 -1.468 0.206 0.774 0.147 0.797 0.206 0.798
3 16 -60.604 -18.275 -1.767 -64.843 -21.430 -1.767 -60.786 -18.091 -1.468 0.147 0.821 0.147 0.843 0.206 0.822
3 16 -56.372 -15.159 -1.468 -60.604 -18.275 -1.767 -60.786 -18.091 -1.468 0.206 0.798 0.147 0.821 0.206 0.822
3 16 -64.843 -21.430 -1.767 -68.906 -24.810 -1.767 -65.036 -21.258 -1.468 0.147 0.843 0.147 0.865 0.206 0.844
3 16 -60.786 -18.091 -1.468 -64.843 -21.430 -1.767 -65.036 -21.258 -1.468 0.206 0.822 0.147 0.843 0.206 0.844
3 16 -68.906 -24.810 -1.767 -72.780 -28.403 -1.767 -69.108 -24.649 -1.468 0.147 0.865 0.147 0.885 0.206 0.866
3 16 -65.036 -21.258 -1.468 -68.906 -24.810 -1.767 -69.108 -24.649 -1.468 0.206 0.844 0.147 0.865 0.206 0.866
3 16 -72.780 -28.403 -1.767 -76.456 -32.201 -1.767 -72.992 -28.254 -1.468 0.147 0.885 0.147 0.905 0.206 0.886
3 16 -69.108 -24.649 -1.468 -72.780 -28.403 -1.767 -72.992 -28.254 -1.468 0.206 0.866 0.147 0.885 0.206 0.886
3 16 -76.456 -32.201 -1.767 -79.921 -36.190 -1.767 -76.676 -32.064 -1.468 0.147 0.905 0.147 0.923 0.206 0.906
3 16 -72.992 -28.254 -1.468 -76.456 -32.201 -1.767 -76.676 -32.064 -1.468 0.206 0.886 0.147 0.905 0.206 0.906
3 16 -79.921 -36.190 -1.767 -83.167 -40.361 -1.767 -80.149 -36.066 -1.468 0.147 0.923 0.147 0.940 0.206 0.924
3 16 -76.676 -32.064 -1.468 -79.921 -36.190 -1.767 -80.149 -36.066 -1.468 0.206 0.906 0.147 0.923 0.206 0.924
3 16 -83.167 -40.361 -1.767 -86.182 -44.700 -1.767 -83.401 -40.250 -1.468 0.147 0.940 0.147 0.956 0.206 0.941
3 16 -80.149 -36.066 -1.468 -83.167 -40.361 -1.767 -83.401 -40.250 -1.468 0.206 0.924 0.147 0.940 0.206 0.941
3 16 -86.182 -44.700 -1.767 -88.960 -49.196 -1.767 -86.423 -44.603 -1.468 0.147 0.956 0.147 0.971 0.206 0.957
3 16 -83.401 -40.250 -1.468 -86.182 -44.700 -1.767 -86.423 -44.603 -1.468 0.206 0.941 0.147 0.956 0.206 0.957
3 16 -88.960 -49.196 -1.767 -91.491 -53.835 -1.767 -89.206 -49.113 -1.468 0.147 0.971 0.147 0.984 0.206 0.972
3 16 -86.423 -44.603 -1.468 -88.960 -49.196 -1.767 -89.206 -49.113 -1.468 0.206 0.957 0.147 0.971 0.206 0.972
3 16 -91.491 -53.835 -1.767 -93.779 -58.602 -1.757 -91.742 -53.766 -1.468 0.147 0.984 0.149 0.996 0.206 0.985
3 16 -89.206 -49.113 -1.468 -91.491 -53.835 -1.767 -91.742 -53.766 -1.468 0.206 0.972 0.147 0.984 0.206 0.985
3 16 24.891 -5.901 2.380 24.965 -5.544 2.230 19.865 -4.468 2.380 0.976 0.368 0.946 0.368 0.976 0.395
3 16 19.918 -4.107 2.230 14.802 -2.944 2.230 14.769 -3.308 2.380 0.946 0.395 0.946 0.422 0.976 0.422
3 16 -93.779 -58.602 -1.757 -93.769 -138.294 -1.767 -94.024 -138.348 -1.468 0.149 0.996 0.147 0.996 0.206 0.997
3 16 -93.779 -58.602 -1.757 -94.024 -138.348 -1.468 -94.031 -58.548 -1.458 0.149 0.996 0.206 0.997 0.208 0.998
3 16 -91.742 -53.766 -1.468 -93.779 -58.602 -1.757 -94.031 -58.548 -1.458 0.206 0.985 0.149 0.996 0.208 0.998
3 16 -94.024 -138.348 -1.468 -91.742 -143.131 -1.468 -91.944 -143.186 -1.133 0.206 0.997 0.206 0.985 0.273 0.986
3 16 29.832 -7.603 2.380 29.927 -7.251 2.230 24.891 -5.901 2.380 0.976 0.342 0.946 0.342 0.976 0.368
3 16 24.965 -5.544 2.230 19.918 -4.107 2.230 19.865 -4.468 2.380 0.946 0.368 0.946 0.395 0.976 0.395
3 16 -94.229 -138.391 -1.133 -94.024 -138.348 -1.468 -91.944 -143.186 -1.133 0.273 0.999 0.206 0.997 0.273 0.986
3 16 -91.742 -143.131 -1.468 -89.206 -147.784 -1.468 -89.405 -147.851 -1.133 0.206 0.985 0.206 0.972 0.273 0.973
3 16 -91.944 -143.186 -1.133 -91.742 -143.131 -1.468 -89.405 -147.851 -1.133 0.273 0.986 0.206 0.985 0.273 0.973
3 16 -89.206 -147.784 -1.468 -86.423 -152.294 -1.468 -86.617 -152.372 -1.133 0.206 0.972 0.206 0.957 0.273 0.958
3 16 -89.405 -147.851 -1.133 -89.206 -147.784 -1.468 -86.617 -152.372 -1.133 0.273 0.973 0.206 0.972 0.273 0.958
3 16 -86.423 -152.294 -1.468 -83.401 -156.647 -1.468 -83.590 -156.737 -1.133 0.206 0.957 0.206 0.941 0.273 0.942
3 16 -86.617 -152.372 -1.133 -86.423 -152.294 -1.468 -83.590 -156.737 -1.133 0.273 0.958 0.206 0.957 0.273 0.942
3 16 -83.401 -156.647 -1.468 -80.149 -160.831 -1.468 -80.332 -160.931 -1.133 0.206 0.941 0.206 0.924 0.273 0.925
3 16 -83.590 -156.737 -1.133 -83.401 -156.647 -1.468 -80.332 -160.931 -1.133 0.273 0.942 0.206 0.941 0.273 0.925
3 16 -80.149 -160.831 -1.468 -76.676 -164.834 -1.468 -76.853 -164.944 -1.133 0.206 0.924 0.206 0.906 0.273 0.907
3 16 -80.332 -160.931 -1.133 -80.149 -160.831 -1.468 -76.853 -164.944 -1.133 0.273 0.925 0.206 0.924 0.273 0.907
3 16 -76.676 -164.834 -1.468 -72.992 -168.643 -1.468 -73.162 -168.764 -1.133 0.206 0.906 0.206 0.886 0.273 0.887
3 16 -76.853 -164.944 -1.133 -76.676 -164.834 -1.468 -73.162 -168.764 -1.133 0.273 0.907 0.206 0.906 0.273 0.887
3 16 -72.992 -168.643 -1.468 -69.108 -172.249 -1.468 -69.271 -172.379 -1.133 0.206 0.886 0.206 0.866 0.273 0.867
3 16 -73.162 -168.764 -1.133 -72.992 -168.643 -1.468 -69.271 -172.379 -1.133 0.273 0.887 0.206 0.886 0.273 0.867
3 16 -69.108 -172.249 -1.468 -65.036 -175.640 -1.468 -65.191 -175.779 -1.133 0.206 0.866 0.206 0.844 0.273 0.845
3 16 -69.271 -172.379 -1.133 -69.108 -172.249 -1.468 -65.191 -175.779 -1.133 0.273 0.867 0.206 0.866 0.273 0.845
3 16 -65.036 -175.640 -1.468 -60.786 -178.806 -1.468 -60.933 -178.954 -1.133 0.206 0.844 0.206 0.822 0.273 0.822
3 16 -65.191 -175.779 -1.133 -65.036 -175.640 -1.468 -60.933 -178.954 -1.133 0.273 0.845 0.206 0.844 0.273 0.822
3 16 -60.786 -178.806 -1.468 -56.372 -181.739 -1.468 -56.510 -181.894 -1.133 0.206 0.822 0.206 0.798 0.273 0.799
3 16 -60.933 -178.954 -1.133 -60.786 -178.806 -1.468 -56.510 -181.894 -1.133 0.273 0.822 0.206 0.822 0.273 0.799
3 16 -56.372 -181.739 -1.468 -51.807 -184.429 -1.468 -51.935 -184.592 -1.133 0.206 0.798 0.206 0.774 0.273 0.775
3 16 -56.510 -181.894 -1.133 -56.372 -181.739 -1.468 -51.935 -184.592 -1.133 0.273 0.799 0.206 0.798 0.273 0.775
3 16 -51.807 -184.429 -1.468 -47.103 -186.870 -1.468 -47.221 -187.040 -1.133 0.206 0.774 0.206 0.749 0.273 0.750
3 16 -51.935 -184.592 -1.133 -51.807 -184.429 -1.468 -47.221 -187.040 -1.133 0.273 0.775 0.206 0.774 0.273 0.750
3 16 -47.103 -186.870 -1.468 -42.274 -189.053 -1.468 -42.382 -189.230 -1.133 0.206 0.749 0.206 0.724 0.273 0.724
3 16 -47.221 -187.040 -1.133 -47.103 -186.870 -1.468 -42.382 -189.230 -1.133 0.273 0.750 0.206 0.749 0.273 0.724
3 16 -42.274 -189.053 -1.468 -37.335 -190.973 -1.468 -37.433 -191.156 -1.133 0.206 0.724 0.206 0.698 0.273 0.698
3 16 -42.382 -189.230 -1.133 -42.274 -189.053 -1.468 -37.433 -191.156 -1.133 0.273 0.724 0.206 0.724 0.273 0.698
3 16 -37.335 -190.973 -1.468 -32.299 -192.624 -1.468 -32.386 -192.812 -1.133 0.206 0.698 0.206 0.671 0.273 0.671
3 16 -37.433 -191.156 -1.133 -37.335 -190.973 -1.468 -32.386 -192.812 -1.133 0.273 0.698 0.206 0.698 0.273 0.671
3 16 -32.299 -192.624 -1.468 -27.182 -194.001 -1.468 -27.258 -194.193 -1.133 0.206 0.671 0.206 0.644 0.273 0.644
3 16 -32.386 -192.812 -1.133 -32.299 -192.624 -1.468 -27.258 -194.193 -1.133 0.273 0.671 0.206 0.671 0.273 0.644
3 16 -27.182 -194.001 -1.468 -21.998 -195.100 -1.468 -22.062 -195.296 -1.133 0.206 0.644 0.206 0.616 0.273 0.617
3 16 -27.258 -194.193 -1.133 -27.182 -194.001 -1.468 -22.062 -195.296 -1.133 0.273 0.644 0.206 0.644 0.273 0.617
3 16 -21.998 -195.100 -1.468 -16.762 -195.918 -1.468 -16.815 -196.118 -1.133 0.206 0.616 0.206 0.589 0.273 0.589
3 16 -22.062 -195.296 -1.133 -21.998 -195.100 -1.468 -16.815 -196.118 -1.133 0.273 0.617 0.206 0.616 0.273 0.589
3 16 -16.762 -195.918 -1.468 -11.490 -196.453 -1.468 -11.531 -196.655 -1.133 0.206 0.589 0.206 0.561 0.273 0.561
3 16 -16.815 -196.118 -1.133 -16.762 -195.918 -1.468 -11.531 -196.655 -1.133 0.273 0.589 0.206 0.589 0.273 0.561
3 16 -11.490 -196.453 -1.468 -6.196 -196.702 -1.468 -6.226 -196.907 -1.133 0.206 0.561 0.206 0.533 0.273 0.533
3 16 -11.531 -196.655 -1.133 -11.490 -196.453 -1.468 -6.226 -196.907 -1.133 0.273 0.561 0.206 0.561 0.273 0.533
3 16 -6.196 -196.702 -1.468 -0.897 -196.666 -1.468 -0.914 -196.872 -1.133 0.206 0.533 0.206 0.505 0.273 0.505
3 16 -6.226 -196.907 -1.133 -6.196 -196.702 -1.468 -0.914 -196.872 -1.133 0.273 0.533 0.206 0.533 0.273 0.505
3 16 -0.897 -196.666 -1.468 4.393 -196.345 -1.468 4.387 -196.551 -1.133 0.206 0.505 0.206 0.477 0.273 0.477
3 16 -0.914 -196.872 -1.133 -0.897 -196.666 -1.468 4.387 -196.551 -1.133 0.273 0.505 0.206 0.505 0.273 0.477
3 16 4.393 -196.345 -1.468 9.657 -195.739 -1.468 9.664 -195.945 -1.133 0.206 0.477 0.206 0.449 0.273 0.449
3 16 4.387 -196.551 -1.133 4.393 -196.345 -1.468 9.664 -195.945 -1.133 0.273 0.477 0.206 0.477 0.273 0.449
3 16 9.657 -195.739 -1.468 14.882 -194.849 -1.468 14.900 -195.055 -1.133 0.206 0.449 0.206 0.421 0.273 0.421
3 16 9.664 -195.945 -1.133 9.657 -195.739 -1.468 14.900 -195.055 -1.133 0.273 0.449 0.206 0.449 0.273 0.421
3 16 14.882 -194.849 -1.468 20.050 -193.680 -1.468 20.080 -193.884 -1.133 0.206 0.421 0.206 0.394 0.273 0.394
3 16 14.900 -195.055 -1.133 14.882 -194.849 -1.468 20.080 -193.884 -1.133 0.273 0.421 0.206 0.421 0.273 0.394
3 16 20.050 -193.680 -1.468 25.148 -192.233 -1.468 25.190 -192.435 -1.133 0.206 0.394 0.206 0.367 0.273 0.367
3 16 20.080 -193.884 -1.133 20.050 -193.680 -1.468 25.190 -192.435 -1.133 0.273 0.394 0.206 0.394 0.273 0.367
3 16 25.148 -192.233 -1.468 30.161 -190.514 -1.468 30.215 -190.713 -1.133 0.206 0.367 0.206 0.340 0.273 0.340
3 16 25.190 -192.435 -1.133 25.148 -192.233 -1.468 30.215 -190.713 -1.133 0.273 0.367 0.206 0.367 0.273 0.340
3 16 30.161 -190.514 -1.468 35.074 -188.527 -1.468 35.139 -188.723 -1.133 0.206 0.340 0.206 0.314 0.273 0.314
3 16 30.215 -190.713 -1.133 30.161 -190.514 -1.468 35.139 -188.723 -1.133 0.273 0.340 0.206 0.340 0.273 0.314
3 16 35.074 -188.527 -1.468 39.873 -186.279 -1.468 39.949 -186.470 -1.133 0.206 0.314 0.206 0.289 0.273 0.289
3 16 35.139 -188.723 -1.133 35.074 -188.527 -1.468 39.949 -186.470 -1.133 0.273 0.314 0.206 0.314 0.273 0.289
3 16 39.873 -186.279 -1.468 44.543 -183.774 -1.468 44.630 -183.961 -1.133 0.206 0.289 0.206 0.264 0.273 0.264
3 16 39.949 -186.470 -1.133 39.873 -186.279 -1.468 44.630 -183.961 -1.133 0.273 0.289 0.206 0.289 0.273 0.264
3 16 44.543 -183.774 -1.468 49.072 -181.022 -1.468 49.169 -181.203 -1.133 0.206 0.264 0.206 0.240 0.273 0.240
3 16 44.630 -183.961 -1.133 44.543 -183.774 -1.468 49.169 -181.203 -1.133 0.273 0.264 0.206 0.264 0.273 0.240
3 16 49.072 -181.022 -1.468 53.445 -178.030 -1.468 53.553 -178.205 -1.133 0.206 0.240 0.206 0.217 0.273 0.217
3 16 49.169 -181.203 -1.133 49.072 -181.022 -1.468 53.553 -178.205 -1.133 0.273 0.240 0.206 0.240 0.273 0.217
3 16 53.445 -178.030 -1.468 57.651 -174.806 -1.468 57.769 -174.974 -1.133 0.206 0.217 0.206 0.195 0.273 0.194
3 16 53.553 -178.205 -1.133 53.445 -178.030 -1.468 57.769 -174.974 -1.133 0.273 0.217 0.206 0.217 0.273 0.194
3 16 57.651 -174.806 -1.468 61.677 -171.360 -1.468 61.805 -171.521 -1.133 0.206 0.195 0.206 0.174 0.273 0.173
3 16 57.769 -174.974 -1.133 57.651 -174.806 -1.468 61.805 -171.521 -1.133 0.273 0.194 0.206 0.195 0.273 0.173
3 16 61.677 -171.360 -1.468 65.512 -167.702 -1.468 65.648 -167.855 -1.133 0.206 0.174 0.206 0.153 0.273 0.153
3 16 61.805 -171.521 -1.133 61.677 -171.360 -1.468 65.648 -167.855 -1.133 0.273 0.173 0.206 0.174 0.273 0.153
3 16 65.512 -167.702 -1.468 69.143 -163.843 -1.468 69.289 -163.988 -1.133 0.206 0.153 0.206 0.134 0.273 0.133
3 16 65.648 -167.855 -1.133 65.512 -167.702 -1.468 69.289 -163.988 -1.133 0.273 0.153 0.206 0.153 0.273 0.133
3 16 69.143 -163.843 -1.468 72.562 -159.794 -1.468 72.715 -159.930 -1.133 0.206 0.134 0.206 0.116 0.273 0.115
3 16 69.289 -163.988 -1.133 69.143 -163.843 -1.468 72.715 -159.930 -1.133 0.273 0.133 0.206 0.134 0.273 0.115
3 16 72.562 -159.794 -1.468 75.757 -155.566 -1.468 75.918 -155.693 -1.133 0.206 0.116 0.206 0.099 0.273 0.098
3 16 72.715 -159.930 -1.133 72.562 -159.794 -1.468 75.918 -155.693 -1.133 0.273 0.115 0.206 0.116 0.273 0.098
3 16 75.757 -155.566 -1.468 78.720 -151.172 -1.468 78.888 -151.289 -1.133 0.206 0.099 0.206 0.083 0.273 0.083
3 16 75.918 -155.693 -1.133 75.757 -155.566 -1.468 78.888 -151.289 -1.133 0.273 0.098 0.206 0.099 0.273 0.083
3 16 78.720 -151.172 -1.468 81.441 -146.625 -1.468 81.616 -146.732 -1.133 0.206 0.083 0.206 0.069 0.273 0.068
3 16 78.888 -151.289 -1.133 78.720 -151.172 -1.468 81.616 -146.732 -1.133 0.273 0.083 0.206 0.083 0.273 0.068
3 16 81.441 -146.625 -1.468 83.913 -141.937 -1.468 84.094 -142.035 -1.133 0.206 0.069 0.206 0.056 0.273 0.055
3 16 81.616 -146.732 -1.133 81.441 -146.625 -1.468 84.094 -142.035 -1.133 0.273 0.068 0.206 0.069 0.273 0.055
3 16 83.913 -141.937 -1.468 86.130 -137.124 -1.468 86.315 -137.210 -1.133 0.206 0.056 0.206 0.044 0.273 0.043
3 16 84.094 -142.035 -1.133 83.913 -141.937 -1.468 86.315 -137.210 -1.133 0.273 0.055 0.206 0.056 0.273 0.043
3 16 86.130 -137.124 -1.468 88.083 -132.198 -1.468 88.273 -132.273 -1.133 0.206 0.044 0.206 0.034 0.273 0.033
3 16 86.315 -137.210 -1.133 86.130 -137.124 -1.468 88.273 -132.273 -1.133 0.273 0.043 0.206 0.044 0.273 0.033
3 16 88.083 -132.198 -1.468 89.768 -127.173 -1.468 89.963 -127.238 -1.133 0.206 0.034 0.206 0.025 0.273 0.024
3 16 88.273 -132.273 -1.133 88.083 -132.198 -1.468 89.963 -127.238 -1.133 0.273 0.033 0.206 0.034 0.273 0.024
3 16 89.768 -127.173 -1.468 91.180 -122.065 -1.468 91.378 -122.118 -1.133 0.206 0.025 0.206 0.018 0.273 0.017
3 16 89.963 -127.238 -1.133 89.768 -127.173 -1.468 91.378 -122.118 -1.133 0.273 0.024 0.206 0.025 0.273 0.017
3 16 91.180 -122.065 -1.468 92.314 -116.889 -1.468 92.515 -116.930 -1.133 0.206 0.018 0.206 0.012 0.273 0.011
3 16 91.378 -122.118 -1.133 91.180 -122.065 -1.468 92.515 -116.930 -1.133 0.273 0.017 0.206 0.018 0.273 0.011
3 16 92.314 -116.889 -1.468 93.168 -111.659 -1.468 93.371 -111.688 -1.133 0.206 0.012 0.206 0.007 0.273 0.006
3 16 92.515 -116.930 -1.133 92.314 -116.889 -1.468 93.371 -111.688 -1.133 0.273 0.011 0.206 0.012 0.273 0.006
3 16 93.168 -111.659 -1.468 93.738 -106.390 -1.468 93.942 -106.408 -1.133 0.206 0.007 0.206 0.004 0.273 0.003
3 16 93.371 -111.688 -1.133 93.168 -111.659 -1.468 93.942 -106.408 -1.133 0.273 0.006 0.206 0.007 0.273 0.003
3 16 93.738 -106.390 -1.468 94.024 -101.098 -1.468 93.942 -106.408 -1.133 0.206 0.004 0.206 0.003 0.273 0.003
3 16 94.024 -101.098 -1.468 94.024 -95.799 -1.468 94.229 -101.104 -1.133 0.206 0.003 0.206 0.003 0.273 0.001
3 16 93.942 -106.408 -1.133 94.024 -101.098 -1.468 94.229 -101.104 -1.133 0.273 0.003 0.206 0.003 0.273 0.001
3 16 94.024 -95.799 -1.468 93.738 -90.507 -1.468 94.229 -95.793 -1.133 0.206 0.003 0.206 0.004 0.273 0.001
3 16 94.229 -101.104 -1.133 94.024 -95.799 -1.468 94.229 -95.793 -1.133 0.273 0.001 0.206 0.003 0.273 0.001
3 16 93.738 -90.507 -1.468 93.168 -85.239 -1.468 93.942 -90.490 -1.133 0.206 0.004 0.206 0.007 0.273 0.003
3 16 94.229 -95.793 -1.133 93.738 -90.507 -1.468 93.942 -90.490 -1.133 0.273 0.001 0.206 0.004 0.273 0.003
3 16 93.168 -85.239 -1.468 92.314 -80.009 -1.468 93.371 -85.209 -1.133 0.206 0.007 0.206 0.012 0.273 0.006
3 16 93.942 -90.490 -1.133 93.168 -85.239 -1.468 93.371 -85.209 -1.133 0.273 0.003 0.206 0.007 0.273 0.006
3 16 92.314 -80.009 -1.468 91.180 -74.832 -1.468 92.515 -79.967 -1.133 0.206 0.012 0.206 0.018 0.273 0.011
3 16 93.371 -85.209 -1.133 92.314 -80.009 -1.468 92.515 -79.967 -1.133 0.273 0.006 0.206 0.012 0.273 0.011
3 16 91.180 -74.832 -1.468 89.768 -69.724 -1.468 91.378 -74.779 -1.133 0.206 0.018 0.206 0.025 0.273 0.017
3 16 92.515 -79.967 -1.133 91.180 -74.832 -1.468 91.378 -74.779 -1.133 0.273 0.011 0.206 0.018 0.273 0.017
3 16 89.768 -69.724 -1.468 88.083 -64.700 -1.468 89.963 -69.660 -1.133 0.206 0.025 0.206 0.034 0.273 0.024
3 16 91.378 -74.779 -1.133 89.768 -69.724 -1.468 89.963 -69.660 -1.133 0.273 0.017 0.206 0.025 0.273 0.024
3 16 88.083 -64.700 -1.468 86.130 -59.774 -1.468 88.273 -64.624 -1.133 0.206 0.034 0.206 0.044 0.273 0.033
3 16 89.963 -69.660 -1.133 88.083 -64.700 -1.468 88.273 -64.624 -1.133 0.273 0.024 0.206 0.034 0.273 0.033
3 16 86.130 -59.774 -1.468 83.913 -54.960 -1.468 86.315 -59.687 -1.133 0.206 0.044 0.206 0.056 0.273 0.043
3 16 88.273 -64.624 -1.133 86.130 -59.774 -1.468 86.315 -59.687 -1.133 0.273 0.033 0.206 0.044 0.273 0.043
3 16 83.913 -54.960 -1.468 81.441 -50.273 -1.468 84.094 -54.863 -1.133 0.206 0.056 0.206 0.069 0.273 0.055
3 16 86.315 -59.687 -1.133 83.913 -54.960 -1.468 84.094 -54.863 -1.133 0.273 0.043 0.206 0.056 0.273 0.055
3 16 81.441 -50.273 -1.468 78.720 -45.726 -1.468 81.616 -50.165 -1.133 0.206 0.069 0.206 0.083 0.273 0.068
3 16 84.094 -54.863 -1.133 81.441 -50.273 -1.468 81.616 -50.165 -1.133 0.273 0.055 0.206 0.069 0.273 0.068
3 16 78.720 -45.726 -1.468 75.757 -41.332 -1.468 78.888 -45.608 -1.133 0.206 0.083 0.206 0.099 0.273 0.083
3 16 81.616 -50.165 -1.133 78.720 -45.726 -1.468 78.888 -45.608 -1.133 0.273 0.068 0.206 0.083 0.273 0.083
3 16 75.757 -41.332 -1.468 72.562 -37.104 -1.468 75.918 -41.205 -1.133 0.206 0.099 0.206 0.116 0.273 0.098
3 16 78.888 -45.608 -1.133 75.757 -41.332 -1.468 75.918 -41.205 -1.133 0.273 0.083 0.206 0.099 0.273 0.098
3 16 72.562 -37.104 -1.468 69.143 -33.054 -1.468 72.715 -36.968 -1.133 0.206 0.116 0.206 0.134 0.273 0.115
3 16 75.918 -41.205 -1.133 72.562 -37.104 -1.468 72.715 -36.968 -1.133 0.273 0.098 0.206 0.116 0.273 0.115
3 16 69.143 -33.054 -1.468 65.512 -29.195 -1.468 69.289 -32.909 -1.133 0.206 0.134 0.206 0.153 0.273 0.133
3 16 72.715 -36.968 -1.133 69.143 -33.054 -1.468 69.289 -32.909 -1.133 0.273 0.115 0.206 0.134 0.273 0.133
3 16 65.512 -29.195 -1.468 61.677 -25.537 -1.468 65.648 -29.042 -1.133 0.206 0.153 0.206 0.174 0.273 0.153
3 16 69.289 -32.909 -1.133 65.512 -29.195 -1.468 65.648 -29.042 -1.133 0.273 0.133 0.206 0.153 0.273 0.153
3 16 61.677 -25.537 -1.468 57.651 -22.091 -1.468 61.805 -25.376 -1.133 0.206 0.174 0.206 0.195 0.273 0.173
3 16 65.648 -29.042 -1.133 61.677 -25.537 -1.468 61.805 -25.376 -1.133 0.273 0.153 0.206 0.174 0.273 0.173
3 16 57.651 -22.091 -1.468 53.445 -18.868 -1.468 57.769 -21.923 -1.133 0.206 0.195 0.206 0.217 0.273 0.194
3 16 61.805 -25.376 -1.133 57.651 -22.091 -1.468 57.769 -21.923 -1.133 0.273 0.173 0.206 0.195 0.273 0.194
3 16 53.445 -18.868 -1.468 49.072 -15.875 -1.468 53.553 -18.693 -1.133 0.206 0.217 0.206 0.240 0.273 0.217
3 16 57.769 -21.923 -1.133 53.445 -18.868 -1.468 53.553 -18.693 -1.133 0.273 0.194 0.206 0.217 0.273 0.217
3 16 49.072 -15.875 -1.468 44.543 -13.123 -1.468 49.169 -15.694 -1.133 0.206 0.240 0.206 0.264 0.273 0.240
3 16 53.553 -18.693 -1.133 49.072 -15.875 -1.468 49.169 -15.694 -1.133 0.273 0.217 0.206 0.240 0.273 0.240
3 16 44.543 -13.123 -1.468 39.873 -10.619 -1.468 44.630 -12.937 -1.133 0.206 0.264 0.206 0.289 0.273 0.264
3 16 49.169 -15.694 -1.133 44.543 -13.123 -1.468 44.630 -12.937 -1.133 0.273 0.240 0.206 0.264 0.273 0.264
3 16 39.873 -10.619 -1.468 35.074 -8.370 -1.468 39.949 -10.428 -1.133 0.206 0.289 0.206 0.314 0.273 0.289
3 16 44.630 -12.937 -1.133 39.873 -10.619 -1.468 39.949 -10.428 -1.133 0.273 0.264 0.206 0.289 0.273 0.289
3 16 35.074 -8.370 -1.468 30.161 -6.383 -1.468 35.139 -8.175 -1.133 0.206 0.314 0.206 0.340 0.273 0.314
3 16 39.949 -10.428 -1.133 35.074 -8.370 -1.468 35.139 -8.175 -1.133 0.273 0.289 0.206 0.314 0.273 0.314
3 16 30.161 -6.383 -1.468 25.148 -4.664 -1.468 30.215 -6.184 -1.133 0.206 0.340 0.206 0.367 0.273 0.340
3 16 35.139 -8.175 -1.133 30.161 -6.383 -1.468 30.215 -6.184 -1.133 0.273 0.314 0.206 0.340 0.273 0.340
3 16 25.148 -4.664 -1.468 20.050 -3.218 -1.468 25.190 -4.462 -1.133 0.206 0.367 0.206 0.394 0.273 0.367
3 16 30.215 -6.184 -1.133 25.148 -4.664 -1.468 25.190 -4.462 -1.133 0.273 0.340 0.206 0.367 0.273 0.367
3 16 20.050 -3.218 -1.468 14.882 -2.048 -1.468 20.080 -3.014 -1.133 0.206 0.394 0.206 0.421 0.273 0.394
3 16 25.190 -4.462 -1.133 20.050 -3.218 -1.468 20.080 -3.014 -1.133 0.273 0.367 0.206 0.394 0.273 0.394
3 16 14.882 -2.048 -1.468 9.657 -1.159 -1.468 14.900 -1.843 -1.133 0.206 0.421 0.206 0.449 0.273 0.421
3 16 20.080 -3.014 -1.133 14.882 -2.048 -1.468 14.900 -1.843 -1.133 0.273 0.394 0.206 0.421 0.273 0.421
3 16 9.657 -1.159 -1.468 4.393 -0.553 -1.468 9.664 -0.953 -1.133 0.206 0.449 0.206 0.477 0.273 0.449
3 16 14.900 -1.843 -1.133 9.657 -1.159 -1.468 9.664 -0.953 -1.133 0.273 0.421 0.206 0.449 0.273 0.449
3 16 4.393 -0.553 -1.468 -0.897 -0.231 -1.468 4.387 -0.346 -1.133 0.206 0.477 0.206 0.505 0.273 0.477
3 16 9.664 -0.953 -1.133 4.393 -0.553 -1.468 4.387 -0.346 -1.133 0.273 0.449 0.206 0.477 0.273 0.477
3 16 -0.897 -0.231 -1.468 -6.196 -0.195 -1.468 -0.914 -0.025 -1.133 0.206 0.505 0.206 0.533 0.273 0.505
3 16 4.387 -0.346 -1.133 -0.897 -0.231 -1.468 -0.914 -0.025 -1.133 0.273 0.477 0.206 0.505 0.273 0.505
3 16 -6.196 -0.195 -1.468 -11.490 -0.445 -1.468 -6.226 0.009 -1.133 0.206 0.533 0.206 0.561 0.273 0.533
3 16 -0.914 -0.025 -1.133 -6.196 -0.195 -1.468 -6.226 0.009 -1.133 0.273 0.505 0.206 0.533 0.273 0.533
3 16 -11.490 -0.445 -1.468 -16.762 -0.979 -1.468 -11.531 -0.242 -1.133 0.206 0.561 0.206 0.589 0.273 0.561
3 16 -6.226 0.009 -1.133 -11.490 -0.445 -1.468 -11.531 -0.242 -1.133 0.273 0.533 0.206 0.561 0.273 0.561
3 16 -16.762 -0.979 -1.468 -21.998 -1.797 -1.468 -16.815 -0.780 -1.133 0.206 0.589 0.206 0.616 0.273 0.589
3 16 -11.531 -0.242 -1.133 -16.762 -0.979 -1.468 -16.815 -0.780 -1.133 0.273 0.561 0.206 0.589 0.273 0.589
3 16 -21.998 -1.797 -1.468 -27.182 -2.897 -1.468 -22.062 -1.601 -1.133 0.206 0.616 0.206 0.644 0.273 0.617
3 16 -16.815 -0.780 -1.133 -21.998 -1.797 -1.468 -22.062 -1.601 -1.133 0.273 0.589 0.206 0.616 0.273 0.617
3 16 -27.182 -2.897 -1.468 -32.299 -4.274 -1.468 -27.258 -2.704 -1.133 0.206 0.644 0.206 0.671 0.273 0.644
3 16 -22.062 -1.601 -1.133 -27.182 -2.897 -1.468 -27.258 -2.704 -1.133 0.273 0.617 0.206 0.644 0.273 0.644
3 16 -32.299 -4.274 -1.468 -37.335 -5.924 -1.468 -32.386 -4.086 -1.133 0.206 0.671 0.206 0.698 0.273 0.671
3 16 -27.258 -2.704 -1.133 -32.299 -4.274 -1.468 -32.386 -4.086 -1.133 0.273 0.644 0.206 0.671 0.273 0.671
3 16 -37.335 -5.924 -1.468 -42.274 -7.844 -1.468 -37.433 -5.742 -1.133 0.206 0.698 0.206 0.724 0.273 0.698
3 16 -32.386 -4.086 -1.133 -37.335 -5.924 -1.468 -37.433 -5.742 -1.133 0.273 0.671 0.206 0.698 0.273 0.698
3 16 -42.274 -7.844 -1.468 -47.103 -10.028 -1.468 -42.382 -7.668 -1.133 0.206 0.724 0.206 0.749 0.273 0.724
3 16 -37.433 -5.742 -1.133 -42.274 -7.844 -1.468 -42.382 -7.668 -1.133 0.273 0.698 0.206 0.724 0.273 0.724
3 16 -47.103 -10.028 -1.468 -51.807 -12.468 -1.468 -47.221 -9.857 -1.133 0.206 0.749 0.206 0.774 0.273 0.750
3 16 -42.382 -7.668 -1.133 -47.103 -10.028 -1.468 -47.221 -9.857 -1.133 0.273 0.724 0.206 0.749 0.273 0.750
3 16 -51.807 -12.468 -1.468 -56.372 -15.159 -1.468 -51.935 -12.305 -1.133 0.206 0.774 0.206 0.798 0.273 0.775
3 16 -47.221 -9.857 -1.133 -51.807 -12.468 -1.468 -51.935 -12.305 -1.133 0.273 0.750 0.206 0.774 0.273 0.775
3 16 -56.372 -15.159 -1.468 -60.786 -18.091 -1.468 -56.510 -15.003 -1.133 0.206 0.798 0.206 0.822 0.273 0.799
3 16 -51.935 -12.305 -1.133 -56.372 -15.159 -1.468 -56.510 -15.003 -1.133 0.273 0.775 0.206 0.798 0.273 0.799
3 16 -60.786 -18.091 -1.468 -65.036 -21.258 -1.468 -60.933 -17.944 -1.133 0.206 0.822 0.206 0.844 0.273 0.822
3 16 -56.510 -15.003 -1.133 -60.786 -18.091 -1.468 -60.933 -17.944 -1.133 0.273 0.799 0.206 0.822 0.273 0.822
3 16 -65.036 -21.258 -1.468 -69.108 -24.649 -1.468 -65.191 -21.119 -1.133 0.206 0.844 0.206 0.866 0.273 0.845
3 16 -60.933 -17.944 -1.133 -65.036 -21.258 -1.468 -65.191 -21.119 -1.133 0.273 0.822 0.206 0.844 0.273 0.845
3 16 -69.108 -24.649 -1.468 -72.992 -28.254 -1.468 -69.271 -24.519 -1.133 0.206 0.866 0.206 0.886 0.273 0.867
3 16 -65.191 -21.119 -1.133 -69.108 -24.649 -1.468 -69.271 -24.519 -1.133 0.273 0.845 0.206 0.866 0.273 0.867
3 16 -72.992 -28.254 -1.468 -76.676 -32.064 -1.468 -73.162 -28.134 -1.133 0.206 0.886 0.206 0.906 0.273 0.887
3 16 -69.271 -24.519 -1.133 -72.992 -28.254 -1.468 -73.162 -28.134 -1.133 0.273 0.867 0.206 0.886 0.273 0.887
3 16 -76.676 -32.064 -1.468 -80.149 -36.066 -1.468 -76.853 -31.953 -1.133 0.206 0.906 0.206 0.924 0.273 0.907
3 16 -73.162 -28.134 -1.133 -76.676 -32.064 -1.468 -76.853 -31.953 -1.133 0.273 0.887 0.206 0.906 0.273 0.907
3 16 -80.149 -36.066 -1.468 -83.401 -40.250 -1.468 -80.332 -35.966 -1.133 0.206 0.924 0.206 0.941 0.273 0.925
3 16 -76.853 -31.953 -1.133 -80.149 -36.066 -1.468 -80.332 -35.966 -1.133 0.273 0.907 0.206 0.924 0.273 0.925
3 16 -83.401 -40.250 -1.468 -86.423 -44.603 -1.468 -83.590 -40.161 -1.133 0.206 0.941 0.206 0.957 0.273 0.942
3 16 -80.332 -35.966 -1.133 -83.401 -40.250 -1.468 -83.590 -40.161 -1.133 0.273 0.925 0.206 0.941 0.273 0.942
3 16 -86.423 -44.603 -1.468 -89.206 -49.113 -1.468 -86.617 -44.525 -1.133 0.206 0.957 0.206 0.972 0.273 0.958
3 16 -83.590 -40.161 -1.133 -86.423 -44.603 -1.468 -86.617 -44.525 -1.133 0.273 0.942 0.206 0.957 0.273 0.958
3 16 -89.206 -49.113 -1.468 -91.742 -53.766 -1.468 -89.405 -49.046 -1.133 0.206 0.972 0.206 0.985 0.273 0.973
3 16 -86.617 -44.525 -1.133 -89.206 -49.113 -1.468 -89.405 -49.046 -1.133 0.273 0.958 0.206 0.972 0.273 0.973
3 16 -91.742 -53.766 -1.468 -94.031 -58.548 -1.458 -91.944 -53.711 -1.133 0.206 0.985 0.208 0.998 0.273 0.986
3 16 -89.405 -49.046 -1.133 -91.742 -53.766 -1.468 -91.944 -53.711 -1.133 0.273 0.973 0.206 0.985 0.273 0.986
3 16 34.675 -9.568 2.380 34.790 -9.222 2.230 29.832 -7.603 2.380 0.976 0.317 0.946 0.316 0.976 0.342
3 16 29.927 -7.251 2.230 24.965 -5.544 2.230 24.891 -5.901 2.380 0.946 0.342 0.946 0.368 0.976 0.368
3 16 -94.031 -58.548 -1.458 -94.024 -138.348 -1.468 -94.229 -138.391 -1.133 0.208 0.998 0.206 0.997 0.273 0.999
3 16 -94.031 -58.548 -1.458 -94.229 -138.391 -1.133 -94.233 -58.505 -1.124 0.208 0.998 0.273 0.999 0.275 0.999
3 16 -91.944 -53.711 -1.133 -94.031 -58.548 -1.458 -94.233 -58.505 -1.124 0.273 0.986 0.208 0.998 0.275 0.999
3 16 -94.229 -138.391 -1.133 -91.944 -143.186 -1.133 -92.092 -143.227 -0.770 0.273 0.999 0.273 0.986 0.346 0.987
3 16 39.405 -11.791 2.380 39.540 -11.453 2.230 34.675 -9.568 2.380 0.976 0.292 0.946 0.291 0.976 0.317
3 16 34.790 -9.222 2.230 29.927 -7.251 2.230 29.832 -7.603 2.380 0.946 0.316 0.946 0.342 0.976 0.342
3 16 -94.379 -138.423 -0.770 -94.229 -138.391 -1.133 -92.092 -143.227 -0.770 0.346 0.999 0.273 0.999 0.346 0.987
3 16 -91.944 -143.186 -1.133 -89.405 -147.851 -1.133 -89.550 -147.900 -0.770 0.273 0.986 0.273 0.973 0.346 0.974
3 16 -92.092 -143.227 -0.770 -91.944 -143.186 -1.133 -89.550 -147.900 -0.770 0.346 0.987 0.273 0.986 0.346 0.974
3 16 -89.405 -147.851 -1.133 -86.617 -152.372 -1.133 -86.759 -152.429 -0.770 0.273 0.973 0.273 0.958 0.346 0.959
3 16 -89.550 -147.900 -0.770 -89.405 -147.851 -1.133 -86.759 -152.429 -0.770 0.346 0.974 0.273 0.973 0.346 0.959
3 16 -86.617 -152.372 -1.133 -83.590 -156.737 -1.133 -83.728 -156.802 -0.770 0.273 0.958 0.273 0.942 0.346 0.943
3 16 -86.759 -152.429 -0.770 -86.617 -152.372 -1.133 -83.728 -156.802 -0.770 0.346 0.959 0.273 0.958 0.346 0.943
3 16 -83.590 -156.737 -1.133 -80.332 -160.931 -1.133 -80.466 -161.004 -0.770 0.273 0.942 0.273 0.925 0.346 0.926
3 16 -83.728 -156.802 -0.770 -83.590 -156.737 -1.133 -80.466 -161.004 -0.770 0.346 0.943 0.273 0.942 0.346 0.926
3 16 -80.332 -160.931 -1.133 -76.853 -164.944 -1.133 -76.982 -165.025 -0.770 0.273 0.925 0.273 0.907 0.346 0.907
3 16 -80.466 -161.004 -0.770 -80.332 -160.931 -1.133 -76.982 -165.025 -0.770 0.346 0.926 0.273 0.925 0.346 0.907
3 16 -76.853 -164.944 -1.133 -73.162 -168.764 -1.133 -73.287 -168.851 -0.770 0.273 0.907 0.273 0.887 0.346 0.888
3 16 -76.982 -165.025 -0.770 -76.853 -164.944 -1.133 -73.287 -168.851 -0.770 0.346 0.907 0.273 0.907 0.346 0.888
3 16 -73.162 -168.764 -1.133 -69.271 -172.379 -1.133 -69.390 -172.473 -0.770 0.273 0.887 0.273 0.867 0.346 0.867
3 16 -73.287 -168.851 -0.770 -73.162 -168.764 -1.133 -69.390 -172.473 -0.770 0.346 0.888 0.273 0.887 0.346 0.867
3 16 -69.271 -172.379 -1.133 -65.191 -175.779 -1.133 -65.304 -175.880 -0.770 0.273 0.867 0.273 0.845 0.346 0.846
3 16 -69.390 -172.473 -0.770 -69.271 -172.379 -1.133 -65.304 -175.880 -0.770 0.346 0.867 0.273 0.867 0.346 0.846
3 16 -65.191 -175.779 -1.133 -60.933 -178.954 -1.133 -61.040 -179.061 -0.770 0.273 0.845 0.273 0.822 0.346 0.823
3 16 -65.304 -175.880 -0.770 -65.191 -175.779 -1.133 -61.040 -179.061 -0.770 0.346 0.846 0.273 0.845 0.346 0.823
3 16 -60.933 -178.954 -1.133 -56.510 -181.894 -1.133 -56.611 -182.008 -0.770 0.273 0.822 0.273 0.799 0.346 0.800
3 16 -61.040 -179.061 -0.770 -60.933 -178.954 -1.133 -56.611 -182.008 -0.770 0.346 0.823 0.273 0.822 0.346 0.800
3 16 -56.510 -181.894 -1.133 -51.935 -184.592 -1.133 -52.029 -184.712 -0.770 0.273 0.799 0.273 0.775 0.346 0.775
3 16 -56.611 -182.008 -0.770 -56.510 -181.894 -1.133 -52.029 -184.712 -0.770 0.346 0.800 0.273 0.799 0.346 0.775
3 16 -51.935 -184.592 -1.133 -47.221 -187.040 -1.133 -47.308 -187.164 -0.770 0.273 0.775 0.273 0.750 0.346 0.750
3 16 -52.029 -184.712 -0.770 -51.935 -184.592 -1.133 -47.308 -187.164 -0.770 0.346 0.775 0.273 0.775 0.346 0.750
3 16 -47.221 -187.040 -1.133 -42.382 -189.230 -1.133 -42.462 -189.359 -0.770 0.273 0.750 0.273 0.724 0.346 0.725
3 16 -47.308 -187.164 -0.770 -47.221 -187.040 -1.133 -42.462 -189.359 -0.770 0.346 0.750 0.273 0.750 0.346 0.725
3 16 -42.382 -189.230 -1.133 -37.433 -191.156 -1.133 -37.504 -191.289 -0.770 0.273 0.724 0.273 0.698 0.346 0.698
3 16 -42.462 -189.359 -0.770 -42.382 -189.230 -1.133 -37.504 -191.289 -0.770 0.346 0.725 0.273 0.724 0.346 0.698
3 16 -37.433 -191.156 -1.133 -32.386 -192.812 -1.133 -32.450 -192.949 -0.770 0.273 0.698 0.273 0.671 0.346 0.672
3 16 -37.504 -191.289 -0.770 -37.433 -191.156 -1.133 -32.450 -192.949 -0.770 0.346 0.698 0.273 0.698 0.346 0.672
3 16 -32.386 -192.812 -1.133 -27.258 -194.193 -1.133 -27.313 -194.334 -0.770 0.273 0.671 0.273 0.644 0.346 0.645
3 16 -32.450 -192.949 -0.770 -32.386 -192.812 -1.133 -27.313 -194.334 -0.770 0.346 0.672 0.273 0.671 0.346 0.645
3 16 -27.258 -194.193 -1.133 -22.062 -195.296 -1.133 -22.110 -195.440 -0.770 0.273 0.644 0.273 0.617 0.346 0.617
3 16 -27.313 -194.334 -0.770 -27.258 -194.193 -1.133 -22.110 -195.440 -0.770 0.346 0.645 0.273 0.644 0.346 0.617
3 16 -22.062 -195.296 -1.133 -16.815 -196.118 -1.133 -16.854 -196.264 -0.770 0.273 0.617 0.273 0.589 0.346 0.589
3 16 -22.110 -195.440 -0.770 -22.062 -195.296 -1.133 -16.854 -196.264 -0.770 0.346 0.617 0.273 0.617 0.346 0.589
3 16 -16.815 -196.118 -1.133 -11.531 -196.655 -1.133 -11.561 -196.803 -0.770 0.273 0.589 0.273 0.561 0.346 0.561
3 16 -16.854 -196.264 -0.770 -16.815 -196.118 -1.133 -11.561 -196.803 -0.770 0.346 0.589 0.273 0.589 0.346 0.561
3 16 -11.531 -196.655 -1.133 -6.226 -196.907 -1.133 -6.247 -197.056 -0.770 0.273 0.561 0.273 0.533 0.346 0.533
3 16 -11.561 -196.803 -0.770 -11.531 -196.655 -1.133 -6.247 -197.056 -0.770 0.346 0.561 0.273 0.561 0.346 0.533
3 16 -6.226 -196.907 -1.133 -0.914 -196.872 -1.133 -0.927 -197.022 -0.770 0.273 0.533 0.273 0.505 0.346 0.505
3 16 -6.247 -197.056 -0.770 -6.226 -196.907 -1.133 -0.927 -197.022 -0.770 0.346 0.533 0.273 0.533 0.346 0.505
3 16 -0.914 -196.872 -1.133 4.387 -196.551 -1.133 4.383 -196.702 -0.770 0.273 0.505 0.273 0.477 0.346 0.477
3 16 -0.927 -197.022 -0.770 -0.914 -196.872 -1.133 4.383 -196.702 -0.770 0.346 0.505 0.273 0.505 0.346 0.477
3 16 4.387 -196.551 -1.133 9.664 -195.945 -1.133 9.668 -196.095 -0.770 0.273 0.477 0.273 0.449 0.346 0.449
3 16 4.383 -196.702 -0.770 4.387 -196.551 -1.133 9.668 -196.095 -0.770 0.346 0.477 0.273 0.477 0.346 0.449
3 16 9.664 -195.945 -1.133 14.900 -195.055 -1.133 14.913 -195.205 -0.770 0.273 0.449 0.273 0.421 0.346 0.421
3 16 9.668 -196.095 -0.770 9.664 -195.945 -1.133 14.913 -195.205 -0.770 0.346 0.449 0.273 0.449 0.346 0.421
3 16 14.900 -195.055 -1.133 20.080 -193.884 -1.133 20.102 -194.033 -0.770 0.273 0.421 0.273 0.394 0.346 0.394
3 16 14.913 -195.205 -0.770 14.900 -195.055 -1.133 20.102 -194.033 -0.770 0.346 0.421 0.273 0.421 0.346 0.394
3 16 20.080 -193.884 -1.133 25.190 -192.435 -1.133 25.221 -192.583 -0.770 0.273 0.394 0.273 0.367 0.346 0.367
3 16 20.102 -194.033 -0.770 20.080 -193.884 -1.133 25.221 -192.583 -0.770 0.346 0.394 0.273 0.394 0.346 0.367
3 16 25.190 -192.435 -1.133 30.215 -190.713 -1.133 30.254 -190.858 -0.770 0.273 0.367 0.273 0.340 0.346 0.340
3 16 25.221 -192.583 -0.770 25.190 -192.435 -1.133 30.254 -190.858 -0.770 0.346 0.367 0.273 0.367 0.346 0.340
3 16 30.215 -190.713 -1.133 35.139 -188.723 -1.133 35.186 -188.865 -0.770 0.273 0.340 0.273 0.314 0.346 0.314
3 16 30.254 -190.858 -0.770 30.215 -190.713 -1.133 35.186 -188.865 -0.770 0.346 0.340 0.273 0.340 0.346 0.314
3 16 35.139 -188.723 -1.133 39.949 -186.470 -1.133 40.004 -186.609 -0.770 0.273 0.314 0.273 0.289 0.346 0.288
3 16 35.186 -188.865 -0.770 35.139 -188.723 -1.133 40.004 -186.609 -0.770 0.346 0.314 0.273 0.314 0.346 0.288
3 16 39.949 -186.470 -1.133 44.630 -183.961 -1.133 44.694 -184.097 -0.770 0.273 0.289 0.273 0.264 0.346 0.264
3 16 40.004 -186.609 -0.770 39.949 -186.470 -1.133 44.694 -184.097 -0.770 0.346 0.288 0.273 0.289 0.346 0.264
3 16 44.630 -183.961 -1.133 49.169 -181.203 -1.133 49.241 -181.335 -0.770 0.273 0.264 0.273 0.240 0.346 0.239
3 16 44.694 -184.097 -0.770 44.630 -183.961 -1.133 49.241 -181.335 -0.770 0.346 0.264 0.273 0.264 0.346 0.239
3 16 49.169 -181.203 -1.133 53.553 -178.205 -1.133 53.632 -178.332 -0.770 0.273 0.240 0.273 0.217 0.346 0.216
3 16 49.241 -181.335 -0.770 49.169 -181.203 -1.133 53.632 -178.332 -0.770 0.346 0.239 0.273 0.240 0.346 0.216
3 16 53.553 -178.205 -1.133 57.769 -174.974 -1.133 57.855 -175.097 -0.770 0.273 0.217 0.273 0.194 0.346 0.194
3 16 53.632 -178.332 -0.770 53.553 -178.205 -1.133 57.855 -175.097 -0.770 0.346 0.216 0.273 0.217 0.346 0.194
3 16 57.769 -174.974 -1.133 61.805 -171.521 -1.133 61.898 -171.639 -0.770 0.273 0.194 0.273 0.173 0.346 0.172
3 16 57.855 -175.097 -0.770 57.769 -174.974 -1.133 61.898 -171.639 -0.770 0.346 0.194 0.273 0.194 0.346 0.172
3 16 61.805 -171.521 -1.133 65.648 -167.855 -1.133 65.748 -167.968 -0.770 0.273 0.173 0.273 0.153 0.346 0.152
3 16 61.898 -171.639 -0.770 61.805 -171.521 -1.133 65.748 -167.968 -0.770 0.346 0.172 0.273 0.173 0.346 0.152
3 16 65.648 -167.855 -1.133 69.289 -163.988 -1.133 69.395 -164.094 -0.770 0.273 0.153 0.273 0.133 0.346 0.133
3 16 65.748 -167.968 -0.770 65.648 -167.855 -1.133 69.395 -164.094 -0.770 0.346 0.152 0.273 0.153 0.346 0.133
3 16 69.289 -163.988 -1.133 72.715 -159.930 -1.133 72.827 -160.030 -0.770 0.273 0.133 0.273 0.115 0.346 0.115
3 16 69.395 -164.094 -0.770 69.289 -163.988 -1.133 72.827 -160.030 -0.770 0.346 0.133 0.273 0.133 0.346 0.115
3 16 72.715 -159.930 -1.133 75.918 -155.693 -1.133 76.036 -155.786 -0.770 0.273 0.115 0.273 0.098 0.346 0.098
3 16 72.827 -160.030 -0.770 72.715 -159.930 -1.133 76.036 -155.786 -0.770 0.346 0.115 0.273 0.115 0.346 0.098
3 16 75.918 -155.693 -1.133 78.888 -151.289 -1.133 79.011 -151.375 -0.770 0.273 0.098 0.273 0.083 0.346 0.082
3 16 76.036 -155.786 -0.770 75.918 -155.693 -1.133 79.011 -151.375 -0.770 0.346 0.098 0.273 0.098 0.346 0.082
3 16 78.888 -151.289 -1.133 81.616 -146.732 -1.133 81.743 -146.811 -0.770 0.273 0.083 0.273 0.068 0.346 0.067
3 16 79.011 -151.375 -0.770 78.888 -151.289 -1.133 81.743 -146.811 -0.770 0.346 0.082 0.273 0.083 0.346 0.067
3 16 81.616 -146.732 -1.133 84.094 -142.035 -1.133 84.226 -142.106 -0.770 0.273 0.068 0.273 0.055 0.346 0.054
3 16 81.743 -146.811 -0.770 81.616 -146.732 -1.133 84.226 -142.106 -0.770 0.346 0.067 0.273 0.068 0.346 0.054
3 16 84.094 -142.035 -1.133 86.315 -137.210 -1.133 86.451 -137.274 -0.770 0.273 0.055 0.273 0.043 0.346 0.043
3 16 84.226 -142.106 -0.770 84.094 -142.035 -1.133 86.451 -137.274 -0.770 0.346 0.054 0.273 0.055 0.346 0.043
3 16 86.315 -137.210 -1.133 88.273 -132.273 -1.133 88.413 -132.328 -0.770 0.273 0.043 0.273 0.033 0.346 0.032
3 16 86.451 -137.274 -0.770 86.315 -137.210 -1.133 88.413 -132.328 -0.770 0.346 0.043 0.273 0.043 0.346 0.032
3 16 88.273 -132.273 -1.133 89.963 -127.238 -1.133 90.105 -127.285 -0.770 0.273 0.033 0.273 0.024 0.346 0.023
3 16 88.413 -132.328 -0.770 88.273 -132.273 -1.133 90.105 -127.285 -0.770 0.346 0.032 0.273 0.033 0.346 0.023
3 16 89.963 -127.238 -1.133 91.378 -122.118 -1.133 91.523 -122.157 -0.770 0.273 0.024 0.273 0.017 0.346 0.016
3 16 90.105 -127.285 -0.770 89.963 -127.238 -1.133 91.523 -122.157 -0.770 0.346 0.023 0.273 0.024 0.346 0.016
3 16 91.378 -122.118 -1.133 92.515 -116.930 -1.133 92.662 -116.961 -0.770 0.273 0.017 0.273 0.011 0.346 0.010
3 16 91.523 -122.157 -0.770 91.378 -122.118 -1.133 92.662 -116.961 -0.770 0.346 0.016 0.273 0.017 0.346 0.010
3 16 92.515 -116.930 -1.133 93.371 -111.688 -1.133 93.519 -111.710 -0.770 0.273 0.011 0.273 0.006 0.346 0.005
3 16 92.662 -116.961 -0.770 92.515 -116.930 -1.133 93.519 -111.710 -0.770 0.346 0.010 0.273 0.011 0.346 0.005
3 16 93.371 -111.688 -1.133 93.942 -106.408 -1.133 94.092 -106.421 -0.770 0.273 0.006 0.273 0.003 0.346 0.002
3 16 93.519 -111.710 -0.770 93.371 -111.688 -1.133 94.092 -106.421 -0.770 0.346 0.005 0.273 0.006 0.346 0.002
3 16 93.942 -106.408 -1.133 94.229 -101.104 -1.133 94.092 -106.421 -0.770 0.273 0.003 0.273 0.001 0.346 0.002
3 16 94.229 -101.104 -1.133 94.229 -95.793 -1.133 94.379 -101.109 -0.770 0.273 0.001 0.273 0.001 0.346 0.001
3 16 94.092 -106.421 -0.770 94.229 -101.104 -1.133 94.379 -101.109 -0.770 0.346 0.002 0.273 0.001 0.346 0.001
3 16 94.229 -95.793 -1.133 93.942 -90.490 -1.133 94.379 -95.789 -0.770 0.273 0.001 0.273 0.003 0.346 0.001
3 16 94.379 -101.109 -0.770 94.229 -95.793 -1.133 94.379 -95.789 -0.770 0.346 0.001 0.273 0.001 0.346 0.001
3 16 93.942 -90.490 -1.133 93.371 -85.209 -1.133 94.092 -90.476 -0.770 0.273 0.003 0.273 0.006 0.346 0.002
3 16 94.379 -95.789 -0.770 93.942 -90.490 -1.133 94.092 -90.476 -0.770 0.346 0.001 0.273 0.003 0.346 0.002
3 16 93.371 -85.209 -1.133 92.515 -79.967 -1.133 93.519 -85.187 -0.770 0.273 0.006 0.273 0.011 0.346 0.005
3 16 94.092 -90.476 -0.770 93.371 -85.209 -1.133 93.519 -85.187 -0.770 0.346 0.002 0.273 0.006 0.346 0.005
3 16 92.515 -79.967 -1.133 91.378 -74.779 -1.133 92.662 -79.937 -0.770 0.273 0.011 0.273 0.017 0.346 0.010
3 16 93.519 -85.187 -0.770 92.515 -79.967 -1.133 92.662 -79.937 -0.770 0.346 0.005 0.273 0.011 0.346 0.010
3 16 91.378 -74.779 -1.133 89.963 -69.660 -1.133 91.523 -74.740 -0.770 0.273 0.017 0.273 0.024 0.346 0.016
3 16 92.662 -79.937 -0.770 91.378 -74.779 -1.133 91.523 -74.740 -0.770 0.346 0.010 0.273 0.017 0.346 0.016
3 16 89.963 -69.660 -1.133 88.273 -64.624 -1.133 90.105 -69.613 -0.770 0.273 0.024 0.273 0.033 0.346 0.023
3 16 91.523 -74.740 -0.770 89.963 -69.660 -1.133 90.105 -69.613 -0.770 0.346 0.016 0.273 0.024 0.346 0.023
3 16 88.273 -64.624 -1.133 86.315 -59.687 -1.133 88.413 -64.569 -0.770 0.273 0.033 0.273 0.043 0.346 0.032
3 16 90.105 -69.613 -0.770 88.273 -64.624 -1.133 88.413 -64.569 -0.770 0.346 0.023 0.273 0.033 0.346 0.032
3 16 86.315 -59.687 -1.133 84.094 -54.863 -1.133 86.451 -59.624 -0.770 0.273 0.043 0.273 0.055 0.346 0.043
3 16 88.413 -64.569 -0.770 86.315 -59.687 -1.133 86.451 -59.624 -0.770 0.346 0.032 0.273 0.043 0.346 0.043
3 16 84.094 -54.863 -1.133 81.616 -50.165 -1.133 84.226 -54.792 -0.770 0.273 0.055 0.273 0.068 0.346 0.054
3 16 86.451 -59.624 -0.770 84.094 -54.863 -1.133 84.226 -54.792 -0.770 0.346 0.043 0.273 0.055 0.346 0.054
3 16 81.616 -50.165 -1.133 78.888 -45.608 -1.133 81.743 -50.086 -0.770 0.273 0.068 0.273 0.083 0.346 0.067
3 16 84.226 -54.792 -0.770 81.616 -50.165 -1.133 81.743 -50.086 -0.770 0.346 0.054 0.273 0.068 0.346 0.067
3 16 78.888 -45.608 -1.133 75.918 -41.205 -1.133 79.011 -45.522 -0.770 0.273 0.083 0.273 0.098 0.346 0.082
3 16 81.743 -50.086 -0.770 78.888 -45.608 -1.133 79.011 -45.522 -0.770 0.346 0.067 0.273 0.083 0.346 0.082
3 16 75.918 -41.205 -1.133 72.715 -36.968 -1.133 76.036 -41.111 -0.770 0.273 0.098 0.273 0.115 0.346 0.098
3 16 79.011 -45.522 -0.770 75.918 -41.205 -1.133 76.036 -41.111 -0.770 0.346 0.082 0.273 0.098 0.346 0.098
3 16 72.715 -36.968 -1.133 69.289 -32.909 -1.133 72.827 -36.868 -0.770 0.273 0.115 0.273 0.133 0.346 0.115
3 16 76.036 -41.111 -0.770 72.715 -36.968 -1.133 72.827 -36.868 -0.770 0.346 0.098 0.273 0.115 0.346 0.115
3 16 69.289 -32.909 -1.133 65.648 -29.042 -1.133 69.395 -32.803 -0.770 0.273 0.133 0.273 0.153 0.346 0.133
3 16 72.827 -36.868 -0.770 69.289 -32.909 -1.133 69.395 -32.803 -0.770 0.346 0.115 0.273 0.133 0.346 0.133
3 16 65.648 -29.042 -1.133 61.805 -25.376 -1.133 65.748 -28.930 -0.770 0.273 0.153 0.273 0.173 0.346 0.152
3 16 69.395 -32.803 -0.770 65.648 -29.042 -1.133 65.748 -28.930 -0.770 0.346 0.133 0.273 0.153 0.346 0.152
3 16 61.805 -25.376 -1.133 57.769 -21.923 -1.133 61.898 -25.259 -0.770 0.273 0.173 0.273 0.194 0.346 0.172
3 16 65.748 -28.930 -0.770 61.805 -25.376 -1.133 61.898 -25.259 -0.770 0.346 0.152 0.273 0.173 0.346 0.172
3 16 57.769 -21.923 -1.133 53.553 -18.693 -1.133 57.855 -21.800 -0.770 0.273 0.194 0.273 0.217 0.346 0.194
3 16 61.898 -25.259 -0.770 57.769 -21.923 -1.133 57.855 -21.800 -0.770 0.346 0.172 0.273 0.194 0.346 0.194
3 16 53.553 -18.693 -1.133 49.169 -15.694 -1.133 53.632 -18.565 -0.770 0.273 0.217 0.273 0.240 0.346 0.216
3 16 57.855 -21.800 -0.770 53.553 -18.693 -1.133 53.632 -18.565 -0.770 0.346 0.194 0.273 0.217 0.346 0.216
3 16 49.169 -15.694 -1.133 44.630 -12.937 -1.133 49.241 -15.562 -0.770 0.273 0.240 0.273 0.264 0.346 0.239
3 16 53.632 -18.565 -0.770 49.169 -15.694 -1.133 49.241 -15.562 -0.770 0.346 0.216 0.273 0.240 0.346 0.239
3 16 44.630 -12.937 -1.133 39.949 -10.428 -1.133 44.694 -12.800 -0.770 0.273 0.264 0.273 0.289 0.346 0.264
3 16 49.241 -15.562 -0.770 44.630 -12.937 -1.133 44.694 -12.800 -0.770 0.346 0.239 0.273 0.264 0.346 0.264
3 16 39.949 -10.428 -1.133 35.139 -8.175 -1.133 40.004 -10.288 -0.770 0.273 0.289 0.273 0.314 0.346 0.288
3 16 44.694 -12.800 -0.770 39.949 -10.428 -1.133 40.004 -10.288 -0.770 0.346 0.264 0.273 0.289 0.346 0.288
3 16 35.139 -8.175 -1.133 30.215 -6.184 -1.133 35.186 -8.032 -0.770 0.273 0.314 0.273 0.340 0.346 0.314
3 16 40.004 -10.288 -0.770 35.139 -8.175 -1.133 35.186 -8.032 -0.770 0.346 0.288 0.273 0.314 0.346 0.314
3 16 30.215 -6.184 -1.133 25.190 -4.462 -1.133 30.254 -6.039 -0.770 0.273 0.340 0.273 0.367 0.346 0.340
3 16 35.186 -8.032 -0.770 30.215 -6.184 -1.133 30.254 -6.039 -0.770 0.346 0.314 0.273 0.340 0.346 0.340
3 16 25.190 -4.462 -1.133 20.080 -3.014 -1.133 25.221 -4.315 -0.770 0.273 0.367 0.273 0.394 0.346 0.367
3 16 30.254 -6.039 -0.770 25.190 -4.462 -1.133 25.221 -4.315 -0.770 0.346 0.340 0.273 0.367 0.346 0.367
3 16 20.080 -3.014 -1.133 14.900 -1.843 -1.133 20.102 -2.865 -0.770 0.273 0.394 0.273 0.421 0.346 0.394
3 16 25.221 -4.315 -0.770 20.080 -3.014 -1.133 20.102 -2.865 -0.770 0.346 0.367 0.273 0.394 0.346 0.394
3 16 14.900 -1.843 -1.133 9.664 -0.953 -1.133 14.913 -1.693 -0.770 0.273 0.421 0.273 0.449 0.346 0.421
3 16 20.102 -2.865 -0.770 14.900 -1.843 -1.133 14.913 -1.693 -0.770 0.346 0.394 0.273 0.421 0.346 0.421
3 16 9.664 -0.953 -1.133 4.387 -0.346 -1.133 9.668 -0.802 -0.770 0.273 0.449 0.273 0.477 0.346 0.449
3 16 14.913 -1.693 -0.770 9.664 -0.953 -1.133 9.668 -0.802 -0.770 0.346 0.421 0.273 0.449 0.346 0.449
3 16 4.387 -0.346 -1.133 -0.914 -0.025 -1.133 4.383 -0.196 -0.770 0.273 0.477 0.273 0.505 0.346 0.477
3 16 9.668 -0.802 -0.770 4.387 -0.346 -1.133 4.383 -0.196 -0.770 0.346 0.449 0.273 0.477 0.346 0.477
3 16 -0.914 -0.025 -1.133 -6.226 0.009 -1.133 -0.927 0.125 -0.770 0.273 0.505 0.273 0.533 0.346 0.505
3 16 4.383 -0.196 -0.770 -0.914 -0.025 -1.133 -0.927 0.125 -0.770 0.346 0.477 0.273 0.505 0.346 0.505
3 16 -6.226 0.009 -1.133 -11.531 -0.242 -1.133 -6.247 0.159 -0.770 0.273 0.533 0.273 0.561 0.346 0.533
3 16 -0.927 0.125 -0.770 -6.226 0.009 -1.133 -6.247 0.159 -0.770 0.346 0.505 0.273 0.533 0.346 0.533
3 16 -11.531 -0.242 -1.133 -16.815 -0.780 -1.133 -11.561 -0.094 -0.770 0.273 0.561 0.273 0.589 0.346 0.561
3 16 -6.247 0.159 -0.770 -11.531 -0.242 -1.133 -11.561 -0.094 -0.770 0.346 0.533 0.273 0.561 0.346 0.561
3 16 -16.815 -0.780 -1.133 -22.062 -1.601 -1.133 -16.854 -0.633 -0.770 0.273 0.589 0.273 0.617 0.346 0.589
3 16 -11.561 -0.094 -0.770 -16.815 -0.780 -1.133 -16.854 -0.633 -0.770 0.346 0.561 0.273 0.589 0.346 0.589
3 16 -22.062 -1.601 -1.133 -27.258 -2.704 -1.133 -22.110 -1.457 -0.770 0.273 0.617 0.273 0.644 0.346 0.617
3 16 -16.854 -0.633 -0.770 -22.062 -1.601 -1.133 -22.110 -1.457 -0.770 0.346 0.589 0.273 0.617 0.346 0.617
3 16 -27.258 -2.704 -1.133 -32.386 -4.086 -1.133 -27.313 -2.563 -0.770 0.273 0.644 0.273 0.671 0.346 0.645
3 16 -22.110 -1.457 -0.770 -27.258 -2.704 -1.133 -27.313 -2.563 -0.770 0.346 0.617 0.273 0.644 0.346 0.645
3 16 -32.386 -4.086 -1.133 -37.433 -5.742 -1.133 -32.450 -3.948 -0.770 0.273 0.671 0.273 0.698 0.346 0.672
3 16 -27.313 -2.563 -0.770 -32.386 -4.086 -1.133 -32.450 -3.948 -0.770 0.346 0.645 0.273 0.671 0.346 0.672
3 16 -37.433 -5.742 -1.133 -42.382 -7.668 -1.133 -37.504 -5.608 -0.770 0.273 0.698 0.273 0.724 0.346 0.698
3 16 -32.450 -3.948 -0.770 -37.433 -5.742 -1.133 -37.504 -5.608 -0.770 0.346 0.672 0.273 0.698 0.346 0.698
3 16 -42.382 -7.668 -1.133 -47.221 -9.857 -1.133 -42.462 -7.538 -0.770 0.273 0.724 0.273 0.750 0.346 0.725
3 16 -37.504 -5.608 -0.770 -42.382 -7.668 -1.133 -42.462 -7.538 -0.770 0.346 0.698 0.273 0.724 0.346 0.725
3 16 -47.221 -9.857 -1.133 -51.935 -12.305 -1.133 -47.308 -9.733 -0.770 0.273 0.750 0.273 0.775 0.346 0.750
3 16 -42.462 -7.538 -0.770 -47.221 -9.857 -1.133 -47.308 -9.733 -0.770 0.346 0.725 0.273 0.750 0.346 0.750
3 16 -51.935 -12.305 -1.133 -56.510 -15.003 -1.133 -52.029 -12.186 -0.770 0.273 0.775 0.273 0.799 0.346 0.775
3 16 -47.308 -9.733 -0.770 -51.935 -12.305 -1.133 -52.029 -12.186 -0.770 0.346 0.750 0.273 0.775 0.346 0.775
3 16 -56.510 -15.003 -1.133 -60.933 -17.944 -1.133 -56.611 -14.889 -0.770 0.273 0.799 0.273 0.822 0.346 0.800
3 16 -52.029 -12.186 -0.770 -56.510 -15.003 -1.133 -56.611 -14.889 -0.770 0.346 0.775 0.273 0.799 0.346 0.800
3 16 -60.933 -17.944 -1.133 -65.191 -21.119 -1.133 -61.040 -17.836 -0.770 0.273 0.822 0.273 0.845 0.346 0.823
3 16 -56.611 -14.889 -0.770 -60.933 -17.944 -1.133 -61.040 -17.836 -0.770 0.346 0.800 0.273 0.822 0.346 0.823
3 16 -65.191 -21.119 -1.133 -69.271 -24.519 -1.133 -65.304 -21.017 -0.770 0.273 0.845 0.273 0.867 0.346 0.846
3 16 -61.040 -17.836 -0.770 -65.191 -21.119 -1.133 -65.304 -21.017 -0.770 0.346 0.823 0.273 0.845 0.346 0.846
3 16 -69.271 -24.519 -1.133 -73.162 -28.134 -1.133 -69.390 -24.424 -0.770 0.273 0.867 0.273 0.887 0.346 0.867
3 16 -65.304 -21.017 -0.770 -69.271 -24.519 -1.133 -69.390 -24.424 -0.770 0.346 0.846 0.273 0.867 0.346 0.867
3 16 -73.162 -28.134 -1.133 -76.853 -31.953 -1.133 -73.287 -28.046 -0.770 0.273 0.887 0.273 0.907 0.346 0.888
3 16 -69.390 -24.424 -0.770 -73.162 -28.134 -1.133 -73.287 -28.046 -0.770 0.346 0.867 0.273 0.887 0.346 0.888
3 16 -76.853 -31.953 -1.133 -80.332 -35.966 -1.133 -76.982 -31.873 -0.770 0.273 0.907 0.273 0.925 0.346 0.907
3 16 -73.287 -28.046 -0.770 -76.853 -31.953 -1.133 -76.982 -31.873 -0.770 0.346 0.888 0.273 0.907 0.346 0.907
3 16 -80.332 -35.966 -1.133 -83.590 -40.161 -1.133 -80.466 -35.893 -0.770 0.273 0.925 0.273 0.942 0.346 0.926
3 16 -76.982 -31.873 -0.770 -80.332 -35.966 -1.133 -80.466 -35.893 -0.770 0.346 0.907 0.273 0.925 0.346 0.926
3 16 -83.590 -40.161 -1.133 -86.617 -44.525 -1.133 -83.728 -40.096 -0.770 0.273 0.942 0.273 0.958 0.346 0.943
3 16 -80.466 -35.893 -0.770 -83.590 -40.161 -1.133 -83.728 -40.096 -0.770 0.346 0.926 0.273 0.942 0.346 0.943
3 16 -86.617 -44.525 -1.133 -89.405 -49.046 -1.133 -86.759 -44.468 -0.770 0.273 0.958 0.273 0.973 0.346 0.959
3 16 -83.728 -40.096 -0.770 -86.617 -44.525 -1.133 -86.759 -44.468 -0.770 0.346 0.943 0.273 0.958 0.346 0.959
3 16 -89.405 -49.046 -1.133 -91.944 -53.711 -1.133 -89.550 -48.998 -0.770 0.273 0.973 0.273 0.986 0.346 0.974
3 16 -86.759 -44.468 -0.770 -89.405 -49.046 -1.133 -89.550 -48.998 -0.770 0.346 0.959 0.273 0.973 0.346 0.974
3 16 -91.944 -53.711 -1.133 -94.233 -58.505 -1.124 -92.092 -53.671 -0.770 0.273 0.986 0.275 0.999 0.346 0.987
3 16 -89.550 -48.998 -0.770 -91.944 -53.711 -1.133 -92.092 -53.671 -0.770 0.346 0.974 0.273 0.986 0.346 0.987
3 16 44.008 -14.266 2.380 44.163 -13.936 2.230 39.405 -11.791 2.380 0.976 0.267 0.946 0.266 0.976 0.292
3 16 39.540 -11.453 2.230 34.790 -9.222 2.230 34.675 -9.568 2.380 0.946 0.291 0.946 0.316 0.976 0.317
3 16 -94.233 -58.505 -1.124 -94.229 -138.391 -1.133 -94.379 -138.423 -0.770 0.275 0.999 0.273 0.999 0.346 0.999
3 16 -94.233 -58.505 -1.124 -94.379 -138.423 -0.770 -94.380 -58.474 -0.764 0.275 0.999 0.346 0.999 0.347 0.999
3 16 -92.092 -53.671 -0.770 -94.233 -58.505 -1.124 -94.380 -58.474 -0.764 0.346 0.987 0.275 0.999 0.347 0.999
3 16 44.163 -13.936 2.230 39.540 -11.453 2.230 39.405 -11.791 2.380 0.946 0.266 0.946 0.291 0.976 0.292
3 16 48.471 -16.985 2.380 48.645 -16.664 2.230 44.008 -14.266 2.380 0.976 0.244 0.946 0.243 0.976 0.267
3 16 -92.092 -143.227 -0.770 -89.550 -147.900 -0.770 -89.638 -147.930 -0.388 0.346 0.987 0.346 0.974 0.422 0.974
3 16 -94.379 -138.423 -0.770 -92.092 -143.227 -0.770 -92.182 -143.251 -0.388 0.346 0.999 0.346 0.987 0.422 0.988
3 16 -92.182 -143.251 -0.388 -92.092 -143.227 -0.770 -89.638 -147.930 -0.388 0.422 0.988 0.346 0.987 0.422 0.974
3 16 -89.550 -147.900 -0.770 -86.759 -152.429 -0.770 -86.845 -152.464 -0.388 0.346 0.974 0.346 0.959 0.422 0.959
3 16 -89.638 -147.930 -0.388 -89.550 -147.900 -0.770 -86.845 -152.464 -0.388 0.422 0.974 0.346 0.974 0.422 0.959
3 16 -86.759 -152.429 -0.770 -83.728 -156.802 -0.770 -83.812 -156.841 -0.388 0.346 0.959 0.346 0.943 0.422 0.943
3 16 -86.845 -152.464 -0.388 -86.759 -152.429 -0.770 -83.812 -156.841 -0.388 0.422 0.959 0.346 0.959 0.422 0.943
3 16 -83.728 -156.802 -0.770 -80.466 -161.004 -0.770 -80.548 -161.048 -0.388 0.346 0.943 0.346 0.926 0.422 0.926
3 16 -83.812 -156.841 -0.388 -83.728 -156.802 -0.770 -80.548 -161.048 -0.388 0.422 0.943 0.346 0.943 0.422 0.926
3 16 -80.466 -161.004 -0.770 -76.982 -165.025 -0.770 -77.061 -165.074 -0.388 0.346 0.926 0.346 0.907 0.422 0.908
3 16 -80.548 -161.048 -0.388 -80.466 -161.004 -0.770 -77.061 -165.074 -0.388 0.422 0.926 0.346 0.926 0.422 0.908
3 16 -76.982 -165.025 -0.770 -73.287 -168.851 -0.770 -73.363 -168.905 -0.388 0.346 0.907 0.346 0.888 0.422 0.888
3 16 -77.061 -165.074 -0.388 -76.982 -165.025 -0.770 -73.363 -168.905 -0.388 0.422 0.908 0.346 0.907 0.422 0.888
3 16 -73.287 -168.851 -0.770 -69.390 -172.473 -0.770 -69.463 -172.531 -0.388 0.346 0.888 0.346 0.867 0.422 0.868
3 16 -73.363 -168.905 -0.388 -73.287 -168.851 -0.770 -69.463 -172.531 -0.388 0.422 0.888 0.346 0.888 0.422 0.868
3 16 -69.390 -172.473 -0.770 -65.304 -175.880 -0.770 -65.373 -175.942 -0.388 0.346 0.867 0.346 0.846 0.422 0.846
3 16 -69.463 -172.531 -0.388 -69.390 -172.473 -0.770 -65.373 -175.942 -0.388 0.422 0.868 0.346 0.867 0.422 0.846
3 16 -65.304 -175.880 -0.770 -61.040 -179.061 -0.770 -61.105 -179.127 -0.388 0.346 0.846 0.346 0.823 0.422 0.823
3 16 -65.373 -175.942 -0.388 -65.304 -175.880 -0.770 -61.105 -179.127 -0.388 0.422 0.846 0.346 0.846 0.422 0.823
3 16 -61.040 -179.061 -0.770 -56.611 -182.008 -0.770 -56.672 -182.077 -0.388 0.346 0.823 0.346 0.800 0.422 0.800
3 16 -61.105 -179.127 -0.388 -61.040 -179.061 -0.770 -56.672 -182.077 -0.388 0.422 0.823 0.346 0.823 0.422 0.800
3 16 -56.611 -182.008 -0.770 -52.029 -184.712 -0.770 -52.086 -184.784 -0.388 0.346 0.800 0.346 0.775 0.422 0.776
3 16 -56.672 -182.077 -0.388 -56.611 -182.008 -0.770 -52.086 -184.784 -0.388 0.422 0.800 0.346 0.800 0.422 0.776
3 16 -52.029 -184.712 -0.770 -47.308 -187.164 -0.770 -47.361 -187.240 -0.388 0.346 0.775 0.346 0.750 0.422 0.751
3 16 -52.086 -184.784 -0.388 -52.029 -184.712 -0.770 -47.361 -187.240 -0.388 0.422 0.776 0.346 0.775 0.422 0.751
3 16 -47.308 -187.164 -0.770 -42.462 -189.359 -0.770 -42.510 -189.438 -0.388 0.346 0.750 0.346 0.725 0.422 0.725
3 16 -47.361 -187.240 -0.388 -47.308 -187.164 -0.770 -42.510 -189.438 -0.388 0.422 0.751 0.346 0.750 0.422 0.725
3 16 -42.462 -189.359 -0.770 -37.504 -191.289 -0.770 -37.548 -191.370 -0.388 0.346 0.725 0.346 0.698 0.422 0.699
3 16 -42.510 -189.438 -0.388 -42.462 -189.359 -0.770 -37.548 -191.370 -0.388 0.422 0.725 0.346 0.725 0.422 0.699
3 16 -37.504 -191.289 -0.770 -32.450 -192.949 -0.770 -32.489 -193.033 -0.388 0.346 0.698 0.346 0.672 0.422 0.672
3 16 -37.548 -191.370 -0.388 -37.504 -191.289 -0.770 -32.489 -193.033 -0.388 0.422 0.699 0.346 0.698 0.422 0.672
3 16 -32.450 -192.949 -0.770 -27.313 -194.334 -0.770 -27.347 -194.420 -0.388 0.346 0.672 0.346 0.645 0.422 0.645
3 16 -32.489 -193.033 -0.388 -32.450 -192.949 -0.770 -27.347 -194.420 -0.388 0.422 0.672 0.346 0.672 0.422 0.645
3 16 -27.313 -194.334 -0.770 -22.110 -195.440 -0.770 -22.138 -195.528 -0.388 0.346 0.645 0.346 0.617 0.422 0.617
3 16 -27.347 -194.420 -0.388 -27.313 -194.334 -0.770 -22.138 -195.528 -0.388 0.422 0.645 0.346 0.645 0.422 0.617
3 16 -22.110 -195.440 -0.770 -16.854 -196.264 -0.770 -16.877 -196.353 -0.388 0.346 0.617 0.346 0.589 0.422 0.589
3 16 -22.138 -195.528 -0.388 -22.110 -195.440 -0.770 -16.877 -196.353 -0.388 0.422 0.617 0.346 0.617 0.422 0.589
3 16 -16.854 -196.264 -0.770 -11.561 -196.803 -0.770 -11.580 -196.893 -0.388 0.346 0.589 0.346 0.561 0.422 0.561
3 16 -16.877 -196.353 -0.388 -16.854 -196.264 -0.770 -11.580 -196.893 -0.388 0.422 0.589 0.346 0.589 0.422 0.561
3 16 -11.561 -196.803 -0.770 -6.247 -197.056 -0.770 -6.260 -197.147 -0.388 0.346 0.561 0.346 0.533 0.422 0.533
3 16 -11.580 -196.893 -0.388 -11.561 -196.803 -0.770 -6.260 -197.147 -0.388 0.422 0.561 0.346 0.561 0.422 0.533
3 16 -6.247 -197.056 -0.770 -0.927 -197.022 -0.770 -0.935 -197.114 -0.388 0.346 0.533 0.346 0.505 0.422 0.505
3 16 -6.260 -197.147 -0.388 -6.247 -197.056 -0.770 -0.935 -197.114 -0.388 0.422 0.533 0.346 0.533 0.422 0.505
3 16 -0.927 -197.022 -0.770 4.383 -196.702 -0.770 4.380 -196.794 -0.388 0.346 0.505 0.346 0.477 0.422 0.477
3 16 -0.935 -197.114 -0.388 -0.927 -197.022 -0.770 4.380 -196.794 -0.388 0.422 0.505 0.346 0.505 0.422 0.477
3 16 4.383 -196.702 -0.770 9.668 -196.095 -0.770 9.671 -196.187 -0.388 0.346 0.477 0.346 0.449 0.422 0.449
3 16 4.380 -196.794 -0.388 4.383 -196.702 -0.770 9.671 -196.187 -0.388 0.422 0.477 0.346 0.477 0.422 0.449
3 16 9.668 -196.095 -0.770 14.913 -195.205 -0.770 14.921 -195.296 -0.388 0.346 0.449 0.346 0.421 0.422 0.421
3 16 9.671 -196.187 -0.388 9.668 -196.095 -0.770 14.921 -195.296 -0.388 0.422 0.449 0.346 0.449 0.422 0.421
3 16 14.913 -195.205 -0.770 20.102 -194.033 -0.770 20.116 -194.123 -0.388 0.346 0.421 0.346 0.394 0.422 0.394
3 16 14.921 -195.296 -0.388 14.913 -195.205 -0.770 20.116 -194.123 -0.388 0.422 0.421 0.346 0.421 0.422 0.394
3 16 20.102 -194.033 -0.770 25.221 -192.583 -0.770 25.240 -192.672 -0.388 0.346 0.394 0.346 0.367 0.422 0.366
3 16 20.116 -194.123 -0.388 20.102 -194.033 -0.770 25.240 -192.672 -0.388 0.422 0.394 0.346 0.394 0.422 0.366
3 16 25.221 -192.583 -0.770 30.254 -190.858 -0.770 30.278 -190.947 -0.388 0.346 0.367 0.346 0.340 0.422 0.340
3 16 25.240 -192.672 -0.388 25.221 -192.583 -0.770 30.278 -190.947 -0.388 0.422 0.366 0.346 0.367 0.422 0.340
3 16 30.254 -190.858 -0.770 35.186 -188.865 -0.770 35.215 -188.952 -0.388 0.346 0.340 0.346 0.314 0.422 0.314
3 16 30.278 -190.947 -0.388 30.254 -190.858 -0.770 35.215 -188.952 -0.388 0.422 0.340 0.346 0.340 0.422 0.314
3 16 35.186 -188.865 -0.770 40.004 -186.609 -0.770 40.038 -186.695 -0.388 0.346 0.314 0.346 0.288 0.422 0.288
3 16 35.215 -188.952 -0.388 35.186 -188.865 -0.770 40.038 -186.695 -0.388 0.422 0.314 0.346 0.314 0.422 0.288
3 16 40.004 -186.609 -0.770 44.694 -184.097 -0.770 44.732 -184.180 -0.388 0.346 0.288 0.346 0.264 0.422 0.263
3 16 40.038 -186.695 -0.388 40.004 -186.609 -0.770 44.732 -184.180 -0.388 0.422 0.288 0.346 0.288 0.422 0.263
3 16 44.694 -184.097 -0.770 49.241 -181.335 -0.770 49.284 -181.416 -0.388 0.346 0.264 0.346 0.239 0.422 0.239
3 16 44.732 -184.180 -0.388 44.694 -184.097 -0.770 49.284 -181.416 -0.388 0.422 0.263 0.346 0.264 0.422 0.239
3 16 49.241 -181.335 -0.770 53.632 -178.332 -0.770 53.680 -178.410 -0.388 0.346 0.239 0.346 0.216 0.422 0.216
3 16 49.284 -181.416 -0.388 49.241 -181.335 -0.770 53.680 -178.410 -0.388 0.422 0.239 0.346 0.239 0.422 0.216
3 16 53.632 -178.332 -0.770 57.855 -175.097 -0.770 57.908 -175.172 -0.388 0.346 0.216 0.346 0.194 0.422 0.194
3 16 53.680 -178.410 -0.388 53.632 -178.332 -0.770 57.908 -175.172 -0.388 0.422 0.216 0.346 0.216 0.422 0.194
3 16 57.855 -175.097 -0.770 61.898 -171.639 -0.770 61.955 -171.711 -0.388 0.346 0.194 0.346 0.172 0.422 0.172
3 16 57.908 -175.172 -0.388 57.855 -175.097 -0.770 61.955 -171.711 -0.388 0.422 0.194 0.346 0.194 0.422 0.172
3 16 61.898 -171.639 -0.770 65.748 -167.968 -0.770 65.809 -168.036 -0.388 0.346 0.172 0.346 0.152 0.422 0.152
3 16 61.955 -171.711 -0.388 61.898 -171.639 -0.770 65.809 -168.036 -0.388 0.422 0.172 0.346 0.172 0.422 0.152
3 16 65.748 -167.968 -0.770 69.395 -164.094 -0.770 69.459 -164.159 -0.388 0.346 0.152 0.346 0.133 0.422 0.132
3 16 65.809 -168.036 -0.388 65.748 -167.968 -0.770 69.459 -164.159 -0.388 0.422 0.152 0.346 0.152 0.422 0.132
3 16 69.395 -164.094 -0.770 72.827 -160.030 -0.770 72.896 -160.090 -0.388 0.346 0.133 0.346 0.115 0.422 0.114
3 16 69.459 -164.159 -0.388 69.395 -164.094 -0.770 72.896 -160.090 -0.388 0.422 0.132 0.346 0.133 0.422 0.114
3 16 72.827 -160.030 -0.770 76.036 -155.786 -0.770 76.107 -155.843 -0.388 0.346 0.115 0.346 0.098 0.422 0.097
3 16 72.896 -160.090 -0.388 72.827 -160.030 -0.770 76.107 -155.843 -0.388 0.422 0.114 0.346 0.115 0.422 0.097
3 16 76.036 -155.786 -0.770 79.011 -151.375 -0.770 79.085 -151.428 -0.388 0.346 0.098 0.346 0.082 0.422 0.082
3 16 76.107 -155.843 -0.388 76.036 -155.786 -0.770 79.085 -151.428 -0.388 0.422 0.097 0.346 0.098 0.422 0.082
3 16 79.011 -151.375 -0.770 81.743 -146.811 -0.770 81.821 -146.859 -0.388 0.346 0.082 0.346 0.067 0.422 0.067
3 16 79.085 -151.428 -0.388 79.011 -151.375 -0.770 81.821 -146.859 -0.388 0.422 0.082 0.346 0.082 0.422 0.067
3 16 81.743 -146.811 -0.770 84.226 -142.106 -0.770 84.306 -142.149 -0.388 0.346 0.067 0.346 0.054 0.422 0.054
3 16 81.821 -146.859 -0.388 81.743 -146.811 -0.770 84.306 -142.149 -0.388 0.422 0.067 0.346 0.067 0.422 0.054
3 16 84.226 -142.106 -0.770 86.451 -137.274 -0.770 86.534 -137.312 -0.388 0.346 0.054 0.346 0.043 0.422 0.042
3 16 84.306 -142.149 -0.388 84.226 -142.106 -0.770 86.534 -137.312 -0.388 0.422 0.054 0.346 0.054 0.422 0.042
3 16 86.451 -137.274 -0.770 88.413 -132.328 -0.770 88.498 -132.362 -0.388 0.346 0.043 0.346 0.032 0.422 0.032
3 16 86.534 -137.312 -0.388 86.451 -137.274 -0.770 88.498 -132.362 -0.388 0.422 0.042 0.346 0.043 0.422 0.032
3 16 88.413 -132.328 -0.770 90.105 -127.285 -0.770 90.192 -127.313 -0.388 0.346 0.032 0.346 0.023 0.422 0.023
3 16 88.498 -132.362 -0.388 88.413 -132.328 -0.770 90.192 -127.313 -0.388 0.422 0.032 0.346 0.032 0.422 0.023
3 16 90.105 -127.285 -0.770 91.523 -122.157 -0.770 91.611 -122.181 -0.388 0.346 0.023 0.346 0.016 0.422 0.015
3 16 90.192 -127.313 -0.388 90.105 -127.285 -0.770 91.611 -122.181 -0.388 0.422 0.023 0.346 0.023 0.422 0.015
3 16 91.523 -122.157 -0.770 92.662 -116.961 -0.770 92.751 -116.979 -0.388 0.346 0.016 0.346 0.010 0.422 0.009
3 16 91.611 -122.181 -0.388 91.523 -122.157 -0.770 92.751 -116.979 -0.388 0.422 0.015 0.346 0.016 0.422 0.009
3 16 92.662 -116.961 -0.770 93.519 -111.710 -0.770 93.609 -111.723 -0.388 0.346 0.010 0.346 0.005 0.422 0.005
3 16 92.751 -116.979 -0.388 92.662 -116.961 -0.770 93.609 -111.723 -0.388 0.422 0.009 0.346 0.010 0.422 0.005
3 16 93.519 -111.710 -0.770 94.092 -106.421 -0.770 94.183 -106.429 -0.388 0.346 0.005 0.346 0.002 0.422 0.002
3 16 93.609 -111.723 -0.388 93.519 -111.710 -0.770 94.183 -106.429 -0.388 0.422 0.005 0.346 0.005 0.422 0.002
3 16 94.092 -106.421 -0.770 94.379 -101.109 -0.770 94.183 -106.429 -0.388 0.346 0.002 0.346 0.001 0.422 0.002
3 16 94.379 -101.109 -0.770 94.379 -95.789 -0.770 94.470 -101.111 -0.388 0.346 0.001 0.346 0.001 0.422 0.000
3 16 94.183 -106.429 -0.388 94.379 -101.109 -0.770 94.470 -101.111 -0.388 0.422 0.002 0.346 0.001 0.422 0.000
3 16 94.379 -95.789 -0.770 94.092 -90.476 -0.770 94.470 -95.786 -0.388 0.346 0.001 0.346 0.002 0.422 0.000
3 16 94.470 -101.111 -0.388 94.379 -95.789 -0.770 94.470 -95.786 -0.388 0.422 0.000 0.346 0.001 0.422 0.000
3 16 94.092 -90.476 -0.770 93.519 -85.187 -0.770 94.183 -90.469 -0.388 0.346 0.002 0.346 0.005 0.422 0.002
3 16 94.470 -95.786 -0.388 94.092 -90.476 -0.770 94.183 -90.469 -0.388 0.422 0.000 0.346 0.002 0.422 0.002
3 16 93.519 -85.187 -0.770 92.662 -79.937 -0.770 93.609 -85.174 -0.388 0.346 0.005 0.346 0.010 0.422 0.005
3 16 94.183 -90.469 -0.388 93.519 -85.187 -0.770 93.609 -85.174 -0.388 0.422 0.002 0.346 0.005 0.422 0.005
3 16 92.662 -79.937 -0.770 91.523 -74.740 -0.770 92.751 -79.919 -0.388 0.346 0.010 0.346 0.016 0.422 0.009
3 16 93.609 -85.174 -0.388 92.662 -79.937 -0.770 92.751 -79.919 -0.388 0.422 0.005 0.346 0.010 0.422 0.009
3 16 91.523 -74.740 -0.770 90.105 -69.613 -0.770 91.611 -74.717 -0.388 0.346 0.016 0.346 0.023 0.422 0.015
3 16 92.751 -79.919 -0.388 91.523 -74.740 -0.770 91.611 -74.717 -0.388 0.422 0.009 0.346 0.016 0.422 0.015
3 16 90.105 -69.613 -0.770 88.413 -64.569 -0.770 90.192 -69.584 -0.388 0.346 0.023 0.346 0.032 0.422 0.023
3 16 91.611 -74.717 -0.388 90.105 -69.613 -0.770 90.192 -69.584 -0.388 0.422 0.015 0.346 0.023 0.422 0.023
3 16 88.413 -64.569 -0.770 86.451 -59.624 -0.770 88.498 -64.535 -0.388 0.346 0.032 0.346 0.043 0.422 0.032
3 16 90.192 -69.584 -0.388 88.413 -64.569 -0.770 88.498 -64.535 -0.388 0.422 0.023 0.346 0.032 0.422 0.032
3 16 86.451 -59.624 -0.770 84.226 -54.792 -0.770 86.534 -59.585 -0.388 0.346 0.043 0.346 0.054 0.422 0.042
3 16 88.498 -64.535 -0.388 86.451 -59.624 -0.770 86.534 -59.585 -0.388 0.422 0.032 0.346 0.043 0.422 0.042
3 16 84.226 -54.792 -0.770 81.743 -50.086 -0.770 84.306 -54.748 -0.388 0.346 0.054 0.346 0.067 0.422 0.054
3 16 86.534 -59.585 -0.388 84.226 -54.792 -0.770 84.306 -54.748 -0.388 0.422 0.042 0.346 0.054 0.422 0.054
3 16 81.743 -50.086 -0.770 79.011 -45.522 -0.770 81.821 -50.039 -0.388 0.346 0.067 0.346 0.082 0.422 0.067
3 16 84.306 -54.748 -0.388 81.743 -50.086 -0.770 81.821 -50.039 -0.388 0.422 0.054 0.346 0.067 0.422 0.067
3 16 79.011 -45.522 -0.770 76.036 -41.111 -0.770 79.085 -45.470 -0.388 0.346 0.082 0.346 0.098 0.422 0.082
3 16 81.821 -50.039 -0.388 79.011 -45.522 -0.770 79.085 -45.470 -0.388 0.422 0.067 0.346 0.082 0.422 0.082
3 16 76.036 -41.111 -0.770 72.827 -36.868 -0.770 76.107 -41.055 -0.388 0.346 0.098 0.346 0.115 0.422 0.097
3 16 79.085 -45.470 -0.388 76.036 -41.111 -0.770 76.107 -41.055 -0.388 0.422 0.082 0.346 0.098 0.422 0.097
3 16 72.827 -36.868 -0.770 69.395 -32.803 -0.770 72.896 -36.807 -0.388 0.346 0.115 0.346 0.133 0.422 0.114
3 16 76.107 -41.055 -0.388 72.827 -36.868 -0.770 72.896 -36.807 -0.388 0.422 0.097 0.346 0.115 0.422 0.114
3 16 69.395 -32.803 -0.770 65.748 -28.930 -0.770 69.459 -32.739 -0.388 0.346 0.133 0.346 0.152 0.422 0.132
3 16 72.896 -36.807 -0.388 69.395 -32.803 -0.770 69.459 -32.739 -0.388 0.422 0.114 0.346 0.133 0.422 0.132
3 16 65.748 -28.930 -0.770 61.898 -25.259 -0.770 65.809 -28.862 -0.388 0.346 0.152 0.346 0.172 0.422 0.152
3 16 69.459 -32.739 -0.388 65.748 -28.930 -0.770 65.809 -28.862 -0.388 0.422 0.132 0.346 0.152 0.422 0.152
3 16 61.898 -25.259 -0.770 57.855 -21.800 -0.770 61.955 -25.187 -0.388 0.346 0.172 0.346 0.194 0.422 0.172
3 16 65.809 -28.862 -0.388 61.898 -25.259 -0.770 61.955 -25.187 -0.388 0.422 0.152 0.346 0.172 0.422 0.172
3 16 57.855 -21.800 -0.770 53.632 -18.565 -0.770 57.908 -21.725 -0.388 0.346 0.194 0.346 0.216 0.422 0.194
3 16 61.955 -25.187 -0.388 57.855 -21.800 -0.770 57.908 -21.725 -0.388 0.422 0.172 0.346 0.194 0.422 0.194
3 16 53.632 -18.565 -0.770 49.241 -15.562 -0.770 53.680 -18.487 -0.388 0.346 0.216 0.346 0.239 0.422 0.216
3 16 57.908 -21.725 -0.388 53.632 -18.565 -0.770 53.680 -18.487 -0.388 0.422 0.194 0.346 0.216 0.422 0.216
3 16 49.241 -15.562 -0.770 44.694 -12.800 -0.770 49.284 -15.482 -0.388 0.346 0.239 0.346 0.264 0.422 0.239
3 16 53.680 -18.487 -0.388 49.241 -15.562 -0.770 49.284 -15.482 -0.388 0.422 0.216 0.346 0.239 0.422 0.239
3 16 44.694 -12.800 -0.770 40.004 -10.288 -0.770 44.732 -12.718 -0.388 0.346 0.264 0.346 0.288 0.422 0.263
3 16 49.284 -15.482 -0.388 44.694 -12.800 -0.770 44.732 -12.718 -0.388 0.422 0.239 0.346 0.264 0.422 0.263
3 16 40.004 -10.288 -0.770 35.186 -8.032 -0.770 40.038 -10.203 -0.388 0.346 0.288 0.346 0.314 0.422 0.288
3 16 44.732 -12.718 -0.388 40.004 -10.288 -0.770 40.038 -10.203 -0.388 0.422 0.263 0.346 0.288 0.422 0.288
3 16 35.186 -8.032 -0.770 30.254 -6.039 -0.770 35.215 -7.945 -0.388 0.346 0.314 0.346 0.340 0.422 0.314
3 16 40.038 -10.203 -0.388 35.186 -8.032 -0.770 35.215 -7.945 -0.388 0.422 0.288 0.346 0.314 0.422 0.314
3 16 30.254 -6.039 -0.770 25.221 -4.315 -0.770 30.278 -5.951 -0.388 0.346 0.340 0.346 0.367 0.422 0.340
3 16 35.215 -7.945 -0.388 30.254 -6.039 -0.770 30.278 -5.951 -0.388 0.422 0.314 0.346 0.340 0.422 0.340
3 16 25.221 -4.315 -0.770 20.102 -2.865 -0.770 25.240 -4.225 -0.388 0.346 0.367 0.346 0.394 0.422 0.366
3 16 30.278 -5.951 -0.388 25.221 -4.315 -0.770 25.240 -4.225 -0.388 0.422 0.340 0.346 0.367 0.422 0.366
3 16 20.102 -2.865 -0.770 14.913 -1.693 -0.770 20.116 -2.774 -0.388 0.346 0.394 0.346 0.421 0.422 0.394
3 16 25.240 -4.225 -0.388 20.102 -2.865 -0.770 20.116 -2.774 -0.388 0.422 0.366 0.346 0.394 0.422 0.394
3 16 14.913 -1.693 -0.770 9.668 -0.802 -0.770 14.921 -1.601 -0.388 0.346 0.421 0.346 0.449 0.422 0.421
3 16 20.116 -2.774 -0.388 14.913 -1.693 -0.770 14.921 -1.601 -0.388 0.422 0.394 0.346 0.421 0.422 0.421
3 16 9.668 -0.802 -0.770 4.383 -0.196 -0.770 9.671 -0.710 -0.388 0.346 0.449 0.346 0.477 0.422 0.449
3 16 14.921 -1.601 -0.388 9.668 -0.802 -0.770 9.671 -0.710 -0.388 0.422 0.421 0.346 0.449 0.422 0.449
3 16 4.383 -0.196 -0.770 -0.927 0.125 -0.770 4.380 -0.104 -0.388 0.346 0.477 0.346 0.505 0.422 0.477
3 16 9.671 -0.710 -0.388 4.383 -0.196 -0.770 4.380 -0.104 -0.388 0.422 0.449 0.346 0.477 0.422 0.477
3 16 -0.927 0.125 -0.770 -6.247 0.159 -0.770 -0.935 0.217 -0.388 0.346 0.505 0.346 0.533 0.422 0.505
3 16 4.380 -0.104 -0.388 -0.927 0.125 -0.770 -0.935 0.217 -0.388 0.422 0.477 0.346 0.505 0.422 0.505
3 16 -6.247 0.159 -0.770 -11.561 -0.094 -0.770 -6.260 0.250 -0.388 0.346 0.533 0.346 0.561 0.422 0.533
3 16 -0.935 0.217 -0.388 -6.247 0.159 -0.770 -6.260 0.250 -0.388 0.422 0.505 0.346 0.533 0.422 0.533
3 16 -11.561 -0.094 -0.770 -16.854 -0.633 -0.770 -11.580 -0.004 -0.388 0.346 0.561 0.346 0.589 0.422 0.561
3 16 -6.260 0.250 -0.388 -11.561 -0.094 -0.770 -11.580 -0.004 -0.388 0.422 0.533 0.346 0.561 0.422 0.561
3 16 -16.854 -0.633 -0.770 -22.110 -1.457 -0.770 -16.877 -0.545 -0.388 0.346 0.589 0.346 0.617 0.422 0.589
3 16 -11.580 -0.004 -0.388 -16.854 -0.633 -0.770 -16.877 -0.545 -0.388 0.422 0.561 0.346 0.589 0.422 0.589
3 16 -22.110 -1.457 -0.770 -27.313 -2.563 -0.770 -22.138 -1.370 -0.388 0.346 0.617 0.346 0.645 0.422 0.617
3 16 -16.877 -0.545 -0.388 -22.110 -1.457 -0.770 -22.138 -1.370 -0.388 0.422 0.589 0.346 0.617 0.422 0.617
3 16 -27.313 -2.563 -0.770 -32.450 -3.948 -0.770 -27.347 -2.478 -0.388 0.346 0.645 0.346 0.672 0.422 0.645
3 16 -22.138 -1.370 -0.388 -27.313 -2.563 -0.770 -27.347 -2.478 -0.388 0.422 0.617 0.346 0.645 0.422 0.645
3 16 -32.450 -3.948 -0.770 -37.504 -5.608 -0.770 -32.489 -3.865 -0.388 0.346 0.672 0.346 0.698 0.422 0.672
3 16 -27.347 -2.478 -0.388 -32.450 -3.948 -0.770 -32.489 -3.865 -0.388 0.422 0.645 0.346 0.672 0.422 0.672
3 16 -37.504 -5.608 -0.770 -42.462 -7.538 -0.770 -37.548 -5.527 -0.388 0.346 0.698 0.346 0.725 0.422 0.699
3 16 -32.489 -3.865 -0.388 -37.504 -5.608 -0.770 -37.548 -5.527 -0.388 0.422 0.672 0.346 0.698 0.422 0.699
3 16 -42.462 -7.538 -0.770 -47.308 -9.733 -0.770 -42.510 -7.460 -0.388 0.346 0.725 0.346 0.750 0.422 0.725
3 16 -37.548 -5.527 -0.388 -42.462 -7.538 -0.770 -42.510 -7.460 -0.388 0.422 0.699 0.346 0.725 0.422 0.725
3 16 -47.308 -9.733 -0.770 -52.029 -12.186 -0.770 -47.361 -9.657 -0.388 0.346 0.750 0.346 0.775 0.422 0.751
3 16 -42.510 -7.460 -0.388 -47.308 -9.733 -0.770 -47.361 -9.657 -0.388 0.422 0.725 0.346 0.750 0.422 0.751
3 16 -52.029 -12.186 -0.770 -56.611 -14.889 -0.770 -52.086 -12.113 -0.388 0.346 0.775 0.346 0.800 0.422 0.776
3 16 -47.361 -9.657 -0.388 -52.029 -12.186 -0.770 -52.086 -12.113 -0.388 0.422 0.751 0.346 0.775 0.422 0.776
3 16 -56.611 -14.889 -0.770 -61.040 -17.836 -0.770 -56.672 -14.820 -0.388 0.346 0.800 0.346 0.823 0.422 0.800
3 16 -52.086 -12.113 -0.388 -56.611 -14.889 -0.770 -56.672 -14.820 -0.388 0.422 0.776 0.346 0.800 0.422 0.800
3 16 -61.040 -17.836 -0.770 -65.304 -21.017 -0.770 -61.105 -17.770 -0.388 0.346 0.823 0.346 0.846 0.422 0.823
3 16 -56.672 -14.820 -0.388 -61.040 -17.836 -0.770 -61.105 -17.770 -0.388 0.422 0.800 0.346 0.823 0.422 0.823
3 16 -65.304 -21.017 -0.770 -69.390 -24.424 -0.770 -65.373 -20.956 -0.388 0.346 0.846 0.346 0.867 0.422 0.846
3 16 -61.105 -17.770 -0.388 -65.304 -21.017 -0.770 -65.373 -20.956 -0.388 0.422 0.823 0.346 0.846 0.422 0.846
3 16 -69.390 -24.424 -0.770 -73.287 -28.046 -0.770 -69.463 -24.366 -0.388 0.346 0.867 0.346 0.888 0.422 0.868
3 16 -65.373 -20.956 -0.388 -69.390 -24.424 -0.770 -69.463 -24.366 -0.388 0.422 0.846 0.346 0.867 0.422 0.868
3 16 -73.287 -28.046 -0.770 -76.982 -31.873 -0.770 -73.363 -27.993 -0.388 0.346 0.888 0.346 0.907 0.422 0.888
3 16 -69.463 -24.366 -0.388 -73.287 -28.046 -0.770 -73.363 -27.993 -0.388 0.422 0.868 0.346 0.888 0.422 0.888
3 16 -76.982 -31.873 -0.770 -80.466 -35.893 -0.770 -77.061 -31.824 -0.388 0.346 0.907 0.346 0.926 0.422 0.908
3 16 -73.363 -27.993 -0.388 -76.982 -31.873 -0.770 -77.061 -31.824 -0.388 0.422 0.888 0.346 0.907 0.422 0.908
3 16 -80.466 -35.893 -0.770 -83.728 -40.096 -0.770 -80.548 -35.849 -0.388 0.346 0.926 0.346 0.943 0.422 0.926
3 16 -77.061 -31.824 -0.388 -80.466 -35.893 -0.770 -80.548 -35.849 -0.388 0.422 0.908 0.346 0.926 0.422 0.926
3 16 -83.728 -40.096 -0.770 -86.759 -44.468 -0.770 -83.812 -40.056 -0.388 0.346 0.943 0.346 0.959 0.422 0.943
3 16 -80.548 -35.849 -0.388 -83.728 -40.096 -0.770 -83.812 -40.056 -0.388 0.422 0.926 0.346 0.943 0.422 0.943
3 16 -86.759 -44.468 -0.770 -89.550 -48.998 -0.770 -86.845 -44.433 -0.388 0.346 0.959 0.346 0.974 0.422 0.959
3 16 -83.812 -40.056 -0.388 -86.759 -44.468 -0.770 -86.845 -44.433 -0.388 0.422 0.943 0.346 0.959 0.422 0.959
3 16 -89.550 -48.998 -0.770 -92.092 -53.671 -0.770 -89.638 -48.968 -0.388 0.346 0.974 0.346 0.987 0.422 0.974
3 16 -86.845 -44.433 -0.388 -89.550 -48.998 -0.770 -89.638 -48.968 -0.388 0.422 0.959 0.346 0.974 0.422 0.974
3 16 -92.092 -53.671 -0.770 -94.380 -58.474 -0.764 -92.182 -53.646 -0.388 0.346 0.987 0.347 0.999 0.422 0.988
3 16 -89.638 -48.968 -0.388 -92.092 -53.671 -0.770 -92.182 -53.646 -0.388 0.422 0.974 0.346 0.987 0.422 0.988
3 16 52.782 -19.940 2.380 52.974 -19.630 2.230 48.471 -16.985 2.380 0.976 0.221 0.946 0.220 0.976 0.244
3 16 48.645 -16.664 2.230 44.163 -13.936 2.230 44.008 -14.266 2.380 0.946 0.243 0.946 0.266 0.976 0.267
3 16 -94.380 -58.474 -0.764 -94.379 -138.423 -0.770 -94.470 -138.442 -0.388 0.347 0.999 0.346 0.999 0.422 1.000
3 16 -94.380 -58.474 -0.764 -94.470 -138.442 -0.388 -94.470 -58.455 -0.388 0.347 0.999 0.422 1.000 0.422 1.000
3 16 -92.182 -53.646 -0.388 -94.380 -58.474 -0.764 -94.470 -58.455 -0.388 0.422 0.988 0.347 0.999 0.422 1.000
3 16 -94.470 -138.442 -0.388 -94.379 -138.423 -0.770 -92.182 -143.251 -0.388 0.422 1.000 0.346 0.999 0.422 0.988
3 16 -94.470 -138.442 -0.388 -92.182 -143.251 -0.388 -92.212 -143.259 0.004 0.422 1.000 0.422 0.988 0.501 0.988
3 16 -94.470 -58.455 -0.388 -94.470 -138.442 -0.388 -94.500 -138.449 0.000 0.422 1.000 0.422 1.000 0.500 1.000
3 16 52.974 -19.630 2.230 48.645 -16.664 2.230 48.471 -16.985 2.380 0.946 0.220 0.946 0.243 0.976 0.244
3 16 -94.500 -138.449 0.000 -94.470 -138.442 -0.388 -92.212 -143.259 0.004 0.500 1.000 0.422 1.000 0.501 0.988
3 16 -92.182 -143.251 -0.388 -89.638 -147.930 -0.388 -89.667 -147.939 0.004 0.422 0.988 0.422 0.974 0.501 0.974
3 16 -92.212 -143.259 0.004 -92.182 -143.251 -0.388 -89.667 -147.939 0.004 0.501 0.988 0.422 0.988 0.501 0.974
3 16 -89.638 -147.930 -0.388 -86.845 -152.464 -0.388 -86.874 -152.475 0.004 0.422 0.974 0.422 0.959 0.501 0.960
3 16 -89.667 -147.939 0.004 -89.638 -147.930 -0.388 -86.874 -152.475 0.004 0.501 0.974 0.422 0.974 0.501 0.960
3 16 -86.845 -152.464 -0.388 -83.812 -156.841 -0.388 -83.840 -156.854 0.004 0.422 0.959 0.422 0.943 0.501 0.944
3 16 -86.874 -152.475 0.004 -86.845 -152.464 -0.388 -83.840 -156.854 0.004 0.501 0.960 0.422 0.959 0.501 0.944
3 16 -83.812 -156.841 -0.388 -80.548 -161.048 -0.388 -80.575 -161.063 0.004 0.422 0.943 0.422 0.926 0.501 0.926
3 16 -83.840 -156.854 0.004 -83.812 -156.841 -0.388 -80.575 -161.063 0.004 0.501 0.944 0.422 0.943 0.501 0.926
3 16 -80.548 -161.048 -0.388 -77.061 -165.074 -0.388 -77.087 -165.090 0.004 0.422 0.926 0.422 0.908 0.501 0.908
3 16 -80.575 -161.063 0.004 -80.548 -161.048 -0.388 -77.087 -165.090 0.004 0.501 0.926 0.422 0.926 0.501 0.908
3 16 -77.061 -165.074 -0.388 -73.363 -168.905 -0.388 -73.388 -168.923 0.004 0.422 0.908 0.422 0.888 0.501 0.888
3 16 -77.087 -165.090 0.004 -77.061 -165.074 -0.388 -73.388 -168.923 0.004 0.501 0.908 0.422 0.908 0.501 0.888
3 16 -73.363 -168.905 -0.388 -69.463 -172.531 -0.388 -69.487 -172.550 0.004 0.422 0.888 0.422 0.868 0.501 0.868
3 16 -73.388 -168.923 0.004 -73.363 -168.905 -0.388 -69.487 -172.550 0.004 0.501 0.888 0.422 0.888 0.501 0.868
3 16 -69.463 -172.531 -0.388 -65.373 -175.942 -0.388 -65.396 -175.962 0.004 0.422 0.868 0.422 0.846 0.501 0.846
3 16 -69.487 -172.550 0.004 -69.463 -172.531 -0.388 -65.396 -175.962 0.004 0.501 0.868 0.422 0.868 0.501 0.846
3 16 -65.373 -175.942 -0.388 -61.105 -179.127 -0.388 -61.127 -179.149 0.004 0.422 0.846 0.422 0.823 0.501 0.823
3 16 -65.396 -175.962 0.004 -65.373 -175.942 -0.388 -61.127 -179.149 0.004 0.501 0.846 0.422 0.846 0.501 0.823
3 16 -61.105 -179.127 -0.388 -56.672 -182.077 -0.388 -56.692 -182.100 0.004 0.422 0.823 0.422 0.800 0.501 0.800
3 16 -61.127 -179.149 0.004 -61.105 -179.127 -0.388 -56.692 -182.100 0.004 0.501 0.823 0.422 0.823 0.501 0.800
3 16 -56.672 -182.077 -0.388 -52.086 -184.784 -0.388 -52.105 -184.809 0.004 0.422 0.800 0.422 0.776 0.501 0.776
3 16 -56.692 -182.100 0.004 -56.672 -182.077 -0.388 -52.105 -184.809 0.004 0.501 0.800 0.422 0.800 0.501 0.776
3 16 -52.086 -184.784 -0.388 -47.361 -187.240 -0.388 -47.378 -187.265 0.004 0.422 0.776 0.422 0.751 0.501 0.751
3 16 -52.105 -184.809 0.004 -52.086 -184.784 -0.388 -47.378 -187.265 0.004 0.501 0.776 0.422 0.776 0.501 0.751
3 16 -47.361 -187.240 -0.388 -42.510 -189.438 -0.388 -42.526 -189.464 0.004 0.422 0.751 0.422 0.725 0.501 0.725
3 16 -47.378 -187.265 0.004 -47.361 -187.240 -0.388 -42.526 -189.464 0.004 0.501 0.751 0.422 0.751 0.501 0.725
3 16 -42.510 -189.438 -0.388 -37.548 -191.370 -0.388 -37.562 -191.397 0.004 0.422 0.725 0.422 0.699 0.501 0.699
3 16 -42.526 -189.464 0.004 -42.510 -189.438 -0.388 -37.562 -191.397 0.004 0.501 0.725 0.422 0.725 0.501 0.699
3 16 -37.548 -191.370 -0.388 -32.489 -193.033 -0.388 -32.502 -193.060 0.004 0.422 0.699 0.422 0.672 0.501 0.672
3 16 -37.562 -191.397 0.004 -37.548 -191.370 -0.388 -32.502 -193.060 0.004 0.501 0.699 0.422 0.699 0.501 0.672
3 16 -32.489 -193.033 -0.388 -27.347 -194.420 -0.388 -27.358 -194.448 0.004 0.422 0.672 0.422 0.645 0.501 0.645
3 16 -32.502 -193.060 0.004 -32.489 -193.033 -0.388 -27.358 -194.448 0.004 0.501 0.672 0.422 0.672 0.501 0.645
3 16 -27.347 -194.420 -0.388 -22.138 -195.528 -0.388 -22.148 -195.557 0.004 0.422 0.645 0.422 0.617 0.501 0.617
3 16 -27.358 -194.448 0.004 -27.347 -194.420 -0.388 -22.148 -195.557 0.004 0.501 0.645 0.422 0.645 0.501 0.617
3 16 -22.138 -195.528 -0.388 -16.877 -196.353 -0.388 -16.885 -196.382 0.004 0.422 0.617 0.422 0.589 0.501 0.589
3 16 -22.148 -195.557 0.004 -22.138 -195.528 -0.388 -16.885 -196.382 0.004 0.501 0.617 0.422 0.617 0.501 0.589
3 16 -16.877 -196.353 -0.388 -11.580 -196.893 -0.388 -11.586 -196.923 0.004 0.422 0.589 0.422 0.561 0.501 0.561
3 16 -16.885 -196.382 0.004 -16.877 -196.353 -0.388 -11.586 -196.923 0.004 0.501 0.589 0.422 0.589 0.501 0.561
3 16 -11.580 -196.893 -0.388 -6.260 -197.147 -0.388 -6.265 -197.177 0.004 0.422 0.561 0.422 0.533 0.501 0.533
3 16 -11.586 -196.923 0.004 -11.580 -196.893 -0.388 -6.265 -197.177 0.004 0.501 0.561 0.422 0.561 0.501 0.533
3 16 -6.260 -197.147 -0.388 -0.935 -197.114 -0.388 -0.938 -197.144 0.004 0.422 0.533 0.422 0.505 0.501 0.505
3 16 -6.265 -197.177 0.004 -6.260 -197.147 -0.388 -0.938 -197.144 0.004 0.501 0.533 0.422 0.533 0.501 0.505
3 16 -0.935 -197.114 -0.388 4.380 -196.794 -0.388 4.380 -196.824 0.004 0.422 0.505 0.422 0.477 0.501 0.477
3 16 -0.938 -197.144 0.004 -0.935 -197.114 -0.388 4.380 -196.824 0.004 0.501 0.505 0.422 0.505 0.501 0.477
3 16 4.380 -196.794 -0.388 9.671 -196.187 -0.388 9.672 -196.218 0.004 0.422 0.477 0.422 0.449 0.501 0.449
3 16 4.380 -196.824 0.004 4.380 -196.794 -0.388 9.672 -196.218 0.004 0.501 0.477 0.422 0.477 0.501 0.449
3 16 9.671 -196.187 -0.388 14.921 -195.296 -0.388 14.924 -195.326 0.004 0.422 0.449 0.422 0.421 0.501 0.421
3 16 9.672 -196.218 0.004 9.671 -196.187 -0.388 14.924 -195.326 0.004 0.501 0.449 0.422 0.449 0.501 0.421
3 16 14.921 -195.296 -0.388 20.116 -194.123 -0.388 20.120 -194.154 0.004 0.422 0.421 0.422 0.394 0.501 0.394
3 16 14.924 -195.326 0.004 14.921 -195.296 -0.388 20.120 -194.154 0.004 0.501 0.421 0.422 0.421 0.501 0.394
3 16 20.116 -194.123 -0.388 25.240 -192.672 -0.388 25.246 -192.702 0.004 0.422 0.394 0.422 0.366 0.501 0.366
3 16 20.120 -194.154 0.004 20.116 -194.123 -0.388 25.246 -192.702 0.004 0.501 0.394 0.422 0.394 0.501 0.366
3 16 25.240 -192.672 -0.388 30.278 -190.947 -0.388 30.286 -190.976 0.004 0.422 0.366 0.422 0.340 0.501 0.340
3 16 25.246 -192.702 0.004 25.240 -192.672 -0.388 30.286 -190.976 0.004 0.501 0.366 0.422 0.366 0.501 0.340
3 16 30.278 -190.947 -0.388 35.215 -188.952 -0.388 35.225 -188.981 0.004 0.422 0.340 0.422 0.314 0.501 0.314
3 16 30.286 -190.976 0.004 30.278 -190.947 -0.388 35.225 -188.981 0.004 0.501 0.340 0.422 0.340 0.501 0.314
3 16 35.215 -188.952 -0.388 40.038 -186.695 -0.388 40.049 -186.723 0.004 0.422 0.314 0.422 0.288 0.501 0.288
3 16 35.225 -188.981 0.004 35.215 -188.952 -0.388 40.049 -186.723 0.004 0.501 0.314 0.422 0.314 0.501 0.288
3 16 40.038 -186.695 -0.388 44.732 -184.180 -0.388 44.745 -184.207 0.004 0.422 0.288 0.422 0.263 0.501 0.263
3 16 40.049 -186.723 0.004 40.038 -186.695 -0.388 44.745 -184.207 0.004 0.501 0.288 0.422 0.288 0.501 0.263
3 16 44.732 -184.180 -0.388 49.284 -181.416 -0.388 49.299 -181.442 0.004 0.422 0.263 0.422 0.239 0.501 0.239
3 16 44.745 -184.207 0.004 44.732 -184.180 -0.388 49.299 -181.442 0.004 0.501 0.263 0.422 0.263 0.501 0.239
3 16 49.284 -181.416 -0.388 53.680 -178.410 -0.388 53.696 -178.436 0.004 0.422 0.239 0.422 0.216 0.501 0.216
3 16 49.299 -181.442 0.004 49.284 -181.416 -0.388 53.696 -178.436 0.004 0.501 0.239 0.422 0.239 0.501 0.216
3 16 53.680 -178.410 -0.388 57.908 -175.172 -0.388 57.925 -175.197 0.004 0.422 0.216 0.422 0.194 0.501 0.194
3 16 53.696 -178.436 0.004 53.680 -178.410 -0.388 57.925 -175.197 0.004 0.501 0.216 0.422 0.216 0.501 0.194
3 16 57.908 -175.172 -0.388 61.955 -171.711 -0.388 61.973 -171.734 0.004 0.422 0.194 0.422 0.172 0.501 0.172
3 16 57.925 -175.197 0.004 57.908 -175.172 -0.388 61.973 -171.734 0.004 0.501 0.194 0.422 0.194 0.501 0.172
3 16 61.955 -171.711 -0.388 65.809 -168.036 -0.388 65.829 -168.059 0.004 0.422 0.172 0.422 0.152 0.501 0.152
3 16 61.973 -171.734 0.004 61.955 -171.711 -0.388 65.829 -168.059 0.004 0.501 0.172 0.422 0.172 0.501 0.152
3 16 65.809 -168.036 -0.388 69.459 -164.159 -0.388 69.481 -164.180 0.004 0.422 0.152 0.422 0.132 0.501 0.132
3 16 65.829 -168.059 0.004 65.809 -168.036 -0.388 69.481 -164.180 0.004 0.501 0.152 0.422 0.152 0.501 0.132
3 16 69.459 -164.159 -0.388 72.896 -160.090 -0.388 72.918 -160.110 0.004 0.422 0.132 0.422 0.114 0.501 0.114
3 16 69.481 -164.180 0.004 69.459 -164.159 -0.388 72.918 -160.110 0.004 0.501 0.132 0.422 0.132 0.501 0.114
3 16 72.896 -160.090 -0.388 76.107 -155.843 -0.388 76.131 -155.861 0.004 0.422 0.114 0.422 0.097 0.501 0.097
3 16 72.918 -160.110 0.004 72.896 -160.090 -0.388 76.131 -155.861 0.004 0.501 0.114 0.422 0.114 0.501 0.097
3 16 76.107 -155.843 -0.388 79.085 -151.428 -0.388 79.110 -151.445 0.004 0.422 0.097 0.422 0.082 0.501 0.081
3 16 76.131 -155.861 0.004 76.107 -155.843 -0.388 79.110 -151.445 0.004 0.501 0.097 0.422 0.097 0.501 0.081
3 16 79.085 -151.428 -0.388 81.821 -146.859 -0.388 81.847 -146.875 0.004 0.422 0.082 0.422 0.067 0.501 0.067
3 16 79.110 -151.445 0.004 79.085 -151.428 -0.388 81.847 -146.875 0.004 0.501 0.081 0.422 0.082 0.501 0.067
3 16 81.821 -146.859 -0.388 84.306 -142.149 -0.388 84.333 -142.164 0.004 0.422 0.067 0.422 0.054 0.501 0.054
3 16 81.847 -146.875 0.004 81.821 -146.859 -0.388 84.333 -142.164 0.004 0.501 0.067 0.422 0.067 0.501 0.054
3 16 84.306 -142.149 -0.388 86.534 -137.312 -0.388 86.562 -137.325 0.004 0.422 0.054 0.422 0.042 0.501 0.042
3 16 84.333 -142.164 0.004 84.306 -142.149 -0.388 86.562 -137.325 0.004 0.501 0.054 0.422 0.054 0.501 0.042
3 16 86.534 -137.312 -0.388 88.498 -132.362 -0.388 88.526 -132.373 0.004 0.422 0.042 0.422 0.032 0.501 0.032
3 16 86.562 -137.325 0.004 86.534 -137.312 -0.388 88.526 -132.373 0.004 0.501 0.042 0.422 0.042 0.501 0.032
3 16 88.498 -132.362 -0.388 90.192 -127.313 -0.388 90.220 -127.323 0.004 0.422 0.032 0.422 0.023 0.501 0.023
3 16 88.526 -132.373 0.004 88.498 -132.362 -0.388 90.220 -127.323 0.004 0.501 0.032 0.422 0.032 0.501 0.023
3 16 90.192 -127.313 -0.388 91.611 -122.181 -0.388 91.640 -122.189 0.004 0.422 0.023 0.422 0.015 0.501 0.015
3 16 90.220 -127.323 0.004 90.192 -127.313 -0.388 91.640 -122.189 0.004 0.501 0.023 0.422 0.023 0.501 0.015
3 16 91.611 -122.181 -0.388 92.751 -116.979 -0.388 91.640 -122.189 0.004 0.422 0.015 0.422 0.009 0.501 0.015
3 16 92.751 -116.979 -0.388 93.609 -111.723 -0.388 92.781 -116.985 0.004 0.422 0.009 0.422 0.005 0.501 0.009
3 16 91.640 -122.189 0.004 92.751 -116.979 -0.388 92.781 -116.985 0.004 0.501 0.015 0.422 0.009 0.501 0.009
3 16 93.609 -111.723 -0.388 94.183 -106.429 -0.388 93.639 -111.728 0.004 0.422 0.005 0.422 0.002 0.501 0.005
3 16 92.781 -116.985 0.004 93.609 -111.723 -0.388 93.639 -111.728 0.004 0.501 0.009 0.422 0.005 0.501 0.005
3 16 94.183 -106.429 -0.388 94.470 -101.111 -0.388 94.213 -106.432 0.004 0.422 0.002 0.422 0.000 0.501 0.002
3 16 93.639 -111.728 0.004 94.183 -106.429 -0.388 94.213 -106.432 0.004 0.501 0.005 0.422 0.002 0.501 0.002
3 16 94.470 -101.111 -0.388 94.470 -95.786 -0.388 94.500 -101.112 0.004 0.422 0.000 0.422 0.000 0.501 0.000
3 16 94.213 -106.432 0.004 94.470 -101.111 -0.388 94.500 -101.112 0.004 0.501 0.002 0.422 0.000 0.501 0.000
3 16 94.470 -95.786 -0.388 94.183 -90.469 -0.388 94.500 -95.785 0.004 0.422 0.000 0.422 0.002 0.501 0.000
3 16 94.500 -101.112 0.004 94.470 -95.786 -0.388 94.500 -95.785 0.004 0.501 0.000 0.422 0.000 0.501 0.000
3 16 94.183 -90.469 -0.388 93.609 -85.174 -0.388 94.213 -90.466 0.004 0.422 0.002 0.422 0.005 0.501 0.002
3 16 94.500 -95.785 0.004 94.183 -90.469 -0.388 94.213 -90.466 0.004 0.501 0.000 0.422 0.002 0.501 0.002
3 16 93.609 -85.174 -0.388 92.751 -79.919 -0.388 93.639 -85.170 0.004 0.422 0.005 0.422 0.009 0.501 0.005
3 16 94.213 -90.466 0.004 93.609 -85.174 -0.388 93.639 -85.170 0.004 0.501 0.002 0.422 0.005 0.501 0.005
3 16 92.751 -79.919 -0.388 91.611 -74.717 -0.388 92.781 -79.912 0.004 0.422 0.009 0.422 0.015 0.501 0.009
3 16 93.639 -85.170 0.004 92.751 -79.919 -0.388 92.781 -79.912 0.004 0.501 0.005 0.422 0.009 0.501 0.009
3 16 91.611 -74.717 -0.388 90.192 -69.584 -0.388 91.640 -74.709 0.004 0.422 0.015 0.422 0.023 0.501 0.015
3 16 92.781 -79.912 0.004 91.611 -74.717 -0.388 91.640 -74.709 0.004 0.501 0.009 0.422 0.015 0.501 0.015
3 16 90.192 -69.584 -0.388 88.498 -64.535 -0.388 90.220 -69.574 0.004 0.422 0.023 0.422 0.032 0.501 0.023
3 16 91.640 -74.709 0.004 90.192 -69.584 -0.388 90.220 -69.574 0.004 0.501 0.015 0.422 0.023 0.501 0.023
3 16 88.498 -64.535 -0.388 86.534 -59.585 -0.388 88.526 -64.524 0.004 0.422 0.032 0.422 0.042 0.501 0.032
3 16 90.220 -69.574 0.004 88.498 -64.535 -0.388 88.526 -64.524 0.004 0.501 0.023 0.422 0.032 0.501 0.032
3 16 86.534 -59.585 -0.388 84.306 -54.748 -0.388 86.562 -59.572 0.004 0.422 0.042 0.422 0.054 0.501 0.042
3 16 88.526 -64.524 0.004 86.534 -59.585 -0.388 86.562 -59.572 0.004 0.501 0.032 0.422 0.042 0.501 0.042
3 16 84.306 -54.748 -0.388 81.821 -50.039 -0.388 84.333 -54.734 0.004 0.422 0.054 0.422 0.067 0.501 0.054
3 16 86.562 -59.572 0.004 84.306 -54.748 -0.388 84.333 -54.734 0.004 0.501 0.042 0.422 0.054 0.501 0.054
3 16 81.821 -50.039 -0.388 79.085 -45.470 -0.388 81.847 -50.023 0.004 0.422 0.067 0.422 0.082 0.501 0.067
3 16 84.333 -54.734 0.004 81.821 -50.039 -0.388 81.847 -50.023 0.004 0.501 0.054 0.422 0.067 0.501 0.067
3 16 79.085 -45.470 -0.388 76.107 -41.055 -0.388 79.110 -45.452 0.004 0.422 0.082 0.422 0.097 0.501 0.081
3 16 81.847 -50.023 0.004 79.085 -45.470 -0.388 79.110 -45.452 0.004 0.501 0.067 0.422 0.082 0.501 0.081
3 16 76.107 -41.055 -0.388 72.896 -36.807 -0.388 76.131 -41.036 0.004 0.422 0.097 0.422 0.114 0.501 0.097
3 16 79.110 -45.452 0.004 76.107 -41.055 -0.388 76.131 -41.036 0.004 0.501 0.081 0.422 0.097 0.501 0.097
3 16 72.896 -36.807 -0.388 69.459 -32.739 -0.388 72.918 -36.787 0.004 0.422 0.114 0.422 0.132 0.501 0.114
3 16 76.131 -41.036 0.004 72.896 -36.807 -0.388 72.918 -36.787 0.004 0.501 0.097 0.422 0.114 0.501 0.114
3 16 69.459 -32.739 -0.388 65.809 -28.862 -0.388 69.481 -32.717 0.004 0.422 0.132 0.422 0.152 0.501 0.132
3 16 72.918 -36.787 0.004 69.459 -32.739 -0.388 69.481 -32.717 0.004 0.501 0.114 0.422 0.132 0.501 0.132
3 16 65.809 -28.862 -0.388 61.955 -25.187 -0.388 65.829 -28.839 0.004 0.422 0.152 0.422 0.172 0.501 0.152
3 16 69.481 -32.717 0.004 65.809 -28.862 -0.388 65.829 -28.839 0.004 0.501 0.132 0.422 0.152 0.501 0.152
3 16 61.955 -25.187 -0.388 57.908 -21.725 -0.388 61.973 -25.163 0.004 0.422 0.172 0.422 0.194 0.501 0.172
3 16 65.829 -28.839 0.004 61.955 -25.187 -0.388 61.973 -25.163 0.004 0.501 0.152 0.422 0.172 0.501 0.172
3 16 57.908 -21.725 -0.388 53.680 -18.487 -0.388 57.925 -21.701 0.004 0.422 0.194 0.422 0.216 0.501 0.194
3 16 61.973 -25.163 0.004 57.908 -21.725 -0.388 57.925 -21.701 0.004 0.501 0.172 0.422 0.194 0.501 0.194
3 16 53.680 -18.487 -0.388 49.284 -15.482 -0.388 53.696 -18.461 0.004 0.422 0.216 0.422 0.239 0.501 0.216
3 16 57.925 -21.701 0.004 53.680 -18.487 -0.388 53.696 -18.461 0.004 0.501 0.194 0.422 0.216 0.501 0.216
3 16 49.284 -15.482 -0.388 44.732 -12.718 -0.388 49.299 -15.455 0.004 0.422 0.239 0.422 0.263 0.501 0.239
3 16 53.696 -18.461 0.004 49.284 -15.482 -0.388 49.299 -15.455 0.004 0.501 0.216 0.422 0.239 0.501 0.239
3 16 44.732 -12.718 -0.388 40.038 -10.203 -0.388 44.745 -12.690 0.004 0.422 0.263 0.422 0.288 0.501 0.263
3 16 49.299 -15.455 0.004 44.732 -12.718 -0.388 44.745 -12.690 0.004 0.501 0.239 0.422 0.263 0.501 0.263
3 16 40.038 -10.203 -0.388 35.215 -7.945 -0.388 40.049 -10.175 0.004 0.422 0.288 0.422 0.314 0.501 0.288
3 16 44.745 -12.690 0.004 40.038 -10.203 -0.388 40.049 -10.175 0.004 0.501 0.263 0.422 0.288 0.501 0.288
3 16 35.215 -7.945 -0.388 30.278 -5.951 -0.388 35.225 -7.916 0.004 0.422 0.314 0.422 0.340 0.501 0.314
3 16 40.049 -10.175 0.004 35.215 -7.945 -0.388 35.225 -7.916 0.004 0.501 0.288 0.422 0.314 0.501 0.314
3 16 30.278 -5.951 -0.388 25.240 -4.225 -0.388 30.286 -5.921 0.004 0.422 0.340 0.422 0.366 0.501 0.340
3 16 35.225 -7.916 0.004 30.278 -5.951 -0.388 30.286 -5.921 0.004 0.501 0.314 0.422 0.340 0.501 0.340
3 16 25.240 -4.225 -0.388 20.116 -2.774 -0.388 25.246 -4.195 0.004 0.422 0.366 0.422 0.394 0.501 0.366
3 16 30.286 -5.921 0.004 25.240 -4.225 -0.388 25.246 -4.195 0.004 0.501 0.340 0.422 0.366 0.501 0.366
3 16 20.116 -2.774 -0.388 14.921 -1.601 -0.388 20.120 -2.744 0.004 0.422 0.394 0.422 0.421 0.501 0.394
3 16 25.246 -4.195 0.004 20.116 -2.774 -0.388 20.120 -2.744 0.004 0.501 0.366 0.422 0.394 0.501 0.394
3 16 14.921 -1.601 -0.388 9.671 -0.710 -0.388 14.924 -1.571 0.004 0.422 0.421 0.422 0.449 0.501 0.421
3 16 20.120 -2.744 0.004 14.921 -1.601 -0.388 14.924 -1.571 0.004 0.501 0.394 0.422 0.421 0.501 0.421
3 16 9.671 -0.710 -0.388 4.380 -0.104 -0.388 9.672 -0.680 0.004 0.422 0.449 0.422 0.477 0.501 0.449
3 16 14.924 -1.571 0.004 9.671 -0.710 -0.388 9.672 -0.680 0.004 0.501 0.421 0.422 0.449 0.501 0.449
3 16 4.380 -0.104 -0.388 -0.935 0.217 -0.388 4.380 -0.073 0.004 0.422 0.477 0.422 0.505 0.501 0.477
3 16 9.672 -0.680 0.004 4.380 -0.104 -0.388 4.380 -0.073 0.004 0.501 0.449 0.422 0.477 0.501 0.477
3 16 -0.935 0.217 -0.388 -6.260 0.250 -0.388 -0.938 0.247 0.004 0.422 0.505 0.422 0.533 0.501 0.505
3 16 4.380 -0.073 0.004 -0.935 0.217 -0.388 -0.938 0.247 0.004 0.501 0.477 0.422 0.505 0.501 0.505
3 16 -6.260 0.250 -0.388 -11.580 -0.004 -0.388 -6.265 0.280 0.004 0.422 0.533 0.422 0.561 0.501 0.533
3 16 -0.938 0.247 0.004 -6.260 0.250 -0.388 -6.265 0.280 0.004 0.501 0.505 0.422 0.533 0.501 0.533
3 16 -11.580 -0.004 -0.388 -16.877 -0.545 -0.388 -11.586 0.026 0.004 0.422 0.561 0.422 0.589 0.501 0.561
3 16 -6.265 0.280 0.004 -11.580 -0.004 -0.388 -11.586 0.026 0.004 0.501 0.533 0.422 0.561 0.501 0.561
3 16 -16.877 -0.545 -0.388 -22.138 -1.370 -0.388 -16.885 -0.515 0.004 0.422 0.589 0.422 0.617 0.501 0.589
3 16 -11.586 0.026 0.004 -16.877 -0.545 -0.388 -16.885 -0.515 0.004 0.501 0.561 0.422 0.589 0.501 0.589
3 16 -22.138 -1.370 -0.388 -27.347 -2.478 -0.388 -22.148 -1.341 0.004 0.422 0.617 0.422 0.645 0.501 0.617
3 16 -16.885 -0.515 0.004 -22.138 -1.370 -0.388 -22.148 -1.341 0.004 0.501 0.589 0.422 0.617 0.501 0.617
3 16 -27.347 -2.478 -0.388 -32.489 -3.865 -0.388 -27.358 -2.449 0.004 0.422 0.645 0.422 0.672 0.501 0.645
3 16 -22.148 -1.341 0.004 -27.347 -2.478 -0.388 -27.358 -2.449 0.004 0.501 0.617 0.422 0.645 0.501 0.645
3 16 -32.489 -3.865 -0.388 -37.548 -5.527 -0.388 -32.502 -3.837 0.004 0.422 0.672 0.422 0.699 0.501 0.672
3 16 -27.358 -2.449 0.004 -32.489 -3.865 -0.388 -32.502 -3.837 0.004 0.501 0.645 0.422 0.672 0.501 0.672
3 16 -37.548 -5.527 -0.388 -42.510 -7.460 -0.388 -37.562 -5.500 0.004 0.422 0.699 0.422 0.725 0.501 0.699
3 16 -32.502 -3.837 0.004 -37.548 -5.527 -0.388 -37.562 -5.500 0.004 0.501 0.672 0.422 0.699 0.501 0.699
3 16 -42.510 -7.460 -0.388 -47.361 -9.657 -0.388 -42.526 -7.434 0.004 0.422 0.725 0.422 0.751 0.501 0.725
3 16 -37.562 -5.500 0.004 -42.510 -7.460 -0.388 -42.526 -7.434 0.004 0.501 0.699 0.422 0.725 0.501 0.725
3 16 -47.361 -9.657 -0.388 -52.086 -12.113 -0.388 -47.378 -9.632 0.004 0.422 0.751 0.422 0.776 0.501 0.751
3 16 -42.526 -7.434 0.004 -47.361 -9.657 -0.388 -47.378 -9.632 0.004 0.501 0.725 0.422 0.751 0.501 0.751
3 16 -52.086 -12.113 -0.388 -56.672 -14.820 -0.388 -52.105 -12.089 0.004 0.422 0.776 0.422 0.800 0.501 0.776
3 16 -47.378 -9.632 0.004 -52.086 -12.113 -0.388 -52.105 -12.089 0.004 0.501 0.751 0.422 0.776 0.501 0.776
3 16 -56.672 -14.820 -0.388 -61.105 -17.770 -0.388 -56.692 -14.797 0.004 0.422 0.800 0.422 0.823 0.501 0.800
3 16 -52.105 -12.089 0.004 -56.672 -14.820 -0.388 -56.692 -14.797 0.004 0.501 0.776 0.422 0.800 0.501 0.800
3 16 -61.105 -17.770 -0.388 -65.373 -20.956 -0.388 -61.127 -17.749 0.004 0.422 0.823 0.422 0.846 0.501 0.823
3 16 -56.692 -14.797 0.004 -61.105 -17.770 -0.388 -61.127 -17.749 0.004 0.501 0.800 0.422 0.823 0.501 0.823
3 16 -65.373 -20.956 -0.388 -69.463 -24.366 -0.388 -65.396 -20.935 0.004 0.422 0.846 0.422 0.868 0.501 0.846
3 16 -61.127 -17.749 0.004 -65.373 -20.956 -0.388 -65.396 -20.935 0.004 0.501 0.823 0.422 0.846 0.501 0.846
3 16 -69.463 -24.366 -0.388 -73.363 -27.993 -0.388 -69.487 -24.347 0.004 0.422 0.868 0.422 0.888 0.501 0.868
3 16 -65.396 -20.935 0.004 -69.463 -24.366 -0.388 -69.487 -24.347 0.004 0.501 0.846 0.422 0.868 0.501 0.868
3 16 -73.363 -27.993 -0.388 -77.061 -31.824 -0.388 -73.388 -27.975 0.004 0.422 0.888 0.422 0.908 0.501 0.888
3 16 -69.487 -24.347 0.004 -73.363 -27.993 -0.388 -73.388 -27.975 0.004 0.501 0.868 0.422 0.888 0.501 0.888
3 16 -77.061 -31.824 -0.388 -80.548 -35.849 -0.388 -77.087 -31.808 0.004 0.422 0.908 0.422 0.926 0.501 0.908
3 16 -73.388 -27.975 0.004 -77.061 -31.824 -0.388 -77.087 -31.808 0.004 0.501 0.888 0.422 0.908 0.501 0.908
3 16 -80.548 -35.849 -0.388 -83.812 -40.056 -0.388 -80.575 -35.834 0.004 0.422 0.926 0.422 0.943 0.501 0.926
3 16 -77.087 -31.808 0.004 -80.548 -35.849 -0.388 -80.575 -35.834 0.004 0.501 0.908 0.422 0.926 0.501 0.926
3 16 -83.812 -40.056 -0.388 -86.845 -44.433 -0.388 -83.840 -40.043 0.004 0.422 0.943 0.422 0.959 0.501 0.944
3 16 -80.575 -35.834 0.004 -83.812 -40.056 -0.388 -83.840 -40.043 0.004 0.501 0.926 0.422 0.943 0.501 0.944
3 16 -86.845 -44.433 -0.388 -89.638 -48.968 -0.388 -86.874 -44.422 0.004 0.422 0.959 0.422 0.974 0.501 0.960
3 16 -83.840 -40.043 0.004 -86.845 -44.433 -0.388 -86.874 -44.422 0.004 0.501 0.944 0.422 0.959 0.501 0.960
3 16 -89.638 -48.968 -0.388 -92.182 -53.646 -0.388 -89.667 -48.958 0.004 0.422 0.974 0.422 0.988 0.501 0.974
3 16 -86.874 -44.422 0.004 -89.638 -48.968 -0.388 -89.667 -48.958 0.004 0.501 0.960 0.422 0.974 0.501 0.974
3 16 -92.182 -53.646 -0.388 -94.470 -58.455 -0.388 -92.212 -53.638 0.004 0.422 0.988 0.422 1.000 0.501 0.988
3 16 -89.667 -48.958 0.004 -92.182 -53.646 -0.388 -92.212 -53.638 0.004 0.501 0.974 0.422 0.988 0.501 0.988
3 16 -94.500 -58.449 0.004 -94.470 -58.455 -0.388 -94.500 -138.449 0.000 0.501 1.000 0.422 1.000 0.500 1.000
3 16 -94.470 -58.455 -0.388 -94.500 -58.449 0.004 -92.212 -53.638 0.004 0.422 1.000 0.501 1.000 0.501 0.988
3 16 56.927 -23.123 2.380 57.136 -22.825 2.230 52.782 -19.940 2.380 0.976 0.199 0.946 0.198 0.976 0.221
3 16 60.895 -26.525 2.380 61.121 -26.240 2.230 56.927 -23.123 2.380 0.976 0.178 0.946 0.177 0.976 0.199
3 16 57.136 -22.825 2.230 52.974 -19.630 2.230 52.782 -19.940 2.380 0.946 0.198 0.946 0.220 0.976 0.221
3 16 -94.500 -138.449 0.000 -92.212 -143.259 0.004 -94.470 -138.442 0.386 0.500 1.000 0.501 0.988 0.577 1.000
3 16 -94.500 -58.449 0.004 -94.500 -138.449 0.000 -94.470 -138.442 0.386 0.501 1.000 0.500 1.000 0.577 1.000
3 16 -92.212 -143.259 0.004 -89.667 -147.939 0.004 -92.181 -143.251 0.395 0.501 0.988 0.501 0.974 0.579 0.988
3 16 61.121 -26.240 2.230 57.136 -22.825 2.230 56.927 -23.123 2.380 0.946 0.177 0.946 0.198 0.976 0.199
3 16 -94.470 -138.442 0.386 -92.212 -143.259 0.004 -92.181 -143.251 0.395 0.577 1.000 0.501 0.988 0.579 0.988
3 16 -89.667 -147.939 0.004 -86.874 -152.475 0.004 -89.637 -147.929 0.395 0.501 0.974 0.501 0.960 0.579 0.974
3 16 -92.181 -143.251 0.395 -89.667 -147.939 0.004 -89.637 -147.929 0.395 0.579 0.988 0.501 0.974 0.579 0.974
3 16 -86.874 -152.475 0.004 -83.840 -156.854 0.004 -86.844 -152.464 0.395 0.501 0.960 0.501 0.944 0.579 0.959
3 16 -89.637 -147.929 0.395 -86.874 -152.475 0.004 -86.844 -152.464 0.395 0.579 0.974 0.501 0.960 0.579 0.959
3 16 -83.840 -156.854 0.004 -80.575 -161.063 0.004 -83.811 -156.841 0.395 0.501 0.944 0.501 0.926 0.579 0.943
3 16 -86.844 -152.464 0.395 -83.840 -156.854 0.004 -83.811 -156.841 0.395 0.579 0.959 0.501 0.944 0.579 0.943
3 16 -80.575 -161.063 0.004 -77.087 -165.090 0.004 -80.547 -161.048 0.395 0.501 0.926 0.501 0.908 0.579 0.926
3 16 -83.811 -156.841 0.395 -80.575 -161.063 0.004 -80.547 -161.048 0.395 0.579 0.943 0.501 0.926 0.579 0.926
3 16 -77.087 -165.090 0.004 -73.388 -168.923 0.004 -77.060 -165.073 0.395 0.501 0.908 0.501 0.888 0.579 0.908
3 16 -80.547 -161.048 0.395 -77.087 -165.090 0.004 -77.060 -165.073 0.395 0.579 0.926 0.501 0.908 0.579 0.908
3 16 -73.388 -168.923 0.004 -69.487 -172.550 0.004 -73.362 -168.904 0.395 0.501 0.888 0.501 0.868 0.579 0.888
3 16 -77.060 -165.073 0.395 -73.388 -168.923 0.004 -73.362 -168.904 0.395 0.579 0.908 0.501 0.888 0.579 0.888
3 16 -69.487 -172.550 0.004 -65.396 -175.962 0.004 -69.462 -172.530 0.395 0.501 0.868 0.501 0.846 0.579 0.868
3 16 -73.362 -168.904 0.395 -69.487 -172.550 0.004 -69.462 -172.530 0.395 0.579 0.888 0.501 0.868 0.579 0.868
3 16 -65.396 -175.962 0.004 -61.127 -179.149 0.004 -65.372 -175.941 0.395 0.501 0.846 0.501 0.823 0.579 0.846
3 16 -69.462 -172.530 0.395 -65.396 -175.962 0.004 -65.372 -175.941 0.395 0.579 0.868 0.501 0.846 0.579 0.846
3 16 -61.127 -179.149 0.004 -56.692 -182.100 0.004 -61.104 -179.126 0.395 0.501 0.823 0.501 0.800 0.579 0.823
3 16 -65.372 -175.941 0.395 -61.127 -179.149 0.004 -61.104 -179.126 0.395 0.579 0.846 0.501 0.823 0.579 0.823
3 16 -56.692 -182.100 0.004 -52.105 -184.809 0.004 -56.671 -182.077 0.395 0.501 0.800 0.501 0.776 0.579 0.800
3 16 -61.104 -179.126 0.395 -56.692 -182.100 0.004 -56.671 -182.077 0.395 0.579 0.823 0.501 0.800 0.579 0.800
3 16 -52.105 -184.809 0.004 -47.378 -187.265 0.004 -52.085 -184.784 0.395 0.501 0.776 0.501 0.751 0.579 0.776
3 16 -56.671 -182.077 0.395 -52.105 -184.809 0.004 -52.085 -184.784 0.395 0.579 0.800 0.501 0.776 0.579 0.776
3 16 -47.378 -187.265 0.004 -42.526 -189.464 0.004 -47.360 -187.239 0.395 0.501 0.751 0.501 0.725 0.579 0.751
3 16 -52.085 -184.784 0.395 -47.378 -187.265 0.004 -47.360 -187.239 0.395 0.579 0.776 0.501 0.751 0.579 0.751
3 16 -42.526 -189.464 0.004 -37.562 -191.397 0.004 -42.509 -189.437 0.395 0.501 0.725 0.501 0.699 0.579 0.725
3 16 -47.360 -187.239 0.395 -42.526 -189.464 0.004 -42.509 -189.437 0.395 0.579 0.751 0.501 0.725 0.579 0.725
3 16 -37.562 -191.397 0.004 -32.502 -193.060 0.004 -37.547 -191.369 0.395 0.501 0.699 0.501 0.672 0.579 0.699
3 16 -42.509 -189.437 0.395 -37.562 -191.397 0.004 -37.547 -191.369 0.395 0.579 0.725 0.501 0.699 0.579 0.699
3 16 -32.502 -193.060 0.004 -27.358 -194.448 0.004 -32.488 -193.032 0.395 0.501 0.672 0.501 0.645 0.579 0.672
3 16 -37.547 -191.369 0.395 -32.502 -193.060 0.004 -32.488 -193.032 0.395 0.579 0.699 0.501 0.672 0.579 0.672
3 16 -27.358 -194.448 0.004 -22.148 -195.557 0.004 -27.347 -194.419 0.395 0.501 0.645 0.501 0.617 0.579 0.645
3 16 -32.488 -193.032 0.395 -27.358 -194.448 0.004 -27.347 -194.419 0.395 0.579 0.672 0.501 0.645 0.579 0.645
3 16 -22.148 -195.557 0.004 -16.885 -196.382 0.004 -22.138 -195.527 0.395 0.501 0.617 0.501 0.589 0.579 0.617
3 16 -27.347 -194.419 0.395 -22.148 -195.557 0.004 -22.138 -195.527 0.395 0.579 0.645 0.501 0.617 0.579 0.617
3 16 -16.885 -196.382 0.004 -11.586 -196.923 0.004 -16.877 -196.352 0.395 0.501 0.589 0.501 0.561 0.579 0.589
3 16 -22.138 -195.527 0.395 -16.885 -196.382 0.004 -16.877 -196.352 0.395 0.579 0.617 0.501 0.589 0.579 0.589
3 16 -11.586 -196.923 0.004 -6.265 -197.177 0.004 -11.579 -196.892 0.395 0.501 0.561 0.501 0.533 0.579 0.561
3 16 -16.877 -196.352 0.395 -11.586 -196.923 0.004 -11.579 -196.892 0.395 0.579 0.589 0.501 0.561 0.579 0.561
3 16 -6.265 -197.177 0.004 -0.938 -197.144 0.004 -6.260 -197.146 0.395 0.501 0.533 0.501 0.505 0.579 0.533
3 16 -11.579 -196.892 0.395 -6.265 -197.177 0.004 -6.260 -197.146 0.395 0.579 0.561 0.501 0.533 0.579 0.533
3 16 -0.938 -197.144 0.004 4.380 -196.824 0.004 -0.935 -197.113 0.395 0.501 0.505 0.501 0.477 0.579 0.505
3 16 -6.260 -197.146 0.395 -0.938 -197.144 0.004 -0.935 -197.113 0.395 0.579 0.533 0.501 0.505 0.579 0.505
3 16 4.380 -196.824 0.004 9.672 -196.218 0.004 4.381 -196.793 0.395 0.501 0.477 0.501 0.449 0.579 0.477
3 16 -0.935 -197.113 0.395 4.380 -196.824 0.004 4.381 -196.793 0.395 0.579 0.505 0.501 0.477 0.579 0.477
3 16 9.672 -196.218 0.004 14.924 -195.326 0.004 9.671 -196.186 0.395 0.501 0.449 0.501 0.421 0.579 0.449
3 16 4.381 -196.793 0.395 9.672 -196.218 0.004 9.671 -196.186 0.395 0.579 0.477 0.501 0.449 0.579 0.449
3 16 14.924 -195.326 0.004 20.120 -194.154 0.004 14.921 -195.295 0.395 0.501 0.421 0.501 0.394 0.579 0.421
3 16 9.671 -196.186 0.395 14.924 -195.326 0.004 14.921 -195.295 0.395 0.579 0.449 0.501 0.421 0.579 0.421
3 16 20.120 -194.154 0.004 25.246 -192.702 0.004 20.116 -194.122 0.395 0.501 0.394 0.501 0.366 0.579 0.394
3 16 14.921 -195.295 0.395 20.120 -194.154 0.004 20.116 -194.122 0.395 0.579 0.421 0.501 0.394 0.579 0.394
3 16 25.246 -192.702 0.004 30.286 -190.976 0.004 25.239 -192.671 0.395 0.501 0.366 0.501 0.340 0.579 0.366
3 16 20.116 -194.122 0.395 25.246 -192.702 0.004 25.239 -192.671 0.395 0.579 0.394 0.501 0.366 0.579 0.366
3 16 30.286 -190.976 0.004 35.225 -188.981 0.004 30.277 -190.946 0.395 0.501 0.340 0.501 0.314 0.579 0.340
3 16 25.239 -192.671 0.395 30.286 -190.976 0.004 30.277 -190.946 0.395 0.579 0.366 0.501 0.340 0.579 0.340
3 16 35.225 -188.981 0.004 40.049 -186.723 0.004 35.215 -188.951 0.395 0.501 0.314 0.501 0.288 0.579 0.314
3 16 30.277 -190.946 0.395 35.225 -188.981 0.004 35.215 -188.951 0.395 0.579 0.340 0.501 0.314 0.579 0.314
3 16 40.049 -186.723 0.004 44.745 -184.207 0.004 40.038 -186.693 0.395 0.501 0.288 0.501 0.263 0.579 0.288
3 16 35.215 -188.951 0.395 40.049 -186.723 0.004 40.038 -186.693 0.395 0.579 0.314 0.501 0.288 0.579 0.288
3 16 44.745 -184.207 0.004 49.299 -181.442 0.004 44.732 -184.179 0.395 0.501 0.263 0.501 0.239 0.579 0.263
3 16 40.038 -186.693 0.395 44.745 -184.207 0.004 44.732 -184.179 0.395 0.579 0.288 0.501 0.263 0.579 0.263
3 16 49.299 -181.442 0.004 53.696 -178.436 0.004 49.284 -181.415 0.395 0.501 0.239 0.501 0.216 0.579 0.239
3 16 44.732 -184.179 0.395 49.299 -181.442 0.004 49.284 -181.415 0.395 0.579 0.263 0.501 0.239 0.579 0.239
3 16 53.696 -178.436 0.004 57.925 -175.197 0.004 53.680 -178.409 0.395 0.501 0.216 0.501 0.194 0.579 0.216
3 16 49.284 -181.415 0.395 53.696 -178.436 0.004 53.680 -178.409 0.395 0.579 0.239 0.501 0.216 0.579 0.216
3 16 57.925 -175.197 0.004 61.973 -171.734 0.004 57.907 -175.171 0.395 0.501 0.194 0.501 0.172 0.579 0.194
3 16 53.680 -178.409 0.395 57.925 -175.197 0.004 57.907 -175.171 0.395 0.579 0.216 0.501 0.194 0.579 0.194
3 16 61.973 -171.734 0.004 65.829 -168.059 0.004 61.954 -171.710 0.395 0.501 0.172 0.501 0.152 0.579 0.172
3 16 57.907 -175.171 0.395 61.973 -171.734 0.004 61.954 -171.710 0.395 0.579 0.194 0.501 0.172 0.579 0.172
3 16 65.829 -168.059 0.004 69.481 -164.180 0.004 65.808 -168.035 0.395 0.501 0.152 0.501 0.132 0.579 0.152
3 16 61.954 -171.710 0.395 65.829 -168.059 0.004 65.808 -168.035 0.395 0.579 0.172 0.501 0.152 0.579 0.152
3 16 69.481 -164.180 0.004 72.918 -160.110 0.004 69.459 -164.158 0.395 0.501 0.132 0.501 0.114 0.579 0.132
3 16 65.808 -168.035 0.395 69.481 -164.180 0.004 69.459 -164.158 0.395 0.579 0.152 0.501 0.132 0.579 0.132
3 16 72.918 -160.110 0.004 76.131 -155.861 0.004 72.895 -160.090 0.395 0.501 0.114 0.501 0.097 0.579 0.114
3 16 69.459 -164.158 0.395 72.918 -160.110 0.004 72.895 -160.090 0.395 0.579 0.132 0.501 0.114 0.579 0.114
3 16 76.131 -155.861 0.004 79.110 -151.445 0.004 76.107 -155.842 0.395 0.501 0.097 0.501 0.081 0.579 0.097
3 16 72.895 -160.090 0.395 76.131 -155.861 0.004 76.107 -155.842 0.395 0.579 0.114 0.501 0.097 0.579 0.097
3 16 79.110 -151.445 0.004 81.847 -146.875 0.004 79.085 -151.427 0.395 0.501 0.081 0.501 0.067 0.579 0.082
3 16 76.107 -155.842 0.395 79.110 -151.445 0.004 79.085 -151.427 0.395 0.579 0.097 0.501 0.081 0.579 0.082
3 16 81.847 -146.875 0.004 84.333 -142.164 0.004 81.820 -146.858 0.395 0.501 0.067 0.501 0.054 0.579 0.067
3 16 79.085 -151.427 0.395 81.847 -146.875 0.004 81.820 -146.858 0.395 0.579 0.082 0.501 0.067 0.579 0.067
3 16 84.333 -142.164 0.004 86.562 -137.325 0.004 84.305 -142.149 0.395 0.501 0.054 0.501 0.042 0.579 0.054
3 16 81.820 -146.858 0.395 84.333 -142.164 0.004 84.305 -142.149 0.395 0.579 0.067 0.501 0.054 0.579 0.054
3 16 86.562 -137.325 0.004 88.526 -132.373 0.004 86.533 -137.312 0.395 0.501 0.042 0.501 0.032 0.579 0.042
3 16 84.305 -142.149 0.395 86.562 -137.325 0.004 86.533 -137.312 0.395 0.579 0.054 0.501 0.042 0.579 0.042
3 16 88.526 -132.373 0.004 90.220 -127.323 0.004 88.497 -132.362 0.395 0.501 0.032 0.501 0.023 0.579 0.032
3 16 86.533 -137.312 0.395 88.526 -132.373 0.004 88.497 -132.362 0.395 0.579 0.042 0.501 0.032 0.579 0.032
3 16 90.220 -127.323 0.004 91.640 -122.189 0.004 90.190 -127.313 0.395 0.501 0.023 0.501 0.015 0.579 0.023
3 16 88.497 -132.362 0.395 90.220 -127.323 0.004 90.190 -127.313 0.395 0.579 0.032 0.501 0.023 0.579 0.023
3 16 91.640 -122.189 0.004 92.781 -116.985 0.004 91.610 -122.180 0.395 0.501 0.015 0.501 0.009 0.579 0.015
3 16 90.190 -127.313 0.395 91.640 -122.189 0.004 91.610 -122.180 0.395 0.579 0.023 0.501 0.015 0.579 0.015
3 16 92.781 -116.985 0.004 93.639 -111.728 0.004 92.750 -116.979 0.395 0.501 0.009 0.501 0.005 0.579 0.009
3 16 91.610 -122.180 0.395 92.781 -116.985 0.004 92.750 -116.979 0.395 0.579 0.015 0.501 0.009 0.579 0.009
3 16 93.639 -111.728 0.004 94.213 -106.432 0.004 93.608 -111.723 0.395 0.501 0.005 0.501 0.002 0.579 0.005
3 16 92.750 -116.979 0.395 93.639 -111.728 0.004 93.608 -111.723 0.395 0.579 0.009 0.501 0.005 0.579 0.005
3 16 94.213 -106.432 0.004 94.500 -101.112 0.004 94.182 -106.429 0.395 0.501 0.002 0.501 0.000 0.579 0.002
3 16 93.608 -111.723 0.395 94.213 -106.432 0.004 94.182 -106.429 0.395 0.579 0.005 0.501 0.002 0.579 0.002
3 16 94.500 -101.112 0.004 94.500 -95.785 0.004 94.469 -101.111 0.395 0.501 0.000 0.501 0.000 0.579 0.000
3 16 94.182 -106.429 0.395 94.500 -101.112 0.004 94.469 -101.111 0.395 0.579 0.002 0.501 0.000 0.579 0.000
3 16 94.500 -95.785 0.004 94.213 -90.466 0.004 94.469 -95.786 0.395 0.501 0.000 0.501 0.002 0.579 0.000
3 16 94.469 -101.111 0.395 94.500 -95.785 0.004 94.469 -95.786 0.395 0.579 0.000 0.501 0.000 0.579 0.000
3 16 94.213 -90.466 0.004 93.639 -85.170 0.004 94.182 -90.469 0.395 0.501 0.002 0.501 0.005 0.579 0.002
3 16 94.469 -95.786 0.395 94.213 -90.466 0.004 94.182 -90.469 0.395 0.579 0.000 0.501 0.002 0.579 0.002
3 16 93.639 -85.170 0.004 92.781 -79.912 0.004 93.608 -85.174 0.395 0.501 0.005 0.501 0.009 0.579 0.005
3 16 94.182 -90.469 0.395 93.639 -85.170 0.004 93.608 -85.174 0.395 0.579 0.002 0.501 0.005 0.579 0.005
3 16 92.781 -79.912 0.004 91.640 -74.709 0.004 92.750 -79.919 0.395 0.501 0.009 0.501 0.015 0.579 0.009
3 16 93.608 -85.174 0.395 92.781 -79.912 0.004 92.750 -79.919 0.395 0.579 0.005 0.501 0.009 0.579 0.009
3 16 91.640 -74.709 0.004 90.220 -69.574 0.004 90.190 -69.584 0.395 0.501 0.015 0.501 0.023 0.579 0.023
3 16 92.750 -79.919 0.395 91.640 -74.709 0.004 91.610 -74.717 0.395 0.579 0.009 0.501 0.015 0.579 0.015
3 16 91.610 -74.717 0.395 91.640 -74.709 0.004 90.190 -69.584 0.395 0.579 0.015 0.501 0.015 0.579 0.023
3 16 90.220 -69.574 0.004 88.526 -64.524 0.004 88.497 -64.536 0.395 0.501 0.023 0.501 0.032 0.579 0.032
3 16 90.190 -69.584 0.395 90.220 -69.574 0.004 88.497 -64.536 0.395 0.579 0.023 0.501 0.023 0.579 0.032
3 16 88.526 -64.524 0.004 86.562 -59.572 0.004 86.533 -59.586 0.395 0.501 0.032 0.501 0.042 0.579 0.042
3 16 88.497 -64.536 0.395 88.526 -64.524 0.004 86.533 -59.586 0.395 0.579 0.032 0.501 0.032 0.579 0.042
3 16 86.562 -59.572 0.004 84.333 -54.734 0.004 84.305 -54.749 0.395 0.501 0.042 0.501 0.054 0.579 0.054
3 16 86.533 -59.586 0.395 86.562 -59.572 0.004 84.305 -54.749 0.395 0.579 0.042 0.501 0.042 0.579 0.054
3 16 84.333 -54.734 0.004 81.847 -50.023 0.004 81.820 -50.039 0.395 0.501 0.054 0.501 0.067 0.579 0.067
3 16 84.305 -54.749 0.395 84.333 -54.734 0.004 81.820 -50.039 0.395 0.579 0.054 0.501 0.054 0.579 0.067
3 16 81.847 -50.023 0.004 79.110 -45.452 0.004 79.085 -45.470 0.395 0.501 0.067 0.501 0.081 0.579 0.082
3 16 81.820 -50.039 0.395 81.847 -50.023 0.004 79.085 -45.470 0.395 0.579 0.067 0.501 0.067 0.579 0.082
3 16 79.110 -45.452 0.004 76.131 -41.036 0.004 76.107 -41.056 0.395 0.501 0.081 0.501 0.097 0.579 0.097
3 16 79.085 -45.470 0.395 79.110 -45.452 0.004 76.107 -41.056 0.395 0.579 0.082 0.501 0.081 0.579 0.097
3 16 76.131 -41.036 0.004 72.918 -36.787 0.004 72.895 -36.808 0.395 0.501 0.097 0.501 0.114 0.579 0.114
3 16 76.107 -41.056 0.395 76.131 -41.036 0.004 72.895 -36.808 0.395 0.579 0.097 0.501 0.097 0.579 0.114
3 16 72.918 -36.787 0.004 69.481 -32.717 0.004 69.459 -32.740 0.395 0.501 0.114 0.501 0.132 0.579 0.132
3 16 72.895 -36.808 0.395 72.918 -36.787 0.004 69.459 -32.740 0.395 0.579 0.114 0.501 0.114 0.579 0.132
3 16 69.481 -32.717 0.004 65.829 -28.839 0.004 65.808 -28.862 0.395 0.501 0.132 0.501 0.152 0.579 0.152
3 16 69.459 -32.740 0.395 69.481 -32.717 0.004 65.808 -28.862 0.395 0.579 0.132 0.501 0.132 0.579 0.152
3 16 65.829 -28.839 0.004 61.973 -25.163 0.004 61.954 -25.188 0.395 0.501 0.152 0.501 0.172 0.579 0.172
3 16 65.808 -28.862 0.395 65.829 -28.839 0.004 61.954 -25.188 0.395 0.579 0.152 0.501 0.152 0.579 0.172
3 16 61.973 -25.163 0.004 57.925 -21.701 0.004 57.907 -21.726 0.395 0.501 0.172 0.501 0.194 0.579 0.194
3 16 61.954 -25.188 0.395 61.973 -25.163 0.004 57.907 -21.726 0.395 0.579 0.172 0.501 0.172 0.579 0.194
3 16 57.925 -21.701 0.004 53.696 -18.461 0.004 53.680 -18.488 0.395 0.501 0.194 0.501 0.216 0.579 0.216
3 16 57.907 -21.726 0.395 57.925 -21.701 0.004 53.680 -18.488 0.395 0.579 0.194 0.501 0.194 0.579 0.216
3 16 53.696 -18.461 0.004 49.299 -15.455 0.004 49.284 -15.483 0.395 0.501 0.216 0.501 0.239 0.579 0.239
3 16 53.680 -18.488 0.395 53.696 -18.461 0.004 49.284 -15.483 0.395 0.579 0.216 0.501 0.216 0.579 0.239
3 16 49.299 -15.455 0.004 44.745 -12.690 0.004 44.732 -12.719 0.395 0.501 0.239 0.501 0.263 0.579 0.263
3 16 49.284 -15.483 0.395 49.299 -15.455 0.004 44.732 -12.719 0.395 0.579 0.239 0.501 0.239 0.579 0.263
3 16 44.745 -12.690 0.004 40.049 -10.175 0.004 40.038 -10.204 0.395 0.501 0.263 0.501 0.288 0.579 0.288
3 16 44.732 -12.719 0.395 44.745 -12.690 0.004 40.038 -10.204 0.395 0.579 0.263 0.501 0.263 0.579 0.288
3 16 40.049 -10.175 0.004 35.225 -7.916 0.004 35.215 -7.946 0.395 0.501 0.288 0.501 0.314 0.579 0.314
3 16 40.038 -10.204 0.395 40.049 -10.175 0.004 35.215 -7.946 0.395 0.579 0.288 0.501 0.288 0.579 0.314
3 16 35.225 -7.916 0.004 30.286 -5.921 0.004 30.277 -5.952 0.395 0.501 0.314 0.501 0.340 0.579 0.340
3 16 35.215 -7.946 0.395 35.225 -7.916 0.004 30.277 -5.952 0.395 0.579 0.314 0.501 0.314 0.579 0.340
3 16 30.286 -5.921 0.004 25.246 -4.195 0.004 25.239 -4.226 0.395 0.501 0.340 0.501 0.366 0.579 0.366
3 16 30.277 -5.952 0.395 30.286 -5.921 0.004 25.239 -4.226 0.395 0.579 0.340 0.501 0.340 0.579 0.366
3 16 25.246 -4.195 0.004 20.120 -2.744 0.004 20.116 -2.775 0.395 0.501 0.366 0.501 0.394 0.579 0.394
3 16 25.239 -4.226 0.395 25.246 -4.195 0.004 20.116 -2.775 0.395 0.579 0.366 0.501 0.366 0.579 0.394
3 16 20.120 -2.744 0.004 14.924 -1.571 0.004 14.921 -1.602 0.395 0.501 0.394 0.501 0.421 0.579 0.421
3 16 20.116 -2.775 0.395 20.120 -2.744 0.004 14.921 -1.602 0.395 0.579 0.394 0.501 0.394 0.579 0.421
3 16 14.924 -1.571 0.004 9.672 -0.680 0.004 9.671 -0.711 0.395 0.501 0.421 0.501 0.449 0.579 0.449
3 16 14.921 -1.602 0.395 14.924 -1.571 0.004 9.671 -0.711 0.395 0.579 0.421 0.501 0.421 0.579 0.449
3 16 9.672 -0.680 0.004 4.380 -0.073 0.004 4.381 -0.105 0.395 0.501 0.449 0.501 0.477 0.579 0.477
3 16 9.671 -0.711 0.395 9.672 -0.680 0.004 4.381 -0.105 0.395 0.579 0.449 0.501 0.449 0.579 0.477
3 16 4.380 -0.073 0.004 -0.938 0.247 0.004 -0.935 0.215 0.395 0.501 0.477 0.501 0.505 0.579 0.505
3 16 4.381 -0.105 0.395 4.380 -0.073 0.004 -0.935 0.215 0.395 0.579 0.477 0.501 0.477 0.579 0.505
3 16 -0.938 0.247 0.004 -6.265 0.280 0.004 -6.260 0.249 0.395 0.501 0.505 0.501 0.533 0.579 0.533
3 16 -0.935 0.215 0.395 -0.938 0.247 0.004 -6.260 0.249 0.395 0.579 0.505 0.501 0.505 0.579 0.533
3 16 -6.265 0.280 0.004 -11.586 0.026 0.004 -11.579 -0.005 0.395 0.501 0.533 0.501 0.561 0.579 0.561
3 16 -6.260 0.249 0.395 -6.265 0.280 0.004 -11.579 -0.005 0.395 0.579 0.533 0.501 0.533 0.579 0.561
3 16 -11.586 0.026 0.004 -16.885 -0.515 0.004 -16.877 -0.546 0.395 0.501 0.561 0.501 0.589 0.579 0.589
3 16 -11.579 -0.005 0.395 -11.586 0.026 0.004 -16.877 -0.546 0.395 0.579 0.561 0.501 0.561 0.579 0.589
3 16 -16.885 -0.515 0.004 -22.148 -1.341 0.004 -22.138 -1.371 0.395 0.501 0.589 0.501 0.617 0.579 0.617
3 16 -16.877 -0.546 0.395 -16.885 -0.515 0.004 -22.138 -1.371 0.395 0.579 0.589 0.501 0.589 0.579 0.617
3 16 -22.148 -1.341 0.004 -27.358 -2.449 0.004 -27.347 -2.479 0.395 0.501 0.617 0.501 0.645 0.579 0.645
3 16 -22.138 -1.371 0.395 -22.148 -1.341 0.004 -27.347 -2.479 0.395 0.579 0.617 0.501 0.617 0.579 0.645
3 16 -27.358 -2.449 0.004 -32.502 -3.837 0.004 -32.488 -3.866 0.395 0.501 0.645 0.501 0.672 0.579 0.672
3 16 -27.347 -2.479 0.395 -27.358 -2.449 0.004 -32.488 -3.866 0.395 0.579 0.645 0.501 0.645 0.579 0.672
3 16 -32.502 -3.837 0.004 -37.562 -5.500 0.004 -37.547 -5.528 0.395 0.501 0.672 0.501 0.699 0.579 0.699
3 16 -32.488 -3.866 0.395 -32.502 -3.837 0.004 -37.547 -5.528 0.395 0.579 0.672 0.501 0.672 0.579 0.699
3 16 -37.562 -5.500 0.004 -42.526 -7.434 0.004 -42.509 -7.461 0.395 0.501 0.699 0.501 0.725 0.579 0.725
3 16 -37.547 -5.528 0.395 -37.562 -5.500 0.004 -42.509 -7.461 0.395 0.579 0.699 0.501 0.699 0.579 0.725
3 16 -42.526 -7.434 0.004 -47.378 -9.632 0.004 -47.360 -9.658 0.395 0.501 0.725 0.501 0.751 0.579 0.751
3 16 -42.509 -7.461 0.395 -42.526 -7.434 0.004 -47.360 -9.658 0.395 0.579 0.725 0.501 0.725 0.579 0.751
3 16 -47.378 -9.632 0.004 -52.105 -12.089 0.004 -52.085 -12.114 0.395 0.501 0.751 0.501 0.776 0.579 0.776
3 16 -47.360 -9.658 0.395 -47.378 -9.632 0.004 -52.085 -12.114 0.395 0.579 0.751 0.501 0.751 0.579 0.776
3 16 -52.105 -12.089 0.004 -56.692 -14.797 0.004 -56.671 -14.821 0.395 0.501 0.776 0.501 0.800 0.579 0.800
3 16 -52.085 -12.114 0.395 -52.105 -12.089 0.004 -56.671 -14.821 0.395 0.579 0.776 0.501 0.776 0.579 0.800
3 16 -56.692 -14.797 0.004 -61.127 -17.749 0.004 -61.104 -17.771 0.395 0.501 0.800 0.501 0.823 0.579 0.823
3 16 -56.671 -14.821 0.395 -56.692 -14.797 0.004 -61.104 -17.771 0.395 0.579 0.800 0.501 0.800 0.579 0.823
3 16 -61.127 -17.749 0.004 -65.396 -20.935 0.004 -65.372 -20.956 0.395 0.501 0.823 0.501 0.846 0.579 0.846
3 16 -61.104 -17.771 0.395 -61.127 -17.749 0.004 -65.372 -20.956 0.395 0.579 0.823 0.501 0.823 0.579 0.846
3 16 -65.396 -20.935 0.004 -69.487 -24.347 0.004 -69.462 -24.367 0.395 0.501 0.846 0.501 0.868 0.579 0.868
3 16 -65.372 -20.956 0.395 -65.396 -20.935 0.004 -69.462 -24.367 0.395 0.579 0.846 0.501 0.846 0.579 0.868
3 16 -69.487 -24.347 0.004 -73.388 -27.975 0.004 -73.362 -27.993 0.395 0.501 0.868 0.501 0.888 0.579 0.888
3 16 -69.462 -24.367 0.395 -69.487 -24.347 0.004 -73.362 -27.993 0.395 0.579 0.868 0.501 0.868 0.579 0.888
3 16 -73.388 -27.975 0.004 -77.087 -31.808 0.004 -77.060 -31.824 0.395 0.501 0.888 0.501 0.908 0.579 0.908
3 16 -73.362 -27.993 0.395 -73.388 -27.975 0.004 -77.060 -31.824 0.395 0.579 0.888 0.501 0.888 0.579 0.908
3 16 -77.087 -31.808 0.004 -80.575 -35.834 0.004 -80.547 -35.849 0.395 0.501 0.908 0.501 0.926 0.579 0.926
3 16 -77.060 -31.824 0.395 -77.087 -31.808 0.004 -80.547 -35.849 0.395 0.579 0.908 0.501 0.908 0.579 0.926
3 16 -80.575 -35.834 0.004 -83.840 -40.043 0.004 -83.811 -40.057 0.395 0.501 0.926 0.501 0.944 0.579 0.943
3 16 -80.547 -35.849 0.395 -80.575 -35.834 0.004 -83.811 -40.057 0.395 0.579 0.926 0.501 0.926 0.579 0.943
3 16 -83.840 -40.043 0.004 -86.874 -44.422 0.004 -86.844 -44.434 0.395 0.501 0.944 0.501 0.960 0.579 0.959
3 16 -83.811 -40.057 0.395 -83.840 -40.043 0.004 -86.844 -44.434 0.395 0.579 0.943 0.501 0.944 0.579 0.959
3 16 -86.874 -44.422 0.004 -89.667 -48.958 0.004 -89.637 -48.968 0.395 0.501 0.960 0.501 0.974 0.579 0.974
3 16 -86.844 -44.434 0.395 -86.874 -44.422 0.004 -89.637 -48.968 0.395 0.579 0.959 0.501 0.960 0.579 0.974
3 16 -89.667 -48.958 0.004 -92.212 -53.638 0.004 -92.181 -53.646 0.395 0.501 0.974 0.501 0.988 0.579 0.988
3 16 -89.637 -48.968 0.395 -89.667 -48.958 0.004 -92.181 -53.646 0.395 0.579 0.974 0.501 0.974 0.579 0.988
3 16 -92.212 -53.638 0.004 -94.500 -58.449 0.004 -94.469 -58.455 0.395 0.501 0.988 0.501 1.000 0.579 1.000
3 16 -92.212 -53.638 0.004 -94.469 -58.455 0.395 -92.181 -53.646 0.395 0.501 0.988 0.579 1.000 0.579 0.988
3 16 -94.469 -58.455 0.395 -94.500 -58.449 0.004 -94.470 -138.442 0.386 0.579 1.000 0.501 1.000 0.577 1.000
3 16 64.673 -30.136 2.380 64.915 -29.864 2.230 60.895 -26.525 2.380 0.976 0.158 0.946 0.157 0.976 0.178
3 16 68.252 -33.944 2.380 68.510 -33.687 2.230 64.673 -30.136 2.380 0.976 0.139 0.946 0.138 0.976 0.158
3 16 64.915 -29.864 2.230 61.121 -26.240 2.230 60.895 -26.525 2.380 0.946 0.157 0.946 0.177 0.976 0.178
3 16 -94.470 -138.442 0.386 -92.181 -143.251 0.395 -94.380 -138.423 0.764 0.577 1.000 0.579 0.988 0.653 0.999
3 16 -94.469 -58.455 0.395 -94.470 -138.442 0.386 -94.380 -138.423 0.764 0.579 1.000 0.577 1.000 0.653 0.999
3 16 -92.181 -143.251 0.395 -89.637 -147.929 0.395 -92.090 -143.226 0.777 0.579 0.988 0.579 0.974 0.655 0.987
3 16 68.510 -33.687 2.230 64.915 -29.864 2.230 64.673 -30.136 2.380 0.946 0.138 0.946 0.157 0.976 0.158
3 16 -94.380 -138.423 0.764 -92.181 -143.251 0.395 -92.090 -143.226 0.777 0.653 0.999 0.579 0.988 0.655 0.987
3 16 -89.637 -147.929 0.395 -86.844 -152.464 0.395 -89.547 -147.899 0.777 0.579 0.974 0.579 0.959 0.655 0.974
3 16 -92.090 -143.226 0.777 -89.637 -147.929 0.395 -89.547 -147.899 0.777 0.655 0.987 0.579 0.974 0.655 0.974
3 16 -86.844 -152.464 0.395 -83.811 -156.841 0.395 -86.757 -152.428 0.777 0.579 0.959 0.579 0.943 0.655 0.959
3 16 -89.547 -147.899 0.777 -86.844 -152.464 0.395 -86.757 -152.428 0.777 0.655 0.974 0.579 0.959 0.655 0.959
3 16 -83.811 -156.841 0.395 -80.547 -161.048 0.395 -83.726 -156.801 0.777 0.579 0.943 0.579 0.926 0.655 0.943
3 16 -86.757 -152.428 0.777 -83.811 -156.841 0.395 -83.726 -156.801 0.777 0.655 0.959 0.579 0.943 0.655 0.943
3 16 -80.547 -161.048 0.395 -77.060 -165.073 0.395 -80.464 -161.003 0.777 0.579 0.926 0.579 0.908 0.655 0.926
3 16 -83.726 -156.801 0.777 -80.547 -161.048 0.395 -80.464 -161.003 0.777 0.655 0.943 0.579 0.926 0.655 0.926
3 16 -77.060 -165.073 0.395 -73.362 -168.904 0.395 -76.980 -165.023 0.777 0.579 0.908 0.579 0.888 0.655 0.907
3 16 -80.464 -161.003 0.777 -77.060 -165.073 0.395 -76.980 -165.023 0.777 0.655 0.926 0.579 0.908 0.655 0.907
3 16 -73.362 -168.904 0.395 -69.462 -172.530 0.395 -73.285 -168.850 0.777 0.579 0.888 0.579 0.868 0.655 0.888
3 16 -76.980 -165.023 0.777 -73.362 -168.904 0.395 -73.285 -168.850 0.777 0.655 0.907 0.579 0.888 0.655 0.888
3 16 -69.462 -172.530 0.395 -65.372 -175.941 0.395 -69.388 -172.472 0.777 0.579 0.868 0.579 0.846 0.655 0.867
3 16 -73.285 -168.850 0.777 -69.462 -172.530 0.395 -69.388 -172.472 0.777 0.655 0.888 0.579 0.868 0.655 0.867
3 16 -65.372 -175.941 0.395 -61.104 -179.126 0.395 -65.302 -175.879 0.777 0.579 0.846 0.579 0.823 0.655 0.846
3 16 -69.388 -172.472 0.777 -65.372 -175.941 0.395 -65.302 -175.879 0.777 0.655 0.867 0.579 0.846 0.655 0.846
3 16 -61.104 -179.126 0.395 -56.671 -182.077 0.395 -61.038 -179.060 0.777 0.579 0.823 0.579 0.800 0.655 0.823
3 16 -65.302 -175.879 0.777 -61.104 -179.126 0.395 -61.038 -179.060 0.777 0.655 0.846 0.579 0.823 0.655 0.823
3 16 -56.671 -182.077 0.395 -52.085 -184.784 0.395 -56.609 -182.007 0.777 0.579 0.800 0.579 0.776 0.655 0.800
3 16 -61.038 -179.060 0.777 -56.671 -182.077 0.395 -56.609 -182.007 0.777 0.655 0.823 0.579 0.800 0.655 0.800
3 16 -52.085 -184.784 0.395 -47.360 -187.239 0.395 -52.027 -184.710 0.777 0.579 0.776 0.579 0.751 0.655 0.775
3 16 -56.609 -182.007 0.777 -52.085 -184.784 0.395 -52.027 -184.710 0.777 0.655 0.800 0.579 0.776 0.655 0.775
3 16 -47.360 -187.239 0.395 -42.509 -189.437 0.395 -47.307 -187.163 0.777 0.579 0.751 0.579 0.725 0.655 0.750
3 16 -52.027 -184.710 0.777 -47.360 -187.239 0.395 -47.307 -187.163 0.777 0.655 0.775 0.579 0.751 0.655 0.750
3 16 -42.509 -189.437 0.395 -37.547 -191.369 0.395 -42.461 -189.357 0.777 0.579 0.725 0.579 0.699 0.655 0.725
3 16 -47.307 -187.163 0.777 -42.509 -189.437 0.395 -42.461 -189.357 0.777 0.655 0.750 0.579 0.725 0.655 0.725
3 16 -37.547 -191.369 0.395 -32.488 -193.032 0.395 -37.503 -191.287 0.777 0.579 0.699 0.579 0.672 0.655 0.698
3 16 -42.461 -189.357 0.777 -37.547 -191.369 0.395 -37.503 -191.287 0.777 0.655 0.725 0.579 0.699 0.655 0.698
3 16 -32.488 -193.032 0.395 -27.347 -194.419 0.395 -32.449 -192.947 0.777 0.579 0.672 0.579 0.645 0.655 0.672
3 16 -37.503 -191.287 0.777 -32.488 -193.032 0.395 -32.449 -192.947 0.777 0.655 0.698 0.579 0.672 0.655 0.672
3 16 -27.347 -194.419 0.395 -22.138 -195.527 0.395 -27.312 -194.332 0.777 0.579 0.645 0.579 0.617 0.655 0.645
3 16 -32.449 -192.947 0.777 -27.347 -194.419 0.395 -27.312 -194.332 0.777 0.655 0.672 0.579 0.645 0.655 0.645
3 16 -22.138 -195.527 0.395 -16.877 -196.352 0.395 -22.109 -195.438 0.777 0.579 0.617 0.579 0.589 0.655 0.617
3 16 -27.312 -194.332 0.777 -22.138 -195.527 0.395 -22.109 -195.438 0.777 0.655 0.645 0.579 0.617 0.655 0.617
3 16 -16.877 -196.352 0.395 -11.579 -196.892 0.395 -16.853 -196.262 0.777 0.579 0.589 0.579 0.561 0.655 0.589
3 16 -22.109 -195.438 0.777 -16.877 -196.352 0.395 -16.853 -196.262 0.777 0.655 0.617 0.579 0.589 0.655 0.589
3 16 -11.579 -196.892 0.395 -6.260 -197.146 0.395 -11.561 -196.801 0.777 0.579 0.561 0.579 0.533 0.655 0.561
3 16 -16.853 -196.262 0.777 -11.579 -196.892 0.395 -11.561 -196.801 0.777 0.655 0.589 0.579 0.561 0.655 0.561
3 16 -6.260 -197.146 0.395 -0.935 -197.113 0.395 -6.247 -197.054 0.777 0.579 0.533 0.579 0.505 0.655 0.533
3 16 -11.561 -196.801 0.777 -6.260 -197.146 0.395 -6.247 -197.054 0.777 0.655 0.561 0.579 0.533 0.655 0.533
3 16 -0.935 -197.113 0.395 4.381 -196.793 0.395 -0.927 -197.020 0.777 0.579 0.505 0.579 0.477 0.655 0.505
3 16 -6.247 -197.054 0.777 -0.935 -197.113 0.395 -0.927 -197.020 0.777 0.655 0.533 0.579 0.505 0.655 0.505
3 16 4.381 -196.793 0.395 9.671 -196.186 0.395 4.383 -196.700 0.777 0.579 0.477 0.579 0.449 0.655 0.477
3 16 -0.927 -197.020 0.777 4.381 -196.793 0.395 4.383 -196.700 0.777 0.655 0.505 0.579 0.477 0.655 0.477
3 16 9.671 -196.186 0.395 14.921 -195.295 0.395 9.668 -196.093 0.777 0.579 0.449 0.579 0.421 0.655 0.449
3 16 4.383 -196.700 0.777 9.671 -196.186 0.395 9.668 -196.093 0.777 0.655 0.477 0.579 0.449 0.655 0.449
3 16 14.921 -195.295 0.395 20.116 -194.122 0.395 14.913 -195.203 0.777 0.579 0.421 0.579 0.394 0.655 0.421
3 16 9.668 -196.093 0.777 14.921 -195.295 0.395 14.913 -195.203 0.777 0.655 0.449 0.579 0.421 0.655 0.421
3 16 20.116 -194.122 0.395 25.239 -192.671 0.395 20.102 -194.031 0.777 0.579 0.394 0.579 0.366 0.655 0.394
3 16 14.913 -195.203 0.777 20.116 -194.122 0.395 20.102 -194.031 0.777 0.655 0.421 0.579 0.394 0.655 0.394
3 16 25.239 -192.671 0.395 30.277 -190.946 0.395 25.221 -192.580 0.777 0.579 0.366 0.579 0.340 0.655 0.367
3 16 20.102 -194.031 0.777 25.239 -192.671 0.395 25.221 -192.580 0.777 0.655 0.394 0.579 0.366 0.655 0.367
3 16 30.277 -190.946 0.395 35.215 -188.951 0.395 30.253 -190.856 0.777 0.579 0.340 0.579 0.314 0.655 0.340
3 16 25.221 -192.580 0.777 30.277 -190.946 0.395 30.253 -190.856 0.777 0.655 0.367 0.579 0.340 0.655 0.340
3 16 35.215 -188.951 0.395 40.038 -186.693 0.395 35.186 -188.863 0.777 0.579 0.314 0.579 0.288 0.655 0.314
3 16 30.253 -190.856 0.777 35.215 -188.951 0.395 35.186 -188.863 0.777 0.655 0.340 0.579 0.314 0.655 0.314
3 16 40.038 -186.693 0.395 44.732 -184.179 0.395 40.004 -186.607 0.777 0.579 0.288 0.579 0.263 0.655 0.288
3 16 35.186 -188.863 0.777 40.038 -186.693 0.395 40.004 -186.607 0.777 0.655 0.314 0.579 0.288 0.655 0.288
3 16 44.732 -184.179 0.395 49.284 -181.415 0.395 44.693 -184.095 0.777 0.579 0.263 0.579 0.239 0.655 0.264
3 16 40.004 -186.607 0.777 44.732 -184.179 0.395 44.693 -184.095 0.777 0.655 0.288 0.579 0.263 0.655 0.264
3 16 49.284 -181.415 0.395 53.680 -178.409 0.395 49.240 -181.333 0.777 0.579 0.239 0.579 0.216 0.655 0.239
3 16 44.693 -184.095 0.777 49.284 -181.415 0.395 49.240 -181.333 0.777 0.655 0.264 0.579 0.239 0.655 0.239
3 16 53.680 -178.409 0.395 57.907 -175.171 0.395 53.631 -178.331 0.777 0.579 0.216 0.579 0.194 0.655 0.216
3 16 49.240 -181.333 0.777 53.680 -178.409 0.395 53.631 -178.331 0.777 0.655 0.239 0.579 0.216 0.655 0.216
3 16 57.907 -175.171 0.395 61.954 -171.710 0.395 57.854 -175.095 0.777 0.579 0.194 0.579 0.172 0.655 0.194
3 16 53.631 -178.331 0.777 57.907 -175.171 0.395 57.854 -175.095 0.777 0.655 0.216 0.579 0.194 0.655 0.194
3 16 61.954 -171.710 0.395 65.808 -168.035 0.395 61.897 -171.637 0.777 0.579 0.172 0.579 0.152 0.655 0.173
3 16 57.854 -175.095 0.777 61.954 -171.710 0.395 61.897 -171.637 0.777 0.655 0.194 0.579 0.172 0.655 0.173
3 16 65.808 -168.035 0.395 69.459 -164.158 0.395 65.747 -167.966 0.777 0.579 0.152 0.579 0.132 0.655 0.152
3 16 61.897 -171.637 0.777 65.808 -168.035 0.395 65.747 -167.966 0.777 0.655 0.173 0.579 0.152 0.655 0.152
3 16 69.459 -164.158 0.395 72.895 -160.090 0.395 69.393 -164.093 0.777 0.579 0.132 0.579 0.114 0.655 0.133
3 16 65.747 -167.966 0.777 69.459 -164.158 0.395 69.393 -164.093 0.777 0.655 0.152 0.579 0.132 0.655 0.133
3 16 72.895 -160.090 0.395 76.107 -155.842 0.395 72.826 -160.028 0.777 0.579 0.114 0.579 0.097 0.655 0.115
3 16 69.393 -164.093 0.777 72.895 -160.090 0.395 72.826 -160.028 0.777 0.655 0.133 0.579 0.114 0.655 0.115
3 16 76.107 -155.842 0.395 79.085 -151.427 0.395 76.034 -155.785 0.777 0.579 0.097 0.579 0.082 0.655 0.098
3 16 72.826 -160.028 0.777 76.107 -155.842 0.395 76.034 -155.785 0.777 0.655 0.115 0.579 0.097 0.655 0.098
3 16 79.085 -151.427 0.395 81.820 -146.858 0.395 79.009 -151.374 0.777 0.579 0.082 0.579 0.067 0.655 0.082
3 16 76.034 -155.785 0.777 79.085 -151.427 0.395 79.009 -151.374 0.777 0.655 0.098 0.579 0.082 0.655 0.082
3 16 81.820 -146.858 0.395 84.305 -142.149 0.395 81.741 -146.810 0.777 0.579 0.067 0.579 0.054 0.655 0.068
3 16 79.009 -151.374 0.777 81.820 -146.858 0.395 81.741 -146.810 0.777 0.655 0.082 0.579 0.067 0.655 0.068
3 16 84.305 -142.149 0.395 86.533 -137.312 0.395 84.224 -142.105 0.777 0.579 0.054 0.579 0.042 0.655 0.054
3 16 81.741 -146.810 0.777 84.305 -142.149 0.395 84.224 -142.105 0.777 0.655 0.068 0.579 0.054 0.655 0.054
3 16 86.533 -137.312 0.395 88.497 -132.362 0.395 86.449 -137.273 0.777 0.579 0.042 0.579 0.032 0.655 0.043
3 16 84.224 -142.105 0.777 86.533 -137.312 0.395 86.449 -137.273 0.777 0.655 0.054 0.579 0.042 0.655 0.043
3 16 88.497 -132.362 0.395 90.190 -127.313 0.395 88.411 -132.328 0.777 0.579 0.032 0.579 0.023 0.655 0.032
3 16 86.449 -137.273 0.777 88.497 -132.362 0.395 88.411 -132.328 0.777 0.655 0.043 0.579 0.032 0.655 0.032
3 16 90.190 -127.313 0.395 91.610 -122.180 0.395 90.103 -127.284 0.777 0.579 0.023 0.579 0.015 0.655 0.023
3 16 88.411 -132.328 0.777 90.190 -127.313 0.395 90.103 -127.284 0.777 0.655 0.032 0.579 0.023 0.655 0.023
3 16 91.610 -122.180 0.395 92.750 -116.979 0.395 91.520 -122.157 0.777 0.579 0.015 0.579 0.009 0.655 0.016
3 16 90.103 -127.284 0.777 91.610 -122.180 0.395 91.520 -122.157 0.777 0.655 0.023 0.579 0.015 0.655 0.016
3 16 92.750 -116.979 0.395 93.608 -111.723 0.395 92.659 -116.960 0.777 0.579 0.009 0.579 0.005 0.655 0.010
3 16 91.520 -122.157 0.777 92.750 -116.979 0.395 92.659 -116.960 0.777 0.655 0.016 0.579 0.009 0.655 0.010
3 16 93.608 -111.723 0.395 94.182 -106.429 0.395 93.517 -111.710 0.777 0.579 0.005 0.579 0.002 0.655 0.005
3 16 92.659 -116.960 0.777 93.608 -111.723 0.395 93.517 -111.710 0.777 0.655 0.010 0.579 0.005 0.655 0.005
3 16 94.182 -106.429 0.395 94.469 -101.111 0.395 94.090 -106.421 0.777 0.579 0.002 0.579 0.000 0.655 0.002
3 16 93.517 -111.710 0.777 94.182 -106.429 0.395 94.090 -106.421 0.777 0.655 0.005 0.579 0.002 0.655 0.002
3 16 94.469 -101.111 0.395 94.469 -95.786 0.395 94.376 -101.109 0.777 0.579 0.000 0.579 0.000 0.655 0.001
3 16 94.090 -106.421 0.777 94.469 -101.111 0.395 94.376 -101.109 0.777 0.655 0.002 0.579 0.000 0.655 0.001
3 16 94.469 -95.786 0.395 94.182 -90.469 0.395 94.376 -95.789 0.777 0.579 0.000 0.579 0.002 0.655 0.001
3 16 94.376 -101.109 0.777 94.469 -95.786 0.395 94.376 -95.789 0.777 0.655 0.001 0.579 0.000 0.655 0.001
3 16 94.182 -90.469 0.395 93.608 -85.174 0.395 93.517 -85.188 0.777 0.579 0.002 0.579 0.005 0.655 0.005
3 16 94.376 -95.789 0.777 94.182 -90.469 0.395 94.090 -90.477 0.777 0.655 0.001 0.579 0.002 0.655 0.002
3 16 94.090 -90.477 0.777 94.182 -90.469 0.395 93.517 -85.188 0.777 0.655 0.002 0.579 0.002 0.655 0.005
3 16 93.608 -85.174 0.395 92.750 -79.919 0.395 92.659 -79.937 0.777 0.579 0.005 0.579 0.009 0.655 0.010
3 16 93.517 -85.188 0.777 93.608 -85.174 0.395 92.659 -79.937 0.777 0.655 0.005 0.579 0.005 0.655 0.010
3 16 92.750 -79.919 0.395 91.610 -74.717 0.395 91.520 -74.741 0.777 0.579 0.009 0.579 0.015 0.655 0.016
3 16 92.659 -79.937 0.777 92.750 -79.919 0.395 91.520 -74.741 0.777 0.655 0.010 0.579 0.009 0.655 0.016
3 16 91.610 -74.717 0.395 90.190 -69.584 0.395 90.103 -69.613 0.777 0.579 0.015 0.579 0.023 0.655 0.023
3 16 91.520 -74.741 0.777 91.610 -74.717 0.395 90.103 -69.613 0.777 0.655 0.016 0.579 0.015 0.655 0.023
3 16 90.190 -69.584 0.395 88.497 -64.536 0.395 88.411 -64.570 0.777 0.579 0.023 0.579 0.032 0.655 0.032
3 16 90.103 -69.613 0.777 90.190 -69.584 0.395 88.411 -64.570 0.777 0.655 0.023 0.579 0.023 0.655 0.032
3 16 88.497 -64.536 0.395 86.533 -59.586 0.395 86.449 -59.625 0.777 0.579 0.032 0.579 0.042 0.655 0.043
3 16 88.411 -64.570 0.777 88.497 -64.536 0.395 86.449 -59.625 0.777 0.655 0.032 0.579 0.032 0.655 0.043
3 16 86.533 -59.586 0.395 84.305 -54.749 0.395 84.224 -54.793 0.777 0.579 0.042 0.579 0.054 0.655 0.054
3 16 86.449 -59.625 0.777 86.533 -59.586 0.395 84.224 -54.793 0.777 0.655 0.043 0.579 0.042 0.655 0.054
3 16 84.305 -54.749 0.395 81.820 -50.039 0.395 81.741 -50.088 0.777 0.579 0.054 0.579 0.067 0.655 0.068
3 16 84.224 -54.793 0.777 84.305 -54.749 0.395 81.741 -50.088 0.777 0.655 0.054 0.579 0.054 0.655 0.068
3 16 81.820 -50.039 0.395 79.085 -45.470 0.395 79.009 -45.523 0.777 0.579 0.067 0.579 0.082 0.655 0.082
3 16 81.741 -50.088 0.777 81.820 -50.039 0.395 79.009 -45.523 0.777 0.655 0.068 0.579 0.067 0.655 0.082
3 16 79.085 -45.470 0.395 76.107 -41.056 0.395 76.034 -41.113 0.777 0.579 0.082 0.579 0.097 0.655 0.098
3 16 79.009 -45.523 0.777 79.085 -45.470 0.395 76.034 -41.113 0.777 0.655 0.082 0.579 0.082 0.655 0.098
3 16 76.107 -41.056 0.395 72.895 -36.808 0.395 72.826 -36.869 0.777 0.579 0.097 0.579 0.114 0.655 0.115
3 16 76.034 -41.113 0.777 76.107 -41.056 0.395 72.826 -36.869 0.777 0.655 0.098 0.579 0.097 0.655 0.115
3 16 72.895 -36.808 0.395 69.459 -32.740 0.395 69.393 -32.805 0.777 0.579 0.114 0.579 0.132 0.655 0.133
3 16 72.826 -36.869 0.777 72.895 -36.808 0.395 69.393 -32.805 0.777 0.655 0.115 0.579 0.114 0.655 0.133
3 16 69.459 -32.740 0.395 65.808 -28.862 0.395 65.747 -28.932 0.777 0.579 0.132 0.579 0.152 0.655 0.152
3 16 69.393 -32.805 0.777 69.459 -32.740 0.395 65.747 -28.932 0.777 0.655 0.133 0.579 0.132 0.655 0.152
3 16 65.808 -28.862 0.395 61.954 -25.188 0.395 61.897 -25.260 0.777 0.579 0.152 0.579 0.172 0.655 0.173
3 16 65.747 -28.932 0.777 65.808 -28.862 0.395 61.897 -25.260 0.777 0.655 0.152 0.579 0.152 0.655 0.173
3 16 61.954 -25.188 0.395 57.907 -21.726 0.395 57.854 -21.802 0.777 0.579 0.172 0.579 0.194 0.655 0.194
3 16 61.897 -25.260 0.777 61.954 -25.188 0.395 57.854 -21.802 0.777 0.655 0.173 0.579 0.172 0.655 0.194
3 16 57.907 -21.726 0.395 53.680 -18.488 0.395 53.631 -18.567 0.777 0.579 0.194 0.579 0.216 0.655 0.216
3 16 57.854 -21.802 0.777 57.907 -21.726 0.395 53.631 -18.567 0.777 0.655 0.194 0.579 0.194 0.655 0.216
3 16 53.680 -18.488 0.395 49.284 -15.483 0.395 49.240 -15.564 0.777 0.579 0.216 0.579 0.239 0.655 0.239
3 16 53.631 -18.567 0.777 53.680 -18.488 0.395 49.240 -15.564 0.777 0.655 0.216 0.579 0.216 0.655 0.239
3 16 49.284 -15.483 0.395 44.732 -12.719 0.395 44.693 -12.802 0.777 0.579 0.239 0.579 0.263 0.655 0.264
3 16 49.240 -15.564 0.777 49.284 -15.483 0.395 44.693 -12.802 0.777 0.655 0.239 0.579 0.239 0.655 0.264
3 16 44.732 -12.719 0.395 40.038 -10.204 0.395 40.004 -10.290 0.777 0.579 0.263 0.579 0.288 0.655 0.288
3 16 44.693 -12.802 0.777 44.732 -12.719 0.395 40.004 -10.290 0.777 0.655 0.264 0.579 0.263 0.655 0.288
3 16 40.038 -10.204 0.395 35.215 -7.946 0.395 35.186 -8.034 0.777 0.579 0.288 0.579 0.314 0.655 0.314
3 16 40.004 -10.290 0.777 40.038 -10.204 0.395 35.186 -8.034 0.777 0.655 0.288 0.579 0.288 0.655 0.314
3 16 35.215 -7.946 0.395 30.277 -5.952 0.395 30.253 -6.041 0.777 0.579 0.314 0.579 0.340 0.655 0.340
3 16 35.186 -8.034 0.777 35.215 -7.946 0.395 30.253 -6.041 0.777 0.655 0.314 0.579 0.314 0.655 0.340
3 16 30.277 -5.952 0.395 25.239 -4.226 0.395 25.221 -4.317 0.777 0.579 0.340 0.579 0.366 0.655 0.367
3 16 30.253 -6.041 0.777 30.277 -5.952 0.395 25.221 -4.317 0.777 0.655 0.340 0.579 0.340 0.655 0.367
3 16 25.239 -4.226 0.395 20.116 -2.775 0.395 20.102 -2.867 0.777 0.579 0.366 0.579 0.394 0.655 0.394
3 16 25.221 -4.317 0.777 25.239 -4.226 0.395 20.102 -2.867 0.777 0.655 0.367 0.579 0.366 0.655 0.394
3 16 20.116 -2.775 0.395 14.921 -1.602 0.395 14.913 -1.695 0.777 0.579 0.394 0.579 0.421 0.655 0.421
3 16 20.102 -2.867 0.777 20.116 -2.775 0.395 14.913 -1.695 0.777 0.655 0.394 0.579 0.394 0.655 0.421
3 16 14.921 -1.602 0.395 9.671 -0.711 0.395 9.668 -0.804 0.777 0.579 0.421 0.579 0.449 0.655 0.449
3 16 14.913 -1.695 0.777 14.921 -1.602 0.395 9.668 -0.804 0.777 0.655 0.421 0.579 0.421 0.655 0.449
3 16 9.671 -0.711 0.395 4.381 -0.105 0.395 4.383 -0.198 0.777 0.579 0.449 0.579 0.477 0.655 0.477
3 16 9.668 -0.804 0.777 9.671 -0.711 0.395 4.383 -0.198 0.777 0.655 0.449 0.579 0.449 0.655 0.477
3 16 4.381 -0.105 0.395 -0.935 0.215 0.395 -0.927 0.123 0.777 0.579 0.477 0.579 0.505 0.655 0.505
3 16 4.383 -0.198 0.777 4.381 -0.105 0.395 -0.927 0.123 0.777 0.655 0.477 0.579 0.477 0.655 0.505
3 16 -0.935 0.215 0.395 -6.260 0.249 0.395 -6.247 0.157 0.777 0.579 0.505 0.579 0.533 0.655 0.533
3 16 -0.927 0.123 0.777 -0.935 0.215 0.395 -6.247 0.157 0.777 0.655 0.505 0.579 0.505 0.655 0.533
3 16 -6.260 0.249 0.395 -11.579 -0.005 0.395 -11.561 -0.096 0.777 0.579 0.533 0.579 0.561 0.655 0.561
3 16 -6.247 0.157 0.777 -6.260 0.249 0.395 -11.561 -0.096 0.777 0.655 0.533 0.579 0.533 0.655 0.561
3 16 -11.579 -0.005 0.395 -16.877 -0.546 0.395 -16.853 -0.636 0.777 0.579 0.561 0.579 0.589 0.655 0.589
3 16 -11.561 -0.096 0.777 -11.579 -0.005 0.395 -16.853 -0.636 0.777 0.655 0.561 0.579 0.561 0.655 0.589
3 16 -16.877 -0.546 0.395 -22.138 -1.371 0.395 -22.109 -1.459 0.777 0.579 0.589 0.579 0.617 0.655 0.617
3 16 -16.853 -0.636 0.777 -16.877 -0.546 0.395 -22.109 -1.459 0.777 0.655 0.589 0.579 0.589 0.655 0.617
3 16 -22.138 -1.371 0.395 -27.347 -2.479 0.395 -27.312 -2.565 0.777 0.579 0.617 0.579 0.645 0.655 0.645
3 16 -22.109 -1.459 0.777 -22.138 -1.371 0.395 -27.312 -2.565 0.777 0.655 0.617 0.579 0.617 0.655 0.645
3 16 -27.347 -2.479 0.395 -32.488 -3.866 0.395 -32.449 -3.950 0.777 0.579 0.645 0.579 0.672 0.655 0.672
3 16 -27.312 -2.565 0.777 -27.347 -2.479 0.395 -32.449 -3.950 0.777 0.655 0.645 0.579 0.645 0.655 0.672
3 16 -32.488 -3.866 0.395 -37.547 -5.528 0.395 -37.503 -5.610 0.777 0.579 0.672 0.579 0.699 0.655 0.698
3 16 -32.449 -3.950 0.777 -32.488 -3.866 0.395 -37.503 -5.610 0.777 0.655 0.672 0.579 0.672 0.655 0.698
3 16 -37.547 -5.528 0.395 -42.509 -7.461 0.395 -42.461 -7.540 0.777 0.579 0.699 0.579 0.725 0.655 0.725
3 16 -37.503 -5.610 0.777 -37.547 -5.528 0.395 -42.461 -7.540 0.777 0.655 0.698 0.579 0.699 0.655 0.725
3 16 -42.509 -7.461 0.395 -47.360 -9.658 0.395 -47.307 -9.735 0.777 0.579 0.725 0.579 0.751 0.655 0.750
3 16 -42.461 -7.540 0.777 -42.509 -7.461 0.395 -47.307 -9.735 0.777 0.655 0.725 0.579 0.725 0.655 0.750
3 16 -47.360 -9.658 0.395 -52.085 -12.114 0.395 -52.027 -12.187 0.777 0.579 0.751 0.579 0.776 0.655 0.775
3 16 -47.307 -9.735 0.777 -47.360 -9.658 0.395 -52.027 -12.187 0.777 0.655 0.750 0.579 0.751 0.655 0.775
3 16 -52.085 -12.114 0.395 -56.671 -14.821 0.395 -56.609 -14.891 0.777 0.579 0.776 0.579 0.800 0.655 0.800
3 16 -52.027 -12.187 0.777 -52.085 -12.114 0.395 -56.609 -14.891 0.777 0.655 0.775 0.579 0.776 0.655 0.800
3 16 -56.671 -14.821 0.395 -61.104 -17.771 0.395 -61.038 -17.838 0.777 0.579 0.800 0.579 0.823 0.655 0.823
3 16 -56.609 -14.891 0.777 -56.671 -14.821 0.395 -61.038 -17.838 0.777 0.655 0.800 0.579 0.800 0.655 0.823
3 16 -61.104 -17.771 0.395 -65.372 -20.956 0.395 -65.302 -21.019 0.777 0.579 0.823 0.579 0.846 0.655 0.846
3 16 -61.038 -17.838 0.777 -61.104 -17.771 0.395 -65.302 -21.019 0.777 0.655 0.823 0.579 0.823 0.655 0.846
3 16 -65.372 -20.956 0.395 -69.462 -24.367 0.395 -69.388 -24.425 0.777 0.579 0.846 0.579 0.868 0.655 0.867
3 16 -65.302 -21.019 0.777 -65.372 -20.956 0.395 -69.388 -24.425 0.777 0.655 0.846 0.579 0.846 0.655 0.867
3 16 -69.462 -24.367 0.395 -73.362 -27.993 0.395 -73.285 -28.047 0.777 0.579 0.868 0.579 0.888 0.655 0.888
3 16 -69.388 -24.425 0.777 -69.462 -24.367 0.395 -73.285 -28.047 0.777 0.655 0.867 0.579 0.868 0.655 0.888
3 16 -73.362 -27.993 0.395 -77.060 -31.824 0.395 -76.980 -31.874 0.777 0.579 0.888 0.579 0.908 0.655 0.907
3 16 -73.285 -28.047 0.777 -73.362 -27.993 0.395 -76.980 -31.874 0.777 0.655 0.888 0.579 0.888 0.655 0.907
3 16 -77.060 -31.824 0.395 -80.547 -35.849 0.395 -80.464 -35.894 0.777 0.579 0.908 0.579 0.926 0.655 0.926
3 16 -76.980 -31.874 0.777 -77.060 -31.824 0.395 -80.464 -35.894 0.777 0.655 0.907 0.579 0.908 0.655 0.926
3 16 -80.547 -35.849 0.395 -83.811 -40.057 0.395 -83.726 -40.097 0.777 0.579 0.926 0.579 0.943 0.655 0.943
3 16 -80.464 -35.894 0.777 -80.547 -35.849 0.395 -83.726 -40.097 0.777 0.655 0.926 0.579 0.926 0.655 0.943
3 16 -83.811 -40.057 0.395 -86.844 -44.434 0.395 -86.757 -44.469 0.777 0.579 0.943 0.579 0.959 0.655 0.959
3 16 -83.726 -40.097 0.777 -83.811 -40.057 0.395 -86.757 -44.469 0.777 0.655 0.943 0.579 0.943 0.655 0.959
3 16 -86.844 -44.434 0.395 -89.637 -48.968 0.395 -89.547 -48.998 0.777 0.579 0.959 0.579 0.974 0.655 0.974
3 16 -86.757 -44.469 0.777 -86.844 -44.434 0.395 -89.547 -48.998 0.777 0.655 0.959 0.579 0.959 0.655 0.974
3 16 -89.637 -48.968 0.395 -92.181 -53.646 0.395 -92.090 -53.671 0.777 0.579 0.974 0.579 0.988 0.655 0.987
3 16 -89.547 -48.998 0.777 -89.637 -48.968 0.395 -92.090 -53.671 0.777 0.655 0.974 0.579 0.974 0.655 0.987
3 16 -92.181 -53.646 0.395 -94.469 -58.455 0.395 -94.376 -58.475 0.777 0.579 0.988 0.579 1.000 0.655 0.999
3 16 71.892 -37.699 2.230 68.510 -33.687 2.230 68.252 -33.944 2.380 0.946 0.120 0.946 0.138 0.976 0.139
3 16 -92.090 -53.671 0.777 -92.181 -53.646 0.395 -94.376 -58.475 0.777 0.655 0.987 0.579 0.988 0.655 0.999
3 16 -94.376 -58.475 0.777 -94.469 -58.455 0.395 -94.380 -138.423 0.764 0.655 0.999 0.579 1.000 0.653 0.999
3 16 71.620 -37.940 2.380 71.892 -37.699 2.230 68.252 -33.944 2.380 0.976 0.121 0.946 0.120 0.976 0.139
3 16 74.769 -42.112 2.380 75.054 -41.887 2.230 71.620 -37.940 2.380 0.976 0.104 0.946 0.103 0.976 0.121
3 16 -94.380 -138.423 0.764 -92.090 -143.226 0.777 -94.233 -138.392 1.124 0.653 0.999 0.655 0.987 0.725 0.999
3 16 -94.376 -58.475 0.777 -94.380 -138.423 0.764 -94.233 -138.392 1.124 0.655 0.999 0.653 0.999 0.725 0.999
3 16 -92.090 -143.226 0.777 -89.547 -147.899 0.777 -91.941 -143.186 1.139 0.655 0.987 0.655 0.974 0.728 0.986
3 16 75.054 -41.887 2.230 71.892 -37.699 2.230 71.620 -37.940 2.380 0.946 0.103 0.946 0.120 0.976 0.121
3 16 -94.233 -138.392 1.124 -92.090 -143.226 0.777 -91.941 -143.186 1.139 0.725 0.999 0.655 0.987 0.728 0.986
3 16 -89.547 -147.899 0.777 -86.757 -152.428 0.777 -89.401 -147.850 1.139 0.655 0.974 0.655 0.959 0.728 0.973
3 16 -91.941 -143.186 1.139 -89.547 -147.899 0.777 -89.401 -147.850 1.139 0.728 0.986 0.655 0.974 0.728 0.973
3 16 -86.757 -152.428 0.777 -83.726 -156.801 0.777 -86.614 -152.371 1.139 0.655 0.959 0.655 0.943 0.728 0.958
3 16 -89.401 -147.850 1.139 -86.757 -152.428 0.777 -86.614 -152.371 1.139 0.728 0.973 0.655 0.959 0.728 0.958
3 16 -83.726 -156.801 0.777 -80.464 -161.003 0.777 -83.587 -156.735 1.139 0.655 0.943 0.655 0.926 0.728 0.942
3 16 -86.614 -152.371 1.139 -83.726 -156.801 0.777 -83.587 -156.735 1.139 0.728 0.958 0.655 0.943 0.728 0.942
3 16 -80.464 -161.003 0.777 -76.980 -165.023 0.777 -80.329 -160.930 1.139 0.655 0.926 0.655 0.907 0.728 0.925
3 16 -83.587 -156.735 1.139 -80.464 -161.003 0.777 -80.329 -160.930 1.139 0.728 0.942 0.655 0.926 0.728 0.925
3 16 -76.980 -165.023 0.777 -73.285 -168.850 0.777 -76.850 -164.942 1.139 0.655 0.907 0.655 0.888 0.728 0.907
3 16 -80.329 -160.930 1.139 -76.980 -165.023 0.777 -76.850 -164.942 1.139 0.728 0.925 0.655 0.907 0.728 0.907
3 16 -73.285 -168.850 0.777 -69.388 -172.472 0.777 -73.159 -168.762 1.139 0.655 0.888 0.655 0.867 0.728 0.887
3 16 -76.850 -164.942 1.139 -73.285 -168.850 0.777 -73.159 -168.762 1.139 0.728 0.907 0.655 0.888 0.728 0.887
3 16 -69.388 -172.472 0.777 -65.302 -175.879 0.777 -69.268 -172.377 1.139 0.655 0.867 0.655 0.846 0.728 0.866
3 16 -73.159 -168.762 1.139 -69.388 -172.472 0.777 -69.268 -172.377 1.139 0.728 0.887 0.655 0.867 0.728 0.866
3 16 -65.302 -175.879 0.777 -61.038 -179.060 0.777 -65.188 -175.776 1.139 0.655 0.846 0.655 0.823 0.728 0.845
3 16 -69.268 -172.377 1.139 -65.302 -175.879 0.777 -65.188 -175.776 1.139 0.728 0.866 0.655 0.846 0.728 0.845
3 16 -61.038 -179.060 0.777 -56.609 -182.007 0.777 -60.930 -178.951 1.139 0.655 0.823 0.655 0.800 0.728 0.822
3 16 -65.188 -175.776 1.139 -61.038 -179.060 0.777 -60.930 -178.951 1.139 0.728 0.845 0.655 0.823 0.728 0.822
3 16 -56.609 -182.007 0.777 -52.027 -184.710 0.777 -56.508 -181.892 1.139 0.655 0.800 0.655 0.775 0.728 0.799
3 16 -60.930 -178.951 1.139 -56.609 -182.007 0.777 -56.508 -181.892 1.139 0.728 0.822 0.655 0.800 0.728 0.799
3 16 -52.027 -184.710 0.777 -47.307 -187.163 0.777 -51.933 -184.590 1.139 0.655 0.775 0.655 0.750 0.728 0.775
3 16 -56.508 -181.892 1.139 -52.027 -184.710 0.777 -51.933 -184.590 1.139 0.728 0.799 0.655 0.775 0.728 0.775
3 16 -47.307 -187.163 0.777 -42.461 -189.357 0.777 -47.219 -187.037 1.139 0.655 0.750 0.655 0.725 0.728 0.750
3 16 -51.933 -184.590 1.139 -47.307 -187.163 0.777 -47.219 -187.037 1.139 0.728 0.775 0.655 0.750 0.728 0.750
3 16 -42.461 -189.357 0.777 -37.503 -191.287 0.777 -42.381 -189.227 1.139 0.655 0.725 0.655 0.698 0.728 0.724
3 16 -47.219 -187.037 1.139 -42.461 -189.357 0.777 -42.381 -189.227 1.139 0.728 0.750 0.655 0.725 0.728 0.724
3 16 -37.503 -191.287 0.777 -32.449 -192.947 0.777 -37.431 -191.153 1.139 0.655 0.698 0.655 0.672 0.728 0.698
3 16 -42.381 -189.227 1.139 -37.503 -191.287 0.777 -37.431 -191.153 1.139 0.728 0.724 0.655 0.698 0.728 0.698
3 16 -32.449 -192.947 0.777 -27.312 -194.332 0.777 -32.385 -192.809 1.139 0.655 0.672 0.655 0.645 0.728 0.671
3 16 -37.431 -191.153 1.139 -32.449 -192.947 0.777 -32.385 -192.809 1.139 0.728 0.698 0.655 0.672 0.728 0.671
3 16 -27.312 -194.332 0.777 -22.109 -195.438 0.777 -27.256 -194.190 1.139 0.655 0.645 0.655 0.617 0.728 0.644
3 16 -32.385 -192.809 1.139 -27.312 -194.332 0.777 -27.256 -194.190 1.139 0.728 0.671 0.655 0.645 0.728 0.644
3 16 -22.109 -195.438 0.777 -16.853 -196.262 0.777 -22.061 -195.293 1.139 0.655 0.617 0.655 0.589 0.728 0.617
3 16 -27.256 -194.190 1.139 -22.109 -195.438 0.777 -22.061 -195.293 1.139 0.728 0.644 0.655 0.617 0.728 0.617
3 16 -16.853 -196.262 0.777 -11.561 -196.801 0.777 -16.814 -196.115 1.139 0.655 0.589 0.655 0.561 0.728 0.589
3 16 -22.061 -195.293 1.139 -16.853 -196.262 0.777 -16.814 -196.115 1.139 0.728 0.617 0.655 0.589 0.728 0.589
3 16 -11.561 -196.801 0.777 -6.247 -197.054 0.777 -11.530 -196.652 1.139 0.655 0.561 0.655 0.533 0.728 0.561
3 16 -16.814 -196.115 1.139 -11.561 -196.801 0.777 -11.530 -196.652 1.139 0.728 0.589 0.655 0.561 0.728 0.561
3 16 -6.247 -197.054 0.777 -0.927 -197.020 0.777 -6.225 -196.904 1.139 0.655 0.533 0.655 0.505 0.728 0.533
3 16 -11.530 -196.652 1.139 -6.247 -197.054 0.777 -6.225 -196.904 1.139 0.728 0.561 0.655 0.533 0.728 0.533
3 16 -0.927 -197.020 0.777 4.383 -196.700 0.777 -0.914 -196.869 1.139 0.655 0.505 0.655 0.477 0.728 0.505
3 16 -6.225 -196.904 1.139 -0.927 -197.020 0.777 -0.914 -196.869 1.139 0.728 0.533 0.655 0.505 0.728 0.505
3 16 4.383 -196.700 0.777 9.668 -196.093 0.777 4.387 -196.548 1.139 0.655 0.477 0.655 0.449 0.728 0.477
3 16 -0.914 -196.869 1.139 4.383 -196.700 0.777 4.387 -196.548 1.139 0.728 0.505 0.655 0.477 0.728 0.477
3 16 9.668 -196.093 0.777 14.913 -195.203 0.777 9.664 -195.941 1.139 0.655 0.449 0.655 0.421 0.728 0.449
3 16 4.387 -196.548 1.139 9.668 -196.093 0.777 9.664 -195.941 1.139 0.728 0.477 0.655 0.449 0.728 0.449
3 16 14.913 -195.203 0.777 20.102 -194.031 0.777 14.900 -195.051 1.139 0.655 0.421 0.655 0.394 0.728 0.421
3 16 9.664 -195.941 1.139 14.913 -195.203 0.777 14.900 -195.051 1.139 0.728 0.449 0.655 0.421 0.728 0.421
3 16 20.102 -194.031 0.777 25.221 -192.580 0.777 20.080 -193.880 1.139 0.655 0.394 0.655 0.367 0.728 0.394
3 16 14.900 -195.051 1.139 20.102 -194.031 0.777 20.080 -193.880 1.139 0.728 0.421 0.655 0.394 0.728 0.394
3 16 25.221 -192.580 0.777 30.253 -190.856 0.777 25.190 -192.432 1.139 0.655 0.367 0.655 0.340 0.728 0.367
3 16 20.080 -193.880 1.139 25.221 -192.580 0.777 25.190 -192.432 1.139 0.728 0.394 0.655 0.367 0.728 0.367
3 16 30.253 -190.856 0.777 35.186 -188.863 0.777 30.214 -190.710 1.139 0.655 0.340 0.655 0.314 0.728 0.340
3 16 25.190 -192.432 1.139 30.253 -190.856 0.777 30.214 -190.710 1.139 0.728 0.367 0.655 0.340 0.728 0.340
3 16 35.186 -188.863 0.777 40.004 -186.607 0.777 35.138 -188.720 1.139 0.655 0.314 0.655 0.288 0.728 0.314
3 16 30.214 -190.710 1.139 35.186 -188.863 0.777 35.138 -188.720 1.139 0.728 0.340 0.655 0.314 0.728 0.314
3 16 40.004 -186.607 0.777 44.693 -184.095 0.777 39.948 -186.467 1.139 0.655 0.288 0.655 0.264 0.728 0.289
3 16 35.138 -188.720 1.139 40.004 -186.607 0.777 39.948 -186.467 1.139 0.728 0.314 0.655 0.288 0.728 0.289
3 16 44.693 -184.095 0.777 49.240 -181.333 0.777 44.629 -183.958 1.139 0.655 0.264 0.655 0.239 0.728 0.264
3 16 39.948 -186.467 1.139 44.693 -184.095 0.777 44.629 -183.958 1.139 0.728 0.289 0.655 0.264 0.728 0.264
3 16 49.240 -181.333 0.777 53.631 -178.331 0.777 49.168 -181.200 1.139 0.655 0.239 0.655 0.216 0.728 0.240
3 16 44.629 -183.958 1.139 49.240 -181.333 0.777 49.168 -181.200 1.139 0.728 0.264 0.655 0.239 0.728 0.240
3 16 53.631 -178.331 0.777 57.854 -175.095 0.777 53.552 -178.202 1.139 0.655 0.216 0.655 0.194 0.728 0.217
3 16 49.168 -181.200 1.139 53.631 -178.331 0.777 53.552 -178.202 1.139 0.728 0.240 0.655 0.216 0.728 0.217
3 16 57.854 -175.095 0.777 61.897 -171.637 0.777 57.767 -174.971 1.139 0.655 0.194 0.655 0.173 0.728 0.194
3 16 53.552 -178.202 1.139 57.854 -175.095 0.777 57.767 -174.971 1.139 0.728 0.217 0.655 0.194 0.728 0.194
3 16 61.897 -171.637 0.777 65.747 -167.966 0.777 61.803 -171.519 1.139 0.655 0.173 0.655 0.152 0.728 0.173
3 16 57.767 -174.971 1.139 61.897 -171.637 0.777 61.803 -171.519 1.139 0.728 0.194 0.655 0.173 0.728 0.173
3 16 65.747 -167.966 0.777 69.393 -164.093 0.777 65.646 -167.853 1.139 0.655 0.152 0.655 0.133 0.728 0.153
3 16 61.803 -171.519 1.139 65.747 -167.966 0.777 65.646 -167.853 1.139 0.728 0.173 0.655 0.152 0.728 0.153
3 16 69.393 -164.093 0.777 72.826 -160.028 0.777 69.286 -163.986 1.139 0.655 0.133 0.655 0.115 0.728 0.133
3 16 65.646 -167.853 1.139 69.393 -164.093 0.777 69.286 -163.986 1.139 0.728 0.153 0.655 0.133 0.728 0.133
3 16 72.826 -160.028 0.777 76.034 -155.785 0.777 72.713 -159.928 1.139 0.655 0.115 0.655 0.098 0.728 0.115
3 16 69.286 -163.986 1.139 72.826 -160.028 0.777 72.713 -159.928 1.139 0.728 0.133 0.655 0.115 0.728 0.115
3 16 76.034 -155.785 0.777 79.009 -151.374 0.777 75.915 -155.691 1.139 0.655 0.098 0.655 0.082 0.728 0.098
3 16 72.713 -159.928 1.139 76.034 -155.785 0.777 75.915 -155.691 1.139 0.728 0.115 0.655 0.098 0.728 0.098
3 16 79.009 -151.374 0.777 81.741 -146.810 0.777 78.885 -151.288 1.139 0.655 0.082 0.655 0.068 0.728 0.083
3 16 75.915 -155.691 1.139 79.009 -151.374 0.777 78.885 -151.288 1.139 0.728 0.098 0.655 0.082 0.728 0.083
3 16 81.741 -146.810 0.777 84.224 -142.105 0.777 81.613 -146.731 1.139 0.655 0.068 0.655 0.054 0.728 0.068
3 16 78.885 -151.288 1.139 81.741 -146.810 0.777 81.613 -146.731 1.139 0.728 0.083 0.655 0.068 0.728 0.068
3 16 84.224 -142.105 0.777 86.449 -137.273 0.777 84.091 -142.033 1.139 0.655 0.054 0.655 0.043 0.728 0.055
3 16 81.613 -146.731 1.139 84.224 -142.105 0.777 84.091 -142.033 1.139 0.728 0.068 0.655 0.054 0.728 0.055
3 16 86.449 -137.273 0.777 88.411 -132.328 0.777 86.312 -137.209 1.139 0.655 0.043 0.655 0.032 0.728 0.043
3 16 84.091 -142.033 1.139 86.449 -137.273 0.777 86.312 -137.209 1.139 0.728 0.055 0.655 0.043 0.728 0.043
3 16 88.411 -132.328 0.777 90.103 -127.284 0.777 88.271 -132.272 1.139 0.655 0.032 0.655 0.023 0.728 0.033
3 16 86.312 -137.209 1.139 88.411 -132.328 0.777 88.271 -132.272 1.139 0.728 0.043 0.655 0.032 0.728 0.033
3 16 90.103 -127.284 0.777 91.520 -122.157 0.777 89.960 -127.237 1.139 0.655 0.023 0.655 0.016 0.728 0.024
3 16 88.271 -132.272 1.139 90.103 -127.284 0.777 89.960 -127.237 1.139 0.728 0.033 0.655 0.023 0.728 0.024
3 16 91.520 -122.157 0.777 92.659 -116.960 0.777 91.375 -122.117 1.139 0.655 0.016 0.655 0.010 0.728 0.017
3 16 89.960 -127.237 1.139 91.520 -122.157 0.777 91.375 -122.117 1.139 0.728 0.024 0.655 0.016 0.728 0.017
3 16 92.659 -116.960 0.777 93.517 -111.710 0.777 92.512 -116.930 1.139 0.655 0.010 0.655 0.005 0.728 0.011
3 16 91.375 -122.117 1.139 92.659 -116.960 0.777 92.512 -116.930 1.139 0.728 0.017 0.655 0.010 0.728 0.011
3 16 93.517 -111.710 0.777 94.090 -106.421 0.777 93.367 -111.688 1.139 0.655 0.005 0.655 0.002 0.728 0.006
3 16 92.512 -116.930 1.139 93.517 -111.710 0.777 93.367 -111.688 1.139 0.728 0.011 0.655 0.005 0.728 0.006
3 16 94.090 -106.421 0.777 94.376 -101.109 0.777 93.939 -106.408 1.139 0.655 0.002 0.655 0.001 0.728 0.003
3 16 93.367 -111.688 1.139 94.090 -106.421 0.777 93.939 -106.408 1.139 0.728 0.006 0.655 0.002 0.728 0.003
3 16 94.376 -101.109 0.777 94.376 -95.789 0.777 94.226 -101.104 1.139 0.655 0.001 0.655 0.001 0.728 0.001
3 16 93.939 -106.408 1.139 94.376 -101.109 0.777 94.226 -101.104 1.139 0.728 0.003 0.655 0.001 0.728 0.001
3 16 94.376 -95.789 0.777 94.090 -90.477 0.777 94.226 -95.793 1.139 0.655 0.001 0.655 0.002 0.728 0.001
3 16 94.226 -101.104 1.139 94.376 -95.789 0.777 94.226 -95.793 1.139 0.728 0.001 0.655 0.001 0.728 0.001
3 16 94.090 -90.477 0.777 93.517 -85.188 0.777 93.367 -85.210 1.139 0.655 0.002 0.655 0.005 0.728 0.006
3 16 94.226 -95.793 1.139 94.090 -90.477 0.777 93.939 -90.490 1.139 0.728 0.001 0.655 0.002 0.728 0.003
3 16 93.939 -90.490 1.139 94.090 -90.477 0.777 93.367 -85.210 1.139 0.728 0.003 0.655 0.002 0.728 0.006
3 16 93.517 -85.188 0.777 92.659 -79.937 0.777 92.512 -79.968 1.139 0.655 0.005 0.655 0.010 0.728 0.011
3 16 93.367 -85.210 1.139 93.517 -85.188 0.777 92.512 -79.968 1.139 0.728 0.006 0.655 0.005 0.728 0.011
3 16 92.659 -79.937 0.777 91.520 -74.741 0.777 91.375 -74.780 1.139 0.655 0.010 0.655 0.016 0.728 0.017
3 16 92.512 -79.968 1.139 92.659 -79.937 0.777 91.375 -74.780 1.139 0.728 0.011 0.655 0.010 0.728 0.017
3 16 91.520 -74.741 0.777 90.103 -69.613 0.777 89.960 -69.661 1.139 0.655 0.016 0.655 0.023 0.728 0.024
3 16 91.375 -74.780 1.139 91.520 -74.741 0.777 89.960 -69.661 1.139 0.728 0.017 0.655 0.016 0.728 0.024
3 16 90.103 -69.613 0.777 88.411 -64.570 0.777 88.271 -64.626 1.139 0.655 0.023 0.655 0.032 0.728 0.033
3 16 89.960 -69.661 1.139 90.103 -69.613 0.777 88.271 -64.626 1.139 0.728 0.024 0.655 0.023 0.728 0.033
3 16 88.411 -64.570 0.777 86.449 -59.625 0.777 86.312 -59.689 1.139 0.655 0.032 0.655 0.043 0.728 0.043
3 16 88.271 -64.626 1.139 88.411 -64.570 0.777 86.312 -59.689 1.139 0.728 0.033 0.655 0.032 0.728 0.043
3 16 86.449 -59.625 0.777 84.224 -54.793 0.777 84.091 -54.864 1.139 0.655 0.043 0.655 0.054 0.728 0.055
3 16 86.312 -59.689 1.139 86.449 -59.625 0.777 84.091 -54.864 1.139 0.728 0.043 0.655 0.043 0.728 0.055
3 16 84.224 -54.793 0.777 81.741 -50.088 0.777 81.613 -50.167 1.139 0.655 0.054 0.655 0.068 0.728 0.068
3 16 84.091 -54.864 1.139 84.224 -54.793 0.777 81.613 -50.167 1.139 0.728 0.055 0.655 0.054 0.728 0.068
3 16 81.741 -50.088 0.777 79.009 -45.523 0.777 78.885 -45.610 1.139 0.655 0.068 0.655 0.082 0.728 0.083
3 16 81.613 -50.167 1.139 81.741 -50.088 0.777 78.885 -45.610 1.139 0.728 0.068 0.655 0.068 0.728 0.083
3 16 79.009 -45.523 0.777 76.034 -41.113 0.777 75.915 -41.207 1.139 0.655 0.082 0.655 0.098 0.728 0.098
3 16 78.885 -45.610 1.139 79.009 -45.523 0.777 75.915 -41.207 1.139 0.728 0.083 0.655 0.082 0.728 0.098
3 16 76.034 -41.113 0.777 72.826 -36.869 0.777 72.713 -36.970 1.139 0.655 0.098 0.655 0.115 0.728 0.115
3 16 75.915 -41.207 1.139 76.034 -41.113 0.777 72.713 -36.970 1.139 0.728 0.098 0.655 0.098 0.728 0.115
3 16 72.826 -36.869 0.777 69.393 -32.805 0.777 69.286 -32.912 1.139 0.655 0.115 0.655 0.133 0.728 0.133
3 16 72.713 -36.970 1.139 72.826 -36.869 0.777 69.286 -32.912 1.139 0.728 0.115 0.655 0.115 0.728 0.133
3 16 69.393 -32.805 0.777 65.747 -28.932 0.777 65.646 -29.044 1.139 0.655 0.133 0.655 0.152 0.728 0.153
3 16 69.286 -32.912 1.139 69.393 -32.805 0.777 65.646 -29.044 1.139 0.728 0.133 0.655 0.133 0.728 0.153
3 16 65.747 -28.932 0.777 61.897 -25.260 0.777 61.803 -25.379 1.139 0.655 0.152 0.655 0.173 0.728 0.173
3 16 65.646 -29.044 1.139 65.747 -28.932 0.777 61.803 -25.379 1.139 0.728 0.153 0.655 0.152 0.728 0.173
3 16 61.897 -25.260 0.777 57.854 -21.802 0.777 57.767 -21.926 1.139 0.655 0.173 0.655 0.194 0.728 0.194
3 16 61.803 -25.379 1.139 61.897 -25.260 0.777 57.767 -21.926 1.139 0.728 0.173 0.655 0.173 0.728 0.194
3 16 57.854 -21.802 0.777 53.631 -18.567 0.777 53.552 -18.696 1.139 0.655 0.194 0.655 0.216 0.728 0.217
3 16 57.767 -21.926 1.139 57.854 -21.802 0.777 53.552 -18.696 1.139 0.728 0.194 0.655 0.194 0.728 0.217
3 16 53.631 -18.567 0.777 49.240 -15.564 0.777 49.168 -15.697 1.139 0.655 0.216 0.655 0.239 0.728 0.240
3 16 53.552 -18.696 1.139 53.631 -18.567 0.777 49.168 -15.697 1.139 0.728 0.217 0.655 0.216 0.728 0.240
3 16 49.240 -15.564 0.777 44.693 -12.802 0.777 44.629 -12.940 1.139 0.655 0.239 0.655 0.264 0.728 0.264
3 16 49.168 -15.697 1.139 49.240 -15.564 0.777 44.629 -12.940 1.139 0.728 0.240 0.655 0.239 0.728 0.264
3 16 44.693 -12.802 0.777 40.004 -10.290 0.777 39.948 -10.431 1.139 0.655 0.264 0.655 0.288 0.728 0.289
3 16 44.629 -12.940 1.139 44.693 -12.802 0.777 39.948 -10.431 1.139 0.728 0.264 0.655 0.264 0.728 0.289
3 16 40.004 -10.290 0.777 35.186 -8.034 0.777 35.138 -8.178 1.139 0.655 0.288 0.655 0.314 0.728 0.314
3 16 39.948 -10.431 1.139 40.004 -10.290 0.777 35.138 -8.178 1.139 0.728 0.289 0.655 0.288 0.728 0.314
3 16 35.186 -8.034 0.777 30.253 -6.041 0.777 30.214 -6.188 1.139 0.655 0.314 0.655 0.340 0.728 0.340
3 16 35.138 -8.178 1.139 35.186 -8.034 0.777 30.214 -6.188 1.139 0.728 0.314 0.655 0.314 0.728 0.340
3 16 30.253 -6.041 0.777 25.221 -4.317 0.777 25.190 -4.466 1.139 0.655 0.340 0.655 0.367 0.728 0.367
3 16 30.214 -6.188 1.139 30.253 -6.041 0.777 25.190 -4.466 1.139 0.728 0.340 0.655 0.340 0.728 0.367
3 16 25.221 -4.317 0.777 20.102 -2.867 0.777 20.080 -3.017 1.139 0.655 0.367 0.655 0.394 0.728 0.394
3 16 25.190 -4.466 1.139 25.221 -4.317 0.777 20.080 -3.017 1.139 0.728 0.367 0.655 0.367 0.728 0.394
3 16 20.102 -2.867 0.777 14.913 -1.695 0.777 14.900 -1.846 1.139 0.655 0.394 0.655 0.421 0.728 0.421
3 16 20.080 -3.017 1.139 20.102 -2.867 0.777 14.900 -1.846 1.139 0.728 0.394 0.655 0.394 0.728 0.421
3 16 14.913 -1.695 0.777 9.668 -0.804 0.777 9.664 -0.956 1.139 0.655 0.421 0.655 0.449 0.728 0.449
3 16 14.900 -1.846 1.139 14.913 -1.695 0.777 9.664 -0.956 1.139 0.728 0.421 0.655 0.421 0.728 0.449
3 16 9.668 -0.804 0.777 4.383 -0.198 0.777 4.387 -0.350 1.139 0.655 0.449 0.655 0.477 0.728 0.477
3 16 9.664 -0.956 1.139 9.668 -0.804 0.777 4.387 -0.350 1.139 0.728 0.449 0.655 0.449 0.728 0.477
3 16 4.383 -0.198 0.777 -0.927 0.123 0.777 -0.914 -0.029 1.139 0.655 0.477 0.655 0.505 0.728 0.505
3 16 4.387 -0.350 1.139 4.383 -0.198 0.777 -0.914 -0.029 1.139 0.728 0.477 0.655 0.477 0.728 0.505
3 16 -0.927 0.123 0.777 -6.247 0.157 0.777 -6.225 0.006 1.139 0.655 0.505 0.655 0.533 0.728 0.533
3 16 -0.914 -0.029 1.139 -0.927 0.123 0.777 -6.225 0.006 1.139 0.728 0.505 0.655 0.505 0.728 0.533
3 16 -6.247 0.157 0.777 -11.561 -0.096 0.777 -11.530 -0.245 1.139 0.655 0.533 0.655 0.561 0.728 0.561
3 16 -6.225 0.006 1.139 -6.247 0.157 0.777 -11.530 -0.245 1.139 0.728 0.533 0.655 0.533 0.728 0.561
3 16 -11.561 -0.096 0.777 -16.853 -0.636 0.777 -16.814 -0.783 1.139 0.655 0.561 0.655 0.589 0.728 0.589
3 16 -11.530 -0.245 1.139 -11.561 -0.096 0.777 -16.814 -0.783 1.139 0.728 0.561 0.655 0.561 0.728 0.589
3 16 -16.853 -0.636 0.777 -22.109 -1.459 0.777 -22.061 -1.604 1.139 0.655 0.589 0.655 0.617 0.728 0.617
3 16 -16.814 -0.783 1.139 -16.853 -0.636 0.777 -22.061 -1.604 1.139 0.728 0.589 0.655 0.589 0.728 0.617
3 16 -22.109 -1.459 0.777 -27.312 -2.565 0.777 -27.256 -2.707 1.139 0.655 0.617 0.655 0.645 0.728 0.644
3 16 -22.061 -1.604 1.139 -22.109 -1.459 0.777 -27.256 -2.707 1.139 0.728 0.617 0.655 0.617 0.728 0.644
3 16 -27.312 -2.565 0.777 -32.449 -3.950 0.777 -32.385 -4.089 1.139 0.655 0.645 0.655 0.672 0.728 0.671
3 16 -27.256 -2.707 1.139 -27.312 -2.565 0.777 -32.385 -4.089 1.139 0.728 0.644 0.655 0.645 0.728 0.671
3 16 -32.449 -3.950 0.777 -37.503 -5.610 0.777 -37.431 -5.745 1.139 0.655 0.672 0.655 0.698 0.728 0.698
3 16 -32.385 -4.089 1.139 -32.449 -3.950 0.777 -37.431 -5.745 1.139 0.728 0.671 0.655 0.672 0.728 0.698
3 16 -37.503 -5.610 0.777 -42.461 -7.540 0.777 -42.381 -7.670 1.139 0.655 0.698 0.655 0.725 0.728 0.724
3 16 -37.431 -5.745 1.139 -37.503 -5.610 0.777 -42.381 -7.670 1.139 0.728 0.698 0.655 0.698 0.728 0.724
3 16 -42.461 -7.540 0.777 -47.307 -9.735 0.777 -47.219 -9.860 1.139 0.655 0.725 0.655 0.750 0.728 0.750
3 16 -42.381 -7.670 1.139 -42.461 -7.540 0.777 -47.219 -9.860 1.139 0.728 0.724 0.655 0.725 0.728 0.750
3 16 -47.307 -9.735 0.777 -52.027 -12.187 0.777 -51.933 -12.308 1.139 0.655 0.750 0.655 0.775 0.728 0.775
3 16 -47.219 -9.860 1.139 -47.307 -9.735 0.777 -51.933 -12.308 1.139 0.728 0.750 0.655 0.750 0.728 0.775
3 16 -52.027 -12.187 0.777 -56.609 -14.891 0.777 -56.508 -15.005 1.139 0.655 0.775 0.655 0.800 0.728 0.799
3 16 -51.933 -12.308 1.139 -52.027 -12.187 0.777 -56.508 -15.005 1.139 0.728 0.775 0.655 0.775 0.728 0.799
3 16 -56.609 -14.891 0.777 -61.038 -17.838 0.777 -60.930 -17.946 1.139 0.655 0.800 0.655 0.823 0.728 0.822
3 16 -56.508 -15.005 1.139 -56.609 -14.891 0.777 -60.930 -17.946 1.139 0.728 0.799 0.655 0.800 0.728 0.822
3 16 -61.038 -17.838 0.777 -65.302 -21.019 0.777 -65.188 -21.121 1.139 0.655 0.823 0.655 0.846 0.728 0.845
3 16 -60.930 -17.946 1.139 -61.038 -17.838 0.777 -65.188 -21.121 1.139 0.728 0.822 0.655 0.823 0.728 0.845
3 16 -65.302 -21.019 0.777 -69.388 -24.425 0.777 -69.268 -24.521 1.139 0.655 0.846 0.655 0.867 0.728 0.866
3 16 -65.188 -21.121 1.139 -65.302 -21.019 0.777 -69.268 -24.521 1.139 0.728 0.845 0.655 0.846 0.728 0.866
3 16 -69.388 -24.425 0.777 -73.285 -28.047 0.777 -73.159 -28.136 1.139 0.655 0.867 0.655 0.888 0.728 0.887
3 16 -69.268 -24.521 1.139 -69.388 -24.425 0.777 -73.159 -28.136 1.139 0.728 0.866 0.655 0.867 0.728 0.887
3 16 -73.285 -28.047 0.777 -76.980 -31.874 0.777 -76.850 -31.955 1.139 0.655 0.888 0.655 0.907 0.728 0.907
3 16 -73.159 -28.136 1.139 -73.285 -28.047 0.777 -76.850 -31.955 1.139 0.728 0.887 0.655 0.888 0.728 0.907
3 16 -76.980 -31.874 0.777 -80.464 -35.894 0.777 -80.329 -35.968 1.139 0.655 0.907 0.655 0.926 0.728 0.925
3 16 -76.850 -31.955 1.139 -76.980 -31.874 0.777 -80.329 -35.968 1.139 0.728 0.907 0.655 0.907 0.728 0.925
3 16 -80.464 -35.894 0.777 -83.726 -40.097 0.777 -83.587 -40.162 1.139 0.655 0.926 0.655 0.943 0.728 0.942
3 16 -80.329 -35.968 1.139 -80.464 -35.894 0.777 -83.587 -40.162 1.139 0.728 0.925 0.655 0.926 0.728 0.942
3 16 -83.726 -40.097 0.777 -86.757 -44.469 0.777 -86.614 -44.526 1.139 0.655 0.943 0.655 0.959 0.728 0.958
3 16 -83.587 -40.162 1.139 -83.726 -40.097 0.777 -86.614 -44.526 1.139 0.728 0.942 0.655 0.943 0.728 0.958
3 16 -86.757 -44.469 0.777 -89.547 -48.998 0.777 -89.401 -49.047 1.139 0.655 0.959 0.655 0.974 0.728 0.973
3 16 -86.614 -44.526 1.139 -86.757 -44.469 0.777 -89.401 -49.047 1.139 0.728 0.958 0.655 0.959 0.728 0.973
3 16 -89.547 -48.998 0.777 -92.090 -53.671 0.777 -91.941 -53.712 1.139 0.655 0.974 0.655 0.987 0.728 0.986
3 16 -89.401 -49.047 1.139 -89.547 -48.998 0.777 -91.941 -53.712 1.139 0.728 0.973 0.655 0.974 0.728 0.986
3 16 -92.090 -53.671 0.777 -94.376 -58.475 0.777 -94.225 -58.507 1.139 0.655 0.987 0.655 0.999 0.728 0.999
3 16 -91.941 -53.712 1.139 -92.090 -53.671 0.777 -94.225 -58.507 1.139 0.728 0.986 0.655 0.987 0.728 0.999
3 16 -94.225 -58.507 1.139 -94.376 -58.475 0.777 -94.233 -138.392 1.124 0.728 0.999 0.655 0.999 0.725 0.999
3 16 77.986 -46.239 2.230 75.054 -41.887 2.230 74.769 -42.112 2.380 0.946 0.087 0.946 0.103 0.976 0.104
3 16 77.688 -46.447 2.380 77.986 -46.239 2.230 74.769 -42.112 2.380 0.976 0.089 0.946 0.087 0.976 0.104
3 16 80.370 -50.933 2.380 80.679 -50.742 2.230 77.688 -46.447 2.380 0.976 0.075 0.946 0.073 0.976 0.089
3 16 -94.233 -138.392 1.124 -91.941 -143.186 1.139 -94.031 -138.349 1.458 0.725 0.999 0.728 0.986 0.792 0.998
3 16 -94.225 -58.507 1.139 -94.233 -138.392 1.124 -94.031 -138.349 1.458 0.728 0.999 0.725 0.999 0.792 0.998
3 16 -91.941 -143.186 1.139 -89.401 -147.850 1.139 -91.738 -143.130 1.474 0.728 0.986 0.728 0.973 0.795 0.985
3 16 80.679 -50.742 2.230 77.986 -46.239 2.230 77.688 -46.447 2.380 0.946 0.073 0.946 0.087 0.976 0.089
3 16 -94.031 -138.349 1.458 -91.941 -143.186 1.139 -91.738 -143.130 1.474 0.792 0.998 0.728 0.986 0.795 0.985
3 16 -89.401 -147.850 1.139 -86.614 -152.371 1.139 -89.202 -147.783 1.474 0.728 0.973 0.728 0.958 0.795 0.972
3 16 -91.738 -143.130 1.474 -89.401 -147.850 1.139 -89.202 -147.783 1.474 0.795 0.985 0.728 0.973 0.795 0.972
3 16 -86.614 -152.371 1.139 -83.587 -156.735 1.139 -86.419 -152.293 1.474 0.728 0.958 0.728 0.942 0.795 0.957
3 16 -89.202 -147.783 1.474 -86.614 -152.371 1.139 -86.419 -152.293 1.474 0.795 0.972 0.728 0.958 0.795 0.957
3 16 -83.587 -156.735 1.139 -80.329 -160.930 1.139 -83.398 -156.646 1.474 0.728 0.942 0.728 0.925 0.795 0.941
3 16 -86.419 -152.293 1.474 -83.587 -156.735 1.139 -83.398 -156.646 1.474 0.795 0.957 0.728 0.942 0.795 0.941
3 16 -80.329 -160.930 1.139 -76.850 -164.942 1.139 -80.145 -160.829 1.474 0.728 0.925 0.728 0.907 0.795 0.924
3 16 -83.398 -156.646 1.474 -80.329 -160.930 1.139 -80.145 -160.829 1.474 0.795 0.941 0.728 0.925 0.795 0.924
3 16 -76.850 -164.942 1.139 -73.159 -168.762 1.139 -76.672 -164.832 1.474 0.728 0.907 0.728 0.887 0.795 0.906
3 16 -80.145 -160.829 1.474 -76.850 -164.942 1.139 -76.672 -164.832 1.474 0.795 0.924 0.728 0.907 0.795 0.906
3 16 -73.159 -168.762 1.139 -69.268 -172.377 1.139 -72.989 -168.641 1.474 0.728 0.887 0.728 0.866 0.795 0.886
3 16 -76.672 -164.832 1.474 -73.159 -168.762 1.139 -72.989 -168.641 1.474 0.795 0.906 0.728 0.887 0.795 0.886
3 16 -69.268 -172.377 1.139 -65.188 -175.776 1.139 -69.105 -172.246 1.474 0.728 0.866 0.728 0.845 0.795 0.866
3 16 -72.989 -168.641 1.474 -69.268 -172.377 1.139 -69.105 -172.246 1.474 0.795 0.886 0.728 0.866 0.795 0.866
3 16 -65.188 -175.776 1.139 -60.930 -178.951 1.139 -65.033 -175.637 1.474 0.728 0.845 0.728 0.822 0.795 0.844
3 16 -69.105 -172.246 1.474 -65.188 -175.776 1.139 -65.033 -175.637 1.474 0.795 0.866 0.728 0.845 0.795 0.844
3 16 -60.930 -178.951 1.139 -56.508 -181.892 1.139 -60.783 -178.803 1.474 0.728 0.822 0.728 0.799 0.795 0.822
3 16 -65.033 -175.637 1.474 -60.930 -178.951 1.139 -60.783 -178.803 1.474 0.795 0.844 0.728 0.822 0.795 0.822
3 16 -56.508 -181.892 1.139 -51.933 -184.590 1.139 -56.370 -181.736 1.474 0.728 0.799 0.728 0.775 0.795 0.798
3 16 -60.783 -178.803 1.474 -56.508 -181.892 1.139 -56.370 -181.736 1.474 0.795 0.822 0.728 0.799 0.795 0.798
3 16 -51.933 -184.590 1.139 -47.219 -187.037 1.139 -51.804 -184.426 1.474 0.728 0.775 0.728 0.750 0.795 0.774
3 16 -56.370 -181.736 1.474 -51.933 -184.590 1.139 -51.804 -184.426 1.474 0.795 0.798 0.728 0.775 0.795 0.774
3 16 -47.219 -187.037 1.139 -42.381 -189.227 1.139 -47.100 -186.866 1.474 0.728 0.750 0.728 0.724 0.795 0.749
3 16 -51.804 -184.426 1.474 -47.219 -187.037 1.139 -47.100 -186.866 1.474 0.795 0.774 0.728 0.750 0.795 0.749
3 16 -42.381 -189.227 1.139 -37.431 -191.153 1.139 -42.272 -189.050 1.474 0.728 0.724 0.728 0.698 0.795 0.724
3 16 -47.100 -186.866 1.474 -42.381 -189.227 1.139 -42.272 -189.050 1.474 0.795 0.749 0.728 0.724 0.795 0.724
3 16 -37.431 -191.153 1.139 -32.385 -192.809 1.139 -37.333 -190.969 1.474 0.728 0.698 0.728 0.671 0.795 0.698
3 16 -42.272 -189.050 1.474 -37.431 -191.153 1.139 -37.333 -190.969 1.474 0.795 0.724 0.728 0.698 0.795 0.698
3 16 -32.385 -192.809 1.139 -27.256 -194.190 1.139 -32.297 -192.620 1.474 0.728 0.671 0.728 0.644 0.795 0.671
3 16 -37.333 -190.969 1.474 -32.385 -192.809 1.139 -32.297 -192.620 1.474 0.795 0.698 0.728 0.671 0.795 0.671
3 16 -27.256 -194.190 1.139 -22.061 -195.293 1.139 -27.180 -193.997 1.474 0.728 0.644 0.728 0.617 0.795 0.644
3 16 -32.297 -192.620 1.474 -27.256 -194.190 1.139 -27.180 -193.997 1.474 0.795 0.671 0.728 0.644 0.795 0.644
3 16 -22.061 -195.293 1.139 -16.814 -196.115 1.139 -21.996 -195.096 1.474 0.728 0.617 0.728 0.589 0.795 0.616
3 16 -27.180 -193.997 1.474 -22.061 -195.293 1.139 -21.996 -195.096 1.474 0.795 0.644 0.728 0.617 0.795 0.616
3 16 -16.814 -196.115 1.139 -11.530 -196.652 1.139 -16.761 -195.914 1.474 0.728 0.589 0.728 0.561 0.795 0.589
3 16 -21.996 -195.096 1.474 -16.814 -196.115 1.139 -16.761 -195.914 1.474 0.795 0.616 0.728 0.589 0.795 0.589
3 16 -11.530 -196.652 1.139 -6.225 -196.904 1.139 -11.489 -196.449 1.474 0.728 0.561 0.728 0.533 0.795 0.561
3 16 -16.761 -195.914 1.474 -11.530 -196.652 1.139 -11.489 -196.449 1.474 0.795 0.589 0.728 0.561 0.795 0.561
3 16 -6.225 -196.904 1.139 -0.914 -196.869 1.139 -6.195 -196.698 1.474 0.728 0.533 0.728 0.505 0.795 0.533
3 16 -11.489 -196.449 1.474 -6.225 -196.904 1.139 -6.195 -196.698 1.474 0.795 0.561 0.728 0.533 0.795 0.533
3 16 -0.914 -196.869 1.139 4.387 -196.548 1.139 -0.896 -196.662 1.474 0.728 0.505 0.728 0.477 0.795 0.505
3 16 -6.195 -196.698 1.474 -0.914 -196.869 1.139 -0.896 -196.662 1.474 0.795 0.533 0.728 0.505 0.795 0.505
3 16 4.387 -196.548 1.139 9.664 -195.941 1.139 4.393 -196.341 1.474 0.728 0.477 0.728 0.449 0.795 0.477
3 16 -0.896 -196.662 1.474 4.387 -196.548 1.139 4.393 -196.341 1.474 0.795 0.505 0.728 0.477 0.795 0.477
3 16 9.664 -195.941 1.139 14.900 -195.051 1.139 9.657 -195.734 1.474 0.728 0.449 0.728 0.421 0.795 0.449
3 16 4.393 -196.341 1.474 9.664 -195.941 1.139 9.657 -195.734 1.474 0.795 0.477 0.728 0.449 0.795 0.449
3 16 14.900 -195.051 1.139 20.080 -193.880 1.139 14.881 -194.845 1.474 0.728 0.421 0.728 0.394 0.795 0.421
3 16 9.657 -195.734 1.474 14.900 -195.051 1.139 14.881 -194.845 1.474 0.795 0.449 0.728 0.421 0.795 0.421
3 16 20.080 -193.880 1.139 25.190 -192.432 1.139 20.050 -193.676 1.474 0.728 0.394 0.728 0.367 0.795 0.394
3 16 14.881 -194.845 1.474 20.080 -193.880 1.139 20.050 -193.676 1.474 0.795 0.421 0.728 0.394 0.795 0.394
3 16 25.190 -192.432 1.139 30.214 -190.710 1.139 25.148 -192.229 1.474 0.728 0.367 0.728 0.340 0.795 0.367
3 16 20.050 -193.676 1.474 25.190 -192.432 1.139 25.148 -192.229 1.474 0.795 0.394 0.728 0.367 0.795 0.367
3 16 30.214 -190.710 1.139 35.138 -188.720 1.139 30.160 -190.510 1.474 0.728 0.340 0.728 0.314 0.795 0.340
3 16 25.148 -192.229 1.474 30.214 -190.710 1.139 30.160 -190.510 1.474 0.795 0.367 0.728 0.340 0.795 0.340
3 16 35.138 -188.720 1.139 39.948 -186.467 1.139 35.073 -188.523 1.474 0.728 0.314 0.728 0.289 0.795 0.314
3 16 30.160 -190.510 1.474 35.138 -188.720 1.139 35.073 -188.523 1.474 0.795 0.340 0.728 0.314 0.795 0.314
3 16 39.948 -186.467 1.139 44.629 -183.958 1.139 39.871 -186.275 1.474 0.728 0.289 0.728 0.264 0.795 0.289
3 16 35.073 -188.523 1.474 39.948 -186.467 1.139 39.871 -186.275 1.474 0.795 0.314 0.728 0.289 0.795 0.289
3 16 44.629 -183.958 1.139 49.168 -181.200 1.139 44.541 -183.771 1.474 0.728 0.264 0.728 0.240 0.795 0.264
3 16 39.871 -186.275 1.474 44.629 -183.958 1.139 44.541 -183.771 1.474 0.795 0.289 0.728 0.264 0.795 0.264
3 16 49.168 -181.200 1.139 53.552 -178.202 1.139 49.070 -181.018 1.474 0.728 0.240 0.728 0.217 0.795 0.240
3 16 44.541 -183.771 1.474 49.168 -181.200 1.139 49.070 -181.018 1.474 0.795 0.264 0.728 0.240 0.795 0.240
3 16 53.552 -178.202 1.139 57.767 -174.971 1.139 53.443 -178.026 1.474 0.728 0.217 0.728 0.194 0.795 0.217
3 16 49.070 -181.018 1.474 53.552 -178.202 1.139 53.443 -178.026 1.474 0.795 0.240 0.728 0.217 0.795 0.217
3 16 57.767 -174.971 1.139 61.803 -171.519 1.139 57.649 -174.803 1.474 0.728 0.194 0.728 0.173 0.795 0.195
3 16 53.443 -178.026 1.474 57.767 -174.971 1.139 57.649 -174.803 1.474 0.795 0.217 0.728 0.194 0.795 0.195
3 16 61.803 -171.519 1.139 65.646 -167.853 1.139 61.675 -171.357 1.474 0.728 0.173 0.728 0.153 0.795 0.174
3 16 57.649 -174.803 1.474 61.803 -171.519 1.139 61.675 -171.357 1.474 0.795 0.195 0.728 0.173 0.795 0.174
3 16 65.646 -167.853 1.139 69.286 -163.986 1.139 65.509 -167.699 1.474 0.728 0.153 0.728 0.133 0.795 0.153
3 16 61.675 -171.357 1.474 65.646 -167.853 1.139 65.509 -167.699 1.474 0.795 0.174 0.728 0.153 0.795 0.153
3 16 69.286 -163.986 1.139 72.713 -159.928 1.139 69.140 -163.840 1.474 0.728 0.133 0.728 0.115 0.795 0.134
3 16 65.509 -167.699 1.474 69.286 -163.986 1.139 69.140 -163.840 1.474 0.795 0.153 0.728 0.133 0.795 0.134
3 16 72.713 -159.928 1.139 75.915 -155.691 1.139 72.559 -159.791 1.474 0.728 0.115 0.728 0.098 0.795 0.116
3 16 69.140 -163.840 1.474 72.713 -159.928 1.139 72.559 -159.791 1.474 0.795 0.134 0.728 0.115 0.795 0.116
3 16 75.915 -155.691 1.139 78.885 -151.288 1.139 75.754 -155.563 1.474 0.728 0.098 0.728 0.083 0.795 0.099
3 16 72.559 -159.791 1.474 75.915 -155.691 1.139 75.754 -155.563 1.474 0.795 0.116 0.728 0.098 0.795 0.099
3 16 78.885 -151.288 1.139 81.613 -146.731 1.139 78.716 -151.170 1.474 0.728 0.083 0.728 0.068 0.795 0.084
3 16 75.754 -155.563 1.474 78.885 -151.288 1.139 78.716 -151.170 1.474 0.795 0.099 0.728 0.083 0.795 0.084
3 16 81.613 -146.731 1.139 84.091 -142.033 1.139 81.438 -146.623 1.474 0.728 0.068 0.728 0.055 0.795 0.069
3 16 78.716 -151.170 1.474 81.613 -146.731 1.139 81.438 -146.623 1.474 0.795 0.084 0.728 0.068 0.795 0.069
3 16 84.091 -142.033 1.139 86.312 -137.209 1.139 83.910 -141.935 1.474 0.728 0.055 0.728 0.043 0.795 0.056
3 16 81.438 -146.623 1.474 84.091 -142.033 1.139 83.910 -141.935 1.474 0.795 0.069 0.728 0.055 0.795 0.056
3 16 86.312 -137.209 1.139 88.271 -132.272 1.139 86.126 -137.122 1.474 0.728 0.043 0.728 0.033 0.795 0.044
3 16 83.910 -141.935 1.474 86.312 -137.209 1.139 86.126 -137.122 1.474 0.795 0.056 0.728 0.043 0.795 0.044
3 16 88.271 -132.272 1.139 89.960 -127.237 1.139 88.079 -132.196 1.474 0.728 0.033 0.728 0.024 0.795 0.034
3 16 86.126 -137.122 1.474 88.271 -132.272 1.139 88.079 -132.196 1.474 0.795 0.044 0.728 0.033 0.795 0.034
3 16 89.960 -127.237 1.139 91.375 -122.117 1.139 89.764 -127.172 1.474 0.728 0.024 0.728 0.017 0.795 0.025
3 16 88.079 -132.196 1.474 89.960 -127.237 1.139 89.764 -127.172 1.474 0.795 0.034 0.728 0.024 0.795 0.025
3 16 91.375 -122.117 1.139 92.512 -116.930 1.139 91.176 -122.064 1.474 0.728 0.017 0.728 0.011 0.795 0.018
3 16 89.764 -127.172 1.474 91.375 -122.117 1.139 91.176 -122.064 1.474 0.795 0.025 0.728 0.017 0.795 0.018
3 16 92.512 -116.930 1.139 93.367 -111.688 1.139 92.310 -116.888 1.474 0.728 0.011 0.728 0.006 0.795 0.012
3 16 91.176 -122.064 1.474 92.512 -116.930 1.139 92.310 -116.888 1.474 0.795 0.018 0.728 0.011 0.795 0.012
3 16 93.367 -111.688 1.139 93.939 -106.408 1.139 93.164 -111.658 1.474 0.728 0.006 0.728 0.003 0.795 0.007
3 16 92.310 -116.888 1.474 93.367 -111.688 1.139 93.164 -111.658 1.474 0.795 0.012 0.728 0.006 0.795 0.007
3 16 93.939 -106.408 1.139 94.226 -101.104 1.139 93.734 -106.390 1.474 0.728 0.003 0.728 0.001 0.795 0.004
3 16 93.164 -111.658 1.474 93.939 -106.408 1.139 93.734 -106.390 1.474 0.795 0.007 0.728 0.003 0.795 0.004
3 16 94.226 -101.104 1.139 94.226 -95.793 1.139 94.020 -101.098 1.474 0.728 0.001 0.728 0.001 0.795 0.003
3 16 93.734 -106.390 1.474 94.226 -101.104 1.139 94.020 -101.098 1.474 0.795 0.004 0.728 0.001 0.795 0.003
3 16 94.226 -95.793 1.139 93.939 -90.490 1.139 94.020 -95.799 1.474 0.728 0.001 0.728 0.003 0.795 0.003
3 16 94.020 -101.098 1.474 94.226 -95.793 1.139 94.020 -95.799 1.474 0.795 0.003 0.728 0.001 0.795 0.003
3 16 93.939 -90.490 1.139 93.367 -85.210 1.139 93.164 -85.239 1.474 0.728 0.003 0.728 0.006 0.795 0.007
3 16 94.020 -95.799 1.474 93.939 -90.490 1.139 93.734 -90.508 1.474 0.795 0.003 0.728 0.003 0.795 0.004
3 16 93.734 -90.508 1.474 93.939 -90.490 1.139 93.164 -85.239 1.474 0.795 0.004 0.728 0.003 0.795 0.007
3 16 93.367 -85.210 1.139 92.512 -79.968 1.139 92.310 -80.009 1.474 0.728 0.006 0.728 0.011 0.795 0.012
3 16 93.164 -85.239 1.474 93.367 -85.210 1.139 92.310 -80.009 1.474 0.795 0.007 0.728 0.006 0.795 0.012
3 16 92.512 -79.968 1.139 91.375 -74.780 1.139 91.176 -74.833 1.474 0.728 0.011 0.728 0.017 0.795 0.018
3 16 92.310 -80.009 1.474 92.512 -79.968 1.139 91.176 -74.833 1.474 0.795 0.012 0.728 0.011 0.795 0.018
3 16 91.375 -74.780 1.139 89.960 -69.661 1.139 89.764 -69.726 1.474 0.728 0.017 0.728 0.024 0.795 0.025
3 16 91.176 -74.833 1.474 91.375 -74.780 1.139 89.764 -69.726 1.474 0.795 0.018 0.728 0.017 0.795 0.025
3 16 89.960 -69.661 1.139 88.271 -64.626 1.139 88.079 -64.701 1.474 0.728 0.024 0.728 0.033 0.795 0.034
3 16 89.764 -69.726 1.474 89.960 -69.661 1.139 88.079 -64.701 1.474 0.795 0.025 0.728 0.024 0.795 0.034
3 16 88.271 -64.626 1.139 86.312 -59.689 1.139 86.126 -59.775 1.474 0.728 0.033 0.728 0.043 0.795 0.044
3 16 88.079 -64.701 1.474 88.271 -64.626 1.139 86.126 -59.775 1.474 0.795 0.034 0.728 0.033 0.795 0.044
3 16 86.312 -59.689 1.139 84.091 -54.864 1.139 83.910 -54.962 1.474 0.728 0.043 0.728 0.055 0.795 0.056
3 16 86.126 -59.775 1.474 86.312 -59.689 1.139 83.910 -54.962 1.474 0.795 0.044 0.728 0.043 0.795 0.056
3 16 84.091 -54.864 1.139 81.613 -50.167 1.139 81.438 -50.275 1.474 0.728 0.055 0.728 0.068 0.795 0.069
3 16 83.910 -54.962 1.474 84.091 -54.864 1.139 81.438 -50.275 1.474 0.795 0.056 0.728 0.055 0.795 0.069
3 16 81.613 -50.167 1.139 78.885 -45.610 1.139 78.716 -45.728 1.474 0.728 0.068 0.728 0.083 0.795 0.084
3 16 81.438 -50.275 1.474 81.613 -50.167 1.139 78.716 -45.728 1.474 0.795 0.069 0.728 0.068 0.795 0.084
3 16 78.885 -45.610 1.139 75.915 -41.207 1.139 75.754 -41.334 1.474 0.728 0.083 0.728 0.098 0.795 0.099
3 16 78.716 -45.728 1.474 78.885 -45.610 1.139 75.754 -41.334 1.474 0.795 0.084 0.728 0.083 0.795 0.099
3 16 75.915 -41.207 1.139 72.713 -36.970 1.139 72.559 -37.107 1.474 0.728 0.098 0.728 0.115 0.795 0.116
3 16 75.754 -41.334 1.474 75.915 -41.207 1.139 72.559 -37.107 1.474 0.795 0.099 0.728 0.098 0.795 0.116
3 16 72.713 -36.970 1.139 69.286 -32.912 1.139 69.140 -33.057 1.474 0.728 0.115 0.728 0.133 0.795 0.134
3 16 72.559 -37.107 1.474 72.713 -36.970 1.139 69.140 -33.057 1.474 0.795 0.116 0.728 0.115 0.795 0.134
3 16 69.286 -32.912 1.139 65.646 -29.044 1.139 65.509 -29.198 1.474 0.728 0.133 0.728 0.153 0.795 0.153
3 16 69.140 -33.057 1.474 69.286 -32.912 1.139 65.509 -29.198 1.474 0.795 0.134 0.728 0.133 0.795 0.153
3 16 65.646 -29.044 1.139 61.803 -25.379 1.139 61.675 -25.541 1.474 0.728 0.153 0.728 0.173 0.795 0.174
3 16 65.509 -29.198 1.474 65.646 -29.044 1.139 61.675 -25.541 1.474 0.795 0.153 0.728 0.153 0.795 0.174
3 16 61.803 -25.379 1.139 57.767 -21.926 1.139 57.649 -22.095 1.474 0.728 0.173 0.728 0.194 0.795 0.195
3 16 61.675 -25.541 1.474 61.803 -25.379 1.139 57.649 -22.095 1.474 0.795 0.174 0.728 0.173 0.795 0.195
3 16 57.767 -21.926 1.139 53.552 -18.696 1.139 53.443 -18.871 1.474 0.728 0.194 0.728 0.217 0.795 0.217
3 16 57.649 -22.095 1.474 57.767 -21.926 1.139 53.443 -18.871 1.474 0.795 0.195 0.728 0.194 0.795 0.217
3 16 53.552 -18.696 1.139 49.168 -15.697 1.139 49.070 -15.879 1.474 0.728 0.217 0.728 0.240 0.795 0.240
3 16 53.443 -18.871 1.474 53.552 -18.696 1.139 49.070 -15.879 1.474 0.795 0.217 0.728 0.217 0.795 0.240
3 16 49.168 -15.697 1.139 44.629 -12.940 1.139 44.541 -13.127 1.474 0.728 0.240 0.728 0.264 0.795 0.264
3 16 49.070 -15.879 1.474 49.168 -15.697 1.139 44.541 -13.127 1.474 0.795 0.240 0.728 0.240 0.795 0.264
3 16 44.629 -12.940 1.139 39.948 -10.431 1.139 39.871 -10.623 1.474 0.728 0.264 0.728 0.289 0.795 0.289
3 16 44.541 -13.127 1.474 44.629 -12.940 1.139 39.871 -10.623 1.474 0.795 0.264 0.728 0.264 0.795 0.289
3 16 39.948 -10.431 1.139 35.138 -8.178 1.139 35.073 -8.374 1.474 0.728 0.289 0.728 0.314 0.795 0.314
3 16 39.871 -10.623 1.474 39.948 -10.431 1.139 35.073 -8.374 1.474 0.795 0.289 0.728 0.289 0.795 0.314
3 16 35.138 -8.178 1.139 30.214 -6.188 1.139 30.160 -6.387 1.474 0.728 0.314 0.728 0.340 0.795 0.340
3 16 35.073 -8.374 1.474 35.138 -8.178 1.139 30.160 -6.387 1.474 0.795 0.314 0.728 0.314 0.795 0.340
3 16 30.214 -6.188 1.139 25.190 -4.466 1.139 25.148 -4.668 1.474 0.728 0.340 0.728 0.367 0.795 0.367
3 16 30.160 -6.387 1.474 30.214 -6.188 1.139 25.148 -4.668 1.474 0.795 0.340 0.728 0.340 0.795 0.367
3 16 25.190 -4.466 1.139 20.080 -3.017 1.139 20.050 -3.222 1.474 0.728 0.367 0.728 0.394 0.795 0.394
3 16 25.148 -4.668 1.474 25.190 -4.466 1.139 20.050 -3.222 1.474 0.795 0.367 0.728 0.367 0.795 0.394
3 16 20.080 -3.017 1.139 14.900 -1.846 1.139 14.881 -2.052 1.474 0.728 0.394 0.728 0.421 0.795 0.421
3 16 20.050 -3.222 1.474 20.080 -3.017 1.139 14.881 -2.052 1.474 0.795 0.394 0.728 0.394 0.795 0.421
3 16 14.900 -1.846 1.139 9.664 -0.956 1.139 9.657 -1.163 1.474 0.728 0.421 0.728 0.449 0.795 0.449
3 16 14.881 -2.052 1.474 14.900 -1.846 1.139 9.657 -1.163 1.474 0.795 0.421 0.728 0.421 0.795 0.449
3 16 9.664 -0.956 1.139 4.387 -0.350 1.139 4.393 -0.557 1.474 0.728 0.449 0.728 0.477 0.795 0.477
3 16 9.657 -1.163 1.474 9.664 -0.956 1.139 4.393 -0.557 1.474 0.795 0.449 0.728 0.449 0.795 0.477
3 16 4.387 -0.350 1.139 -0.914 -0.029 1.139 -0.896 -0.235 1.474 0.728 0.477 0.728 0.505 0.795 0.505
3 16 4.393 -0.557 1.474 4.387 -0.350 1.139 -0.896 -0.235 1.474 0.795 0.477 0.728 0.477 0.795 0.505
3 16 -0.914 -0.029 1.139 -6.225 0.006 1.139 -6.195 -0.199 1.474 0.728 0.505 0.728 0.533 0.795 0.533
3 16 -0.896 -0.235 1.474 -0.914 -0.029 1.139 -6.195 -0.199 1.474 0.795 0.505 0.728 0.505 0.795 0.533
3 16 -6.225 0.006 1.139 -11.530 -0.245 1.139 -11.489 -0.449 1.474 0.728 0.533 0.728 0.561 0.795 0.561
3 16 -6.195 -0.199 1.474 -6.225 0.006 1.139 -11.489 -0.449 1.474 0.795 0.533 0.728 0.533 0.795 0.561
3 16 -11.530 -0.245 1.139 -16.814 -0.783 1.139 -16.761 -0.983 1.474 0.728 0.561 0.728 0.589 0.795 0.589
3 16 -11.489 -0.449 1.474 -11.530 -0.245 1.139 -16.761 -0.983 1.474 0.795 0.561 0.728 0.561 0.795 0.589
3 16 -16.814 -0.783 1.139 -22.061 -1.604 1.139 -21.996 -1.801 1.474 0.728 0.589 0.728 0.617 0.795 0.616
3 16 -16.761 -0.983 1.474 -16.814 -0.783 1.139 -21.996 -1.801 1.474 0.795 0.589 0.728 0.589 0.795 0.616
3 16 -22.061 -1.604 1.139 -27.256 -2.707 1.139 -27.180 -2.901 1.474 0.728 0.617 0.728 0.644 0.795 0.644
3 16 -21.996 -1.801 1.474 -22.061 -1.604 1.139 -27.180 -2.901 1.474 0.795 0.616 0.728 0.617 0.795 0.644
3 16 -27.256 -2.707 1.139 -32.385 -4.089 1.139 -32.297 -4.277 1.474 0.728 0.644 0.728 0.671 0.795 0.671
3 16 -27.180 -2.901 1.474 -27.256 -2.707 1.139 -32.297 -4.277 1.474 0.795 0.644 0.728 0.644 0.795 0.671
3 16 -32.385 -4.089 1.139 -37.431 -5.745 1.139 -37.333 -5.928 1.474 0.728 0.671 0.728 0.698 0.795 0.698
3 16 -32.297 -4.277 1.474 -32.385 -4.089 1.139 -37.333 -5.928 1.474 0.795 0.671 0.728 0.671 0.795 0.698
3 16 -37.431 -5.745 1.139 -42.381 -7.670 1.139 -42.272 -7.848 1.474 0.728 0.698 0.728 0.724 0.795 0.724
3 16 -37.333 -5.928 1.474 -37.431 -5.745 1.139 -42.272 -7.848 1.474 0.795 0.698 0.728 0.698 0.795 0.724
3 16 -42.381 -7.670 1.139 -47.219 -9.860 1.139 -47.100 -10.031 1.474 0.728 0.724 0.728 0.750 0.795 0.749
3 16 -42.272 -7.848 1.474 -42.381 -7.670 1.139 -47.100 -10.031 1.474 0.795 0.724 0.728 0.724 0.795 0.749
3 16 -47.219 -9.860 1.139 -51.933 -12.308 1.139 -51.804 -12.471 1.474 0.728 0.750 0.728 0.775 0.795 0.774
3 16 -47.100 -10.031 1.474 -47.219 -9.860 1.139 -51.804 -12.471 1.474 0.795 0.749 0.728 0.750 0.795 0.774
3 16 -51.933 -12.308 1.139 -56.508 -15.005 1.139 -56.370 -15.162 1.474 0.728 0.775 0.728 0.799 0.795 0.798
3 16 -51.804 -12.471 1.474 -51.933 -12.308 1.139 -56.370 -15.162 1.474 0.795 0.774 0.728 0.775 0.795 0.798
3 16 -56.508 -15.005 1.139 -60.930 -17.946 1.139 -60.783 -18.094 1.474 0.728 0.799 0.728 0.822 0.795 0.822
3 16 -56.370 -15.162 1.474 -56.508 -15.005 1.139 -60.783 -18.094 1.474 0.795 0.798 0.728 0.799 0.795 0.822
3 16 -60.930 -17.946 1.139 -65.188 -21.121 1.139 -65.033 -21.261 1.474 0.728 0.822 0.728 0.845 0.795 0.844
3 16 -60.783 -18.094 1.474 -60.930 -17.946 1.139 -65.033 -21.261 1.474 0.795 0.822 0.728 0.822 0.795 0.844
3 16 -65.188 -21.121 1.139 -69.268 -24.521 1.139 -69.105 -24.651 1.474 0.728 0.845 0.728 0.866 0.795 0.866
3 16 -65.033 -21.261 1.474 -65.188 -21.121 1.139 -69.105 -24.651 1.474 0.795 0.844 0.728 0.845 0.795 0.866
3 16 -69.268 -24.521 1.139 -73.159 -28.136 1.139 -72.989 -28.256 1.474 0.728 0.866 0.728 0.887 0.795 0.886
3 16 -69.105 -24.651 1.474 -69.268 -24.521 1.139 -72.989 -28.256 1.474 0.795 0.866 0.728 0.866 0.795 0.886
3 16 -73.159 -28.136 1.139 -76.850 -31.955 1.139 -76.672 -32.066 1.474 0.728 0.887 0.728 0.907 0.795 0.906
3 16 -72.989 -28.256 1.474 -73.159 -28.136 1.139 -76.672 -32.066 1.474 0.795 0.886 0.728 0.887 0.795 0.906
3 16 -76.850 -31.955 1.139 -80.329 -35.968 1.139 -80.145 -36.068 1.474 0.728 0.907 0.728 0.925 0.795 0.924
3 16 -76.672 -32.066 1.474 -76.850 -31.955 1.139 -80.145 -36.068 1.474 0.795 0.906 0.728 0.907 0.795 0.924
3 16 -80.329 -35.968 1.139 -83.587 -40.162 1.139 -83.398 -40.252 1.474 0.728 0.925 0.728 0.942 0.795 0.941
3 16 -80.145 -36.068 1.474 -80.329 -35.968 1.139 -83.398 -40.252 1.474 0.795 0.924 0.728 0.925 0.795 0.941
3 16 -83.587 -40.162 1.139 -86.614 -44.526 1.139 -86.419 -44.605 1.474 0.728 0.942 0.728 0.958 0.795 0.957
3 16 -83.398 -40.252 1.474 -83.587 -40.162 1.139 -86.419 -44.605 1.474 0.795 0.941 0.728 0.942 0.795 0.957
3 16 -86.614 -44.526 1.139 -89.401 -49.047 1.139 -89.202 -49.114 1.474 0.728 0.958 0.728 0.973 0.795 0.972
3 16 -86.419 -44.605 1.474 -86.614 -44.526 1.139 -89.202 -49.114 1.474 0.795 0.957 0.728 0.958 0.795 0.972
3 16 -89.401 -49.047 1.139 -91.941 -53.712 1.139 -91.738 -53.767 1.474 0.728 0.973 0.728 0.986 0.795 0.985
3 16 -89.202 -49.114 1.474 -89.401 -49.047 1.139 -91.738 -53.767 1.474 0.795 0.972 0.728 0.973 0.795 0.985
3 16 -91.941 -53.712 1.139 -94.225 -58.507 1.139 -94.020 -58.550 1.474 0.728 0.986 0.728 0.999 0.795 0.997
3 16 -91.738 -53.767 1.474 -91.941 -53.712 1.139 -94.020 -58.550 1.474 0.795 0.985 0.728 0.986 0.795 0.997
3 16 -94.020 -58.550 1.474 -94.225 -58.507 1.139 -94.031 -138.349 1.458 0.795 0.997 0.728 0.999 0.792 0.998
3 16 83.126 -55.384 2.230 80.679 -50.742 2.230 80.370 -50.933 2.380 0.946 0.060 0.946 0.073 0.976 0.075
3 16 82.806 -55.557 2.380 83.126 -55.384 2.230 80.370 -50.933 2.380 0.976 0.062 0.946 0.060 0.976 0.075
3 16 84.989 -60.305 2.380 85.318 -60.152 2.230 82.806 -55.557 2.380 0.976 0.050 0.946 0.049 0.976 0.062
3 16 -94.031 -138.349 1.458 -91.738 -143.130 1.474 -93.779 -138.296 1.757 0.792 0.998 0.795 0.985 0.851 0.996
3 16 -94.020 -58.550 1.474 -94.031 -138.349 1.458 -93.779 -138.296 1.757 0.795 0.997 0.792 0.998 0.851 0.996
3 16 -91.738 -143.130 1.474 -89.202 -147.783 1.474 -91.486 -143.061 1.772 0.795 0.985 0.795 0.972 0.854 0.984
3 16 85.318 -60.152 2.230 83.126 -55.384 2.230 82.806 -55.557 2.380 0.946 0.049 0.946 0.060 0.976 0.062
3 16 -93.779 -138.296 1.757 -91.738 -143.130 1.474 -91.486 -143.061 1.772 0.851 0.996 0.795 0.985 0.854 0.984
3 16 -89.202 -147.783 1.474 -86.419 -152.293 1.474 -88.955 -147.700 1.772 0.795 0.972 0.795 0.957 0.854 0.971
3 16 -91.486 -143.061 1.772 -89.202 -147.783 1.474 -88.955 -147.700 1.772 0.854 0.984 0.795 0.972 0.854 0.971
3 16 -86.419 -152.293 1.474 -83.398 -156.646 1.474 -86.178 -152.195 1.772 0.795 0.957 0.795 0.941 0.854 0.956
3 16 -88.955 -147.700 1.772 -86.419 -152.293 1.474 -86.178 -152.195 1.772 0.854 0.971 0.795 0.957 0.854 0.956
3 16 -83.398 -156.646 1.474 -80.145 -160.829 1.474 -83.162 -156.534 1.772 0.795 0.941 0.795 0.924 0.854 0.940
3 16 -86.178 -152.195 1.772 -83.398 -156.646 1.474 -83.162 -156.534 1.772 0.854 0.956 0.795 0.941 0.854 0.940
3 16 -80.145 -160.829 1.474 -76.672 -164.832 1.474 -79.917 -160.705 1.772 0.795 0.924 0.795 0.906 0.854 0.923
3 16 -83.162 -156.534 1.772 -80.145 -160.829 1.474 -79.917 -160.705 1.772 0.854 0.940 0.795 0.924 0.854 0.923
3 16 -76.672 -164.832 1.474 -72.989 -168.641 1.474 -76.451 -164.694 1.772 0.795 0.906 0.795 0.886 0.854 0.905
3 16 -79.917 -160.705 1.772 -76.672 -164.832 1.474 -76.451 -164.694 1.772 0.854 0.923 0.795 0.906 0.854 0.905
3 16 -72.989 -168.641 1.474 -69.105 -172.246 1.474 -72.776 -168.491 1.772 0.795 0.886 0.795 0.866 0.854 0.885
3 16 -76.451 -164.694 1.772 -72.989 -168.641 1.474 -72.776 -168.491 1.772 0.854 0.905 0.795 0.886 0.854 0.885
3 16 -69.105 -172.246 1.474 -65.033 -175.637 1.474 -68.902 -172.084 1.772 0.795 0.866 0.795 0.844 0.854 0.865
3 16 -72.776 -168.491 1.772 -69.105 -172.246 1.474 -68.902 -172.084 1.772 0.854 0.885 0.795 0.866 0.854 0.865
3 16 -65.033 -175.637 1.474 -60.783 -178.803 1.474 -64.839 -175.464 1.772 0.795 0.844 0.795 0.822 0.854 0.843
3 16 -68.902 -172.084 1.772 -65.033 -175.637 1.474 -64.839 -175.464 1.772 0.854 0.865 0.795 0.844 0.854 0.843
3 16 -60.783 -178.803 1.474 -56.370 -181.736 1.474 -60.601 -178.619 1.772 0.795 0.822 0.795 0.798 0.854 0.821
3 16 -64.839 -175.464 1.772 -60.783 -178.803 1.474 -60.601 -178.619 1.772 0.854 0.843 0.795 0.822 0.854 0.821
3 16 -56.370 -181.736 1.474 -51.804 -184.426 1.474 -56.198 -181.541 1.772 0.795 0.798 0.795 0.774 0.854 0.797
3 16 -60.601 -178.619 1.772 -56.370 -181.736 1.474 -56.198 -181.541 1.772 0.854 0.821 0.795 0.798 0.854 0.797
3 16 -51.804 -184.426 1.474 -47.100 -186.866 1.474 -51.644 -184.222 1.772 0.795 0.774 0.795 0.749 0.854 0.773
3 16 -56.198 -181.541 1.772 -51.804 -184.426 1.474 -51.644 -184.222 1.772 0.854 0.797 0.795 0.774 0.854 0.773
3 16 -47.100 -186.866 1.474 -42.272 -189.050 1.474 -46.953 -186.654 1.772 0.795 0.749 0.795 0.724 0.854 0.748
3 16 -51.644 -184.222 1.772 -47.100 -186.866 1.474 -46.953 -186.654 1.772 0.854 0.773 0.795 0.749 0.854 0.748
3 16 -42.272 -189.050 1.474 -37.333 -190.969 1.474 -42.137 -188.829 1.772 0.795 0.724 0.795 0.698 0.854 0.723
3 16 -46.953 -186.654 1.772 -42.272 -189.050 1.474 -42.137 -188.829 1.772 0.854 0.748 0.795 0.724 0.854 0.723
3 16 -37.333 -190.969 1.474 -32.297 -192.620 1.474 -37.211 -190.741 1.772 0.795 0.698 0.795 0.671 0.854 0.697
3 16 -42.137 -188.829 1.772 -37.333 -190.969 1.474 -37.211 -190.741 1.772 0.854 0.723 0.795 0.698 0.854 0.697
3 16 -32.297 -192.620 1.474 -27.180 -193.997 1.474 -32.189 -192.386 1.772 0.795 0.671 0.795 0.644 0.854 0.670
3 16 -37.211 -190.741 1.772 -32.297 -192.620 1.474 -32.189 -192.386 1.772 0.854 0.697 0.795 0.671 0.854 0.670
3 16 -27.180 -193.997 1.474 -21.996 -195.096 1.474 -27.085 -193.757 1.772 0.795 0.644 0.795 0.616 0.854 0.643
3 16 -32.189 -192.386 1.772 -27.180 -193.997 1.474 -27.085 -193.757 1.772 0.854 0.670 0.795 0.644 0.854 0.643
3 16 -21.996 -195.096 1.474 -16.761 -195.914 1.474 -21.916 -194.851 1.772 0.795 0.616 0.795 0.589 0.854 0.616
3 16 -27.085 -193.757 1.772 -21.996 -195.096 1.474 -21.916 -194.851 1.772 0.854 0.643 0.795 0.616 0.854 0.616
3 16 -16.761 -195.914 1.474 -11.489 -196.449 1.474 -16.695 -195.665 1.772 0.795 0.589 0.795 0.561 0.854 0.588
3 16 -21.916 -194.851 1.772 -16.761 -195.914 1.474 -16.695 -195.665 1.772 0.854 0.616 0.795 0.589 0.854 0.588
3 16 -11.489 -196.449 1.474 -6.195 -196.698 1.474 -11.437 -196.196 1.772 0.795 0.561 0.795 0.533 0.854 0.561
3 16 -16.695 -195.665 1.772 -11.489 -196.449 1.474 -11.437 -196.196 1.772 0.854 0.588 0.795 0.561 0.854 0.561
3 16 -6.195 -196.698 1.474 -0.896 -196.662 1.474 -6.159 -196.443 1.772 0.795 0.533 0.795 0.505 0.854 0.533
3 16 -11.437 -196.196 1.772 -6.195 -196.698 1.474 -6.159 -196.443 1.772 0.854 0.561 0.795 0.533 0.854 0.533
3 16 -0.896 -196.662 1.474 4.393 -196.341 1.474 -0.874 -196.406 1.772 0.795 0.505 0.795 0.477 0.854 0.505
3 16 -6.159 -196.443 1.772 -0.896 -196.662 1.474 -0.874 -196.406 1.772 0.854 0.533 0.795 0.505 0.854 0.505
3 16 4.393 -196.341 1.474 9.657 -195.734 1.474 4.400 -196.083 1.772 0.795 0.477 0.795 0.449 0.854 0.477
3 16 -0.874 -196.406 1.772 4.393 -196.341 1.474 4.400 -196.083 1.772 0.854 0.505 0.795 0.477 0.854 0.477
3 16 9.657 -195.734 1.474 14.881 -194.845 1.474 9.649 -195.477 1.772 0.795 0.449 0.795 0.421 0.854 0.449
3 16 4.400 -196.083 1.772 9.657 -195.734 1.474 9.649 -195.477 1.772 0.854 0.477 0.795 0.449 0.854 0.449
3 16 14.881 -194.845 1.474 20.050 -193.676 1.474 14.858 -194.589 1.772 0.795 0.421 0.795 0.394 0.854 0.421
3 16 9.649 -195.477 1.772 14.881 -194.845 1.474 14.858 -194.589 1.772 0.854 0.449 0.795 0.421 0.854 0.421
3 16 20.050 -193.676 1.474 25.148 -192.229 1.474 20.012 -193.421 1.772 0.795 0.394 0.795 0.367 0.854 0.394
3 16 14.858 -194.589 1.772 20.050 -193.676 1.474 20.012 -193.421 1.772 0.854 0.421 0.795 0.394 0.854 0.394
3 16 25.148 -192.229 1.474 30.160 -190.510 1.474 25.095 -191.978 1.772 0.795 0.367 0.795 0.340 0.854 0.367
3 16 20.012 -193.421 1.772 25.148 -192.229 1.474 25.095 -191.978 1.772 0.854 0.394 0.795 0.367 0.854 0.367
3 16 30.160 -190.510 1.474 35.073 -188.523 1.474 30.093 -190.262 1.772 0.795 0.340 0.795 0.314 0.854 0.341
3 16 25.095 -191.978 1.772 30.160 -190.510 1.474 30.093 -190.262 1.772 0.854 0.367 0.795 0.340 0.854 0.341
3 16 35.073 -188.523 1.474 39.871 -186.275 1.474 34.992 -188.280 1.772 0.795 0.314 0.795 0.289 0.854 0.315
3 16 30.093 -190.262 1.772 35.073 -188.523 1.474 34.992 -188.280 1.772 0.854 0.341 0.795 0.314 0.854 0.315
3 16 39.871 -186.275 1.474 44.541 -183.771 1.474 39.776 -186.036 1.772 0.795 0.289 0.795 0.264 0.854 0.290
3 16 34.992 -188.280 1.772 39.871 -186.275 1.474 39.776 -186.036 1.772 0.854 0.315 0.795 0.289 0.854 0.290
3 16 44.541 -183.771 1.474 49.070 -181.018 1.474 44.433 -183.538 1.772 0.795 0.264 0.795 0.240 0.854 0.265
3 16 39.776 -186.036 1.772 44.541 -183.771 1.474 44.433 -183.538 1.772 0.854 0.290 0.795 0.264 0.854 0.265
3 16 49.070 -181.018 1.474 53.443 -178.026 1.474 48.948 -180.793 1.772 0.795 0.240 0.795 0.217 0.854 0.241
3 16 44.433 -183.538 1.772 49.070 -181.018 1.474 48.948 -180.793 1.772 0.854 0.265 0.795 0.240 0.854 0.241
3 16 53.443 -178.026 1.474 57.649 -174.803 1.474 53.308 -177.808 1.772 0.795 0.217 0.795 0.195 0.854 0.218
3 16 48.948 -180.793 1.772 53.443 -178.026 1.474 53.308 -177.808 1.772 0.854 0.241 0.795 0.217 0.854 0.218
3 16 57.649 -174.803 1.474 61.675 -171.357 1.474 57.502 -174.593 1.772 0.795 0.195 0.795 0.174 0.854 0.196
3 16 53.308 -177.808 1.772 57.649 -174.803 1.474 57.502 -174.593 1.772 0.854 0.218 0.795 0.195 0.854 0.196
3 16 61.675 -171.357 1.474 65.509 -167.699 1.474 61.516 -171.156 1.772 0.795 0.174 0.795 0.153 0.854 0.175
3 16 57.502 -174.593 1.772 61.675 -171.357 1.474 61.516 -171.156 1.772 0.854 0.196 0.795 0.174 0.854 0.175
3 16 65.509 -167.699 1.474 69.140 -163.840 1.474 65.339 -167.508 1.772 0.795 0.153 0.795 0.134 0.854 0.154
3 16 61.516 -171.156 1.772 65.509 -167.699 1.474 65.339 -167.508 1.772 0.854 0.175 0.795 0.153 0.854 0.154
3 16 69.140 -163.840 1.474 72.559 -159.791 1.474 68.959 -163.659 1.772 0.795 0.134 0.795 0.116 0.854 0.135
3 16 65.339 -167.508 1.772 69.140 -163.840 1.474 68.959 -163.659 1.772 0.854 0.154 0.795 0.134 0.854 0.135
3 16 72.559 -159.791 1.474 75.754 -155.563 1.474 72.367 -159.621 1.772 0.795 0.116 0.795 0.099 0.854 0.117
3 16 68.959 -163.659 1.772 72.559 -159.791 1.474 72.367 -159.621 1.772 0.854 0.135 0.795 0.116 0.854 0.117
3 16 75.754 -155.563 1.474 78.716 -151.170 1.474 75.553 -155.405 1.772 0.795 0.099 0.795 0.084 0.854 0.100
3 16 72.367 -159.621 1.772 75.754 -155.563 1.474 75.553 -155.405 1.772 0.854 0.117 0.795 0.099 0.854 0.100
3 16 78.716 -151.170 1.474 81.438 -146.623 1.474 78.506 -151.023 1.772 0.795 0.084 0.795 0.069 0.854 0.085
3 16 75.553 -155.405 1.772 78.716 -151.170 1.474 78.506 -151.023 1.772 0.854 0.100 0.795 0.084 0.854 0.085
3 16 81.438 -146.623 1.474 83.910 -141.935 1.474 81.220 -146.488 1.772 0.795 0.069 0.795 0.056 0.854 0.070
3 16 78.506 -151.023 1.772 81.438 -146.623 1.474 81.220 -146.488 1.772 0.854 0.085 0.795 0.069 0.854 0.070
3 16 83.910 -141.935 1.474 86.126 -137.122 1.474 83.685 -141.814 1.772 0.795 0.056 0.795 0.044 0.854 0.057
3 16 81.220 -146.488 1.772 83.910 -141.935 1.474 83.685 -141.814 1.772 0.854 0.070 0.795 0.056 0.854 0.057
3 16 86.126 -137.122 1.474 88.079 -132.196 1.474 85.894 -137.014 1.772 0.795 0.044 0.795 0.034 0.854 0.046
3 16 83.685 -141.814 1.772 86.126 -137.122 1.474 85.894 -137.014 1.772 0.854 0.057 0.795 0.044 0.854 0.046
3 16 88.079 -132.196 1.474 89.764 -127.172 1.474 87.841 -132.102 1.772 0.795 0.034 0.795 0.025 0.854 0.035
3 16 85.894 -137.014 1.772 88.079 -132.196 1.474 87.841 -132.102 1.772 0.854 0.046 0.795 0.034 0.854 0.035
3 16 89.764 -127.172 1.474 91.176 -122.064 1.474 89.521 -127.091 1.772 0.795 0.025 0.795 0.018 0.854 0.026
3 16 87.841 -132.102 1.772 89.764 -127.172 1.474 89.521 -127.091 1.772 0.854 0.035 0.795 0.025 0.854 0.026
3 16 91.176 -122.064 1.474 92.310 -116.888 1.474 90.929 -121.998 1.772 0.795 0.018 0.795 0.012 0.854 0.019
3 16 89.521 -127.091 1.772 91.176 -122.064 1.474 90.929 -121.998 1.772 0.854 0.026 0.795 0.018 0.854 0.019
3 16 92.310 -116.888 1.474 93.164 -111.658 1.474 92.060 -116.836 1.772 0.795 0.012 0.795 0.007 0.854 0.013
3 16 90.929 -121.998 1.772 92.310 -116.888 1.474 92.060 -116.836 1.772 0.854 0.019 0.795 0.012 0.854 0.013
3 16 93.164 -111.658 1.474 93.734 -106.390 1.474 92.911 -111.621 1.772 0.795 0.007 0.795 0.004 0.854 0.008
3 16 92.060 -116.836 1.772 93.164 -111.658 1.474 92.911 -111.621 1.772 0.854 0.013 0.795 0.007 0.854 0.008
3 16 93.734 -106.390 1.474 94.020 -101.098 1.474 93.479 -106.367 1.772 0.795 0.004 0.795 0.003 0.854 0.005
3 16 92.911 -111.621 1.772 93.734 -106.390 1.474 93.479 -106.367 1.772 0.854 0.008 0.795 0.004 0.854 0.005
3 16 94.020 -101.098 1.474 94.020 -95.799 1.474 93.764 -101.091 1.772 0.795 0.003 0.795 0.003 0.854 0.004
3 16 93.479 -106.367 1.772 94.020 -101.098 1.474 93.764 -101.091 1.772 0.854 0.005 0.795 0.003 0.854 0.004
3 16 94.020 -95.799 1.474 93.734 -90.508 1.474 93.764 -95.807 1.772 0.795 0.003 0.795 0.004 0.854 0.004
3 16 93.764 -101.091 1.772 94.020 -95.799 1.474 93.764 -95.807 1.772 0.854 0.004 0.795 0.003 0.854 0.004
3 16 93.734 -90.508 1.474 93.164 -85.239 1.474 92.911 -85.276 1.772 0.795 0.004 0.795 0.007 0.854 0.008
3 16 93.764 -95.807 1.772 93.734 -90.508 1.474 93.479 -90.530 1.772 0.854 0.004 0.795 0.004 0.854 0.005
3 16 93.479 -90.530 1.772 93.734 -90.508 1.474 92.911 -85.276 1.772 0.854 0.005 0.795 0.004 0.854 0.008
3 16 93.164 -85.239 1.474 92.310 -80.009 1.474 92.060 -80.061 1.772 0.795 0.007 0.795 0.012 0.854 0.013
3 16 92.911 -85.276 1.772 93.164 -85.239 1.474 92.060 -80.061 1.772 0.854 0.008 0.795 0.007 0.854 0.013
3 16 92.310 -80.009 1.474 91.176 -74.833 1.474 90.929 -74.899 1.772 0.795 0.012 0.795 0.018 0.854 0.019
3 16 92.060 -80.061 1.772 92.310 -80.009 1.474 90.929 -74.899 1.772 0.854 0.013 0.795 0.012 0.854 0.019
3 16 91.176 -74.833 1.474 89.764 -69.726 1.474 89.521 -69.806 1.772 0.795 0.018 0.795 0.025 0.854 0.026
3 16 90.929 -74.899 1.772 91.176 -74.833 1.474 89.521 -69.806 1.772 0.854 0.019 0.795 0.018 0.854 0.026
3 16 89.764 -69.726 1.474 88.079 -64.701 1.474 87.841 -64.796 1.772 0.795 0.025 0.795 0.034 0.854 0.035
3 16 89.521 -69.806 1.772 89.764 -69.726 1.474 87.841 -64.796 1.772 0.854 0.026 0.795 0.025 0.854 0.035
3 16 88.079 -64.701 1.474 86.126 -59.775 1.474 85.894 -59.884 1.772 0.795 0.034 0.795 0.044 0.854 0.046
3 16 87.841 -64.796 1.772 88.079 -64.701 1.474 85.894 -59.884 1.772 0.854 0.035 0.795 0.034 0.854 0.046
3 16 86.126 -59.775 1.474 83.910 -54.962 1.474 83.685 -55.083 1.772 0.795 0.044 0.795 0.056 0.854 0.057
3 16 85.894 -59.884 1.772 86.126 -59.775 1.474 83.685 -55.083 1.772 0.854 0.046 0.795 0.044 0.854 0.057
3 16 83.910 -54.962 1.474 81.438 -50.275 1.474 81.220 -50.409 1.772 0.795 0.056 0.795 0.069 0.854 0.070
3 16 83.685 -55.083 1.772 83.910 -54.962 1.474 81.220 -50.409 1.772 0.854 0.057 0.795 0.056 0.854 0.070
3 16 81.438 -50.275 1.474 78.716 -45.728 1.474 78.506 -45.875 1.772 0.795 0.069 0.795 0.084 0.854 0.085
3 16 81.220 -50.409 1.772 81.438 -50.275 1.474 78.506 -45.875 1.772 0.854 0.070 0.795 0.069 0.854 0.085
3 16 78.716 -45.728 1.474 75.754 -41.334 1.474 75.553 -41.493 1.772 0.795 0.084 0.795 0.099 0.854 0.100
3 16 78.506 -45.875 1.772 78.716 -45.728 1.474 75.553 -41.493 1.772 0.854 0.085 0.795 0.084 0.854 0.100
3 16 75.754 -41.334 1.474 72.559 -37.107 1.474 72.367 -37.277 1.772 0.795 0.099 0.795 0.116 0.854 0.117
3 16 75.553 -41.493 1.772 75.754 -41.334 1.474 72.367 -37.277 1.772 0.854 0.100 0.795 0.099 0.854 0.117
3 16 72.559 -37.107 1.474 69.140 -33.057 1.474 68.959 -33.238 1.772 0.795 0.116 0.795 0.134 0.854 0.135
3 16 72.367 -37.277 1.772 72.559 -37.107 1.474 68.959 -33.238 1.772 0.854 0.117 0.795 0.116 0.854 0.135
3 16 69.140 -33.057 1.474 65.509 -29.198 1.474 65.339 -29.390 1.772 0.795 0.134 0.795 0.153 0.854 0.154
3 16 68.959 -33.238 1.772 69.140 -33.057 1.474 65.339 -29.390 1.772 0.854 0.135 0.795 0.134 0.854 0.154
3 16 65.509 -29.198 1.474 61.675 -25.541 1.474 61.516 -25.741 1.772 0.795 0.153 0.795 0.174 0.854 0.175
3 16 65.339 -29.390 1.772 65.509 -29.198 1.474 61.516 -25.741 1.772 0.854 0.154 0.795 0.153 0.854 0.175
3 16 61.675 -25.541 1.474 57.649 -22.095 1.474 57.502 -22.305 1.772 0.795 0.174 0.795 0.195 0.854 0.196
3 16 61.516 -25.741 1.772 61.675 -25.541 1.474 57.502 -22.305 1.772 0.854 0.175 0.795 0.174 0.854 0.196
3 16 57.649 -22.095 1.474 53.443 -18.871 1.474 53.308 -19.089 1.772 0.795 0.195 0.795 0.217 0.854 0.218
3 16 57.502 -22.305 1.772 57.649 -22.095 1.474 53.308 -19.089 1.772 0.854 0.196 0.795 0.195 0.854 0.218
3 16 53.443 -18.871 1.474 49.070 -15.879 1.474 48.948 -16.105 1.772 0.795 0.217 0.795 0.240 0.854 0.241
3 16 53.308 -19.089 1.772 53.443 -18.871 1.474 48.948 -16.105 1.772 0.854 0.218 0.795 0.217 0.854 0.241
3 16 49.070 -15.879 1.474 44.541 -13.127 1.474 44.433 -13.359 1.772 0.795 0.240 0.795 0.264 0.854 0.265
3 16 48.948 -16.105 1.772 49.070 -15.879 1.474 44.433 -13.359 1.772 0.854 0.241 0.795 0.240 0.854 0.265
3 16 44.541 -13.127 1.474 39.871 -10.623 1.474 39.776 -10.861 1.772 0.795 0.264 0.795 0.289 0.854 0.290
3 16 44.433 -13.359 1.772 44.541 -13.127 1.474 39.776 -10.861 1.772 0.854 0.265 0.795 0.264 0.854 0.290
3 16 39.871 -10.623 1.474 35.073 -8.374 1.474 34.992 -8.618 1.772 0.795 0.289 0.795 0.314 0.854 0.315
3 16 39.776 -10.861 1.772 39.871 -10.623 1.474 34.992 -8.618 1.772 0.854 0.290 0.795 0.289 0.854 0.315
3 16 35.073 -8.374 1.474 30.160 -6.387 1.474 30.093 -6.635 1.772 0.795 0.314 0.795 0.340 0.854 0.341
3 16 34.992 -8.618 1.772 35.073 -8.374 1.474 30.093 -6.635 1.772 0.854 0.315 0.795 0.314 0.854 0.341
3 16 30.160 -6.387 1.474 25.148 -4.668 1.474 25.095 -4.920 1.772 0.795 0.340 0.795 0.367 0.854 0.367
3 16 30.093 -6.635 1.772 30.160 -6.387 1.474 25.095 -4.920 1.772 0.854 0.341 0.795 0.340 0.854 0.367
3 16 25.148 -4.668 1.474 20.050 -3.222 1.474 20.012 -3.476 1.772 0.795 0.367 0.795 0.394 0.854 0.394
3 16 25.095 -4.920 1.772 25.148 -4.668 1.474 20.012 -3.476 1.772 0.854 0.367 0.795 0.367 0.854 0.394
3 16 20.050 -3.222 1.474 14.881 -2.052 1.474 14.858 -2.308 1.772 0.795 0.394 0.795 0.421 0.854 0.421
3 16 20.012 -3.476 1.772 20.050 -3.222 1.474 14.858 -2.308 1.772 0.854 0.394 0.795 0.394 0.854 0.421
3 16 14.881 -2.052 1.474 9.657 -1.163 1.474 9.649 -1.420 1.772 0.795 0.421 0.795 0.449 0.854 0.449
3 16 14.858 -2.308 1.772 14.881 -2.052 1.474 9.649 -1.420 1.772 0.854 0.421 0.795 0.421 0.854 0.449
3 16 9.657 -1.163 1.474 4.393 -0.557 1.474 4.400 -0.814 1.772 0.795 0.449 0.795 0.477 0.854 0.477
3 16 9.649 -1.420 1.772 9.657 -1.163 1.474 4.400 -0.814 1.772 0.854 0.449 0.795 0.449 0.854 0.477
3 16 4.393 -0.557 1.474 -0.896 -0.235 1.474 -0.874 -0.492 1.772 0.795 0.477 0.795 0.505 0.854 0.505
3 16 4.400 -0.814 1.772 4.393 -0.557 1.474 -0.874 -0.492 1.772 0.854 0.477 0.795 0.477 0.854 0.505
3 16 -0.896 -0.235 1.474 -6.195 -0.199 1.474 -6.159 -0.454 1.772 0.795 0.505 0.795 0.533 0.854 0.533
3 16 -0.874 -0.492 1.772 -0.896 -0.235 1.474 -6.159 -0.454 1.772 0.854 0.505 0.795 0.505 0.854 0.533
3 16 -6.195 -0.199 1.474 -11.489 -0.449 1.474 -11.437 -0.701 1.772 0.795 0.533 0.795 0.561 0.854 0.561
3 16 -6.159 -0.454 1.772 -6.195 -0.199 1.474 -11.437 -0.701 1.772 0.854 0.533 0.795 0.533 0.854 0.561
3 16 -11.489 -0.449 1.474 -16.761 -0.983 1.474 -16.695 -1.233 1.772 0.795 0.561 0.795 0.589 0.854 0.588
3 16 -11.437 -0.701 1.772 -11.489 -0.449 1.474 -16.695 -1.233 1.772 0.854 0.561 0.795 0.561 0.854 0.588
3 16 -16.761 -0.983 1.474 -21.996 -1.801 1.474 -21.916 -2.047 1.772 0.795 0.589 0.795 0.616 0.854 0.616
3 16 -16.695 -1.233 1.772 -16.761 -0.983 1.474 -21.916 -2.047 1.772 0.854 0.588 0.795 0.589 0.854 0.616
3 16 -21.996 -1.801 1.474 -27.180 -2.901 1.474 -27.085 -3.141 1.772 0.795 0.616 0.795 0.644 0.854 0.643
3 16 -21.916 -2.047 1.772 -21.996 -1.801 1.474 -27.085 -3.141 1.772 0.854 0.616 0.795 0.616 0.854 0.643
3 16 -27.180 -2.901 1.474 -32.297 -4.277 1.474 -32.189 -4.512 1.772 0.795 0.644 0.795 0.671 0.854 0.670
3 16 -27.085 -3.141 1.772 -27.180 -2.901 1.474 -32.189 -4.512 1.772 0.854 0.643 0.795 0.644 0.854 0.670
3 16 -32.297 -4.277 1.474 -37.333 -5.928 1.474 -37.211 -6.156 1.772 0.795 0.671 0.795 0.698 0.854 0.697
3 16 -32.189 -4.512 1.772 -32.297 -4.277 1.474 -37.211 -6.156 1.772 0.854 0.670 0.795 0.671 0.854 0.697
3 16 -37.333 -5.928 1.474 -42.272 -7.848 1.474 -42.137 -8.068 1.772 0.795 0.698 0.795 0.724 0.854 0.723
3 16 -37.211 -6.156 1.772 -37.333 -5.928 1.474 -42.137 -8.068 1.772 0.854 0.697 0.795 0.698 0.854 0.723
3 16 -42.272 -7.848 1.474 -47.100 -10.031 1.474 -46.953 -10.244 1.772 0.795 0.724 0.795 0.749 0.854 0.748
3 16 -42.137 -8.068 1.772 -42.272 -7.848 1.474 -46.953 -10.244 1.772 0.854 0.723 0.795 0.724 0.854 0.748
3 16 -47.100 -10.031 1.474 -51.804 -12.471 1.474 -51.644 -12.675 1.772 0.795 0.749 0.795 0.774 0.854 0.773
3 16 -46.953 -10.244 1.772 -47.100 -10.031 1.474 -51.644 -12.675 1.772 0.854 0.748 0.795 0.749 0.854 0.773
3 16 -51.804 -12.471 1.474 -56.370 -15.162 1.474 -56.198 -15.356 1.772 0.795 0.774 0.795 0.798 0.854 0.797
3 16 -51.644 -12.675 1.772 -51.804 -12.471 1.474 -56.198 -15.356 1.772 0.854 0.773 0.795 0.774 0.854 0.797
3 16 -56.370 -15.162 1.474 -60.783 -18.094 1.474 -60.601 -18.278 1.772 0.795 0.798 0.795 0.822 0.854 0.821
3 16 -56.198 -15.356 1.772 -56.370 -15.162 1.474 -60.601 -18.278 1.772 0.854 0.797 0.795 0.798 0.854 0.821
3 16 -60.783 -18.094 1.474 -65.033 -21.261 1.474 -64.839 -21.434 1.772 0.795 0.822 0.795 0.844 0.854 0.843
3 16 -60.601 -18.278 1.772 -60.783 -18.094 1.474 -64.839 -21.434 1.772 0.854 0.821 0.795 0.822 0.854 0.843
3 16 -65.033 -21.261 1.474 -69.105 -24.651 1.474 -68.902 -24.813 1.772 0.795 0.844 0.795 0.866 0.854 0.865
3 16 -64.839 -21.434 1.772 -65.033 -21.261 1.474 -68.902 -24.813 1.772 0.854 0.843 0.795 0.844 0.854 0.865
3 16 -69.105 -24.651 1.474 -72.989 -28.256 1.474 -72.776 -28.406 1.772 0.795 0.866 0.795 0.886 0.854 0.885
3 16 -68.902 -24.813 1.772 -69.105 -24.651 1.474 -72.776 -28.406 1.772 0.854 0.865 0.795 0.866 0.854 0.885
3 16 -72.989 -28.256 1.474 -76.672 -32.066 1.474 -76.451 -32.203 1.772 0.795 0.886 0.795 0.906 0.854 0.905
3 16 -72.776 -28.406 1.772 -72.989 -28.256 1.474 -76.451 -32.203 1.772 0.854 0.885 0.795 0.886 0.854 0.905
3 16 -76.672 -32.066 1.474 -80.145 -36.068 1.474 -79.917 -36.193 1.772 0.795 0.906 0.795 0.924 0.854 0.923
3 16 -76.451 -32.203 1.772 -76.672 -32.066 1.474 -79.917 -36.193 1.772 0.854 0.905 0.795 0.906 0.854 0.923
3 16 -80.145 -36.068 1.474 -83.398 -40.252 1.474 -83.162 -40.363 1.772 0.795 0.924 0.795 0.941 0.854 0.940
3 16 -79.917 -36.193 1.772 -80.145 -36.068 1.474 -83.162 -40.363 1.772 0.854 0.923 0.795 0.924 0.854 0.940
3 16 -83.398 -40.252 1.474 -86.419 -44.605 1.474 -86.178 -44.702 1.772 0.795 0.941 0.795 0.957 0.854 0.956
3 16 -83.162 -40.363 1.772 -83.398 -40.252 1.474 -86.178 -44.702 1.772 0.854 0.940 0.795 0.941 0.854 0.956
3 16 -86.419 -44.605 1.474 -89.202 -49.114 1.474 -88.955 -49.198 1.772 0.795 0.957 0.795 0.972 0.854 0.971
3 16 -86.178 -44.702 1.772 -86.419 -44.605 1.474 -88.955 -49.198 1.772 0.854 0.956 0.795 0.957 0.854 0.971
3 16 -89.202 -49.114 1.474 -91.738 -53.767 1.474 -91.486 -53.836 1.772 0.795 0.972 0.795 0.985 0.854 0.984
3 16 -88.955 -49.198 1.772 -89.202 -49.114 1.474 -91.486 -53.836 1.772 0.854 0.971 0.795 0.972 0.854 0.984
3 16 -91.738 -53.767 1.474 -94.020 -58.550 1.474 -93.764 -58.605 1.772 0.795 0.985 0.795 0.997 0.854 0.996
3 16 -91.486 -53.836 1.772 -91.738 -53.767 1.474 -93.764 -58.605 1.772 0.854 0.984 0.795 0.985 0.854 0.996
3 16 -93.764 -58.605 1.772 -94.020 -58.550 1.474 -93.779 -138.296 1.757 0.854 0.996 0.795 0.997 0.851 0.996
3 16 87.251 -65.030 2.230 85.318 -60.152 2.230 84.989 -60.305 2.380 0.946 0.038 0.946 0.049 0.976 0.050
3 16 86.914 -65.164 2.380 87.251 -65.030 2.230 84.989 -60.305 2.380 0.976 0.040 0.946 0.038 0.976 0.050
3 16 88.574 -70.120 2.380 88.919 -70.005 2.230 86.914 -65.164 2.380 0.976 0.031 0.946 0.030 0.976 0.040
3 16 -93.779 -138.296 1.757 -91.486 -143.061 1.772 -93.481 -138.233 2.014 0.851 0.996 0.854 0.984 0.903 0.995
3 16 -93.764 -58.605 1.772 -93.779 -138.296 1.757 -93.481 -138.233 2.014 0.854 0.996 0.851 0.996 0.903 0.995
3 16 -91.486 -143.061 1.772 -88.955 -147.700 1.772 -91.192 -142.980 2.026 0.854 0.984 0.854 0.971 0.905 0.982
3 16 88.919 -70.005 2.230 87.251 -65.030 2.230 86.914 -65.164 2.380 0.946 0.030 0.946 0.038 0.976 0.040
3 16 -93.481 -138.233 2.014 -91.486 -143.061 1.772 -91.192 -142.980 2.026 0.903 0.995 0.854 0.984 0.905 0.982
3 16 -88.955 -147.700 1.772 -86.178 -152.195 1.772 -88.666 -147.602 2.026 0.854 0.971 0.854 0.956 0.905 0.969
3 16 -91.192 -142.980 2.026 -88.955 -147.700 1.772 -88.666 -147.602 2.026 0.905 0.982 0.854 0.971 0.905 0.969
3 16 -86.178 -152.195 1.772 -83.162 -156.534 1.772 -85.895 -152.081 2.026 0.854 0.956 0.854 0.940 0.905 0.954
3 16 -88.666 -147.602 2.026 -86.178 -152.195 1.772 -85.895 -152.081 2.026 0.905 0.969 0.854 0.956 0.905 0.954
3 16 -83.162 -156.534 1.772 -79.917 -160.705 1.772 -82.886 -156.404 2.026 0.854 0.940 0.854 0.923 0.905 0.939
3 16 -85.895 -152.081 2.026 -83.162 -156.534 1.772 -82.886 -156.404 2.026 0.905 0.954 0.854 0.940 0.905 0.939
3 16 -79.917 -160.705 1.772 -76.451 -164.694 1.772 -79.649 -160.559 2.026 0.854 0.923 0.854 0.905 0.905 0.921
3 16 -82.886 -156.404 2.026 -79.917 -160.705 1.772 -79.649 -160.559 2.026 0.905 0.939 0.854 0.923 0.905 0.921
3 16 -76.451 -164.694 1.772 -72.776 -168.491 1.772 -76.193 -164.533 2.026 0.854 0.905 0.854 0.885 0.905 0.903
3 16 -79.649 -160.559 2.026 -76.451 -164.694 1.772 -76.193 -164.533 2.026 0.905 0.921 0.854 0.905 0.905 0.903
3 16 -72.776 -168.491 1.772 -68.902 -172.084 1.772 -72.528 -168.316 2.026 0.854 0.885 0.854 0.865 0.905 0.884
3 16 -76.193 -164.533 2.026 -72.776 -168.491 1.772 -72.528 -168.316 2.026 0.905 0.903 0.854 0.885 0.905 0.884
3 16 -68.902 -172.084 1.772 -64.839 -175.464 1.772 -68.664 -171.895 2.026 0.854 0.865 0.854 0.843 0.905 0.863
3 16 -72.528 -168.316 2.026 -68.902 -172.084 1.772 -68.664 -171.895 2.026 0.905 0.884 0.854 0.865 0.905 0.863
3 16 -64.839 -175.464 1.772 -60.601 -178.619 1.772 -64.613 -175.261 2.026 0.854 0.843 0.854 0.821 0.905 0.842
3 16 -68.664 -171.895 2.026 -64.839 -175.464 1.772 -64.613 -175.261 2.026 0.905 0.863 0.854 0.843 0.905 0.842
3 16 -60.601 -178.619 1.772 -56.198 -181.541 1.772 -60.387 -178.404 2.026 0.854 0.821 0.854 0.797 0.905 0.820
3 16 -64.613 -175.261 2.026 -60.601 -178.619 1.772 -60.387 -178.404 2.026 0.905 0.842 0.854 0.821 0.905 0.820
3 16 -56.198 -181.541 1.772 -51.644 -184.222 1.772 -55.997 -181.314 2.026 0.854 0.797 0.854 0.773 0.905 0.796
3 16 -60.387 -178.404 2.026 -56.198 -181.541 1.772 -55.997 -181.314 2.026 0.905 0.820 0.854 0.797 0.905 0.796
3 16 -51.644 -184.222 1.772 -46.953 -186.654 1.772 -51.457 -183.984 2.026 0.854 0.773 0.854 0.748 0.905 0.772
3 16 -55.997 -181.314 2.026 -51.644 -184.222 1.772 -51.457 -183.984 2.026 0.905 0.796 0.854 0.773 0.905 0.772
3 16 -46.953 -186.654 1.772 -42.137 -188.829 1.772 -46.780 -186.405 2.026 0.854 0.748 0.854 0.723 0.905 0.748
3 16 -51.457 -183.984 2.026 -46.953 -186.654 1.772 -46.780 -186.405 2.026 0.905 0.772 0.854 0.748 0.905 0.748
3 16 -42.137 -188.829 1.772 -37.211 -190.741 1.772 -41.979 -188.571 2.026 0.854 0.723 0.854 0.697 0.905 0.722
3 16 -46.780 -186.405 2.026 -42.137 -188.829 1.772 -41.979 -188.571 2.026 0.905 0.748 0.854 0.723 0.905 0.722
3 16 -37.211 -190.741 1.772 -32.189 -192.386 1.772 -37.068 -190.475 2.026 0.854 0.697 0.854 0.670 0.905 0.696
3 16 -41.979 -188.571 2.026 -37.211 -190.741 1.772 -37.068 -190.475 2.026 0.905 0.722 0.854 0.697 0.905 0.696
3 16 -32.189 -192.386 1.772 -27.085 -193.757 1.772 -32.062 -192.111 2.026 0.854 0.670 0.854 0.643 0.905 0.670
3 16 -37.068 -190.475 2.026 -32.189 -192.386 1.772 -32.062 -192.111 2.026 0.905 0.696 0.854 0.670 0.905 0.670
3 16 -27.085 -193.757 1.772 -21.916 -194.851 1.772 -26.975 -193.476 2.026 0.854 0.643 0.854 0.616 0.905 0.643
3 16 -32.062 -192.111 2.026 -27.085 -193.757 1.772 -26.975 -193.476 2.026 0.905 0.670 0.854 0.643 0.905 0.643
3 16 -21.916 -194.851 1.772 -16.695 -195.665 1.772 -21.822 -194.564 2.026 0.854 0.616 0.854 0.588 0.905 0.615
3 16 -26.975 -193.476 2.026 -21.916 -194.851 1.772 -21.822 -194.564 2.026 0.905 0.643 0.854 0.616 0.905 0.615
3 16 -16.695 -195.665 1.772 -11.437 -196.196 1.772 -16.617 -195.373 2.026 0.854 0.588 0.854 0.561 0.905 0.588
3 16 -21.822 -194.564 2.026 -16.695 -195.665 1.772 -16.617 -195.373 2.026 0.905 0.615 0.854 0.588 0.905 0.588
3 16 -11.437 -196.196 1.772 -6.159 -196.443 1.772 -11.377 -195.901 2.026 0.854 0.561 0.854 0.533 0.905 0.560
3 16 -16.617 -195.373 2.026 -11.437 -196.196 1.772 -11.377 -195.901 2.026 0.905 0.588 0.854 0.561 0.905 0.560
3 16 -6.159 -196.443 1.772 -0.874 -196.406 1.772 -6.116 -196.145 2.026 0.854 0.533 0.854 0.505 0.905 0.532
3 16 -11.377 -195.901 2.026 -6.159 -196.443 1.772 -6.116 -196.145 2.026 0.905 0.560 0.854 0.533 0.905 0.532
3 16 -0.874 -196.406 1.772 4.400 -196.083 1.772 -0.849 -196.105 2.026 0.854 0.505 0.854 0.477 0.905 0.504
3 16 -6.116 -196.145 2.026 -0.874 -196.406 1.772 -0.849 -196.105 2.026 0.905 0.532 0.854 0.505 0.905 0.504
3 16 4.400 -196.083 1.772 9.649 -195.477 1.772 4.408 -195.782 2.026 0.854 0.477 0.854 0.449 0.905 0.477
3 16 -0.849 -196.105 2.026 4.400 -196.083 1.772 4.408 -195.782 2.026 0.905 0.504 0.854 0.477 0.905 0.477
3 16 9.649 -195.477 1.772 14.858 -194.589 1.772 9.640 -195.176 2.026 0.854 0.449 0.854 0.421 0.905 0.449
3 16 4.408 -195.782 2.026 9.649 -195.477 1.772 9.640 -195.176 2.026 0.905 0.477 0.854 0.449 0.905 0.449
3 16 14.858 -194.589 1.772 20.012 -193.421 1.772 14.832 -194.289 2.026 0.854 0.421 0.854 0.394 0.905 0.422
3 16 9.640 -195.176 2.026 14.858 -194.589 1.772 14.832 -194.289 2.026 0.905 0.449 0.854 0.421 0.905 0.422
3 16 20.012 -193.421 1.772 25.095 -191.978 1.772 19.968 -193.124 2.026 0.854 0.394 0.854 0.367 0.905 0.394
3 16 14.832 -194.289 2.026 20.012 -193.421 1.772 19.968 -193.124 2.026 0.905 0.422 0.854 0.394 0.905 0.394
3 16 25.095 -191.978 1.772 30.093 -190.262 1.772 25.034 -191.683 2.026 0.854 0.367 0.854 0.341 0.905 0.368
3 16 19.968 -193.124 2.026 25.095 -191.978 1.772 25.034 -191.683 2.026 0.905 0.394 0.854 0.367 0.905 0.368
3 16 30.093 -190.262 1.772 34.992 -188.280 1.772 30.015 -189.972 2.026 0.854 0.341 0.854 0.315 0.905 0.341
3 16 25.034 -191.683 2.026 30.093 -190.262 1.772 30.015 -189.972 2.026 0.905 0.368 0.854 0.341 0.905 0.341
3 16 34.992 -188.280 1.772 39.776 -186.036 1.772 34.897 -187.995 2.026 0.854 0.315 0.854 0.290 0.905 0.315
3 16 30.015 -189.972 2.026 34.992 -188.280 1.772 34.897 -187.995 2.026 0.905 0.341 0.854 0.315 0.905 0.315
3 16 39.776 -186.036 1.772 44.433 -183.538 1.772 39.665 -185.757 2.026 0.854 0.290 0.854 0.265 0.905 0.290
3 16 34.897 -187.995 2.026 39.776 -186.036 1.772 39.665 -185.757 2.026 0.905 0.315 0.854 0.290 0.905 0.290
3 16 44.433 -183.538 1.772 48.948 -180.793 1.772 44.305 -183.266 2.026 0.854 0.265 0.854 0.241 0.905 0.266
3 16 39.665 -185.757 2.026 44.433 -183.538 1.772 44.305 -183.266 2.026 0.905 0.290 0.854 0.265 0.905 0.266
3 16 48.948 -180.793 1.772 53.308 -177.808 1.772 48.805 -180.529 2.026 0.854 0.241 0.854 0.218 0.905 0.242
3 16 44.305 -183.266 2.026 48.948 -180.793 1.772 48.805 -180.529 2.026 0.905 0.266 0.854 0.241 0.905 0.242
3 16 53.308 -177.808 1.772 57.502 -174.593 1.772 53.150 -177.553 2.026 0.854 0.218 0.854 0.196 0.905 0.219
3 16 48.805 -180.529 2.026 53.308 -177.808 1.772 53.150 -177.553 2.026 0.905 0.242 0.854 0.218 0.905 0.219
3 16 57.502 -174.593 1.772 61.516 -171.156 1.772 57.329 -174.347 2.026 0.854 0.196 0.854 0.175 0.905 0.197
3 16 53.150 -177.553 2.026 57.502 -174.593 1.772 57.329 -174.347 2.026 0.905 0.219 0.854 0.196 0.905 0.197
3 16 61.516 -171.156 1.772 65.339 -167.508 1.772 61.329 -170.921 2.026 0.854 0.175 0.854 0.154 0.905 0.176
3 16 57.329 -174.347 2.026 61.516 -171.156 1.772 61.329 -170.921 2.026 0.905 0.197 0.854 0.175 0.905 0.176
3 16 65.339 -167.508 1.772 68.959 -163.659 1.772 65.139 -167.284 2.026 0.854 0.154 0.854 0.135 0.905 0.155
3 16 61.329 -170.921 2.026 65.339 -167.508 1.772 65.139 -167.284 2.026 0.905 0.176 0.854 0.154 0.905 0.155
3 16 68.959 -163.659 1.772 72.367 -159.621 1.772 68.747 -163.447 2.026 0.854 0.135 0.854 0.117 0.905 0.136
3 16 65.139 -167.284 2.026 68.959 -163.659 1.772 68.747 -163.447 2.026 0.905 0.155 0.854 0.135 0.905 0.136
3 16 72.367 -159.621 1.772 75.553 -155.405 1.772 72.143 -159.422 2.026 0.854 0.117 0.854 0.100 0.905 0.118
3 16 68.747 -163.447 2.026 72.367 -159.621 1.772 72.143 -159.422 2.026 0.905 0.136 0.854 0.117 0.905 0.118
3 16 75.553 -155.405 1.772 78.506 -151.023 1.772 75.318 -155.219 2.026 0.854 0.100 0.854 0.085 0.905 0.101
3 16 72.143 -159.422 2.026 75.553 -155.405 1.772 75.318 -155.219 2.026 0.905 0.118 0.854 0.100 0.905 0.101
3 16 78.506 -151.023 1.772 81.220 -146.488 1.772 78.261 -150.851 2.026 0.854 0.085 0.854 0.070 0.905 0.086
3 16 75.318 -155.219 2.026 78.506 -151.023 1.772 78.261 -150.851 2.026 0.905 0.101 0.854 0.085 0.905 0.086
3 16 81.220 -146.488 1.772 83.685 -141.814 1.772 80.965 -146.331 2.026 0.854 0.070 0.854 0.057 0.905 0.072
3 16 78.261 -150.851 2.026 81.220 -146.488 1.772 80.965 -146.331 2.026 0.905 0.086 0.854 0.070 0.905 0.072
3 16 83.685 -141.814 1.772 85.894 -137.014 1.772 83.421 -141.672 2.026 0.854 0.057 0.854 0.046 0.905 0.059
3 16 80.965 -146.331 2.026 83.685 -141.814 1.772 83.421 -141.672 2.026 0.905 0.072 0.854 0.057 0.905 0.059
3 16 85.894 -137.014 1.772 87.841 -132.102 1.772 85.623 -136.888 2.026 0.854 0.046 0.854 0.035 0.905 0.047
3 16 83.421 -141.672 2.026 85.894 -137.014 1.772 85.623 -136.888 2.026 0.905 0.059 0.854 0.046 0.905 0.047
3 16 87.841 -132.102 1.772 89.521 -127.091 1.772 87.563 -131.991 2.026 0.854 0.035 0.854 0.026 0.905 0.037
3 16 85.623 -136.888 2.026 87.841 -132.102 1.772 87.563 -131.991 2.026 0.905 0.047 0.854 0.035 0.905 0.037
3 16 89.521 -127.091 1.772 90.929 -121.998 1.772 89.237 -126.997 2.026 0.854 0.026 0.854 0.019 0.905 0.028
3 16 87.563 -131.991 2.026 89.521 -127.091 1.772 89.237 -126.997 2.026 0.905 0.037 0.854 0.026 0.905 0.028
3 16 90.929 -121.998 1.772 92.060 -116.836 1.772 90.640 -121.921 2.026 0.854 0.019 0.854 0.013 0.905 0.020
3 16 89.237 -126.997 2.026 90.929 -121.998 1.772 90.640 -121.921 2.026 0.905 0.028 0.854 0.019 0.905 0.020
3 16 92.060 -116.836 1.772 92.911 -111.621 1.772 91.767 -116.776 2.026 0.854 0.013 0.854 0.008 0.905 0.014
3 16 90.640 -121.921 2.026 92.060 -116.836 1.772 91.767 -116.776 2.026 0.905 0.020 0.854 0.013 0.905 0.014
3 16 92.911 -111.621 1.772 93.479 -106.367 1.772 92.615 -111.578 2.026 0.854 0.008 0.854 0.005 0.905 0.010
3 16 91.767 -116.776 2.026 92.911 -111.621 1.772 92.615 -111.578 2.026 0.905 0.014 0.854 0.008 0.905 0.010
3 16 93.479 -106.367 1.772 93.764 -101.091 1.772 93.181 -106.341 2.026 0.854 0.005 0.854 0.004 0.905 0.007
3 16 92.615 -111.578 2.026 93.479 -106.367 1.772 93.181 -106.341 2.026 0.905 0.010 0.854 0.005 0.905 0.007
3 16 93.764 -101.091 1.772 93.764 -95.807 1.772 93.465 -101.082 2.026 0.854 0.004 0.854 0.004 0.905 0.005
3 16 93.181 -106.341 2.026 93.764 -101.091 1.772 93.465 -101.082 2.026 0.905 0.007 0.854 0.004 0.905 0.005
3 16 93.764 -95.807 1.772 93.479 -90.530 1.772 93.181 -90.556 2.026 0.854 0.004 0.854 0.005 0.905 0.007
3 16 93.465 -101.082 2.026 93.764 -95.807 1.772 93.465 -95.815 2.026 0.905 0.005 0.854 0.004 0.905 0.005
3 16 93.465 -95.815 2.026 93.764 -95.807 1.772 93.181 -90.556 2.026 0.905 0.005 0.854 0.004 0.905 0.007
3 16 93.479 -90.530 1.772 92.911 -85.276 1.772 92.615 -85.320 2.026 0.854 0.005 0.854 0.008 0.905 0.010
3 16 93.181 -90.556 2.026 93.479 -90.530 1.772 92.615 -85.320 2.026 0.905 0.007 0.854 0.005 0.905 0.010
3 16 92.911 -85.276 1.772 92.060 -80.061 1.772 91.767 -80.122 2.026 0.854 0.008 0.854 0.013 0.905 0.014
3 16 92.615 -85.320 2.026 92.911 -85.276 1.772 91.767 -80.122 2.026 0.905 0.010 0.854 0.008 0.905 0.014
3 16 92.060 -80.061 1.772 90.929 -74.899 1.772 90.640 -74.977 2.026 0.854 0.013 0.854 0.019 0.905 0.020
3 16 91.767 -80.122 2.026 92.060 -80.061 1.772 90.640 -74.977 2.026 0.905 0.014 0.854 0.013 0.905 0.020
3 16 90.929 -74.899 1.772 89.521 -69.806 1.772 89.237 -69.900 2.026 0.854 0.019 0.854 0.026 0.905 0.028
3 16 90.640 -74.977 2.026 90.929 -74.899 1.772 89.237 -69.900 2.026 0.905 0.020 0.854 0.019 0.905 0.028
3 16 89.521 -69.806 1.772 87.841 -64.796 1.772 87.563 -64.906 2.026 0.854 0.026 0.854 0.035 0.905 0.037
3 16 89.237 -69.900 2.026 89.521 -69.806 1.772 87.563 -64.906 2.026 0.905 0.028 0.854 0.026 0.905 0.037
3 16 87.841 -64.796 1.772 85.894 -59.884 1.772 85.623 -60.010 2.026 0.854 0.035 0.854 0.046 0.905 0.047
3 16 87.563 -64.906 2.026 87.841 -64.796 1.772 85.623 -60.010 2.026 0.905 0.037 0.854 0.035 0.905 0.047
3 16 85.894 -59.884 1.772 83.685 -55.083 1.772 83.421 -55.225 2.026 0.854 0.046 0.854 0.057 0.905 0.059
3 16 85.623 -60.010 2.026 85.894 -59.884 1.772 83.421 -55.225 2.026 0.905 0.047 0.854 0.046 0.905 0.059
3 16 83.685 -55.083 1.772 81.220 -50.409 1.772 80.965 -50.566 2.026 0.854 0.057 0.854 0.070 0.905 0.072
3 16 83.421 -55.225 2.026 83.685 -55.083 1.772 80.965 -50.566 2.026 0.905 0.059 0.854 0.057 0.905 0.072
3 16 81.220 -50.409 1.772 78.506 -45.875 1.772 78.261 -46.046 2.026 0.854 0.070 0.854 0.085 0.905 0.086
3 16 80.965 -50.566 2.026 81.220 -50.409 1.772 78.261 -46.046 2.026 0.905 0.072 0.854 0.070 0.905 0.086
3 16 78.506 -45.875 1.772 75.553 -41.493 1.772 75.318 -41.679 2.026 0.854 0.085 0.854 0.100 0.905 0.101
3 16 78.261 -46.046 2.026 78.506 -45.875 1.772 75.318 -41.679 2.026 0.905 0.086 0.854 0.085 0.905 0.101
3 16 75.553 -41.493 1.772 72.367 -37.277 1.772 72.143 -37.476 2.026 0.854 0.100 0.854 0.117 0.905 0.118
3 16 75.318 -41.679 2.026 75.553 -41.493 1.772 72.143 -37.476 2.026 0.905 0.101 0.854 0.100 0.905 0.118
3 16 72.367 -37.277 1.772 68.959 -33.238 1.772 68.747 -33.450 2.026 0.854 0.117 0.854 0.135 0.905 0.136
3 16 72.143 -37.476 2.026 72.367 -37.277 1.772 68.747 -33.450 2.026 0.905 0.118 0.854 0.117 0.905 0.136
3 16 68.959 -33.238 1.772 65.339 -29.390 1.772 65.139 -29.613 2.026 0.854 0.135 0.854 0.154 0.905 0.155
3 16 68.747 -33.450 2.026 68.959 -33.238 1.772 65.139 -29.613 2.026 0.905 0.136 0.854 0.135 0.905 0.155
3 16 65.339 -29.390 1.772 61.516 -25.741 1.772 61.329 -25.976 2.026 0.854 0.154 0.854 0.175 0.905 0.176
3 16 65.139 -29.613 2.026 65.339 -29.390 1.772 61.329 -25.976 2.026 0.905 0.155 0.854 0.154 0.905 0.176
3 16 61.516 -25.741 1.772 57.502 -22.305 1.772 57.329 -22.550 2.026 0.854 0.175 0.854 0.196 0.905 0.197
3 16 61.329 -25.976 2.026 61.516 -25.741 1.772 57.329 -22.550 2.026 0.905 0.176 0.854 0.175 0.905 0.197
3 16 57.502 -22.305 1.772 53.308 -19.089 1.772 53.150 -19.344 2.026 0.854 0.196 0.854 0.218 0.905 0.219
3 16 57.329 -22.550 2.026 57.502 -22.305 1.772 53.150 -19.344 2.026 0.905 0.197 0.854 0.196 0.905 0.219
3 16 53.308 -19.089 1.772 48.948 -16.105 1.772 48.805 -16.369 2.026 0.854 0.218 0.854 0.241 0.905 0.242
3 16 53.150 -19.344 2.026 53.308 -19.089 1.772 48.805 -16.369 2.026 0.905 0.219 0.854 0.218 0.905 0.242
3 16 48.948 -16.105 1.772 44.433 -13.359 1.772 44.305 -13.631 2.026 0.854 0.241 0.854 0.265 0.905 0.266
3 16 48.805 -16.369 2.026 48.948 -16.105 1.772 44.305 -13.631 2.026 0.905 0.242 0.854 0.241 0.905 0.266
3 16 44.433 -13.359 1.772 39.776 -10.861 1.772 39.665 -11.140 2.026 0.854 0.265 0.854 0.290 0.905 0.290
3 16 44.305 -13.631 2.026 44.433 -13.359 1.772 39.665 -11.140 2.026 0.905 0.266 0.854 0.265 0.905 0.290
3 16 39.776 -10.861 1.772 34.992 -8.618 1.772 34.897 -8.903 2.026 0.854 0.290 0.854 0.315 0.905 0.315
3 16 39.665 -11.140 2.026 39.776 -10.861 1.772 34.897 -8.903 2.026 0.905 0.290 0.854 0.290 0.905 0.315
3 16 34.992 -8.618 1.772 30.093 -6.635 1.772 30.015 -6.925 2.026 0.854 0.315 0.854 0.341 0.905 0.341
3 16 34.897 -8.903 2.026 34.992 -8.618 1.772 30.015 -6.925 2.026 0.905 0.315 0.854 0.315 0.905 0.341
3 16 30.093 -6.635 1.772 25.095 -4.920 1.772 25.034 -5.214 2.026 0.854 0.341 0.854 0.367 0.905 0.368
3 16 30.015 -6.925 2.026 30.093 -6.635 1.772 25.034 -5.214 2.026 0.905 0.341 0.854 0.341 0.905 0.368
3 16 25.095 -4.920 1.772 20.012 -3.476 1.772 19.968 -3.773 2.026 0.854 0.367 0.854 0.394 0.905 0.394
3 16 25.034 -5.214 2.026 25.095 -4.920 1.772 19.968 -3.773 2.026 0.905 0.368 0.854 0.367 0.905 0.394
3 16 20.012 -3.476 1.772 14.858 -2.308 1.772 14.832 -2.608 2.026 0.854 0.394 0.854 0.421 0.905 0.422
3 16 19.968 -3.773 2.026 20.012 -3.476 1.772 14.832 -2.608 2.026 0.905 0.394 0.854 0.394 0.905 0.422
3 16 14.858 -2.308 1.772 9.649 -1.420 1.772 9.640 -1.721 2.026 0.854 0.421 0.854 0.449 0.905 0.449
3 16 14.832 -2.608 2.026 14.858 -2.308 1.772 9.640 -1.721 2.026 0.905 0.422 0.854 0.421 0.905 0.449
3 16 9.649 -1.420 1.772 4.400 -0.814 1.772 4.408 -1.115 2.026 0.854 0.449 0.854 0.477 0.905 0.477
3 16 9.640 -1.721 2.026 9.649 -1.420 1.772 4.408 -1.115 2.026 0.905 0.449 0.854 0.449 0.905 0.477
3 16 4.400 -0.814 1.772 -0.874 -0.492 1.772 -0.849 -0.792 2.026 0.854 0.477 0.854 0.505 0.905 0.504
3 16 4.408 -1.115 2.026 4.400 -0.814 1.772 -0.849 -0.792 2.026 0.905 0.477 0.854 0.477 0.905 0.504
3 16 -0.874 -0.492 1.772 -6.159 -0.454 1.772 -6.116 -0.753 2.026 0.854 0.505 0.854 0.533 0.905 0.532
3 16 -0.849 -0.792 2.026 -0.874 -0.492 1.772 -6.116 -0.753 2.026 0.905 0.504 0.854 0.505 0.905 0.532
3 16 -6.159 -0.454 1.772 -11.437 -0.701 1.772 -11.377 -0.997 2.026 0.854 0.533 0.854 0.561 0.905 0.560
3 16 -6.116 -0.753 2.026 -6.159 -0.454 1.772 -11.377 -0.997 2.026 0.905 0.532 0.854 0.533 0.905 0.560
3 16 -11.437 -0.701 1.772 -16.695 -1.233 1.772 -16.617 -1.524 2.026 0.854 0.561 0.854 0.588 0.905 0.588
3 16 -11.377 -0.997 2.026 -11.437 -0.701 1.772 -16.617 -1.524 2.026 0.905 0.560 0.854 0.561 0.905 0.588
3 16 -16.695 -1.233 1.772 -21.916 -2.047 1.772 -21.822 -2.333 2.026 0.854 0.588 0.854 0.616 0.905 0.615
3 16 -16.617 -1.524 2.026 -16.695 -1.233 1.772 -21.822 -2.333 2.026 0.905 0.588 0.854 0.588 0.905 0.615
3 16 -21.916 -2.047 1.772 -27.085 -3.141 1.772 -26.975 -3.422 2.026 0.854 0.616 0.854 0.643 0.905 0.643
3 16 -21.822 -2.333 2.026 -21.916 -2.047 1.772 -26.975 -3.422 2.026 0.905 0.615 0.854 0.616 0.905 0.643
3 16 -27.085 -3.141 1.772 -32.189 -4.512 1.772 -32.062 -4.786 2.026 0.854 0.643 0.854 0.670 0.905 0.670
3 16 -26.975 -3.422 2.026 -27.085 -3.141 1.772 -32.062 -4.786 2.026 0.905 0.643 0.854 0.643 0.905 0.670
3 16 -32.189 -4.512 1.772 -37.211 -6.156 1.772 -37.068 -6.423 2.026 0.854 0.670 0.854 0.697 0.905 0.696
3 16 -32.062 -4.786 2.026 -32.189 -4.512 1.772 -37.068 -6.423 2.026 0.905 0.670 0.854 0.670 0.905 0.696
3 16 -37.211 -6.156 1.772 -42.137 -8.068 1.772 -41.979 -8.327 2.026 0.854 0.697 0.854 0.723 0.905 0.722
3 16 -37.068 -6.423 2.026 -37.211 -6.156 1.772 -41.979 -8.327 2.026 0.905 0.696 0.854 0.697 0.905 0.722
3 16 -42.137 -8.068 1.772 -46.953 -10.244 1.772 -46.780 -10.492 2.026 0.854 0.723 0.854 0.748 0.905 0.748
3 16 -41.979 -8.327 2.026 -42.137 -8.068 1.772 -46.780 -10.492 2.026 0.905 0.722 0.854 0.723 0.905 0.748
3 16 -46.953 -10.244 1.772 -51.644 -12.675 1.772 -51.457 -12.914 2.026 0.854 0.748 0.854 0.773 0.905 0.772
3 16 -46.780 -10.492 2.026 -46.953 -10.244 1.772 -51.457 -12.914 2.026 0.905 0.748 0.854 0.748 0.905 0.772
3 16 -51.644 -12.675 1.772 -56.198 -15.356 1.772 -55.997 -15.583 2.026 0.854 0.773 0.854 0.797 0.905 0.796
3 16 -51.457 -12.914 2.026 -51.644 -12.675 1.772 -55.997 -15.583 2.026 0.905 0.772 0.854 0.773 0.905 0.796
3 16 -56.198 -15.356 1.772 -60.601 -18.278 1.772 -60.387 -18.494 2.026 0.854 0.797 0.854 0.821 0.905 0.820
3 16 -55.997 -15.583 2.026 -56.198 -15.356 1.772 -60.387 -18.494 2.026 0.905 0.796 0.854 0.797 0.905 0.820
3 16 -60.601 -18.278 1.772 -64.839 -21.434 1.772 -64.613 -21.637 2.026 0.854 0.821 0.854 0.843 0.905 0.842
3 16 -60.387 -18.494 2.026 -60.601 -18.278 1.772 -64.613 -21.637 2.026 0.905 0.820 0.854 0.821 0.905 0.842
3 16 -64.839 -21.434 1.772 -68.902 -24.813 1.772 -68.664 -25.003 2.026 0.854 0.843 0.854 0.865 0.905 0.863
3 16 -64.613 -21.637 2.026 -64.839 -21.434 1.772 -68.664 -25.003 2.026 0.905 0.842 0.854 0.843 0.905 0.863
3 16 -68.902 -24.813 1.772 -72.776 -28.406 1.772 -72.528 -28.582 2.026 0.854 0.865 0.854 0.885 0.905 0.884
3 16 -68.664 -25.003 2.026 -68.902 -24.813 1.772 -72.528 -28.582 2.026 0.905 0.863 0.854 0.865 0.905 0.884
3 16 -72.776 -28.406 1.772 -76.451 -32.203 1.772 -76.193 -32.364 2.026 0.854 0.885 0.854 0.905 0.905 0.903
3 16 -72.528 -28.582 2.026 -72.776 -28.406 1.772 -76.193 -32.364 2.026 0.905 0.884 0.854 0.885 0.905 0.903
3 16 -76.451 -32.203 1.772 -79.917 -36.193 1.772 -79.649 -36.339 2.026 0.854 0.905 0.854 0.923 0.905 0.921
3 16 -76.193 -32.364 2.026 -76.451 -32.203 1.772 -79.649 -36.339 2.026 0.905 0.903 0.854 0.905 0.905 0.921
3 16 -79.917 -36.193 1.772 -83.162 -40.363 1.772 -82.886 -40.493 2.026 0.854 0.923 0.854 0.940 0.905 0.939
3 16 -79.649 -36.339 2.026 -79.917 -36.193 1.772 -82.886 -40.493 2.026 0.905 0.921 0.854 0.923 0.905 0.939
3 16 -83.162 -40.363 1.772 -86.178 -44.702 1.772 -85.895 -44.816 2.026 0.854 0.940 0.854 0.956 0.905 0.954
3 16 -82.886 -40.493 2.026 -83.162 -40.363 1.772 -85.895 -44.816 2.026 0.905 0.939 0.854 0.940 0.905 0.954
3 16 -86.178 -44.702 1.772 -88.955 -49.198 1.772 -88.666 -49.295 2.026 0.854 0.956 0.854 0.971 0.905 0.969
3 16 -85.895 -44.816 2.026 -86.178 -44.702 1.772 -88.666 -49.295 2.026 0.905 0.954 0.854 0.956 0.905 0.969
3 16 -88.955 -49.198 1.772 -91.486 -53.836 1.772 -91.192 -53.917 2.026 0.854 0.971 0.854 0.984 0.905 0.982
3 16 -88.666 -49.295 2.026 -88.955 -49.198 1.772 -91.192 -53.917 2.026 0.905 0.969 0.854 0.971 0.905 0.982
3 16 -91.486 -53.836 1.772 -93.764 -58.605 1.772 -93.465 -58.668 2.026 0.854 0.984 0.854 0.996 0.905 0.995
3 16 -91.192 -53.917 2.026 -91.486 -53.836 1.772 -93.465 -58.668 2.026 0.905 0.982 0.854 0.984 0.905 0.995
3 16 -93.465 -58.668 2.026 -93.764 -58.605 1.772 -93.481 -138.233 2.014 0.905 0.995 0.854 0.996 0.903 0.995
3 16 90.316 -75.063 2.230 88.919 -70.005 2.230 88.574 -70.120 2.380 0.946 0.022 0.946 0.030 0.976 0.031
3 16 89.965 -75.157 2.380 90.316 -75.063 2.230 88.574 -70.120 2.380 0.976 0.024 0.946 0.022 0.976 0.031
3 16 91.082 -80.263 2.380 91.438 -80.189 2.230 89.965 -75.157 2.380 0.976 0.018 0.946 0.016 0.976 0.024
3 16 -93.481 -138.233 2.014 -91.192 -142.980 2.026 -93.146 -138.161 2.222 0.903 0.995 0.905 0.982 0.944 0.993
3 16 -93.465 -58.668 2.026 -93.481 -138.233 2.014 -93.146 -138.161 2.222 0.905 0.995 0.903 0.995 0.944 0.993
3 16 -91.192 -142.980 2.026 -88.666 -147.602 2.026 -90.861 -142.890 2.230 0.905 0.982 0.905 0.969 0.946 0.981
3 16 91.438 -80.189 2.230 90.316 -75.063 2.230 89.965 -75.157 2.380 0.946 0.016 0.946 0.022 0.976 0.024
3 16 -93.146 -138.161 2.222 -91.192 -142.980 2.026 -90.861 -142.890 2.230 0.944 0.993 0.905 0.982 0.946 0.981
3 16 -88.666 -147.602 2.026 -85.895 -152.081 2.026 -88.342 -147.493 2.230 0.905 0.969 0.905 0.954 0.946 0.967
3 16 -90.861 -142.890 2.230 -88.666 -147.602 2.026 -88.342 -147.493 2.230 0.946 0.981 0.905 0.969 0.946 0.967
3 16 -85.895 -152.081 2.026 -82.886 -156.404 2.026 -85.578 -151.953 2.230 0.905 0.954 0.905 0.939 0.946 0.953
3 16 -88.342 -147.493 2.230 -85.895 -152.081 2.026 -85.578 -151.953 2.230 0.946 0.967 0.905 0.954 0.946 0.953
3 16 -82.886 -156.404 2.026 -79.649 -160.559 2.026 -82.577 -156.258 2.230 0.905 0.939 0.905 0.921 0.946 0.937
3 16 -85.578 -151.953 2.230 -82.886 -156.404 2.026 -82.577 -156.258 2.230 0.946 0.953 0.905 0.939 0.946 0.937
3 16 -79.649 -160.559 2.026 -76.193 -164.533 2.026 -79.350 -160.395 2.230 0.905 0.921 0.905 0.903 0.946 0.920
3 16 -82.577 -156.258 2.230 -79.649 -160.559 2.026 -79.350 -160.395 2.230 0.946 0.937 0.905 0.921 0.946 0.920
3 16 -76.193 -164.533 2.026 -72.528 -168.316 2.026 -75.904 -164.353 2.230 0.905 0.903 0.905 0.884 0.946 0.902
3 16 -79.350 -160.395 2.230 -76.193 -164.533 2.026 -75.904 -164.353 2.230 0.946 0.920 0.905 0.903 0.946 0.902
3 16 -72.528 -168.316 2.026 -68.664 -171.895 2.026 -72.250 -168.119 2.230 0.905 0.884 0.905 0.863 0.946 0.882
3 16 -75.904 -164.353 2.230 -72.528 -168.316 2.026 -72.250 -168.119 2.230 0.946 0.902 0.905 0.884 0.946 0.882
3 16 -68.664 -171.895 2.026 -64.613 -175.261 2.026 -68.398 -171.682 2.230 0.905 0.863 0.905 0.842 0.946 0.862
3 16 -72.250 -168.119 2.230 -68.664 -171.895 2.026 -68.398 -171.682 2.230 0.946 0.882 0.905 0.863 0.946 0.862
3 16 -64.613 -175.261 2.026 -60.387 -178.404 2.026 -64.360 -175.033 2.230 0.905 0.842 0.905 0.820 0.946 0.841
3 16 -68.398 -171.682 2.230 -64.613 -175.261 2.026 -64.360 -175.033 2.230 0.946 0.862 0.905 0.842 0.946 0.841
3 16 -60.387 -178.404 2.026 -55.997 -181.314 2.026 -60.147 -178.162 2.230 0.905 0.820 0.905 0.796 0.946 0.818
3 16 -64.360 -175.033 2.230 -60.387 -178.404 2.026 -60.147 -178.162 2.230 0.946 0.841 0.905 0.820 0.946 0.818
3 16 -55.997 -181.314 2.026 -51.457 -183.984 2.026 -55.772 -181.059 2.230 0.905 0.796 0.905 0.772 0.946 0.795
3 16 -60.147 -178.162 2.230 -55.997 -181.314 2.026 -55.772 -181.059 2.230 0.946 0.818 0.905 0.796 0.946 0.795
3 16 -51.457 -183.984 2.026 -46.780 -186.405 2.026 -51.247 -183.717 2.230 0.905 0.772 0.905 0.748 0.946 0.771
3 16 -55.772 -181.059 2.230 -51.457 -183.984 2.026 -51.247 -183.717 2.230 0.946 0.795 0.905 0.772 0.946 0.771
3 16 -46.780 -186.405 2.026 -41.979 -188.571 2.026 -46.586 -186.126 2.230 0.905 0.748 0.905 0.722 0.946 0.746
3 16 -51.247 -183.717 2.230 -46.780 -186.405 2.026 -46.586 -186.126 2.230 0.946 0.771 0.905 0.748 0.946 0.746
3 16 -41.979 -188.571 2.026 -37.068 -190.475 2.026 -41.802 -188.281 2.230 0.905 0.722 0.905 0.696 0.946 0.721
3 16 -46.586 -186.126 2.230 -41.979 -188.571 2.026 -41.802 -188.281 2.230 0.946 0.746 0.905 0.722 0.946 0.721
3 16 -37.068 -190.475 2.026 -32.062 -192.111 2.026 -36.908 -190.176 2.230 0.905 0.696 0.905 0.670 0.946 0.695
3 16 -41.802 -188.281 2.230 -37.068 -190.475 2.026 -36.908 -190.176 2.230 0.946 0.721 0.905 0.696 0.946 0.695
3 16 -32.062 -192.111 2.026 -26.975 -193.476 2.026 -31.920 -191.804 2.230 0.905 0.670 0.905 0.643 0.946 0.669
3 16 -36.908 -190.176 2.230 -32.062 -192.111 2.026 -31.920 -191.804 2.230 0.946 0.695 0.905 0.670 0.946 0.669
3 16 -26.975 -193.476 2.026 -21.822 -194.564 2.026 -26.851 -193.161 2.230 0.905 0.643 0.905 0.615 0.946 0.642
3 16 -31.920 -191.804 2.230 -26.975 -193.476 2.026 -26.851 -193.161 2.230 0.946 0.669 0.905 0.643 0.946 0.642
3 16 -21.822 -194.564 2.026 -16.617 -195.373 2.026 -21.716 -194.242 2.230 0.905 0.615 0.905 0.588 0.946 0.615
3 16 -26.851 -193.161 2.230 -21.822 -194.564 2.026 -21.716 -194.242 2.230 0.946 0.642 0.905 0.615 0.946 0.615
3 16 -16.617 -195.373 2.026 -11.377 -195.901 2.026 -16.531 -195.046 2.230 0.905 0.588 0.905 0.560 0.946 0.587
3 16 -21.716 -194.242 2.230 -16.617 -195.373 2.026 -16.531 -195.046 2.230 0.946 0.615 0.905 0.588 0.946 0.587
3 16 -11.377 -195.901 2.026 -6.116 -196.145 2.026 -11.309 -195.569 2.230 0.905 0.560 0.905 0.532 0.946 0.560
3 16 -16.531 -195.046 2.230 -11.377 -195.901 2.026 -11.309 -195.569 2.230 0.946 0.587 0.905 0.560 0.946 0.560
3 16 -6.116 -196.145 2.026 -0.849 -196.105 2.026 -6.067 -195.810 2.230 0.905 0.532 0.905 0.504 0.946 0.532
3 16 -11.309 -195.569 2.230 -6.116 -196.145 2.026 -6.067 -195.810 2.230 0.946 0.560 0.905 0.532 0.946 0.532
3 16 -0.849 -196.105 2.026 4.408 -195.782 2.026 -0.820 -195.769 2.230 0.905 0.504 0.905 0.477 0.946 0.504
3 16 -6.067 -195.810 2.230 -0.849 -196.105 2.026 -0.820 -195.769 2.230 0.946 0.532 0.905 0.504 0.946 0.504
3 16 4.408 -195.782 2.026 9.640 -195.176 2.026 4.417 -195.445 2.230 0.905 0.477 0.905 0.449 0.946 0.477
3 16 -0.820 -195.769 2.230 4.408 -195.782 2.026 4.417 -195.445 2.230 0.946 0.504 0.905 0.477 0.946 0.477
3 16 9.640 -195.176 2.026 14.832 -194.289 2.026 9.629 -194.839 2.230 0.905 0.449 0.905 0.422 0.946 0.449
3 16 4.417 -195.445 2.230 9.640 -195.176 2.026 9.629 -194.839 2.230 0.946 0.477 0.905 0.449 0.946 0.449
3 16 14.832 -194.289 2.026 19.968 -193.124 2.026 14.802 -193.953 2.230 0.905 0.422 0.905 0.394 0.946 0.422
3 16 9.629 -194.839 2.230 14.832 -194.289 2.026 14.802 -193.953 2.230 0.946 0.449 0.905 0.422 0.946 0.422
3 16 19.968 -193.124 2.026 25.034 -191.683 2.026 19.918 -192.790 2.230 0.905 0.394 0.905 0.368 0.946 0.395
3 16 14.802 -193.953 2.230 19.968 -193.124 2.026 19.918 -192.790 2.230 0.946 0.422 0.905 0.394 0.946 0.395
3 16 25.034 -191.683 2.026 30.015 -189.972 2.026 24.965 -191.354 2.230 0.905 0.368 0.905 0.341 0.946 0.368
3 16 19.918 -192.790 2.230 25.034 -191.683 2.026 24.965 -191.354 2.230 0.946 0.395 0.905 0.368 0.946 0.368
3 16 30.015 -189.972 2.026 34.897 -187.995 2.026 29.927 -189.647 2.230 0.905 0.341 0.905 0.315 0.946 0.342
3 16 24.965 -191.354 2.230 30.015 -189.972 2.026 29.927 -189.647 2.230 0.946 0.368 0.905 0.341 0.946 0.342
3 16 34.897 -187.995 2.026 39.665 -185.757 2.026 34.790 -187.675 2.230 0.905 0.315 0.905 0.290 0.946 0.316
3 16 29.927 -189.647 2.230 34.897 -187.995 2.026 34.790 -187.675 2.230 0.946 0.342 0.905 0.315 0.946 0.316
3 16 39.665 -185.757 2.026 44.305 -183.266 2.026 39.540 -185.445 2.230 0.905 0.290 0.905 0.266 0.946 0.291
3 16 34.790 -187.675 2.230 39.665 -185.757 2.026 39.540 -185.445 2.230 0.946 0.316 0.905 0.290 0.946 0.291
3 16 44.305 -183.266 2.026 48.805 -180.529 2.026 44.163 -182.962 2.230 0.905 0.266 0.905 0.242 0.946 0.266
3 16 39.540 -185.445 2.230 44.305 -183.266 2.026 44.163 -182.962 2.230 0.946 0.291 0.905 0.266 0.946 0.266
3 16 48.805 -180.529 2.026 53.150 -177.553 2.026 48.645 -180.233 2.230 0.905 0.242 0.905 0.219 0.946 0.243
3 16 44.163 -182.962 2.230 48.805 -180.529 2.026 48.645 -180.233 2.230 0.946 0.266 0.905 0.242 0.946 0.243
3 16 53.150 -177.553 2.026 57.329 -174.347 2.026 52.974 -177.267 2.230 0.905 0.219 0.905 0.197 0.946 0.220
3 16 48.645 -180.233 2.230 53.150 -177.553 2.026 52.974 -177.267 2.230 0.946 0.243 0.905 0.219 0.946 0.220
3 16 57.329 -174.347 2.026 61.329 -170.921 2.026 57.136 -174.072 2.230 0.905 0.197 0.905 0.176 0.946 0.198
3 16 52.974 -177.267 2.230 57.329 -174.347 2.026 57.136 -174.072 2.230 0.946 0.220 0.905 0.197 0.946 0.198
3 16 61.329 -170.921 2.026 65.139 -167.284 2.026 61.121 -170.658 2.230 0.905 0.176 0.905 0.155 0.946 0.177
3 16 57.136 -174.072 2.230 61.329 -170.921 2.026 61.121 -170.658 2.230 0.946 0.198 0.905 0.176 0.946 0.177
3 16 65.139 -167.284 2.026 68.747 -163.447 2.026 64.915 -167.033 2.230 0.905 0.155 0.905 0.136 0.946 0.157
3 16 61.121 -170.658 2.230 65.139 -167.284 2.026 64.915 -167.033 2.230 0.946 0.177 0.905 0.155 0.946 0.157
3 16 68.747 -163.447 2.026 72.143 -159.422 2.026 68.510 -163.210 2.230 0.905 0.136 0.905 0.118 0.946 0.138
3 16 64.915 -167.033 2.230 68.747 -163.447 2.026 68.510 -163.210 2.230 0.946 0.157 0.905 0.136 0.946 0.138
3 16 72.143 -159.422 2.026 75.318 -155.219 2.026 71.892 -159.199 2.230 0.905 0.118 0.905 0.101 0.946 0.120
3 16 68.510 -163.210 2.230 72.143 -159.422 2.026 71.892 -159.199 2.230 0.946 0.138 0.905 0.118 0.946 0.120
3 16 75.318 -155.219 2.026 78.261 -150.851 2.026 75.054 -155.011 2.230 0.905 0.101 0.905 0.086 0.946 0.103
3 16 71.892 -159.199 2.230 75.318 -155.219 2.026 75.054 -155.011 2.230 0.946 0.120 0.905 0.101 0.946 0.103
3 16 78.261 -150.851 2.026 80.965 -146.331 2.026 77.986 -150.659 2.230 0.905 0.086 0.905 0.072 0.946 0.087
3 16 75.054 -155.011 2.230 78.261 -150.851 2.026 77.986 -150.659 2.230 0.946 0.103 0.905 0.086 0.946 0.087
3 16 80.965 -146.331 2.026 83.421 -141.672 2.026 80.679 -146.155 2.230 0.905 0.072 0.905 0.059 0.946 0.073
3 16 77.986 -150.659 2.230 80.965 -146.331 2.026 80.679 -146.155 2.230 0.946 0.087 0.905 0.072 0.946 0.073
3 16 83.421 -141.672 2.026 85.623 -136.888 2.026 83.126 -141.513 2.230 0.905 0.059 0.905 0.047 0.946 0.060
3 16 80.679 -146.155 2.230 83.421 -141.672 2.026 83.126 -141.513 2.230 0.946 0.073 0.905 0.059 0.946 0.060
3 16 85.623 -136.888 2.026 87.563 -131.991 2.026 85.318 -136.746 2.230 0.905 0.047 0.905 0.037 0.946 0.049
3 16 83.126 -141.513 2.230 85.623 -136.888 2.026 85.318 -136.746 2.230 0.946 0.060 0.905 0.047 0.946 0.049
3 16 87.563 -131.991 2.026 89.237 -126.997 2.026 87.251 -131.868 2.230 0.905 0.037 0.905 0.028 0.946 0.038
3 16 85.318 -136.746 2.230 87.563 -131.991 2.026 87.251 -131.868 2.230 0.946 0.049 0.905 0.037 0.946 0.038
3 16 89.237 -126.997 2.026 90.640 -121.921 2.026 88.919 -126.892 2.230 0.905 0.028 0.905 0.020 0.946 0.030
3 16 87.251 -131.868 2.230 89.237 -126.997 2.026 88.919 -126.892 2.230 0.946 0.038 0.905 0.028 0.946 0.030
3 16 90.640 -121.921 2.026 91.767 -116.776 2.026 90.316 -121.834 2.230 0.905 0.020 0.905 0.014 0.946 0.022
3 16 88.919 -126.892 2.230 90.640 -121.921 2.026 90.316 -121.834 2.230 0.946 0.030 0.905 0.020 0.946 0.022
3 16 91.767 -116.776 2.026 92.615 -111.578 2.026 91.438 -116.708 2.230 0.905 0.014 0.905 0.010 0.946 0.016
3 16 90.316 -121.834 2.230 91.767 -116.776 2.026 91.438 -116.708 2.230 0.946 0.022 0.905 0.014 0.946 0.016
3 16 92.615 -111.578 2.026 93.181 -106.341 2.026 92.283 -111.529 2.230 0.905 0.010 0.905 0.007 0.946 0.012
3 16 91.438 -116.708 2.230 92.615 -111.578 2.026 92.283 -111.529 2.230 0.946 0.016 0.905 0.010 0.946 0.012
3 16 93.181 -106.341 2.026 93.465 -101.082 2.026 92.847 -106.312 2.230 0.905 0.007 0.905 0.005 0.946 0.009
3 16 92.283 -111.529 2.230 93.181 -106.341 2.026 92.847 -106.312 2.230 0.946 0.012 0.905 0.007 0.946 0.009
3 16 93.465 -101.082 2.026 93.465 -95.815 2.026 93.130 -101.072 2.230 0.905 0.005 0.905 0.005 0.946 0.007
3 16 92.847 -106.312 2.230 93.465 -101.082 2.026 93.130 -101.072 2.230 0.946 0.009 0.905 0.005 0.946 0.007
3 16 93.465 -95.815 2.026 93.181 -90.556 2.026 92.847 -90.585 2.230 0.905 0.005 0.905 0.007 0.946 0.009
3 16 93.130 -101.072 2.230 93.465 -95.815 2.026 93.130 -95.825 2.230 0.946 0.007 0.905 0.005 0.946 0.007
3 16 93.130 -95.825 2.230 93.465 -95.815 2.026 92.847 -90.585 2.230 0.946 0.007 0.905 0.005 0.946 0.009
3 16 93.181 -90.556 2.026 92.615 -85.320 2.026 92.283 -85.368 2.230 0.905 0.007 0.905 0.010 0.946 0.012
3 16 92.847 -90.585 2.230 93.181 -90.556 2.026 92.283 -85.368 2.230 0.946 0.009 0.905 0.007 0.946 0.012
3 16 92.615 -85.320 2.026 91.767 -80.122 2.026 91.438 -80.189 2.230 0.905 0.010 0.905 0.014 0.946 0.016
3 16 92.283 -85.368 2.230 92.615 -85.320 2.026 91.438 -80.189 2.230 0.946 0.012 0.905 0.010 0.946 0.016
3 16 91.767 -80.122 2.026 90.640 -74.977 2.026 90.316 -75.063 2.230 0.905 0.014 0.905 0.020 0.946 0.022
3 16 91.438 -80.189 2.230 91.767 -80.122 2.026 90.316 -75.063 2.230 0.946 0.016 0.905 0.014 0.946 0.022
3 16 90.640 -74.977 2.026 89.237 -69.900 2.026 88.919 -70.005 2.230 0.905 0.020 0.905 0.028 0.946 0.030
3 16 90.316 -75.063 2.230 90.640 -74.977 2.026 88.919 -70.005 2.230 0.946 0.022 0.905 0.020 0.946 0.030
3 16 89.237 -69.900 2.026 87.563 -64.906 2.026 87.251 -65.030 2.230 0.905 0.028 0.905 0.037 0.946 0.038
3 16 88.919 -70.005 2.230 89.237 -69.900 2.026 87.251 -65.030 2.230 0.946 0.030 0.905 0.028 0.946 0.038
3 16 87.563 -64.906 2.026 85.623 -60.010 2.026 85.318 -60.152 2.230 0.905 0.037 0.905 0.047 0.946 0.049
3 16 87.251 -65.030 2.230 87.563 -64.906 2.026 85.318 -60.152 2.230 0.946 0.038 0.905 0.037 0.946 0.049
3 16 85.623 -60.010 2.026 83.421 -55.225 2.026 83.126 -55.384 2.230 0.905 0.047 0.905 0.059 0.946 0.060
3 16 85.318 -60.152 2.230 85.623 -60.010 2.026 83.126 -55.384 2.230 0.946 0.049 0.905 0.047 0.946 0.060
3 16 83.421 -55.225 2.026 80.965 -50.566 2.026 80.679 -50.742 2.230 0.905 0.059 0.905 0.072 0.946 0.073
3 16 83.126 -55.384 2.230 83.421 -55.225 2.026 80.679 -50.742 2.230 0.946 0.060 0.905 0.059 0.946 0.073
3 16 80.965 -50.566 2.026 78.261 -46.046 2.026 77.986 -46.239 2.230 0.905 0.072 0.905 0.086 0.946 0.087
3 16 80.679 -50.742 2.230 80.965 -50.566 2.026 77.986 -46.239 2.230 0.946 0.073 0.905 0.072 0.946 0.087
3 16 78.261 -46.046 2.026 75.318 -41.679 2.026 75.054 -41.887 2.230 0.905 0.086 0.905 0.101 0.946 0.103
3 16 77.986 -46.239 2.230 78.261 -46.046 2.026 75.054 -41.887 2.230 0.946 0.087 0.905 0.086 0.946 0.103
3 16 75.318 -41.679 2.026 72.143 -37.476 2.026 71.892 -37.699 2.230 0.905 0.101 0.905 0.118 0.946 0.120
3 16 75.054 -41.887 2.230 75.318 -41.679 2.026 71.892 -37.699 2.230 0.946 0.103 0.905 0.101 0.946 0.120
3 16 72.143 -37.476 2.026 68.747 -33.450 2.026 68.510 -33.687 2.230 0.905 0.118 0.905 0.136 0.946 0.138
3 16 71.892 -37.699 2.230 72.143 -37.476 2.026 68.510 -33.687 2.230 0.946 0.120 0.905 0.118 0.946 0.138
3 16 68.747 -33.450 2.026 65.139 -29.613 2.026 64.915 -29.864 2.230 0.905 0.136 0.905 0.155 0.946 0.157
3 16 68.510 -33.687 2.230 68.747 -33.450 2.026 64.915 -29.864 2.230 0.946 0.138 0.905 0.136 0.946 0.157
3 16 65.139 -29.613 2.026 61.329 -25.976 2.026 61.121 -26.240 2.230 0.905 0.155 0.905 0.176 0.946 0.177
3 16 64.915 -29.864 2.230 65.139 -29.613 2.026 61.121 -26.240 2.230 0.946 0.157 0.905 0.155 0.946 0.177
3 16 61.329 -25.976 2.026 57.329 -22.550 2.026 57.136 -22.825 2.230 0.905 0.176 0.905 0.197 0.946 0.198
3 16 61.121 -26.240 2.230 61.329 -25.976 2.026 57.136 -22.825 2.230 0.946 0.177 0.905 0.176 0.946 0.198
3 16 57.329 -22.550 2.026 53.150 -19.344 2.026 52.974 -19.630 2.230 0.905 0.197 0.905 0.219 0.946 0.220
3 16 57.136 -22.825 2.230 57.329 -22.550 2.026 52.974 -19.630 2.230 0.946 0.198 0.905 0.197 0.946 0.220
3 16 53.150 -19.344 2.026 48.805 -16.369 2.026 48.645 -16.664 2.230 0.905 0.219 0.905 0.242 0.946 0.243
3 16 52.974 -19.630 2.230 53.150 -19.344 2.026 48.645 -16.664 2.230 0.946 0.220 0.905 0.219 0.946 0.243
3 16 48.805 -16.369 2.026 44.305 -13.631 2.026 44.163 -13.936 2.230 0.905 0.242 0.905 0.266 0.946 0.266
3 16 48.645 -16.664 2.230 48.805 -16.369 2.026 44.163 -13.936 2.230 0.946 0.243 0.905 0.242 0.946 0.266
3 16 44.305 -13.631 2.026 39.665 -11.140 2.026 39.540 -11.453 2.230 0.905 0.266 0.905 0.290 0.946 0.291
3 16 44.163 -13.936 2.230 44.305 -13.631 2.026 39.540 -11.453 2.230 0.946 0.266 0.905 0.266 0.946 0.291
3 16 39.665 -11.140 2.026 34.897 -8.903 2.026 34.790 -9.222 2.230 0.905 0.290 0.905 0.315 0.946 0.316
3 16 39.540 -11.453 2.230 39.665 -11.140 2.026 34.790 -9.222 2.230 0.946 0.291 0.905 0.290 0.946 0.316
3 16 34.897 -8.903 2.026 30.015 -6.925 2.026 29.927 -7.251 2.230 0.905 0.315 0.905 0.341 0.946 0.342
3 16 34.790 -9.222 2.230 34.897 -8.903 2.026 29.927 -7.251 2.230 0.946 0.316 0.905 0.315 0.946 0.342
3 16 30.015 -6.925 2.026 25.034 -5.214 2.026 24.965 -5.544 2.230 0.905 0.341 0.905 0.368 0.946 0.368
3 16 29.927 -7.251 2.230 30.015 -6.925 2.026 24.965 -5.544 2.230 0.946 0.342 0.905 0.341 0.946 0.368
3 16 25.034 -5.214 2.026 19.968 -3.773 2.026 19.918 -4.107 2.230 0.905 0.368 0.905 0.394 0.946 0.395
3 16 24.965 -5.544 2.230 25.034 -5.214 2.026 19.918 -4.107 2.230 0.946 0.368 0.905 0.368 0.946 0.395
3 16 19.968 -3.773 2.026 14.832 -2.608 2.026 14.802 -2.944 2.230 0.905 0.394 0.905 0.422 0.946 0.422
3 16 19.918 -4.107 2.230 19.968 -3.773 2.026 14.802 -2.944 2.230 0.946 0.395 0.905 0.394 0.946 0.422
3 16 14.832 -2.608 2.026 9.640 -1.721 2.026 9.629 -2.058 2.230 0.905 0.422 0.905 0.449 0.946 0.449
3 16 14.802 -2.944 2.230 14.832 -2.608 2.026 9.629 -2.058 2.230 0.946 0.422 0.905 0.422 0.946 0.449
3 16 9.640 -1.721 2.026 4.408 -1.115 2.026 4.417 -1.453 2.230 0.905 0.449 0.905 0.477 0.946 0.477
3 16 9.629 -2.058 2.230 9.640 -1.721 2.026 4.417 -1.453 2.230 0.946 0.449 0.905 0.449 0.946 0.477
3 16 4.408 -1.115 2.026 -0.849 -0.792 2.026 -0.820 -1.128 2.230 0.905 0.477 0.905 0.504 0.946 0.504
3 16 4.417 -1.453 2.230 4.408 -1.115 2.026 -0.820 -1.128 2.230 0.946 0.477 0.905 0.477 0.946 0.504
3 16 -0.849 -0.792 2.026 -6.116 -0.753 2.026 -6.067 -1.087 2.230 0.905 0.504 0.905 0.532 0.946 0.532
3 16 -0.820 -1.128 2.230 -0.849 -0.792 2.026 -6.067 -1.087 2.230 0.946 0.504 0.905 0.504 0.946 0.532
3 16 -6.116 -0.753 2.026 -11.377 -0.997 2.026 -11.309 -1.328 2.230 0.905 0.532 0.905 0.560 0.946 0.560
3 16 -6.067 -1.087 2.230 -6.116 -0.753 2.026 -11.309 -1.328 2.230 0.946 0.532 0.905 0.532 0.946 0.560
3 16 -11.377 -0.997 2.026 -16.617 -1.524 2.026 -16.531 -1.851 2.230 0.905 0.560 0.905 0.588 0.946 0.587
3 16 -11.309 -1.328 2.230 -11.377 -0.997 2.026 -16.531 -1.851 2.230 0.946 0.560 0.905 0.560 0.946 0.587
3 16 -16.617 -1.524 2.026 -21.822 -2.333 2.026 -21.716 -2.655 2.230 0.905 0.588 0.905 0.615 0.946 0.615
3 16 -16.531 -1.851 2.230 -16.617 -1.524 2.026 -21.716 -2.655 2.230 0.946 0.587 0.905 0.588 0.946 0.615
3 16 -21.822 -2.333 2.026 -26.975 -3.422 2.026 -26.851 -3.737 2.230 0.905 0.615 0.905 0.643 0.946 0.642
3 16 -21.716 -2.655 2.230 -21.822 -2.333 2.026 -26.851 -3.737 2.230 0.946 0.615 0.905 0.615 0.946 0.642
3 16 -26.975 -3.422 2.026 -32.062 -4.786 2.026 -31.920 -5.094 2.230 0.905 0.643 0.905 0.670 0.946 0.669
3 16 -26.851 -3.737 2.230 -26.975 -3.422 2.026 -31.920 -5.094 2.230 0.946 0.642 0.905 0.643 0.946 0.669
3 16 -32.062 -4.786 2.026 -37.068 -6.423 2.026 -36.908 -6.722 2.230 0.905 0.670 0.905 0.696 0.946 0.695
3 16 -31.920 -5.094 2.230 -32.062 -4.786 2.026 -36.908 -6.722 2.230 0.946 0.669 0.905 0.670 0.946 0.695
3 16 -37.068 -6.423 2.026 -41.979 -8.327 2.026 -41.802 -8.616 2.230 0.905 0.696 0.905 0.722 0.946 0.721
3 16 -36.908 -6.722 2.230 -37.068 -6.423 2.026 -41.802 -8.616 2.230 0.946 0.695 0.905 0.696 0.946 0.721
3 16 -41.979 -8.327 2.026 -46.780 -10.492 2.026 -46.586 -10.771 2.230 0.905 0.722 0.905 0.748 0.946 0.746
3 16 -41.802 -8.616 2.230 -41.979 -8.327 2.026 -46.586 -10.771 2.230 0.946 0.721 0.905 0.722 0.946 0.746
3 16 -46.780 -10.492 2.026 -51.457 -12.914 2.026 -51.247 -13.181 2.230 0.905 0.748 0.905 0.772 0.946 0.771
3 16 -46.586 -10.771 2.230 -46.780 -10.492 2.026 -51.247 -13.181 2.230 0.946 0.746 0.905 0.748 0.946 0.771
3 16 -51.457 -12.914 2.026 -55.997 -15.583 2.026 -55.772 -15.838 2.230 0.905 0.772 0.905 0.796 0.946 0.795
3 16 -51.247 -13.181 2.230 -51.457 -12.914 2.026 -55.772 -15.838 2.230 0.946 0.771 0.905 0.772 0.946 0.795
3 16 -55.997 -15.583 2.026 -60.387 -18.494 2.026 -60.147 -18.735 2.230 0.905 0.796 0.905 0.820 0.946 0.818
3 16 -55.772 -15.838 2.230 -55.997 -15.583 2.026 -60.147 -18.735 2.230 0.946 0.795 0.905 0.796 0.946 0.818
3 16 -60.387 -18.494 2.026 -64.613 -21.637 2.026 -64.360 -21.864 2.230 0.905 0.820 0.905 0.842 0.946 0.841
3 16 -60.147 -18.735 2.230 -60.387 -18.494 2.026 -64.360 -21.864 2.230 0.946 0.818 0.905 0.820 0.946 0.841
3 16 -64.613 -21.637 2.026 -68.664 -25.003 2.026 -68.398 -25.215 2.230 0.905 0.842 0.905 0.863 0.946 0.862
3 16 -64.360 -21.864 2.230 -64.613 -21.637 2.026 -68.398 -25.215 2.230 0.946 0.841 0.905 0.842 0.946 0.862
3 16 -68.664 -25.003 2.026 -72.528 -28.582 2.026 -72.250 -28.779 2.230 0.905 0.863 0.905 0.884 0.946 0.882
3 16 -68.398 -25.215 2.230 -68.664 -25.003 2.026 -72.250 -28.779 2.230 0.946 0.862 0.905 0.863 0.946 0.882
3 16 -72.528 -28.582 2.026 -76.193 -32.364 2.026 -75.904 -32.545 2.230 0.905 0.884 0.905 0.903 0.946 0.902
3 16 -72.250 -28.779 2.230 -72.528 -28.582 2.026 -75.904 -32.545 2.230 0.946 0.882 0.905 0.884 0.946 0.902
3 16 -76.193 -32.364 2.026 -79.649 -36.339 2.026 -79.350 -36.502 2.230 0.905 0.903 0.905 0.921 0.946 0.920
3 16 -75.904 -32.545 2.230 -76.193 -32.364 2.026 -79.350 -36.502 2.230 0.946 0.902 0.905 0.903 0.946 0.920
3 16 -79.649 -36.339 2.026 -82.886 -40.493 2.026 -82.577 -40.639 2.230 0.905 0.921 0.905 0.939 0.946 0.937
3 16 -79.350 -36.502 2.230 -79.649 -36.339 2.026 -82.577 -40.639 2.230 0.946 0.920 0.905 0.921 0.946 0.937
3 16 -82.886 -40.493 2.026 -85.895 -44.816 2.026 -85.578 -44.944 2.230 0.905 0.939 0.905 0.954 0.946 0.953
3 16 -82.577 -40.639 2.230 -82.886 -40.493 2.026 -85.578 -44.944 2.230 0.946 0.937 0.905 0.939 0.946 0.953
3 16 -85.895 -44.816 2.026 -88.666 -49.295 2.026 -88.342 -49.405 2.230 0.905 0.954 0.905 0.969 0.946 0.967
3 16 -85.578 -44.944 2.230 -85.895 -44.816 2.026 -88.342 -49.405 2.230 0.946 0.953 0.905 0.954 0.946 0.967
3 16 -88.666 -49.295 2.026 -91.192 -53.917 2.026 -90.861 -54.008 2.230 0.905 0.969 0.905 0.982 0.946 0.981
3 16 -88.342 -49.405 2.230 -88.666 -49.295 2.026 -90.861 -54.008 2.230 0.946 0.967 0.905 0.969 0.946 0.981
3 16 -91.192 -53.917 2.026 -93.465 -58.668 2.026 -93.129 -58.740 2.230 0.905 0.982 0.905 0.995 0.946 0.993
3 16 -90.861 -54.008 2.230 -91.192 -53.917 2.026 -93.129 -58.740 2.230 0.946 0.981 0.905 0.982 0.946 0.993
3 16 -93.129 -58.740 2.230 -93.465 -58.668 2.026 -93.146 -138.161 2.222 0.946 0.993 0.905 0.995 0.944 0.993
3 16 92.283 -85.368 2.230 91.438 -80.189 2.230 91.082 -80.263 2.380 0.946 0.012 0.946 0.016 0.976 0.018
3 16 91.923 -85.421 2.380 92.283 -85.368 2.230 91.082 -80.263 2.380 0.976 0.014 0.946 0.012 0.976 0.018
3 16 92.486 -90.617 2.380 92.847 -90.585 2.230 91.923 -85.421 2.380 0.976 0.011 0.946 0.009 0.976 0.014
3 16 -93.146 -138.161 2.222 -90.861 -142.890 2.230 -92.781 -138.083 2.375 0.944 0.993 0.946 0.981 0.975 0.991
3 16 -93.129 -58.740 2.230 -93.146 -138.161 2.222 -92.781 -138.083 2.375 0.946 0.993 0.944 0.993 0.975 0.991
3 16 -90.861 -142.890 2.230 -88.342 -147.493 2.230 -90.504 -142.791 2.380 0.946 0.981 0.946 0.967 0.976 0.979
3 16 -92.766 -58.817 2.380 -93.129 -58.740 2.230 -92.781 -138.083 2.375 0.976 0.991 0.946 0.993 0.975 0.991
3 16 -92.781 -138.083 2.375 -90.861 -142.890 2.230 -90.504 -142.791 2.380 0.975 0.991 0.946 0.981 0.976 0.979
3 16 -88.342 -147.493 2.230 -85.578 -151.953 2.230 -87.990 -147.374 2.380 0.946 0.967 0.946 0.953 0.976 0.966
3 16 -90.504 -142.791 2.380 -88.342 -147.493 2.230 -87.990 -147.374 2.380 0.976 0.979 0.946 0.967 0.976 0.966
3 16 -85.578 -151.953 2.230 -82.577 -156.258 2.230 -85.234 -151.814 2.380 0.946 0.953 0.946 0.937 0.976 0.951
3 16 -87.990 -147.374 2.380 -85.578 -151.953 2.230 -85.234 -151.814 2.380 0.976 0.966 0.946 0.953 0.976 0.951
3 16 -82.577 -156.258 2.230 -79.350 -160.395 2.230 -82.243 -156.100 2.380 0.946 0.937 0.946 0.920 0.976 0.935
3 16 -85.234 -151.814 2.380 -82.577 -156.258 2.230 -82.243 -156.100 2.380 0.976 0.951 0.946 0.937 0.976 0.935
3 16 -79.350 -160.395 2.230 -75.904 -164.353 2.230 -79.025 -160.218 2.380 0.946 0.920 0.946 0.902 0.976 0.918
3 16 -82.243 -156.100 2.380 -79.350 -160.395 2.230 -79.025 -160.218 2.380 0.976 0.935 0.946 0.920 0.976 0.918
3 16 -75.904 -164.353 2.230 -72.250 -168.119 2.230 -75.590 -164.157 2.380 0.946 0.902 0.946 0.882 0.976 0.900
3 16 -79.025 -160.218 2.380 -75.904 -164.353 2.230 -75.590 -164.157 2.380 0.976 0.918 0.946 0.902 0.976 0.900
3 16 -72.250 -168.119 2.230 -68.398 -171.682 2.230 -71.948 -167.905 2.380 0.946 0.882 0.946 0.862 0.976 0.881
3 16 -75.590 -164.157 2.380 -72.250 -168.119 2.230 -71.948 -167.905 2.380 0.976 0.900 0.946 0.882 0.976 0.881
3 16 -68.398 -171.682 2.230 -64.360 -175.033 2.230 -68.110 -171.452 2.380 0.946 0.862 0.946 0.841 0.976 0.860
3 16 -71.948 -167.905 2.380 -68.398 -171.682 2.230 -68.110 -171.452 2.380 0.976 0.881 0.946 0.862 0.976 0.860
3 16 -64.360 -175.033 2.230 -60.147 -178.162 2.230 -64.086 -174.787 2.380 0.946 0.841 0.946 0.818 0.976 0.839
3 16 -68.110 -171.452 2.380 -64.360 -175.033 2.230 -64.086 -174.787 2.380 0.976 0.860 0.946 0.841 0.976 0.839
3 16 -60.147 -178.162 2.230 -55.772 -181.059 2.230 -59.888 -177.900 2.380 0.946 0.818 0.946 0.795 0.976 0.817
3 16 -64.086 -174.787 2.380 -60.147 -178.162 2.230 -59.888 -177.900 2.380 0.976 0.839 0.946 0.818 0.976 0.817
3 16 -55.772 -181.059 2.230 -51.247 -183.717 2.230 -55.529 -180.783 2.380 0.946 0.795 0.946 0.771 0.976 0.794
3 16 -59.888 -177.900 2.380 -55.772 -181.059 2.230 -55.529 -180.783 2.380 0.976 0.817 0.946 0.795 0.976 0.794
3 16 -51.247 -183.717 2.230 -46.586 -186.126 2.230 -51.020 -183.427 2.380 0.946 0.771 0.946 0.746 0.976 0.770
3 16 -55.529 -180.783 2.380 -51.247 -183.717 2.230 -51.020 -183.427 2.380 0.976 0.794 0.946 0.771 0.976 0.770
3 16 -46.586 -186.126 2.230 -41.802 -188.281 2.230 -46.376 -185.824 2.380 0.946 0.746 0.946 0.721 0.976 0.745
3 16 -51.020 -183.427 2.380 -46.586 -186.126 2.230 -46.376 -185.824 2.380 0.976 0.770 0.946 0.746 0.976 0.745
3 16 -41.802 -188.281 2.230 -36.908 -190.176 2.230 -41.610 -187.968 2.380 0.946 0.721 0.946 0.695 0.976 0.720
3 16 -46.376 -185.824 2.380 -41.802 -188.281 2.230 -41.610 -187.968 2.380 0.976 0.745 0.946 0.721 0.976 0.720
3 16 -36.908 -190.176 2.230 -31.920 -191.804 2.230 -36.735 -189.852 2.380 0.946 0.695 0.946 0.669 0.976 0.694
3 16 -41.610 -187.968 2.380 -36.908 -190.176 2.230 -36.735 -189.852 2.380 0.976 0.720 0.946 0.695 0.976 0.694
3 16 -31.920 -191.804 2.230 -26.851 -193.161 2.230 -31.766 -191.471 2.380 0.946 0.669 0.946 0.642 0.976 0.668
3 16 -36.735 -189.852 2.380 -31.920 -191.804 2.230 -31.766 -191.471 2.380 0.976 0.694 0.946 0.669 0.976 0.668
3 16 -26.851 -193.161 2.230 -21.716 -194.242 2.230 -26.716 -192.819 2.380 0.946 0.642 0.946 0.615 0.976 0.641
3 16 -31.766 -191.471 2.380 -26.851 -193.161 2.230 -26.716 -192.819 2.380 0.976 0.668 0.946 0.642 0.976 0.641
3 16 -21.716 -194.242 2.230 -16.531 -195.046 2.230 -21.602 -193.894 2.380 0.946 0.615 0.946 0.587 0.976 0.614
3 16 -26.716 -192.819 2.380 -21.716 -194.242 2.230 -21.602 -193.894 2.380 0.976 0.641 0.946 0.615 0.976 0.614
3 16 -16.531 -195.046 2.230 -11.309 -195.569 2.230 -16.437 -194.692 2.380 0.946 0.587 0.946 0.560 0.976 0.587
3 16 -21.602 -193.894 2.380 -16.531 -195.046 2.230 -16.437 -194.692 2.380 0.976 0.614 0.946 0.587 0.976 0.587
3 16 -11.309 -195.569 2.230 -6.067 -195.810 2.230 -11.236 -195.210 2.380 0.946 0.560 0.946 0.532 0.976 0.559
3 16 -16.437 -194.692 2.380 -11.309 -195.569 2.230 -11.236 -195.210 2.380 0.976 0.587 0.946 0.560 0.976 0.559
3 16 -6.067 -195.810 2.230 -0.820 -195.769 2.230 -6.015 -195.448 2.380 0.946 0.532 0.946 0.504 0.976 0.532
3 16 -11.236 -195.210 2.380 -6.067 -195.810 2.230 -6.015 -195.448 2.380 0.976 0.559 0.946 0.532 0.976 0.532
3 16 -0.820 -195.769 2.230 4.417 -195.445 2.230 -0.789 -195.404 2.380 0.946 0.504 0.946 0.477 0.976 0.504
3 16 -6.015 -195.448 2.380 -0.820 -195.769 2.230 -0.789 -195.404 2.380 0.976 0.532 0.946 0.504 0.976 0.504
3 16 4.417 -195.445 2.230 9.629 -194.839 2.230 4.427 -195.079 2.380 0.946 0.477 0.946 0.449 0.976 0.477
3 16 -0.789 -195.404 2.380 4.417 -195.445 2.230 4.427 -195.079 2.380 0.976 0.504 0.946 0.477 0.976 0.477
3 16 9.629 -194.839 2.230 14.802 -193.953 2.230 9.618 -194.474 2.380 0.946 0.449 0.946 0.422 0.976 0.449
3 16 4.427 -195.079 2.380 9.629 -194.839 2.230 9.618 -194.474 2.380 0.976 0.477 0.946 0.449 0.976 0.449
3 16 14.802 -193.953 2.230 19.918 -192.790 2.230 14.769 -193.590 2.380 0.946 0.422 0.946 0.395 0.976 0.422
3 16 9.618 -194.474 2.380 14.802 -193.953 2.230 14.769 -193.590 2.380 0.976 0.449 0.946 0.422 0.976 0.422
3 16 19.918 -192.790 2.230 24.965 -191.354 2.230 19.865 -192.429 2.380 0.946 0.395 0.946 0.368 0.976 0.395
3 16 14.769 -193.590 2.380 19.918 -192.790 2.230 19.865 -192.429 2.380 0.976 0.422 0.946 0.395 0.976 0.395
3 16 24.965 -191.354 2.230 29.927 -189.647 2.230 24.891 -190.996 2.380 0.946 0.368 0.946 0.342 0.976 0.368
3 16 19.865 -192.429 2.380 24.965 -191.354 2.230 24.891 -190.996 2.380 0.976 0.395 0.946 0.368 0.976 0.368
3 16 29.927 -189.647 2.230 34.790 -187.675 2.230 29.832 -189.295 2.380 0.946 0.342 0.946 0.316 0.976 0.342
3 16 24.891 -190.996 2.380 29.927 -189.647 2.230 29.832 -189.295 2.380 0.976 0.368 0.946 0.342 0.976 0.342
3 16 34.790 -187.675 2.230 39.540 -185.445 2.230 34.675 -187.330 2.380 0.946 0.316 0.946 0.291 0.976 0.317
3 16 29.832 -189.295 2.380 34.790 -187.675 2.230 34.675 -187.330 2.380 0.976 0.342 0.946 0.316 0.976 0.317
3 16 39.540 -185.445 2.230 44.163 -182.962 2.230 39.405 -185.106 2.380 0.946 0.291 0.946 0.266 0.976 0.292
3 16 34.675 -187.330 2.380 39.540 -185.445 2.230 39.405 -185.106 2.380 0.976 0.317 0.946 0.291 0.976 0.292
3 16 44.163 -182.962 2.230 48.645 -180.233 2.230 44.008 -182.632 2.380 0.946 0.266 0.946 0.243 0.976 0.267
3 16 39.405 -185.106 2.380 44.163 -182.962 2.230 44.008 -182.632 2.380 0.976 0.292 0.946 0.266 0.976 0.267
3 16 48.645 -180.233 2.230 52.974 -177.267 2.230 48.471 -179.913 2.380 0.946 0.243 0.946 0.220 0.976 0.244
3 16 44.008 -182.632 2.380 48.645 -180.233 2.230 48.471 -179.913 2.380 0.976 0.267 0.946 0.243 0.976 0.244
3 16 52.974 -177.267 2.230 57.136 -174.072 2.230 52.782 -176.957 2.380 0.946 0.220 0.946 0.198 0.976 0.221
3 16 48.471 -179.913 2.380 52.974 -177.267 2.230 52.782 -176.957 2.380 0.976 0.244 0.946 0.220 0.976 0.221
3 16 57.136 -174.072 2.230 61.121 -170.658 2.230 56.927 -173.774 2.380 0.946 0.198 0.946 0.177 0.976 0.199
3 16 52.782 -176.957 2.380 57.136 -174.072 2.230 56.927 -173.774 2.380 0.976 0.221 0.946 0.198 0.976 0.199
3 16 61.121 -170.658 2.230 64.915 -167.033 2.230 60.895 -170.372 2.380 0.946 0.177 0.946 0.157 0.976 0.178
3 16 56.927 -173.774 2.380 61.121 -170.658 2.230 60.895 -170.372 2.380 0.976 0.199 0.946 0.177 0.976 0.178
3 16 64.915 -167.033 2.230 68.510 -163.210 2.230 64.673 -166.762 2.380 0.946 0.157 0.946 0.138 0.976 0.158
3 16 60.895 -170.372 2.380 64.915 -167.033 2.230 64.673 -166.762 2.380 0.976 0.178 0.946 0.157 0.976 0.158
3 16 68.510 -163.210 2.230 71.892 -159.199 2.230 68.252 -162.953 2.380 0.946 0.138 0.946 0.120 0.976 0.139
3 16 64.673 -166.762 2.380 68.510 -163.210 2.230 68.252 -162.953 2.380 0.976 0.158 0.946 0.138 0.976 0.139
3 16 71.892 -159.199 2.230 75.054 -155.011 2.230 71.620 -158.957 2.380 0.946 0.120 0.946 0.103 0.976 0.121
3 16 68.252 -162.953 2.380 71.892 -159.199 2.230 71.620 -158.957 2.380 0.976 0.139 0.946 0.120 0.976 0.121
3 16 75.054 -155.011 2.230 77.986 -150.659 2.230 74.769 -154.786 2.380 0.946 0.103 0.946 0.087 0.976 0.104
3 16 71.620 -158.957 2.380 75.054 -155.011 2.230 74.769 -154.786 2.380 0.976 0.121 0.946 0.103 0.976 0.104
3 16 77.986 -150.659 2.230 80.679 -146.155 2.230 77.688 -150.451 2.380 0.946 0.087 0.946 0.073 0.976 0.089
3 16 74.769 -154.786 2.380 77.986 -150.659 2.230 77.688 -150.451 2.380 0.976 0.104 0.946 0.087 0.976 0.089
3 16 80.679 -146.155 2.230 83.126 -141.513 2.230 80.370 -145.965 2.380 0.946 0.073 0.946 0.060 0.976 0.075
3 16 77.688 -150.451 2.380 80.679 -146.155 2.230 80.370 -145.965 2.380 0.976 0.089 0.946 0.073 0.976 0.075
3 16 83.126 -141.513 2.230 85.318 -136.746 2.230 82.806 -141.341 2.380 0.946 0.060 0.946 0.049 0.976 0.062
3 16 80.370 -145.965 2.380 83.126 -141.513 2.230 82.806 -141.341 2.380 0.976 0.075 0.946 0.060 0.976 0.062
3 16 85.318 -136.746 2.230 87.251 -131.868 2.230 84.989 -136.593 2.380 0.946 0.049 0.946 0.038 0.976 0.050
3 16 82.806 -141.341 2.380 85.318 -136.746 2.230 84.989 -136.593 2.380 0.976 0.062 0.946 0.049 0.976 0.050
3 16 87.251 -131.868 2.230 88.919 -126.892 2.230 86.914 -131.734 2.380 0.946 0.038 0.946 0.030 0.976 0.040
3 16 84.989 -136.593 2.380 87.251 -131.868 2.230 86.914 -131.734 2.380 0.976 0.050 0.946 0.038 0.976 0.040
3 16 88.919 -126.892 2.230 90.316 -121.834 2.230 88.574 -126.778 2.380 0.946 0.030 0.946 0.022 0.976 0.031
3 16 86.914 -131.734 2.380 88.919 -126.892 2.230 88.574 -126.778 2.380 0.976 0.040 0.946 0.030 0.976 0.031
3 16 90.316 -121.834 2.230 91.438 -116.708 2.230 89.965 -121.740 2.380 0.946 0.022 0.946 0.016 0.976 0.024
3 16 88.574 -126.778 2.380 90.316 -121.834 2.230 89.965 -121.740 2.380 0.976 0.031 0.946 0.022 0.976 0.024
3 16 91.438 -116.708 2.230 92.283 -111.529 2.230 91.082 -116.635 2.380 0.946 0.016 0.946 0.012 0.976 0.018
3 16 89.965 -121.740 2.380 91.438 -116.708 2.230 91.082 -116.635 2.380 0.976 0.024 0.946 0.016 0.976 0.018
3 16 92.283 -111.529 2.230 92.847 -106.312 2.230 91.923 -111.477 2.380 0.946 0.012 0.946 0.009 0.976 0.014
3 16 91.082 -116.635 2.380 92.283 -111.529 2.230 91.923 -111.477 2.380 0.976 0.018 0.946 0.012 0.976 0.014
3 16 92.847 -106.312 2.230 93.130 -101.072 2.230 92.486 -106.281 2.380 0.946 0.009 0.946 0.007 0.976 0.011
3 16 91.923 -111.477 2.380 92.847 -106.312 2.230 92.486 -106.281 2.380 0.976 0.014 0.946 0.009 0.976 0.011
3 16 93.130 -101.072 2.230 93.130 -95.825 2.230 92.767 -101.062 2.380 0.946 0.007 0.946 0.007 0.976 0.009
3 16 92.486 -106.281 2.380 93.130 -101.072 2.230 92.767 -101.062 2.380 0.976 0.011 0.946 0.007 0.976 0.009
3 16 93.130 -95.825 2.230 92.847 -90.585 2.230 92.486 -90.617 2.380 0.946 0.007 0.946 0.009 0.976 0.011
3 16 92.767 -101.062 2.380 93.130 -95.825 2.230 92.767 -95.836 2.380 0.976 0.009 0.946 0.007 0.976 0.009
3 16 92.767 -95.836 2.380 93.130 -95.825 2.230 92.486 -90.617 2.380 0.976 0.009 0.946 0.007 0.976 0.011
3 16 92.847 -90.585 2.230 92.283 -85.368 2.230 91.923 -85.421 2.380 0.946 0.009 0.946 0.012 0.976 0.014
2 24 -81.025 -44.699 -2.500 -81.025 -152.199 -2.500
2 24 -84.250 -98.031 2.000 -84.214 -98.449 2.000
2 24 -90.550 -118.449 2.500 -90.550 -133.449 2.500
2 24 -81.025 -44.699 -2.000 -81.025 -152.199 -2.000
2 24 -87.326 -96.025 2.000 -86.922 -95.958 2.000
2 24 4.798 -65.130 2.000 5.865 -65.571 2.000
2 24 -27.127 -98.449 2.000 -27.127 -98.449 -2.000
2 24 -84.742 -96.912 2.000 -84.516 -97.260 2.000
2 24 -87.329 -96.026 2.500 -86.919 -95.957 2.500
2 24 78.649 -54.600 -2.500 80.682 -58.679 -2.500
2 24 78.648 -54.599 -2.000 80.685 -58.684 -2.000
2 24 -81.025 -152.199 -2.500 -78.309 -155.884 -2.500
2 24 52.221 -23.589 2.000 55.801 -26.427 2.000
2 24 -90.550 -78.449 2.500 -90.500 -78.449 2.450
2 24 52.226 -23.592 -2.500 55.796 -26.422 -2.500
2 24 -81.025 -152.199 -2.000 -78.309 -155.884 -2.000
2 24 -90.550 -78.449 -2.500 -82.950 -78.449 -2.500
2 24 52.226 -23.592 2.500 55.796 -26.422 2.500
2 24 7.925 -66.594 2.000 8.920 -67.178 2.000
2 24 10.650 -5.885 -2.500 15.141 -6.719 -2.500
2 24 10.655 -5.885 -2.000 15.136 -6.718 -2.000
2 24 -85.348 -100.542 2.000 -85.021 -100.287 2.000
2 24 36.671 -14.084 -2.500 40.733 -16.176 -2.500
2 24 36.673 -14.084 -2.000 40.728 -16.174 -2.000
2 24 -5.369 -63.476 2.000 -4.214 -63.449 2.000
2 24 -90.550 -133.449 -2.500 -82.950 -133.449 -2.500
2 24 -90.550 -133.449 2.500 -90.500 -133.449 2.450
2 24 -75.430 -159.419 -2.000 -72.388 -162.802 -2.000
2 24 -88.686 -99.985 2.000 -88.408 -100.287 2.000
2 24 -85.021 -96.611 2.000 -84.742 -96.912 2.000
2 24 -86.919 -95.957 2.500 -86.509 -95.957 2.500
2 24 11.726 -69.190 2.000 12.598 -69.946 2.000
2 24 36.671 -14.084 2.500 40.733 -16.176 2.500
2 24 36.673 -14.084 2.000 40.728 -16.174 2.000
2 24 -27.059 -78.295 2.000 -26.565 -77.250 2.000
2 24 -8.798 -63.873 2.000 -7.658 -63.687 2.000
2 24 -24.810 -74.279 -2.000 -24.133 -73.342 -2.000
2 24 -65.807 -169.127 2.500 -62.301 -172.035 2.500
2 24 40.728 -16.174 2.000 44.683 -18.461 2.000
2 24 -28.775 -83.784 2.000 -28.533 -82.656 2.000
2 24 -4.214 -63.449 2.000 -3.059 -63.476 2.000
2 24 -27.896 -80.438 -2.000 -27.503 -79.360 -2.000
2 24 40.733 -16.176 2.500 44.679 -18.458 2.500
2 24 -50.976 -179.704 -2.500 -46.962 -181.884 -2.500
2 24 78.648 -54.599 2.000 80.685 -58.684 2.000
2 24 44.679 -18.458 2.500 48.512 -20.932 2.500
2 24 44.683 -18.461 2.000 48.512 -20.931 2.000
2 24 48.512 -20.932 2.500 52.226 -23.592 2.500
2 24 48.512 -20.931 2.000 52.221 -23.589 2.000
2 24 -69.176 -166.042 2.500 -65.807 -169.127 2.500
2 24 -69.177 -166.041 2.000 -65.806 -169.126 2.000
2 24 14.987 -72.439 2.000 15.705 -73.342 2.000
2 24 -81.025 -44.699 -2.500 -78.309 -41.014 -2.500
2 24 -62.301 -24.862 -2.500 -58.649 -22.122 -2.500
2 24 -62.300 -24.862 -2.000 -58.650 -22.123 -2.000
2 24 -50.976 -17.194 2.500 -46.962 -15.013 2.500
2 24 -50.976 -17.194 2.000 -46.964 -15.014 2.000
2 24 -46.962 -15.013 2.500 -42.851 -13.031 2.500
2 24 -46.964 -15.014 2.000 -42.850 -13.030 2.000
2 24 -58.649 -22.122 -2.500 -54.868 -19.561 -2.500
2 24 -84.350 -97.636 2.000 -84.250 -98.031 2.000
2 24 -78.309 -41.014 -2.500 -75.431 -37.480 -2.500
2 24 -81.025 -44.699 -2.000 -78.309 -41.013 -2.000
2 24 -65.807 -27.771 -2.500 -62.301 -24.862 -2.500
2 24 -21.131 -6.238 -2.000 -16.622 -5.524 -2.000
2 24 -16.622 -5.524 2.000 -12.094 -5.031 2.000
2 24 -75.431 -37.480 -2.500 -72.389 -34.096 -2.500
2 24 -78.309 -41.013 -2.000 -75.430 -37.479 -2.000
2 24 -72.389 -34.096 -2.500 -69.176 -30.855 -2.500
2 24 -69.176 -30.855 -2.500 -65.807 -27.771 -2.500
2 24 -65.806 -27.771 -2.000 -62.300 -24.862 -2.000
2 24 -58.650 -22.123 -2.000 -54.867 -19.561 -2.000
2 24 -58.649 -22.122 2.500 -54.868 -19.561 2.500
2 24 -89.178 -98.031 2.000 -89.078 -97.636 2.000
2 24 -90.500 -78.449 2.450 -90.500 -78.449 -2.450
2 24 -75.430 -37.479 -2.000 -72.388 -34.096 -2.000
2 24 -72.388 -34.096 -2.000 -69.177 -30.856 -2.000
2 24 -69.177 -30.856 -2.000 -65.806 -27.771 -2.000
2 24 -54.867 -19.561 2.000 -50.976 -17.194 2.000
2 24 -62.300 -24.862 2.000 -58.650 -22.123 2.000
2 24 -62.301 -24.862 2.500 -58.649 -22.122 2.500
2 24 -81.025 -44.699 2.000 -78.309 -41.013 2.000
2 24 -72.389 -162.801 -2.500 -69.176 -166.042 -2.500
2 24 62.514 -32.598 2.000 65.642 -35.926 2.000
2 24 -12.091 -5.031 2.500 -7.531 -4.758 2.500
2 24 -82.950 -78.449 2.500 -83.000 -78.449 2.450
2 24 -88.912 -97.260 2.000 -88.686 -96.912 2.000
2 24 -65.806 -27.771 2.000 -62.300 -24.862 2.000
2 24 -81.025 -44.699 2.500 -78.309 -41.014 2.500
2 24 -78.309 -41.013 2.000 -75.430 -37.479 2.000
2 24 -54.868 -19.561 2.500 -50.976 -17.194 2.500
2 24 -84.350 -99.261 2.000 -84.250 -98.867 2.000
2 24 -84.742 -99.985 2.000 -84.516 -99.638 2.000
2 24 -7.533 -4.758 -2.000 -2.970 -4.707 -2.000
2 24 -89.178 -98.031 2.000 -89.214 -98.449 2.000
2 24 -58.650 -22.123 2.000 -54.867 -19.561 2.000
2 24 -54.868 -19.561 -2.500 -50.976 -17.194 -2.500
2 24 -54.867 -19.561 -2.000 -50.976 -17.194 -2.000
2 24 -50.976 -17.194 -2.500 -46.962 -15.013 -2.500
2 24 -50.976 -17.194 -2.000 -46.964 -15.014 -2.000
2 24 -42.850 -13.030 2.000 -38.656 -11.255 2.000
2 24 1.586 -4.879 2.500 6.136 -5.272 2.500
2 24 1.583 -4.879 2.000 6.135 -5.272 2.000
2 24 -46.962 -15.013 -2.500 -42.851 -13.031 -2.500
2 24 -38.655 -11.255 2.500 -34.366 -9.681 2.500
2 24 -38.656 -11.255 2.000 -34.368 -9.682 2.000
2 24 -46.964 -15.014 -2.000 -42.850 -13.030 -2.000
2 24 -42.851 -13.031 2.500 -38.655 -11.255 2.500
2 24 15.705 -73.342 2.000 16.382 -74.279 2.000
2 24 -42.851 -13.031 -2.500 -38.655 -11.255 -2.500
2 24 -83.000 -63.449 2.450 -83.000 -78.449 2.450
2 24 -83.000 -118.449 2.450 -83.000 -133.449 2.450
2 24 -42.850 -13.030 -2.000 -38.656 -11.255 -2.000
2 24 -38.655 -11.255 -2.500 -34.366 -9.681 -2.500
2 24 -38.656 -11.255 -2.000 -34.368 -9.682 -2.000
2 24 -16.622 -5.524 -2.000 -12.094 -5.031 -2.000
2 24 -12.094 -5.031 2.000 -7.533 -4.758 2.000
2 24 -90.500 -63.449 2.450 -90.500 -63.449 -2.450
2 24 6.136 -5.272 -2.500 10.650 -5.885 -2.500
2 24 10.650 -5.885 2.500 15.141 -6.719 2.500
2 24 -88.408 -96.611 2.000 -88.080 -96.355 2.000
2 24 -34.366 -9.681 -2.500 -30.013 -8.318 -2.500
2 24 -12.094 -5.031 -2.000 -7.533 -4.758 -2.000
2 24 -30.010 -8.318 2.000 -25.602 -7.171 2.000
2 24 -30.013 -8.318 -2.500 -25.601 -7.171 -2.500
2 24 -30.010 -8.318 -2.000 -25.602 -7.171 -2.000
2 24 -25.601 -7.171 2.500 -21.129 -6.238 2.500
2 24 -25.602 -7.171 2.000 -21.131 -6.238 2.000
2 24 -34.368 -9.682 -2.000 -30.010 -8.318 -2.000
2 24 -25.601 -7.171 -2.500 -21.129 -6.238 -2.500
2 24 -25.602 -7.171 -2.000 -21.131 -6.238 -2.000
2 24 -21.129 -6.238 2.500 -16.627 -5.524 2.500
2 24 -21.129 -6.238 -2.500 -16.627 -5.524 -2.500
2 24 -89.078 -97.636 2.000 -88.912 -97.260 2.000
2 24 -21.131 -6.238 2.000 -16.622 -5.524 2.000
2 24 -85.021 -100.287 2.000 -84.742 -99.985 2.000
2 24 -16.627 -5.524 -2.500 -12.091 -5.031 -2.500
2 24 -12.091 -5.031 -2.500 -7.531 -4.758 -2.500
2 24 -83.000 -78.449 2.450 -83.000 -78.449 -2.450
2 24 -7.533 -4.758 2.000 -2.970 -4.707 2.000
2 24 -2.970 -4.707 2.000 1.583 -4.879 2.000
2 24 -88.686 -96.912 2.000 -88.408 -96.611 2.000
2 24 -2.970 -4.707 -2.000 1.583 -4.879 -2.000
2 24 1.583 -4.879 -2.000 6.135 -5.272 -2.000
2 24 6.136 -5.272 2.500 10.650 -5.885 2.500
2 24 6.135 -5.272 2.000 10.655 -5.885 2.000
2 24 19.583 -7.770 2.000 23.964 -9.034 2.000
2 24 -84.214 -98.449 2.000 -84.250 -98.867 2.000
2 24 6.135 -5.272 -2.000 10.655 -5.885 -2.000
2 24 15.141 -6.719 -2.500 19.583 -7.769 -2.500
2 24 15.136 -6.718 -2.000 19.583 -7.770 -2.000
2 24 23.964 -9.034 2.000 28.278 -10.510 2.000
2 24 -88.082 -96.357 2.500 -87.717 -96.159 2.500
2 24 19.583 -7.769 -2.500 23.960 -9.033 -2.500
2 24 -89.178 -98.867 2.000 -89.078 -99.261 2.000
2 24 28.278 -10.510 2.000 32.524 -12.198 2.000
2 24 28.283 -10.512 2.500 32.522 -12.196 2.500
2 24 23.960 -9.033 -2.500 28.283 -10.512 -2.500
2 24 23.964 -9.034 -2.000 28.278 -10.510 -2.000
2 24 -88.080 -96.355 2.000 -87.719 -96.160 2.000
2 24 32.524 -12.198 2.000 36.673 -14.084 2.000
2 24 -15.336 -66.059 2.000 -14.293 -65.571 2.000
2 24 -22.660 -71.575 2.000 -21.863 -70.743 2.000
2 24 -23.415 -72.439 2.000 -22.660 -71.575 2.000
2 24 32.522 -12.196 2.500 36.671 -14.084 2.500
2 24 -16.353 -66.594 2.000 -15.336 -66.059 2.000
2 24 -17.348 -67.178 2.000 -16.353 -66.594 2.000
2 24 -21.863 -70.743 2.000 -21.026 -69.946 2.000
2 24 19.583 -7.770 -2.000 23.964 -9.034 -2.000
2 24 28.283 -10.512 -2.500 32.522 -12.196 -2.500
2 24 28.278 -10.510 -2.000 32.524 -12.198 -2.000
2 24 -85.711 -100.738 2.500 -85.346 -100.541 2.500
2 24 -83.000 -118.449 2.450 -83.000 -118.449 -2.450
2 24 -89.214 -98.449 2.000 -89.178 -98.867 2.000
2 24 32.522 -12.196 -2.500 36.671 -14.084 -2.500
2 24 -26.565 -77.250 2.000 -26.025 -76.232 2.000
2 24 -9.928 -64.111 2.000 -8.798 -63.873 2.000
2 24 -23.415 -72.439 -2.000 -22.660 -71.575 -2.000
2 24 -24.133 -73.342 -2.000 -23.415 -72.439 -2.000
2 24 32.524 -12.198 -2.000 36.673 -14.084 -2.000
2 24 -22.660 -71.575 -2.000 -21.863 -70.743 -2.000
2 24 -14.293 -65.571 2.000 -13.226 -65.130 2.000
2 24 -24.133 -73.342 2.000 -23.415 -72.439 2.000
2 24 -82.950 -133.449 2.500 -83.000 -133.449 2.450
2 24 -89.078 -99.261 2.000 -88.912 -99.638 2.000
2 24 -90.550 -63.449 2.500 -82.950 -63.449 2.500
2 24 -28.533 -82.656 2.000 -28.239 -81.538 2.000
2 24 -27.503 -79.360 -2.000 -27.059 -78.295 -2.000
2 24 -7.658 -63.687 2.000 -6.516 -63.555 2.000
2 24 -26.025 -76.232 -2.000 -25.442 -75.243 -2.000
2 24 -26.025 -76.232 2.000 -25.442 -75.243 2.000
2 24 -11.042 -64.399 2.000 -9.928 -64.111 2.000
2 24 -21.863 -70.743 -2.000 -21.026 -69.946 -2.000
2 24 40.733 -16.176 -2.500 44.679 -18.458 -2.500
2 24 -29.183 -87.213 2.000 -29.099 -86.060 2.000
2 24 -28.239 -81.538 -2.000 -27.896 -80.438 -2.000
2 24 -28.239 -81.538 2.000 -27.896 -80.438 2.000
2 24 -27.059 -78.295 -2.000 -26.565 -77.250 -2.000
2 24 44.679 -18.458 -2.500 48.512 -20.932 -2.500
2 24 -29.191 -89.515 2.000 -29.115 -90.664 2.000
2 24 2.614 -64.399 2.000 3.712 -64.739 2.000
2 24 44.683 -18.461 -2.000 48.512 -20.931 -2.000
2 24 0.369 -63.873 2.000 1.500 -64.111 2.000
2 24 -29.099 -86.060 -2.000 -28.963 -84.917 -2.000
2 24 -88.912 -99.638 2.000 -88.686 -99.985 2.000
2 24 -29.115 -90.664 2.000 -28.986 -91.812 2.000
2 24 40.728 -16.174 -2.000 44.683 -18.461 -2.000
2 24 -28.775 -83.784 -2.000 -28.533 -82.656 -2.000
2 24 23.960 -9.033 2.500 28.283 -10.512 2.500
2 24 48.512 -20.932 -2.500 52.226 -23.592 -2.500
2 24 -28.572 -94.077 2.000 -28.288 -95.188 2.000
2 24 5.865 -65.571 2.000 6.908 -66.059 2.000
2 24 48.512 -20.931 -2.000 52.221 -23.589 -2.000
2 24 19.583 -7.769 2.500 23.960 -9.033 2.500
2 24 -81.025 -152.199 2.500 -78.309 -155.884 2.500
2 24 -90.550 -78.449 2.500 -82.950 -78.449 2.500
2 24 3.712 -64.739 2.000 4.798 -65.130 2.000
2 24 -28.288 -95.188 2.000 -27.953 -96.286 2.000
2 24 -78.309 -155.884 2.500 -75.431 -159.418 2.500
2 24 6.908 -66.059 2.000 7.925 -66.594 2.000
2 24 -78.309 -155.884 -2.500 -75.431 -159.418 -2.500
2 24 55.801 -26.427 2.000 59.229 -29.427 2.000
2 24 -28.805 -92.952 2.000 -28.572 -94.077 2.000
2 24 55.796 -26.422 -2.500 59.231 -29.429 -2.500
2 24 -88.687 -99.983 2.500 -88.406 -100.288 2.500
2 24 -75.431 -159.418 2.500 -72.389 -162.801 2.500
2 24 9.889 -67.807 2.000 10.825 -68.478 2.000
2 24 -75.431 -159.418 -2.500 -72.389 -162.801 -2.500
2 24 59.229 -29.427 2.000 62.514 -32.598 2.000
2 24 52.221 -23.589 -2.000 55.801 -26.427 -2.000
2 24 -25.442 -75.243 2.000 -24.810 -74.279 2.000
2 24 -12.140 -64.739 2.000 -11.042 -64.399 2.000
2 24 59.231 -29.429 -2.500 62.517 -32.601 -2.500
2 24 -86.922 -100.940 2.000 -86.506 -100.940 2.000
2 24 59.229 -29.427 -2.000 62.514 -32.598 -2.000
2 24 -86.919 -100.940 2.500 -86.509 -100.940 2.500
2 24 -72.389 -162.801 2.500 -69.176 -166.042 2.500
2 24 12.598 -69.946 2.000 13.435 -70.743 2.000
2 24 55.801 -26.427 -2.000 59.229 -29.427 -2.000
2 24 -87.717 -96.159 2.500 -87.329 -96.026 2.500
2 24 -27.896 -80.438 2.000 -27.503 -79.360 2.000
2 24 62.517 -32.601 -2.500 65.637 -35.920 -2.500
2 24 -88.406 -100.288 2.500 -88.082 -100.541 2.500
2 24 -85.348 -96.355 2.000 -85.021 -96.611 2.000
2 24 -86.509 -95.957 2.500 -86.099 -96.026 2.500
2 24 -86.506 -95.958 2.000 -86.102 -96.025 2.000
2 24 16.382 -74.279 2.000 17.014 -75.243 2.000
2 24 -85.709 -100.737 2.000 -85.348 -100.542 2.000
2 24 62.514 -32.598 -2.000 65.642 -35.926 -2.000
2 24 -85.346 -96.357 2.500 -85.022 -96.609 2.500
2 24 -69.176 -166.042 -2.500 -65.807 -169.127 -2.500
2 24 65.642 -35.926 2.000 68.596 -39.392 2.000
2 24 17.014 -75.243 2.000 17.597 -76.232 2.000
2 24 65.637 -35.920 -2.500 68.599 -39.396 -2.500
2 24 -86.102 -96.025 2.000 -85.709 -96.160 2.000
2 24 18.631 -78.295 2.000 19.075 -79.360 2.000
2 24 65.642 -35.926 -2.000 68.596 -39.392 -2.000
2 24 -86.099 -96.026 2.500 -85.711 -96.159 2.500
2 24 -85.709 -96.160 2.000 -85.348 -96.355 2.000
2 24 17.014 -75.243 -2.000 17.597 -76.232 -2.000
2 24 -18.317 -67.807 2.000 -17.348 -67.178 2.000
2 24 -19.253 -68.478 2.000 -18.317 -67.807 2.000
2 24 -20.154 -69.190 2.000 -19.253 -68.478 2.000
2 24 -21.026 -69.946 2.000 -20.154 -69.190 2.000
2 24 -90.500 -133.449 2.450 -90.500 -133.449 -2.450
2 24 68.596 -39.392 2.000 71.385 -43.008 2.000
2 24 -87.717 -100.738 2.500 -87.329 -100.872 2.500
2 24 19.075 -79.360 2.000 19.468 -80.438 2.000
2 24 -0.770 -63.687 2.000 0.369 -63.873 2.000
2 24 -28.963 -84.917 -2.000 -28.775 -83.784 -2.000
2 24 68.599 -39.396 -2.500 71.388 -43.011 -2.500
2 24 20.347 -83.784 2.000 20.535 -84.917 2.000
2 24 68.596 -39.392 -2.000 71.385 -43.008 -2.000
2 24 19.075 -79.360 -2.000 19.468 -80.438 -2.000
2 24 -62.301 -172.035 2.500 -58.649 -174.776 2.500
2 24 -87.719 -100.737 2.000 -87.326 -100.872 2.000
2 24 19.468 -80.438 2.000 19.811 -81.538 2.000
2 24 18.137 -77.250 -2.000 18.631 -78.295 -2.000
2 24 20.671 -86.060 2.000 20.755 -87.213 2.000
2 24 20.687 -90.664 2.000 20.763 -89.515 2.000
2 24 19.811 -81.538 -2.000 20.105 -82.656 -2.000
2 24 -85.711 -96.159 2.500 -85.346 -96.357 2.500
2 24 18.137 -77.250 2.000 18.631 -78.295 2.000
2 24 71.388 -43.011 -2.500 73.992 -46.749 -2.500
2 24 20.687 -90.664 -2.000 20.763 -89.515 -2.000
2 24 20.671 -86.060 -2.000 20.755 -87.213 -2.000
2 24 -90.550 -118.449 -2.500 -82.950 -118.449 -2.500
2 24 -58.649 -174.776 2.500 -54.868 -177.336 2.500
2 24 20.755 -87.213 2.000 20.786 -88.367 2.000
2 24 20.377 -92.952 2.000 20.558 -91.812 2.000
2 24 20.558 -91.812 2.000 20.687 -90.664 2.000
2 24 20.105 -82.656 -2.000 20.347 -83.784 -2.000
2 24 -58.649 -174.776 -2.500 -54.868 -177.336 -2.500
2 24 73.996 -46.755 2.000 76.414 -50.615 2.000
2 24 18.699 -98.449 -2.000 19.138 -97.373 -2.000
2 24 19.138 -97.373 -2.000 19.525 -96.286 -2.000
2 24 19.525 -96.286 -2.000 19.860 -95.188 -2.000
2 24 20.105 -82.656 2.000 20.347 -83.784 2.000
2 24 73.992 -46.749 -2.500 76.417 -50.620 -2.500
2 24 -90.550 -133.449 2.500 -82.950 -133.449 2.500
2 24 73.996 -46.755 -2.000 76.414 -50.615 -2.000
2 24 -54.868 -177.336 2.500 -50.976 -179.704 2.500
2 24 -50.976 -179.704 2.500 -46.962 -181.884 2.500
2 24 76.414 -50.615 2.000 78.648 -54.599 2.000
2 24 71.385 -43.008 -2.000 73.996 -46.755 -2.000
2 24 18.699 -98.449 2.000 18.699 -98.449 -2.000
2 24 -78.309 -155.884 2.000 -75.430 -159.419 2.000
2 24 -86.506 -100.940 2.000 -86.102 -100.872 2.000
2 24 -27.953 -96.286 2.000 -27.566 -97.373 2.000
2 24 76.417 -50.620 -2.500 78.649 -54.600 -2.500
2 24 76.414 -50.615 -2.000 78.648 -54.599 -2.000
2 24 -28.963 -84.917 2.000 -28.775 -83.784 2.000
2 24 -3.059 -63.476 2.000 -1.912 -63.555 2.000
2 24 -50.976 -179.704 2.000 -46.964 -181.883 2.000
2 24 -46.962 -181.884 2.500 -42.851 -183.867 2.500
2 24 59.231 -29.429 2.500 62.517 -32.601 2.500
2 24 -86.922 -95.958 2.000 -86.506 -95.958 2.000
2 24 80.682 -58.679 -2.500 82.518 -62.862 -2.500
2 24 80.685 -58.684 -2.000 82.516 -62.855 -2.000
2 24 1.500 -64.111 2.000 2.614 -64.399 2.000
2 24 -42.851 -183.867 2.500 -38.655 -185.643 2.500
2 24 -38.655 -185.643 2.500 -34.366 -187.217 2.500
2 24 -38.656 -185.643 2.000 -34.368 -187.216 2.000
2 24 82.518 -62.862 -2.500 84.147 -67.121 -2.500
2 24 82.516 -62.855 -2.000 84.147 -67.123 -2.000
2 24 -34.366 -187.217 2.500 -30.013 -188.579 2.500
2 24 84.147 -67.121 -2.500 85.565 -71.455 -2.500
2 24 -34.368 -187.216 2.000 -30.010 -188.580 2.000
2 24 -30.013 -188.579 2.500 -25.601 -189.726 2.500
2 24 -30.010 -188.580 2.000 -25.602 -189.726 2.000
2 24 -65.806 -169.126 2.000 -62.300 -172.036 2.000
2 24 -87.329 -100.872 2.500 -86.919 -100.940 2.500
2 24 17.597 -76.232 2.000 18.137 -77.250 2.000
2 24 85.565 -71.455 -2.500 86.774 -75.861 -2.500
2 24 86.774 -75.861 2.500 87.764 -80.309 2.500
2 24 85.567 -71.460 -2.000 86.772 -75.854 -2.000
2 24 -86.509 -100.940 2.500 -86.099 -100.872 2.500
2 24 -25.601 -189.726 2.500 -21.129 -190.660 2.500
2 24 -25.602 -189.726 2.000 -21.131 -190.659 2.000
2 24 84.147 -67.123 -2.000 85.567 -71.460 -2.000
2 24 -65.807 -169.127 -2.500 -62.301 -172.035 -2.500
2 24 68.599 -39.396 2.500 71.388 -43.011 2.500
2 24 -88.080 -100.542 2.000 -87.719 -100.737 2.000
2 24 86.774 -75.861 -2.500 87.764 -80.309 -2.500
2 24 87.764 -80.309 2.500 88.537 -84.807 2.500
2 24 86.772 -75.854 -2.000 87.764 -80.314 -2.000
2 24 -21.131 -190.659 2.000 -16.622 -191.374 2.000
2 24 87.764 -80.309 -2.500 88.537 -84.807 -2.500
2 24 88.537 -84.807 2.500 89.092 -89.341 2.500
2 24 -75.430 -159.419 2.000 -72.388 -162.802 2.000
2 24 20.535 -84.917 -2.000 20.671 -86.060 -2.000
2 24 88.537 -84.807 -2.500 89.092 -89.341 -2.500
2 24 89.091 -89.333 2.000 89.424 -93.890 2.000
2 24 88.538 -84.809 -2.000 89.091 -89.333 -2.000
2 24 89.092 -89.341 2.500 89.425 -93.884 2.500
2 24 87.764 -80.314 -2.000 88.538 -84.809 -2.000
2 24 -54.867 -177.336 2.000 -50.976 -179.704 2.000
2 24 89.092 -89.341 -2.500 89.425 -93.884 -2.500
2 24 89.425 -93.884 2.500 89.535 -98.449 2.500
2 24 89.424 -93.890 2.000 89.536 -98.449 2.000
2 24 89.425 -103.014 2.500 89.535 -98.449 2.500
2 24 -54.868 -177.336 -2.500 -50.976 -179.704 -2.500
2 24 76.417 -50.620 2.500 78.649 -54.600 2.500
2 24 -54.867 -177.336 -2.000 -50.976 -179.704 -2.000
2 24 89.425 -93.884 -2.500 89.535 -98.449 -2.500
2 24 89.424 -93.890 -2.000 89.536 -98.449 -2.000
2 24 -72.388 -162.802 -2.000 -69.177 -166.041 -2.000
2 24 62.517 -32.601 2.500 65.637 -35.920 2.500
2 24 -27.127 -98.449 -2.000 18.699 -98.449 -2.000
2 24 89.425 -103.014 -2.500 89.535 -98.449 -2.500
2 24 89.091 -107.564 2.000 89.424 -103.007 2.000
2 24 89.424 -103.007 -2.000 89.536 -98.449 -2.000
2 24 89.092 -107.557 2.500 89.425 -103.014 2.500
2 24 89.091 -89.333 -2.000 89.424 -93.890 -2.000
2 24 85.567 -125.438 -2.000 86.772 -121.044 -2.000
2 24 15.141 -190.178 -2.500 19.583 -189.128 -2.500
2 24 89.092 -107.557 -2.500 89.425 -103.014 -2.500
2 24 89.091 -107.564 -2.000 89.424 -103.007 -2.000
2 24 88.538 -112.088 2.000 89.091 -107.564 2.000
2 24 82.518 -134.036 2.500 84.147 -129.777 2.500
2 24 82.516 -134.042 2.000 84.147 -129.775 2.000
2 24 23.964 -187.864 2.000 28.278 -186.387 2.000
2 24 -2.970 -192.190 -2.000 1.583 -192.019 -2.000
2 24 1.583 -192.019 2.000 6.135 -191.625 2.000
2 24 88.537 -112.091 -2.500 89.092 -107.557 -2.500
2 24 84.147 -129.775 -2.000 85.567 -125.438 -2.000
2 24 28.283 -186.386 2.500 32.522 -184.701 2.500
2 24 19.583 -189.128 -2.500 23.960 -187.865 -2.500
2 24 88.538 -112.088 -2.000 89.091 -107.564 -2.000
2 24 87.764 -116.584 2.000 88.538 -112.088 2.000
2 24 1.586 -192.018 -2.500 6.136 -191.625 -2.500
2 24 1.583 -192.019 -2.000 6.135 -191.625 -2.000
2 24 6.135 -191.625 2.000 10.655 -191.012 2.000
2 24 87.764 -116.589 2.500 88.537 -112.091 2.500
2 24 6.136 -191.625 2.500 10.650 -191.013 2.500
2 24 88.537 -112.091 2.500 89.092 -107.557 2.500
2 24 87.764 -116.589 -2.500 88.537 -112.091 -2.500
2 24 87.764 -116.584 -2.000 88.538 -112.088 -2.000
2 24 28.278 -186.387 2.000 32.524 -184.700 2.000
2 24 80.682 -138.219 2.500 82.518 -134.036 2.500
2 24 80.685 -138.213 2.000 82.516 -134.042 2.000
2 24 6.136 -191.625 -2.500 10.650 -191.013 -2.500
2 24 6.135 -191.625 -2.000 10.655 -191.012 -2.000
2 24 86.774 -121.036 2.500 87.764 -116.589 2.500
2 24 86.774 -121.036 -2.500 87.764 -116.589 -2.500
2 24 82.516 -134.042 -2.000 84.147 -129.775 -2.000
2 24 23.960 -187.865 -2.500 28.283 -186.386 -2.500
2 24 32.522 -184.701 2.500 36.671 -182.813 2.500
2 24 23.964 -187.864 -2.000 28.278 -186.387 -2.000
2 24 86.772 -121.044 -2.000 87.764 -116.584 -2.000
2 24 10.650 -191.013 -2.500 15.141 -190.178 -2.500
2 24 85.567 -125.438 2.000 86.772 -121.044 2.000
2 24 86.772 -121.044 2.000 87.764 -116.584 2.000
2 24 19.811 -81.538 2.000 20.105 -82.656 2.000
2 24 18.631 -78.295 -2.000 19.075 -79.360 -2.000
2 24 85.565 -125.442 -2.500 86.774 -121.036 -2.500
2 24 23.960 -187.865 2.500 28.283 -186.386 2.500
2 24 82.518 -134.036 -2.500 84.147 -129.777 -2.500
2 24 32.524 -184.700 2.000 36.673 -182.813 2.000
2 24 78.649 -142.298 2.500 80.682 -138.219 2.500
2 24 -62.301 -172.035 -2.500 -58.649 -174.776 -2.500
2 24 71.385 -43.008 2.000 73.996 -46.755 2.000
2 24 84.147 -129.777 -2.500 85.565 -125.442 -2.500
2 24 78.648 -142.299 2.000 80.685 -138.213 2.000
2 24 18.699 -98.449 2.000 19.138 -97.373 2.000
2 24 19.138 -97.373 2.000 19.525 -96.286 2.000
2 24 19.525 -96.286 2.000 19.860 -95.188 2.000
2 24 20.347 -83.784 -2.000 20.535 -84.917 -2.000
2 24 28.278 -186.387 -2.000 32.524 -184.700 -2.000
2 24 36.671 -182.813 2.500 40.733 -180.721 2.500
2 24 20.377 -92.952 -2.000 20.558 -91.812 -2.000
2 24 20.558 -91.812 -2.000 20.687 -90.664 -2.000
2 24 20.755 -87.213 -2.000 20.786 -88.367 -2.000
2 24 80.682 -138.219 -2.500 82.518 -134.036 -2.500
2 24 40.733 -180.721 2.500 44.679 -178.439 2.500
2 24 80.685 -138.213 -2.000 82.516 -134.042 -2.000
2 24 28.283 -186.386 -2.500 32.522 -184.701 -2.500
2 24 76.414 -146.283 2.000 78.648 -142.299 2.000
2 24 40.728 -180.724 2.000 44.683 -178.436 2.000
2 24 73.992 -150.149 2.500 76.417 -146.278 2.500
2 24 78.649 -142.298 -2.500 80.682 -138.219 -2.500
2 24 44.679 -178.439 2.500 48.512 -175.966 2.500
2 24 44.683 -178.436 2.000 48.512 -175.967 2.000
2 24 71.388 -153.887 2.500 73.992 -150.149 2.500
2 24 78.648 -142.299 -2.000 80.685 -138.213 -2.000
2 24 32.522 -184.701 -2.500 36.671 -182.813 -2.500
2 24 73.996 -150.142 2.000 76.414 -146.283 2.000
2 24 48.512 -175.966 2.500 52.226 -173.305 2.500
2 24 71.385 -153.889 2.000 73.996 -150.142 2.000
2 24 36.673 -182.813 -2.000 40.728 -180.724 -2.000
2 24 68.599 -157.501 2.500 71.388 -153.887 2.500
2 24 36.673 -182.813 2.000 40.728 -180.724 2.000
2 24 76.417 -146.278 2.500 78.649 -142.298 2.500
2 24 76.417 -146.278 -2.500 78.649 -142.298 -2.500
2 24 52.226 -173.305 2.500 55.796 -170.475 2.500
2 24 55.796 -170.475 2.500 59.231 -167.468 2.500
2 24 52.221 -173.308 2.000 55.801 -170.470 2.000
2 24 62.517 -164.297 2.500 65.637 -160.978 2.500
2 24 65.637 -160.978 2.500 68.599 -157.501 2.500
2 24 68.596 -157.505 2.000 71.385 -153.889 2.000
2 24 76.414 -146.283 -2.000 78.648 -142.299 -2.000
2 24 36.671 -182.813 -2.500 40.733 -180.721 -2.500
2 24 48.512 -175.967 2.000 52.221 -173.308 2.000
2 24 40.728 -180.724 -2.000 44.683 -178.436 -2.000
2 24 59.231 -167.468 2.500 62.517 -164.297 2.500
2 24 55.801 -170.470 2.000 59.229 -167.470 2.000
2 24 62.514 -164.300 2.000 65.642 -160.972 2.000
2 24 65.642 -160.972 2.000 68.596 -157.505 2.000
2 24 73.996 -150.142 -2.000 76.414 -146.283 -2.000
2 24 40.733 -180.721 -2.500 44.679 -178.439 -2.500
2 24 59.229 -167.470 2.000 62.514 -164.300 2.000
2 24 73.992 -150.149 -2.500 76.417 -146.278 -2.500
2 24 44.683 -178.436 -2.000 48.512 -175.967 -2.000
2 24 71.385 -153.889 -2.000 73.996 -150.142 -2.000
2 24 44.679 -178.439 -2.500 48.512 -175.966 -2.500
2 24 71.388 -153.887 -2.500 73.992 -150.149 -2.500
2 24 68.599 -157.501 -2.500 71.388 -153.887 -2.500
2 24 68.596 -157.505 -2.000 71.385 -153.889 -2.000
2 24 48.512 -175.966 -2.500 52.226 -173.305 -2.500
2 24 52.221 -173.308 -2.000 55.801 -170.470 -2.000
2 24 48.512 -175.967 -2.000 52.221 -173.308 -2.000
2 24 65.637 -160.978 -2.500 68.599 -157.501 -2.500
2 24 62.517 -164.297 -2.500 65.637 -160.978 -2.500
2 24 62.514 -164.300 -2.000 65.642 -160.972 -2.000
2 24 55.796 -170.475 -2.500 59.231 -167.468 -2.500
2 24 59.229 -167.470 -2.000 62.514 -164.300 -2.000
2 24 52.226 -173.305 -2.500 55.796 -170.475 -2.500
2 24 55.801 -170.470 -2.000 59.229 -167.470 -2.000
2 24 65.642 -160.972 -2.000 68.596 -157.505 -2.000
2 24 59.231 -167.468 -2.500 62.517 -164.297 -2.500
2 24 15.136 -190.179 -2.000 19.583 -189.128 -2.000
2 24 84.147 -129.775 2.000 85.567 -125.438 2.000
2 24 15.141 -190.178 2.500 19.583 -189.128 2.500
2 24 32.524 -184.700 -2.000 36.673 -182.813 -2.000
2 24 -2.970 -192.190 2.000 1.583 -192.019 2.000
2 24 19.583 -189.128 -2.000 23.964 -187.864 -2.000
2 24 10.655 -191.012 -2.000 15.136 -190.179 -2.000
2 24 85.565 -125.442 2.500 86.774 -121.036 2.500
2 24 19.583 -189.128 2.000 23.964 -187.864 2.000
2 24 89.424 -103.007 2.000 89.536 -98.449 2.000
2 24 10.655 -191.012 2.000 15.136 -190.179 2.000
2 24 -7.533 -192.139 -2.000 -2.970 -192.190 -2.000
2 24 -12.091 -191.867 -2.500 -7.531 -192.140 -2.500
2 24 -7.533 -192.139 2.000 -2.970 -192.190 2.000
2 24 -12.094 -191.867 -2.000 -7.533 -192.139 -2.000
2 24 -25.601 -189.726 -2.500 -21.129 -190.660 -2.500
2 24 -21.129 -190.660 2.500 -16.627 -191.373 2.500
2 24 -16.627 -191.373 -2.500 -12.091 -191.867 -2.500
2 24 -12.091 -191.867 2.500 -7.531 -192.140 2.500
2 24 -16.622 -191.374 -2.000 -12.094 -191.867 -2.000
2 24 -30.013 -188.579 -2.500 -25.601 -189.726 -2.500
2 24 -21.129 -190.660 -2.500 -16.627 -191.373 -2.500
2 24 -16.627 -191.373 2.500 -12.091 -191.867 2.500
2 24 -21.131 -190.659 -2.000 -16.622 -191.374 -2.000
2 24 88.538 -84.809 2.000 89.091 -89.333 2.000
2 24 -25.602 -189.726 -2.000 -21.131 -190.659 -2.000
2 24 87.764 -80.314 2.000 88.538 -84.809 2.000
2 24 -30.010 -188.580 -2.000 -25.602 -189.726 -2.000
2 24 86.772 -75.854 2.000 87.764 -80.314 2.000
2 24 -12.094 -191.867 2.000 -7.533 -192.139 2.000
2 24 -34.366 -187.217 -2.500 -30.013 -188.579 -2.500
2 24 85.567 -71.460 2.000 86.772 -75.854 2.000
2 24 -34.368 -187.216 -2.000 -30.010 -188.580 -2.000
2 24 85.565 -71.455 2.500 86.774 -75.861 2.500
2 24 -38.655 -185.643 -2.500 -34.366 -187.217 -2.500
2 24 -16.622 -191.374 2.000 -12.094 -191.867 2.000
2 24 -38.656 -185.643 -2.000 -34.368 -187.216 -2.000
2 24 84.147 -67.123 2.000 85.567 -71.460 2.000
2 24 -42.851 -183.867 -2.500 -38.655 -185.643 -2.500
2 24 82.516 -62.855 2.000 84.147 -67.123 2.000
2 24 -42.850 -183.867 -2.000 -38.656 -185.643 -2.000
2 24 82.518 -62.862 2.500 84.147 -67.121 2.500
2 24 -46.962 -181.884 -2.500 -42.851 -183.867 -2.500
2 24 80.685 -58.684 2.000 82.516 -62.855 2.000
2 24 84.147 -67.121 2.500 85.565 -71.455 2.500
2 24 -46.964 -181.883 -2.000 -42.850 -183.867 -2.000
2 24 80.682 -58.679 2.500 82.518 -62.862 2.500
2 24 -50.976 -179.704 -2.000 -46.964 -181.883 -2.000
2 24 78.649 -54.600 2.500 80.682 -58.679 2.500
2 24 -58.650 -174.775 -2.000 -54.867 -177.336 -2.000
2 24 20.144 -94.077 -2.000 20.377 -92.952 -2.000
2 24 20.786 -88.367 -2.000 20.763 -89.515 -2.000
2 24 73.992 -46.749 2.500 76.417 -50.620 2.500
2 24 19.860 -95.188 -2.000 20.144 -94.077 -2.000
2 24 -62.300 -172.036 2.000 -58.650 -174.775 2.000
2 24 -62.300 -172.036 -2.000 -58.650 -174.775 -2.000
2 24 71.388 -43.011 2.500 73.992 -46.749 2.500
2 24 20.535 -84.917 2.000 20.671 -86.060 2.000
2 24 -65.806 -169.126 -2.000 -62.300 -172.036 -2.000
2 24 -88.082 -100.541 2.500 -87.717 -100.738 2.500
2 24 17.597 -76.232 -2.000 18.137 -77.250 -2.000
2 24 -69.177 -166.041 -2.000 -65.806 -169.126 -2.000
2 24 65.637 -35.920 2.500 68.599 -39.396 2.500
2 24 -87.326 -100.872 2.000 -86.922 -100.940 2.000
2 24 14.232 -71.575 2.000 14.987 -72.439 2.000
2 24 -72.388 -162.802 2.000 -69.177 -166.041 2.000
2 24 -27.127 -98.449 2.000 18.699 -98.449 2.000
2 24 -78.309 -155.884 -2.000 -75.430 -159.419 -2.000
2 24 55.796 -26.422 2.500 59.231 -29.429 2.500
2 24 10.825 -68.478 2.000 11.726 -69.190 2.000
2 24 8.920 -67.178 2.000 9.889 -67.807 2.000
2 24 -90.500 -63.449 -2.450 -90.550 -78.449 -2.500
2 24 -90.500 -118.449 -2.450 -90.500 -133.449 -2.450
2 24 -65.807 -27.771 2.500 -62.301 -24.862 2.500
2 24 -69.177 -30.856 2.000 -65.806 -27.771 2.000
2 24 -72.388 -34.096 2.000 -69.177 -30.856 2.000
2 24 -78.309 -41.014 2.500 -75.431 -37.480 2.500
2 24 -75.430 -37.479 2.000 -72.388 -34.096 2.000
2 24 -90.550 -63.449 -2.500 -82.950 -63.449 -2.500
2 24 -1.912 -63.555 2.000 -0.770 -63.687 2.000
2 24 -69.176 -30.855 2.500 -65.807 -27.771 2.500
2 24 -72.389 -34.096 2.500 -69.176 -30.855 2.500
2 24 -75.431 -37.480 2.500 -72.389 -34.096 2.500
2 24 -34.368 -9.682 2.000 -30.010 -8.318 2.000
2 24 -90.500 -118.449 2.450 -90.500 -118.449 -2.450
2 24 -58.650 -174.775 2.000 -54.867 -177.336 2.000
2 24 20.786 -88.367 2.000 20.763 -89.515 2.000
2 24 20.144 -94.077 2.000 20.377 -92.952 2.000
2 24 -29.183 -87.213 2.000 -29.214 -88.367 2.000
2 24 -88.408 -100.287 2.000 -88.080 -100.542 2.000
2 24 -27.566 -97.373 2.000 -27.127 -98.449 2.000
2 24 -46.964 -181.883 2.000 -42.850 -183.867 2.000
2 24 -90.550 -118.449 2.500 -82.950 -118.449 2.500
2 24 19.583 -189.128 2.500 23.960 -187.865 2.500
2 24 84.147 -129.777 2.500 85.565 -125.442 2.500
2 24 13.435 -70.743 2.000 14.232 -71.575 2.000
2 24 -42.850 -183.867 2.000 -38.656 -185.643 2.000
2 24 -29.183 -87.213 -2.000 -29.099 -86.060 -2.000
2 24 19.468 -80.438 -2.000 19.811 -81.538 -2.000
2 24 -84.516 -97.260 2.000 -84.350 -97.636 2.000
2 24 -87.719 -96.160 2.000 -87.326 -96.025 2.000
2 24 -6.516 -63.555 2.000 -5.369 -63.476 2.000
2 24 -26.565 -77.250 -2.000 -26.025 -76.232 -2.000
2 24 -85.022 -96.609 2.500 -84.741 -96.914 2.500
2 24 15.136 -6.718 2.000 19.583 -7.770 2.000
2 24 10.655 -5.885 2.000 15.136 -6.718 2.000
2 24 -30.013 -8.318 2.500 -25.601 -7.171 2.500
2 24 -34.366 -9.681 2.500 -30.013 -8.318 2.500
2 24 -81.025 -44.699 2.500 -81.025 -152.199 2.500
2 24 -81.025 -152.199 2.000 -78.309 -155.884 2.000
2 24 -28.986 -91.812 2.000 -28.805 -92.952 2.000
2 24 19.860 -95.188 2.000 20.144 -94.077 2.000
2 24 10.650 -191.013 2.500 15.141 -190.178 2.500
2 24 15.136 -190.179 2.000 19.583 -189.128 2.000
2 24 -27.503 -79.360 2.000 -27.059 -78.295 2.000
2 24 -25.442 -75.243 -2.000 -24.810 -74.279 -2.000
2 24 -83.000 -133.449 2.450 -83.000 -133.449 -2.450
2 24 15.141 -6.719 2.500 19.583 -7.769 2.500
2 24 -84.516 -99.638 2.000 -84.350 -99.261 2.000
2 24 -16.627 -5.524 2.500 -12.091 -5.031 2.500
2 24 -86.099 -100.872 2.500 -85.711 -100.738 2.500
2 24 -86.102 -100.872 2.000 -85.709 -100.737 2.000
2 24 -28.533 -82.656 -2.000 -28.239 -81.538 -2.000
2 24 -83.000 -63.449 2.450 -83.000 -63.449 -2.450
2 24 -29.099 -86.060 2.000 -28.963 -84.917 2.000
2 24 -24.810 -74.279 2.000 -24.133 -73.342 2.000
2 24 -13.226 -65.130 2.000 -12.140 -64.739 2.000
2 24 -19.253 -68.478 -2.000 -18.317 -67.807 -2.000
2 24 -20.154 -69.190 -2.000 -19.253 -68.478 -2.000
2 24 -21.026 -69.946 -2.000 -20.154 -69.190 -2.000
2 24 -29.214 -88.367 2.000 -29.191 -89.515 2.000
