0 Duplo Ball Tube Straight
0 Name:  31452.dat
0 Author:
0 BFC CERTIFY CCW
3 16 -68.165 -13.500 -12.668 -67.782 -13.500 -12.989 -68.165 -13.500 -12.989 -0.507 -5.407 -0.520 -5.391 -0.520 -5.407
3 16 -68.165 -13.500 -12.668 -67.782 -13.500 -12.668 -67.782 -13.500 -12.989 -0.507 -5.407 -0.507 -5.391 -0.520 -5.391
3 16 -68.165 -13.000 -12.668 -68.165 -13.500 -12.989 -68.165 -13.000 -12.989 0.013 10.304 0.000 10.324 0.000 10.304
3 16 -68.165 -13.000 -12.668 -68.165 -13.500 -12.668 -68.165 -13.500 -12.989 0.013 10.304 0.013 10.324 0.000 10.324
3 16 -68.165 -13.000 -12.989 -67.782 -13.500 -12.989 -67.782 -13.000 -12.989 0.015 10.304 0.000 10.324 0.000 10.304
3 16 -68.165 -13.000 -12.989 -68.165 -13.500 -12.989 -67.782 -13.500 -12.989 0.015 10.304 0.015 10.324 0.000 10.324
3 16 -67.782 -13.000 -12.668 -68.165 -13.500 -12.668 -68.165 -13.000 -12.668 0.015 10.304 0.000 10.324 0.000 10.304
3 16 -67.782 -13.000 -12.668 -67.782 -13.500 -12.668 -68.165 -13.500 -12.668 0.015 10.304 0.015 10.324 0.000 10.324
3 16 -67.782 -13.000 -12.989 -67.782 -13.500 -12.668 -67.782 -13.000 -12.668 0.013 10.304 0.000 10.324 0.000 10.304
3 16 -67.782 -13.000 -12.989 -67.782 -13.500 -12.989 -67.782 -13.500 -12.668 0.013 10.304 0.013 10.324 0.000 10.324
3 16 -68.110 -13.500 14.057 -67.537 -13.500 14.291 -67.537 -13.500 14.046 0.562 -5.404 0.572 -5.381 0.562 -5.381
3 16 -68.110 -13.500 14.057 -68.133 -13.500 14.268 -67.537 -13.500 14.291 0.562 -5.404 0.571 -5.405 0.572 -5.381
3 16 -68.110 -13.500 14.057 -69.291 -13.500 14.268 -68.133 -13.500 14.268 0.562 -5.404 0.571 -5.452 0.571 -5.405
3 16 -68.110 -13.500 14.057 -69.665 -13.500 14.057 -69.291 -13.500 14.268 0.562 -5.404 0.562 -5.467 0.571 -5.452
3 16 -69.665 -13.500 14.057 -70.250 -13.500 14.092 -69.291 -13.500 14.268 0.562 -5.467 0.564 -5.490 0.571 -5.452
3 16 -69.665 -13.500 14.057 -70.110 -13.500 13.812 -70.250 -13.500 14.092 0.562 -5.467 0.552 -5.484 0.564 -5.490
3 16 -69.388 -13.500 14.439 -69.291 -13.500 14.268 -70.250 -13.500 14.092 0.578 -5.456 0.571 -5.452 0.564 -5.490
3 16 -69.388 -13.500 14.439 -68.882 -13.500 14.502 -69.291 -13.500 14.268 0.578 -5.456 0.580 -5.435 0.571 -5.452
3 16 -69.388 -13.500 14.439 -68.927 -13.500 14.538 -68.882 -13.500 14.502 0.578 -5.456 0.582 -5.437 0.580 -5.435
3 16 -69.388 -13.500 14.439 -68.969 -13.500 14.578 -68.927 -13.500 14.538 0.578 -5.456 0.583 -5.439 0.582 -5.437
3 16 -69.388 -13.500 14.439 -69.009 -13.500 14.620 -68.969 -13.500 14.578 0.578 -5.456 0.585 -5.440 0.583 -5.439
3 16 -69.388 -13.500 14.439 -69.045 -13.500 14.666 -69.009 -13.500 14.620 0.578 -5.456 0.587 -5.442 0.585 -5.440
3 16 -70.250 -13.000 14.092 -70.110 -13.500 13.812 -70.110 -13.000 13.812 0.000 10.304 -0.013 10.324 -0.013 10.304
3 16 -70.250 -13.000 14.092 -70.250 -13.500 14.092 -70.110 -13.500 13.812 0.000 10.304 0.000 10.324 -0.013 10.324
3 16 -70.110 -13.000 13.812 -69.665 -13.500 14.057 -69.665 -13.000 14.057 0.000 10.304 -0.020 10.324 -0.020 10.304
3 16 -70.110 -13.000 13.812 -70.110 -13.500 13.812 -69.665 -13.500 14.057 0.000 10.304 0.000 10.324 -0.020 10.324
3 16 -69.665 -13.000 14.057 -68.110 -13.500 14.057 -68.110 -13.000 14.057 0.062 10.304 0.000 10.324 0.000 10.304
3 16 -69.665 -13.000 14.057 -69.665 -13.500 14.057 -68.110 -13.500 14.057 0.062 10.304 0.062 10.324 0.000 10.324
3 16 -68.110 -13.000 14.057 -67.537 -13.500 14.046 -67.537 -13.000 14.046 0.000 10.304 -0.023 10.324 -0.023 10.304
3 16 -68.110 -13.000 14.057 -68.110 -13.500 14.057 -67.537 -13.500 14.046 0.000 10.304 0.000 10.324 -0.023 10.324
3 16 -67.537 -13.000 14.046 -67.537 -13.500 14.291 -67.537 -13.000 14.291 0.010 10.304 0.000 10.324 0.000 10.304
3 16 -67.537 -13.000 14.046 -67.537 -13.500 14.046 -67.537 -13.500 14.291 0.010 10.304 0.010 10.324 0.000 10.324
3 16 -69.904 -13.000 14.196 -70.250 -13.500 14.092 -70.250 -13.000 14.092 -0.045 10.304 -0.060 10.324 -0.060 10.304
3 16 -69.904 -13.000 14.196 -69.388 -13.500 14.439 -70.250 -13.500 14.092 -0.045 10.304 -0.021 10.324 -0.060 10.324
3 16 -69.904 -13.000 14.196 -69.566 -13.000 14.344 -69.388 -13.500 14.439 -0.045 10.304 -0.030 10.304 -0.021 10.324
3 16 -69.566 -13.000 14.344 -69.474 -13.000 14.392 -69.388 -13.500 14.439 -0.030 10.304 -0.026 10.304 -0.021 10.324
3 16 -69.388 -13.000 14.439 -69.388 -13.500 14.439 -69.474 -13.000 14.392 -0.021 10.304 -0.021 10.324 -0.026 10.304
3 16 -69.388 -13.000 14.439 -69.198 -13.000 14.555 -69.388 -13.500 14.439 -0.021 10.304 -0.011 10.304 -0.021 10.324
3 16 -69.198 -13.000 14.555 -69.045 -13.500 14.666 -69.388 -13.500 14.439 -0.011 10.304 0.000 10.324 -0.021 10.324
3 16 -69.198 -13.000 14.555 -69.045 -13.000 14.666 -69.045 -13.500 14.666 -0.011 10.304 0.000 10.304 0.000 10.324
3 16 -68.969 -13.500 14.578 -69.045 -13.000 14.666 -68.882 -13.000 14.502 -0.005 10.324 -0.009 10.304 0.000 10.304
3 16 -68.969 -13.500 14.578 -69.009 -13.500 14.620 -69.045 -13.000 14.666 -0.005 10.324 -0.007 10.324 -0.009 10.304
3 16 -69.009 -13.500 14.620 -69.045 -13.500 14.666 -69.045 -13.000 14.666 -0.007 10.324 -0.009 10.324 -0.009 10.304
3 16 -68.927 -13.500 14.538 -68.882 -13.000 14.502 -68.882 -13.500 14.502 -0.002 10.324 0.000 10.304 0.000 10.324
3 16 -68.927 -13.500 14.538 -68.969 -13.500 14.578 -68.882 -13.000 14.502 -0.002 10.324 -0.005 10.324 0.000 10.304
3 16 -69.291 -13.000 14.268 -68.882 -13.500 14.502 -68.882 -13.000 14.502 0.000 10.304 -0.019 10.324 -0.019 10.304
3 16 -69.291 -13.000 14.268 -69.291 -13.500 14.268 -68.882 -13.500 14.502 0.000 10.304 0.000 10.324 -0.019 10.324
3 16 -68.133 -13.000 14.268 -69.291 -13.500 14.268 -69.291 -13.000 14.268 0.046 10.304 0.000 10.324 0.000 10.304
3 16 -68.133 -13.000 14.268 -68.133 -13.500 14.268 -69.291 -13.500 14.268 0.046 10.304 0.046 10.324 0.000 10.324
3 16 -67.537 -13.000 14.291 -68.133 -13.500 14.268 -68.133 -13.000 14.268 0.000 10.304 -0.024 10.324 -0.024 10.304
3 16 -67.537 -13.000 14.291 -67.537 -13.500 14.291 -68.133 -13.500 14.268 0.000 10.304 0.000 10.324 -0.024 10.324
3 16 -70.180 -13.000 9.367 -69.899 -13.500 9.227 -69.899 -13.000 9.227 0.000 10.304 -0.013 10.324 -0.013 10.304
3 16 -70.180 -13.000 9.367 -70.180 -13.500 9.367 -69.899 -13.500 9.227 0.000 10.304 0.000 10.324 -0.013 10.324
3 16 -69.841 -13.000 9.929 -69.817 -13.500 10.128 -69.817 -13.000 10.128 -0.028 10.304 -0.038 10.324 -0.038 10.304
3 16 -69.841 -13.000 9.929 -69.864 -13.000 9.707 -69.817 -13.500 10.128 -0.028 10.304 -0.019 10.304 -0.038 10.324
3 16 -69.864 -13.000 9.707 -69.899 -13.500 9.227 -69.817 -13.500 10.128 -0.019 10.304 0.000 10.324 -0.038 10.324
3 16 -69.864 -13.000 9.707 -69.885 -13.000 9.470 -69.899 -13.500 9.227 -0.019 10.304 -0.009 10.304 0.000 10.324
3 16 -69.885 -13.000 9.470 -69.899 -13.000 9.227 -69.899 -13.500 9.227 -0.009 10.304 0.000 10.304 0.000 10.324
3 16 -69.310 -13.000 10.101 -69.174 -13.500 10.081 -69.174 -13.000 10.081 -0.019 10.304 -0.025 10.324 -0.025 10.304
3 16 -69.310 -13.000 10.101 -69.461 -13.000 10.116 -69.174 -13.500 10.081 -0.019 10.304 -0.013 10.304 -0.025 10.324
3 16 -69.461 -13.000 10.116 -69.817 -13.500 10.128 -69.174 -13.500 10.081 -0.013 10.304 0.000 10.324 -0.025 10.324
3 16 -69.461 -13.000 10.116 -69.629 -13.000 10.125 -69.817 -13.500 10.128 -0.013 10.304 -0.006 10.304 0.000 10.324
3 16 -69.629 -13.000 10.125 -69.817 -13.000 10.128 -69.817 -13.500 10.128 -0.006 10.304 0.000 10.304 0.000 10.324
3 16 -69.174 -13.000 10.081 -69.174 -13.500 9.473 -69.174 -13.000 9.473 0.024 10.304 0.000 10.324 0.000 10.304
3 16 -69.174 -13.000 10.081 -69.174 -13.500 10.081 -69.174 -13.500 9.473 0.024 10.304 0.024 10.324 0.000 10.324
3 16 -69.174 -13.000 9.473 -69.186 -13.500 9.028 -69.186 -13.000 9.028 0.000 10.304 -0.018 10.324 -0.018 10.304
3 16 -69.174 -13.000 9.473 -69.174 -13.500 9.473 -69.186 -13.500 9.028 0.000 10.304 0.000 10.324 -0.018 10.324
3 16 -69.186 -13.000 9.028 -68.940 -13.500 9.028 -68.940 -13.000 9.028 0.010 10.304 0.000 10.324 0.000 10.304
3 16 -69.186 -13.000 9.028 -69.186 -13.500 9.028 -68.940 -13.500 9.028 0.010 10.304 0.010 10.324 0.000 10.324
3 16 -68.940 -13.000 9.028 -68.940 -13.500 10.057 -68.940 -13.000 10.057 0.041 10.304 0.000 10.324 0.000 10.304
3 16 -68.940 -13.000 9.028 -68.940 -13.500 9.028 -68.940 -13.500 10.057 0.041 10.304 0.041 10.324 0.000 10.324
3 16 -67.882 -13.000 9.309 -68.215 -13.500 9.215 -68.215 -13.000 9.215 -0.055 10.304 -0.073 10.324 -0.073 10.304
3 16 -67.882 -13.000 9.309 -67.882 -13.500 9.309 -68.215 -13.500 9.215 -0.055 10.304 -0.055 10.324 -0.073 10.324
3 16 -67.882 -13.000 9.309 -67.827 -13.000 9.351 -67.882 -13.500 9.309 -0.055 10.304 -0.050 10.304 -0.055 10.324
3 16 -67.827 -13.000 9.351 -67.824 -13.500 9.355 -67.882 -13.500 9.309 -0.050 10.304 -0.050 10.324 -0.055 10.324
3 16 -67.827 -13.000 9.351 -67.810 -13.500 9.388 -67.824 -13.500 9.355 -0.050 10.304 -0.047 10.324 -0.050 10.324
3 16 -67.827 -13.000 9.351 -67.809 -13.000 9.405 -67.810 -13.500 9.388 -0.050 10.304 -0.046 10.304 -0.047 10.324
3 16 -67.809 -13.000 9.405 -67.810 -13.500 9.424 -67.810 -13.500 9.388 -0.046 10.304 -0.044 10.324 -0.047 10.324
3 16 -67.809 -13.000 9.405 -67.882 -13.000 9.554 -67.810 -13.500 9.424 -0.046 10.304 -0.037 10.304 -0.044 10.324
3 16 -67.882 -13.000 9.554 -67.882 -13.500 9.554 -67.810 -13.500 9.424 -0.037 10.304 -0.037 10.324 -0.044 10.324
3 16 -67.882 -13.000 9.554 -68.285 -13.000 9.853 -67.882 -13.500 9.554 -0.037 10.304 -0.018 10.304 -0.037 10.324
3 16 -68.285 -13.000 9.853 -68.940 -13.500 10.057 -67.882 -13.500 9.554 -0.018 10.304 0.000 10.324 -0.037 10.324
3 16 -68.285 -13.000 9.853 -68.940 -13.000 10.057 -68.940 -13.500 10.057 -0.018 10.304 0.000 10.304 0.000 10.324
3 16 -68.215 -13.000 9.215 -68.040 -13.500 8.946 -68.040 -13.000 8.946 0.000 10.304 -0.013 10.324 -0.013 10.304
3 16 -68.215 -13.000 9.215 -68.215 -13.500 9.215 -68.040 -13.500 8.946 0.000 10.304 0.000 10.324 -0.013 10.324
3 16 -68.168 -13.000 10.052 -68.940 -13.500 10.291 -68.940 -13.000 10.291 -0.060 10.304 -0.075 10.324 -0.075 10.304
3 16 -68.168 -13.000 10.052 -68.169 -13.500 10.051 -68.940 -13.500 10.291 -0.060 10.304 -0.060 10.324 -0.075 10.324
3 16 -68.168 -13.000 10.052 -67.759 -13.000 9.777 -68.169 -13.500 10.051 -0.060 10.304 -0.045 10.304 -0.060 10.324
3 16 -67.759 -13.000 9.777 -67.759 -13.500 9.777 -68.169 -13.500 10.051 -0.045 10.304 -0.045 10.324 -0.060 10.324
3 16 -67.759 -13.000 9.777 -67.554 -13.000 9.461 -67.759 -13.500 9.777 -0.045 10.304 -0.030 10.304 -0.045 10.324
3 16 -67.554 -13.000 9.461 -67.554 -13.500 9.461 -67.759 -13.500 9.777 -0.030 10.304 -0.030 10.324 -0.045 10.324
3 16 -67.554 -13.000 9.461 -67.542 -13.000 9.303 -67.554 -13.500 9.461 -0.030 10.304 -0.023 10.304 -0.030 10.324
3 16 -67.542 -13.000 9.303 -67.547 -13.500 9.285 -67.554 -13.500 9.461 -0.023 10.304 -0.022 10.324 -0.030 10.324
3 16 -67.542 -13.000 9.303 -67.613 -13.000 9.180 -67.547 -13.500 9.285 -0.023 10.304 -0.015 10.304 -0.022 10.324
3 16 -67.613 -13.000 9.180 -67.613 -13.500 9.180 -67.547 -13.500 9.285 -0.015 10.304 -0.015 10.324 -0.022 10.324
3 16 -67.613 -13.000 9.180 -68.040 -13.500 8.946 -67.613 -13.500 9.180 -0.015 10.304 0.000 10.324 -0.015 10.324
3 16 -67.613 -13.000 9.180 -68.040 -13.000 8.946 -68.040 -13.500 8.946 -0.015 10.304 0.000 10.304 0.000 10.324
3 16 -69.747 -13.000 11.098 -69.174 -13.500 11.098 -69.174 -13.000 11.098 0.000 10.304 -0.023 10.324 -0.023 10.304
3 16 -69.747 -13.000 11.098 -69.747 -13.500 11.098 -69.174 -13.500 11.098 0.000 10.304 0.000 10.324 -0.023 10.324
3 16 -69.794 -13.000 10.361 -69.747 -13.500 11.098 -69.747 -13.000 11.098 0.000 10.304 -0.030 10.324 -0.030 10.304
3 16 -69.794 -13.000 10.361 -69.794 -13.500 10.361 -69.747 -13.500 11.098 0.000 10.304 0.000 10.324 -0.030 10.324
3 16 -70.122 -13.000 9.515 -70.180 -13.500 9.367 -70.180 -13.000 9.367 -0.074 10.304 -0.084 10.324 -0.084 10.304
3 16 -70.122 -13.000 9.515 -70.075 -13.000 9.693 -70.180 -13.500 9.367 -0.074 10.304 -0.064 10.304 -0.084 10.324
3 16 -70.075 -13.000 9.693 -70.007 -13.500 10.143 -70.180 -13.500 9.367 -0.064 10.304 -0.043 10.324 -0.084 10.324
3 16 -70.075 -13.000 9.693 -70.038 -13.000 9.903 -70.007 -13.500 10.143 -0.064 10.304 -0.053 10.304 -0.043 10.324
3 16 -70.038 -13.000 9.903 -70.012 -13.000 10.143 -70.007 -13.500 10.143 -0.053 10.304 -0.043 10.304 -0.043 10.324
3 16 -70.010 -13.000 10.163 -70.007 -13.500 10.143 -70.012 -13.000 10.143 -0.042 10.304 -0.043 10.324 -0.043 10.304
3 16 -70.010 -13.000 10.163 -69.987 -13.500 10.374 -70.007 -13.500 10.143 -0.042 10.304 -0.034 10.324 -0.043 10.324
3 16 -70.010 -13.000 10.163 -69.958 -13.000 11.367 -69.987 -13.500 10.374 -0.042 10.304 0.000 10.304 -0.034 10.324
3 16 -69.958 -13.000 11.367 -69.958 -13.500 11.367 -69.987 -13.500 10.374 0.000 10.304 0.000 10.324 -0.034 10.324
3 16 -69.572 -13.000 11.344 -69.958 -13.500 11.367 -69.958 -13.000 11.367 0.000 10.304 -0.015 10.324 -0.015 10.304
3 16 -69.572 -13.000 11.344 -69.572 -13.500 11.344 -69.958 -13.500 11.367 0.000 10.304 0.000 10.324 -0.015 10.324
3 16 -68.028 -13.000 11.344 -69.572 -13.500 11.344 -69.572 -13.000 11.344 0.062 10.304 0.000 10.324 0.000 10.304
3 16 -68.028 -13.000 11.344 -68.028 -13.500 11.344 -69.572 -13.500 11.344 0.062 10.304 0.062 10.324 0.000 10.324
3 16 -68.028 -13.000 11.344 -67.894 -13.500 11.382 -68.028 -13.500 11.344 -0.011 10.304 -0.006 10.324 -0.011 10.324
3 16 -68.028 -13.000 11.344 -67.882 -13.000 11.388 -67.894 -13.500 11.382 -0.011 10.304 -0.005 10.304 -0.006 10.324
3 16 -67.882 -13.000 11.388 -67.794 -13.500 11.473 -67.894 -13.500 11.382 -0.005 10.304 0.000 10.324 -0.006 10.324
3 16 -67.882 -13.000 11.388 -67.794 -13.000 11.473 -67.794 -13.500 11.473 -0.005 10.304 0.000 10.304 0.000 10.324
3 16 -67.686 -13.500 11.382 -67.794 -13.000 11.473 -67.572 -13.000 11.297 -0.006 10.324 -0.011 10.304 0.000 10.304
3 16 -67.686 -13.500 11.382 -67.741 -13.500 11.426 -67.794 -13.000 11.473 -0.006 10.324 -0.008 10.324 -0.011 10.304
3 16 -67.741 -13.500 11.426 -67.794 -13.500 11.473 -67.794 -13.000 11.473 -0.008 10.324 -0.011 10.324 -0.011 10.304
3 16 -67.629 -13.500 11.339 -67.572 -13.000 11.297 -67.572 -13.500 11.297 -0.003 10.324 0.000 10.304 0.000 10.324
3 16 -67.629 -13.500 11.339 -67.686 -13.500 11.382 -67.572 -13.000 11.297 -0.003 10.324 -0.006 10.324 0.000 10.304
3 16 -67.677 -13.000 11.167 -67.572 -13.500 11.297 -67.572 -13.000 11.297 -0.039 10.304 -0.052 10.324 -0.052 10.304
3 16 -67.677 -13.000 11.167 -67.829 -13.000 10.940 -67.572 -13.500 11.297 -0.039 10.304 -0.026 10.304 -0.052 10.324
3 16 -67.829 -13.000 10.940 -68.086 -13.500 10.525 -67.572 -13.500 11.297 -0.026 10.304 0.000 10.324 -0.052 10.324
3 16 -67.829 -13.000 10.940 -67.981 -13.000 10.699 -68.086 -13.500 10.525 -0.026 10.304 -0.013 10.304 0.000 10.324
3 16 -67.981 -13.000 10.699 -68.086 -13.000 10.525 -68.086 -13.500 10.525 -0.013 10.304 0.000 10.304 0.000 10.324
3 16 -68.332 -13.000 10.595 -68.086 -13.500 10.525 -68.086 -13.000 10.525 0.000 10.304 -0.010 10.324 -0.010 10.304
3 16 -68.332 -13.000 10.595 -68.332 -13.500 10.595 -68.086 -13.500 10.525 0.000 10.304 0.000 10.324 -0.010 10.324
3 16 -68.246 -13.000 10.718 -68.332 -13.500 10.595 -68.332 -13.000 10.595 -0.021 10.304 -0.028 10.324 -0.028 10.304
3 16 -68.246 -13.000 10.718 -68.151 -13.000 10.853 -68.332 -13.500 10.595 -0.021 10.304 -0.014 10.304 -0.028 10.324
3 16 -68.151 -13.000 10.853 -68.061 -13.000 10.984 -68.332 -13.500 10.595 -0.014 10.304 -0.007 10.304 -0.028 10.324
3 16 -67.993 -13.500 11.098 -68.061 -13.000 10.984 -67.993 -13.000 11.098 0.000 10.324 -0.007 10.304 0.000 10.304
3 16 -67.993 -13.500 11.098 -68.332 -13.500 10.595 -68.061 -13.000 10.984 0.000 10.324 -0.028 10.324 -0.007 10.304
3 16 -68.940 -13.000 11.098 -67.993 -13.500 11.098 -67.993 -13.000 11.098 0.038 10.304 0.000 10.324 0.000 10.304
3 16 -68.940 -13.000 11.098 -68.940 -13.500 11.098 -67.993 -13.500 11.098 0.038 10.304 0.038 10.324 0.000 10.324
3 16 -68.940 -13.000 10.291 -68.940 -13.500 11.098 -68.940 -13.000 11.098 0.032 10.304 0.000 10.324 0.000 10.304
3 16 -68.940 -13.000 10.291 -68.940 -13.500 10.291 -68.940 -13.500 11.098 0.032 10.304 0.032 10.324 0.000 10.324
3 16 -69.431 -13.000 10.350 -69.794 -13.500 10.361 -69.794 -13.000 10.361 0.000 10.304 -0.015 10.324 -0.015 10.304
3 16 -69.431 -13.000 10.350 -69.431 -13.500 10.350 -69.794 -13.500 10.361 0.000 10.304 0.000 10.324 -0.015 10.324
3 16 -69.174 -13.000 10.315 -69.431 -13.500 10.350 -69.431 -13.000 10.350 0.000 10.304 -0.010 10.324 -0.010 10.304
3 16 -69.174 -13.000 10.315 -69.174 -13.500 10.315 -69.431 -13.500 10.350 0.000 10.304 0.000 10.324 -0.010 10.324
3 16 -69.174 -13.000 11.098 -69.174 -13.500 10.315 -69.174 -13.000 10.315 0.000 10.304 -0.031 10.324 -0.031 10.304
3 16 -69.174 -13.000 11.098 -69.174 -13.500 11.098 -69.174 -13.500 10.315 0.000 10.304 0.000 10.324 -0.031 10.324
3 16 -70.180 -13.500 9.367 -69.817 -13.500 10.128 -69.899 -13.500 9.227 0.375 -5.487 0.405 -5.473 0.369 -5.476
3 16 -70.180 -13.500 9.367 -70.007 -13.500 10.143 -69.817 -13.500 10.128 0.375 -5.487 0.406 -5.480 0.405 -5.473
3 16 -70.007 -13.500 10.143 -69.987 -13.500 10.374 -69.817 -13.500 10.128 0.406 -5.480 0.415 -5.479 0.405 -5.473
3 16 -69.747 -13.500 11.098 -69.987 -13.500 10.374 -69.958 -13.500 11.367 0.444 -5.470 0.415 -5.479 0.455 -5.478
3 16 -69.747 -13.500 11.098 -69.794 -13.500 10.361 -69.987 -13.500 10.374 0.444 -5.470 0.414 -5.472 0.415 -5.479
3 16 -69.794 -13.500 10.361 -69.817 -13.500 10.128 -69.987 -13.500 10.374 0.414 -5.472 0.405 -5.473 0.415 -5.479
3 16 -69.794 -13.500 10.361 -69.431 -13.500 10.350 -69.817 -13.500 10.128 0.414 -5.472 0.414 -5.457 0.405 -5.473
3 16 -69.431 -13.500 10.350 -69.174 -13.500 10.081 -69.817 -13.500 10.128 0.414 -5.457 0.403 -5.447 0.405 -5.473
3 16 -69.431 -13.500 10.350 -69.174 -13.500 10.315 -69.174 -13.500 10.081 0.414 -5.457 0.413 -5.447 0.403 -5.447
3 16 -69.174 -13.500 10.315 -68.940 -13.500 10.291 -69.174 -13.500 10.081 0.413 -5.447 0.412 -5.438 0.403 -5.447
3 16 -69.174 -13.500 10.315 -68.940 -13.500 11.098 -68.940 -13.500 10.291 0.413 -5.447 0.444 -5.438 0.412 -5.438
3 16 -69.174 -13.500 10.315 -69.174 -13.500 11.098 -68.940 -13.500 11.098 0.413 -5.447 0.444 -5.447 0.444 -5.438
3 16 -69.174 -13.500 11.098 -69.572 -13.500 11.344 -68.940 -13.500 11.098 0.444 -5.447 0.454 -5.463 0.444 -5.438
3 16 -69.174 -13.500 11.098 -69.747 -13.500 11.098 -69.572 -13.500 11.344 0.444 -5.447 0.444 -5.470 0.454 -5.463
3 16 -69.747 -13.500 11.098 -69.958 -13.500 11.367 -69.572 -13.500 11.344 0.444 -5.470 0.455 -5.478 0.454 -5.463
3 16 -68.028 -13.500 11.344 -68.940 -13.500 11.098 -69.572 -13.500 11.344 0.454 -5.401 0.444 -5.438 0.454 -5.463
3 16 -68.028 -13.500 11.344 -67.993 -13.500 11.098 -68.940 -13.500 11.098 0.454 -5.401 0.444 -5.400 0.444 -5.438
3 16 -68.028 -13.500 11.344 -67.894 -13.500 11.382 -67.993 -13.500 11.098 0.454 -5.401 0.455 -5.396 0.444 -5.400
3 16 -67.894 -13.500 11.382 -67.686 -13.500 11.382 -67.993 -13.500 11.098 0.455 -5.396 0.455 -5.387 0.444 -5.400
3 16 -67.894 -13.500 11.382 -67.741 -13.500 11.426 -67.686 -13.500 11.382 0.455 -5.396 0.457 -5.390 0.455 -5.387
3 16 -67.894 -13.500 11.382 -67.794 -13.500 11.473 -67.741 -13.500 11.426 0.455 -5.396 0.459 -5.392 0.457 -5.390
3 16 -67.629 -13.500 11.339 -67.993 -13.500 11.098 -67.686 -13.500 11.382 0.454 -5.385 0.444 -5.400 0.455 -5.387
3 16 -67.629 -13.500 11.339 -67.572 -13.500 11.297 -67.993 -13.500 11.098 0.454 -5.385 0.452 -5.383 0.444 -5.400
3 16 -67.572 -13.500 11.297 -68.086 -13.500 10.525 -67.993 -13.500 11.098 0.452 -5.383 0.421 -5.403 0.444 -5.400
3 16 -68.332 -13.500 10.595 -67.993 -13.500 11.098 -68.086 -13.500 10.525 0.424 -5.413 0.444 -5.400 0.421 -5.403
3 16 -68.940 -13.500 10.291 -68.940 -13.500 10.057 -69.174 -13.500 10.081 0.412 -5.438 0.402 -5.438 0.403 -5.447
3 16 -68.940 -13.500 10.291 -68.169 -13.500 10.051 -68.940 -13.500 10.057 0.412 -5.438 0.402 -5.407 0.402 -5.438
3 16 -68.169 -13.500 10.051 -67.882 -13.500 9.554 -68.940 -13.500 10.057 0.402 -5.407 0.382 -5.395 0.402 -5.438
3 16 -68.169 -13.500 10.051 -67.759 -13.500 9.777 -67.882 -13.500 9.554 0.402 -5.407 0.391 -5.390 0.382 -5.395
3 16 -67.759 -13.500 9.777 -67.554 -13.500 9.461 -67.882 -13.500 9.554 0.391 -5.390 0.378 -5.382 0.382 -5.395
3 16 -67.810 -13.500 9.388 -67.554 -13.500 9.461 -67.547 -13.500 9.285 0.376 -5.392 0.378 -5.382 0.371 -5.382
3 16 -67.810 -13.500 9.388 -67.810 -13.500 9.424 -67.554 -13.500 9.461 0.376 -5.392 0.377 -5.392 0.378 -5.382
3 16 -67.810 -13.500 9.424 -67.882 -13.500 9.554 -67.554 -13.500 9.461 0.377 -5.392 0.382 -5.395 0.378 -5.382
3 16 -67.547 -13.500 9.285 -67.824 -13.500 9.355 -67.810 -13.500 9.388 0.371 -5.382 0.374 -5.393 0.376 -5.392
3 16 -67.547 -13.500 9.285 -67.613 -13.500 9.180 -67.824 -13.500 9.355 0.371 -5.382 0.367 -5.385 0.374 -5.393
3 16 -67.613 -13.500 9.180 -67.882 -13.500 9.309 -67.824 -13.500 9.355 0.367 -5.385 0.372 -5.395 0.374 -5.393
3 16 -67.613 -13.500 9.180 -68.040 -13.500 8.946 -67.882 -13.500 9.309 0.367 -5.385 0.358 -5.402 0.372 -5.395
3 16 -68.040 -13.500 8.946 -68.215 -13.500 9.215 -67.882 -13.500 9.309 0.358 -5.402 0.369 -5.409 0.372 -5.395
3 16 -68.940 -13.500 10.057 -69.174 -13.500 9.473 -69.174 -13.500 10.081 0.402 -5.438 0.379 -5.447 0.403 -5.447
3 16 -68.940 -13.500 10.057 -68.940 -13.500 9.028 -69.174 -13.500 9.473 0.402 -5.438 0.361 -5.438 0.379 -5.447
3 16 -68.940 -13.500 9.028 -69.186 -13.500 9.028 -69.174 -13.500 9.473 0.361 -5.438 0.361 -5.447 0.379 -5.447
3 16 -69.385 -13.500 12.829 -69.186 -13.500 13.052 -68.765 -13.500 12.841 0.513 -5.455 0.522 -5.447 0.514 -5.431
3 16 -69.385 -13.500 12.829 -69.385 -13.500 13.683 -69.186 -13.500 13.052 0.513 -5.455 0.547 -5.455 0.522 -5.447
3 16 -69.385 -13.500 13.683 -69.186 -13.500 13.461 -69.186 -13.500 13.052 0.547 -5.455 0.538 -5.447 0.522 -5.447
3 16 -69.385 -13.500 13.683 -68.800 -13.500 13.671 -69.186 -13.500 13.461 0.547 -5.455 0.547 -5.432 0.538 -5.447
3 16 -68.800 -13.500 13.671 -68.507 -13.500 13.461 -69.186 -13.500 13.461 0.547 -5.432 0.538 -5.420 0.538 -5.447
3 16 -68.800 -13.500 13.671 -68.110 -13.500 13.683 -68.507 -13.500 13.461 0.547 -5.432 0.547 -5.404 0.538 -5.420
3 16 -68.110 -13.500 13.683 -68.309 -13.500 13.461 -68.507 -13.500 13.461 0.547 -5.404 0.538 -5.412 0.538 -5.420
3 16 -68.110 -13.500 13.683 -68.110 -13.500 13.461 -68.309 -13.500 13.461 0.547 -5.404 0.538 -5.404 0.538 -5.412
3 16 -68.309 -13.500 13.052 -68.507 -13.500 13.461 -68.309 -13.500 13.461 0.522 -5.412 0.538 -5.420 0.538 -5.412
3 16 -68.309 -13.500 13.052 -68.507 -13.500 13.052 -68.507 -13.500 13.461 0.522 -5.412 0.522 -5.420 0.538 -5.420
3 16 -68.309 -13.500 13.052 -68.192 -13.500 12.829 -68.507 -13.500 13.052 0.522 -5.412 0.513 -5.408 0.522 -5.420
3 16 -68.192 -13.500 12.829 -68.765 -13.500 12.841 -68.507 -13.500 13.052 0.513 -5.408 0.514 -5.431 0.522 -5.420
3 16 -68.192 -13.500 13.052 -68.192 -13.500 12.829 -68.309 -13.500 13.052 0.522 -5.408 0.513 -5.408 0.522 -5.412
3 16 -68.765 -13.500 12.841 -69.186 -13.500 13.052 -68.507 -13.500 13.052 0.514 -5.431 0.522 -5.447 0.522 -5.420
3 16 -68.507 -13.000 13.052 -69.186 -13.500 13.052 -69.186 -13.000 13.052 0.000 10.304 -0.027 10.324 -0.027 10.304
3 16 -68.507 -13.000 13.052 -68.507 -13.500 13.052 -69.186 -13.500 13.052 0.000 10.304 0.000 10.324 -0.027 10.324
3 16 -69.186 -13.000 13.052 -69.186 -13.500 13.461 -69.186 -13.000 13.461 0.000 10.304 -0.016 10.324 -0.016 10.304
3 16 -69.186 -13.000 13.052 -69.186 -13.500 13.052 -69.186 -13.500 13.461 0.000 10.304 0.000 10.324 -0.016 10.324
3 16 -68.309 -13.000 13.461 -68.110 -13.500 13.461 -68.110 -13.000 13.461 0.008 10.304 0.000 10.324 0.000 10.304
3 16 -68.309 -13.000 13.461 -68.309 -13.500 13.461 -68.110 -13.500 13.461 0.008 10.304 0.008 10.324 0.000 10.324
3 16 -68.110 -13.000 13.461 -68.110 -13.500 13.683 -68.110 -13.000 13.683 0.009 10.304 0.000 10.324 0.000 10.304
3 16 -68.110 -13.000 13.461 -68.110 -13.500 13.461 -68.110 -13.500 13.683 0.009 10.304 0.009 10.324 0.000 10.324
3 16 -68.110 -13.000 13.683 -68.800 -13.500 13.671 -68.800 -13.000 13.671 0.000 10.304 -0.028 10.324 -0.028 10.304
3 16 -68.110 -13.000 13.683 -68.110 -13.500 13.683 -68.800 -13.500 13.671 0.000 10.304 0.000 10.324 -0.028 10.324
3 16 -68.800 -13.000 13.671 -69.385 -13.500 13.683 -69.385 -13.000 13.683 0.000 10.304 -0.023 10.324 -0.023 10.304
3 16 -68.800 -13.000 13.671 -68.800 -13.500 13.671 -69.385 -13.500 13.683 0.000 10.304 0.000 10.324 -0.023 10.324
3 16 -69.385 -13.000 13.683 -69.385 -13.500 12.829 -69.385 -13.000 12.829 0.034 10.304 0.000 10.324 0.000 10.304
3 16 -69.385 -13.000 13.683 -69.385 -13.500 13.683 -69.385 -13.500 12.829 0.034 10.304 0.034 10.324 0.000 10.324
3 16 -69.186 -13.000 13.461 -68.507 -13.500 13.461 -68.507 -13.000 13.461 0.000 10.304 -0.027 10.324 -0.027 10.304
3 16 -69.186 -13.000 13.461 -69.186 -13.500 13.461 -68.507 -13.500 13.461 0.000 10.304 0.000 10.324 -0.027 10.324
3 16 -68.507 -13.000 13.461 -68.507 -13.500 13.052 -68.507 -13.000 13.052 0.000 10.304 -0.016 10.324 -0.016 10.304
3 16 -68.507 -13.000 13.461 -68.507 -13.500 13.461 -68.507 -13.500 13.052 0.000 10.304 0.000 10.324 -0.016 10.324
3 16 -68.309 -13.000 13.052 -68.309 -13.500 13.461 -68.309 -13.000 13.461 0.016 10.304 0.000 10.324 0.000 10.304
3 16 -68.309 -13.000 13.052 -68.309 -13.500 13.052 -68.309 -13.500 13.461 0.016 10.304 0.016 10.324 0.000 10.324
3 16 -68.192 -13.000 13.052 -68.309 -13.500 13.052 -68.309 -13.000 13.052 0.005 10.304 0.000 10.324 0.000 10.304
3 16 -68.192 -13.000 13.052 -68.192 -13.500 13.052 -68.309 -13.500 13.052 0.005 10.304 0.005 10.324 0.000 10.324
3 16 -68.192 -13.000 12.829 -68.192 -13.500 13.052 -68.192 -13.000 13.052 0.009 10.304 0.000 10.324 0.000 10.304
3 16 -68.192 -13.000 12.829 -68.192 -13.500 12.829 -68.192 -13.500 13.052 0.009 10.304 0.009 10.324 0.000 10.324
3 16 -68.765 -13.000 12.841 -68.192 -13.500 12.829 -68.192 -13.000 12.829 0.000 10.304 -0.023 10.324 -0.023 10.304
3 16 -68.765 -13.000 12.841 -68.765 -13.500 12.841 -68.192 -13.500 12.829 0.000 10.304 0.000 10.324 -0.023 10.324
3 16 -69.385 -13.000 12.829 -68.765 -13.500 12.841 -68.765 -13.000 12.841 0.000 10.304 -0.025 10.324 -0.025 10.304
3 16 -69.385 -13.000 12.829 -69.385 -13.500 12.829 -68.765 -13.500 12.841 0.000 10.304 0.000 10.324 -0.025 10.324
3 16 -70.192 -13.000 7.122 -69.747 -13.500 7.133 -69.747 -13.000 7.133 0.000 10.304 -0.018 10.324 -0.018 10.304
3 16 -70.192 -13.000 7.122 -70.192 -13.500 7.122 -69.747 -13.500 7.133 0.000 10.304 0.000 10.324 -0.018 10.324
3 16 -69.747 -13.000 7.133 -67.864 -13.500 7.133 -67.864 -13.000 7.133 0.075 10.304 0.000 10.324 0.000 10.304
3 16 -69.747 -13.000 7.133 -69.747 -13.500 7.133 -67.864 -13.500 7.133 0.075 10.304 0.075 10.324 0.000 10.324
3 16 -67.534 -13.000 7.408 -67.502 -13.500 7.648 -67.502 -13.000 7.648 -0.016 10.304 -0.021 10.324 -0.021 10.304
3 16 -67.534 -13.000 7.408 -67.583 -13.500 7.250 -67.502 -13.500 7.648 -0.016 10.304 -0.010 10.324 -0.021 10.324
3 16 -67.534 -13.000 7.408 -67.583 -13.000 7.250 -67.583 -13.500 7.250 -0.016 10.304 -0.010 10.304 -0.010 10.324
3 16 -67.583 -13.000 7.250 -67.632 -13.500 7.192 -67.583 -13.500 7.250 -0.010 10.304 -0.007 10.324 -0.010 10.324
3 16 -67.583 -13.000 7.250 -67.683 -13.000 7.163 -67.632 -13.500 7.192 -0.010 10.304 -0.005 10.304 -0.007 10.324
3 16 -67.683 -13.000 7.163 -67.699 -13.500 7.156 -67.632 -13.500 7.192 -0.005 10.304 -0.005 10.324 -0.007 10.324
3 16 -67.683 -13.000 7.163 -67.864 -13.000 7.133 -67.699 -13.500 7.156 -0.005 10.304 0.000 10.304 -0.005 10.324
3 16 -67.864 -13.000 7.133 -67.864 -13.500 7.133 -67.699 -13.500 7.156 0.000 10.304 0.000 10.324 -0.005 10.324
3 16 -67.502 -13.000 7.648 -67.771 -13.500 7.753 -67.771 -13.000 7.753 0.000 10.304 -0.012 10.324 -0.012 10.304
3 16 -67.502 -13.000 7.648 -67.502 -13.500 7.648 -67.771 -13.500 7.753 0.000 10.304 0.000 10.324 -0.012 10.324
3 16 -70.192 -13.000 7.379 -70.192 -13.500 7.122 -70.192 -13.000 7.122 0.010 10.304 0.000 10.324 0.000 10.304
3 16 -70.192 -13.000 7.379 -70.192 -13.500 7.379 -70.192 -13.500 7.122 0.010 10.304 0.010 10.324 0.000 10.324
3 16 -69.747 -13.000 7.367 -70.192 -13.500 7.379 -70.192 -13.000 7.379 0.000 10.304 -0.018 10.324 -0.018 10.304
3 16 -69.747 -13.000 7.367 -69.747 -13.500 7.367 -70.192 -13.500 7.379 0.000 10.304 0.000 10.324 -0.018 10.324
3 16 -67.923 -13.000 7.367 -69.747 -13.500 7.367 -69.747 -13.000 7.367 0.073 10.304 0.000 10.324 0.000 10.304
3 16 -67.923 -13.000 7.367 -67.923 -13.500 7.367 -69.747 -13.500 7.367 0.073 10.304 0.073 10.324 0.000 10.324
3 16 -67.923 -13.000 7.367 -67.834 -13.500 7.379 -67.923 -13.500 7.367 -0.010 10.304 -0.008 10.324 -0.010 10.324
3 16 -67.923 -13.000 7.367 -67.823 -13.000 7.383 -67.834 -13.500 7.379 -0.010 10.304 -0.008 10.304 -0.008 10.324
3 16 -67.823 -13.000 7.383 -67.798 -13.500 7.400 -67.834 -13.500 7.379 -0.008 10.304 -0.007 10.324 -0.008 10.324
3 16 -67.823 -13.000 7.383 -67.795 -13.000 7.404 -67.798 -13.500 7.400 -0.008 10.304 -0.007 10.304 -0.007 10.324
3 16 -67.795 -13.000 7.404 -67.782 -13.500 7.432 -67.798 -13.500 7.400 -0.007 10.304 -0.005 10.324 -0.007 10.324
3 16 -67.795 -13.000 7.404 -67.782 -13.000 7.432 -67.782 -13.500 7.432 -0.007 10.304 -0.005 10.304 -0.005 10.324
3 16 -67.782 -13.000 7.432 -67.773 -13.000 7.544 -67.782 -13.500 7.432 -0.005 10.304 -0.003 10.304 -0.005 10.324
3 16 -67.771 -13.500 7.753 -67.773 -13.000 7.544 -67.771 -13.000 7.753 0.000 10.324 -0.003 10.304 0.000 10.304
3 16 -67.771 -13.500 7.753 -67.782 -13.500 7.432 -67.773 -13.000 7.544 0.000 10.324 -0.005 10.324 -0.003 10.304
3 16 -70.192 -13.500 7.379 -69.747 -13.500 7.133 -70.192 -13.500 7.122 0.295 -5.488 0.285 -5.470 0.285 -5.488
3 16 -70.192 -13.500 7.379 -69.747 -13.500 7.367 -69.747 -13.500 7.133 0.295 -5.488 0.295 -5.470 0.285 -5.470
3 16 -69.747 -13.500 7.367 -67.923 -13.500 7.367 -69.747 -13.500 7.133 0.295 -5.470 0.295 -5.397 0.285 -5.470
3 16 -67.583 -13.500 7.250 -67.923 -13.500 7.367 -67.834 -13.500 7.379 0.290 -5.383 0.295 -5.397 0.295 -5.393
3 16 -67.583 -13.500 7.250 -67.632 -13.500 7.192 -67.923 -13.500 7.367 0.290 -5.383 0.288 -5.385 0.295 -5.397
3 16 -67.632 -13.500 7.192 -67.864 -13.500 7.133 -67.923 -13.500 7.367 0.288 -5.385 0.285 -5.395 0.295 -5.397
3 16 -67.632 -13.500 7.192 -67.699 -13.500 7.156 -67.864 -13.500 7.133 0.288 -5.385 0.286 -5.388 0.285 -5.395
3 16 -67.798 -13.500 7.400 -67.583 -13.500 7.250 -67.834 -13.500 7.379 0.296 -5.392 0.290 -5.383 0.295 -5.393
3 16 -67.798 -13.500 7.400 -67.782 -13.500 7.432 -67.583 -13.500 7.250 0.296 -5.392 0.297 -5.391 0.290 -5.383
3 16 -67.782 -13.500 7.432 -67.502 -13.500 7.648 -67.583 -13.500 7.250 0.297 -5.391 0.306 -5.380 0.290 -5.383
3 16 -67.782 -13.500 7.432 -67.771 -13.500 7.753 -67.502 -13.500 7.648 0.297 -5.391 0.310 -5.391 0.306 -5.380
3 16 -69.747 -13.500 7.133 -67.923 -13.500 7.367 -67.864 -13.500 7.133 0.285 -5.470 0.295 -5.397 0.285 -5.395
3 16 -69.782 -13.500 12.443 -69.981 -13.500 12.186 -69.981 -13.500 13.332 0.498 -5.471 0.487 -5.479 0.533 -5.479
3 16 -69.782 -13.500 12.443 -69.782 -13.500 12.233 -69.981 -13.500 12.186 0.498 -5.471 0.489 -5.471 0.487 -5.479
3 16 -69.782 -13.500 12.233 -69.759 -13.500 11.894 -69.981 -13.500 12.186 0.489 -5.471 0.476 -5.470 0.487 -5.479
3 16 -69.759 -13.500 13.765 -69.981 -13.500 13.332 -69.993 -13.500 13.765 0.551 -5.470 0.533 -5.479 0.551 -5.480
3 16 -69.759 -13.500 13.765 -69.782 -13.500 13.297 -69.981 -13.500 13.332 0.551 -5.470 0.532 -5.471 0.533 -5.479
3 16 -69.782 -13.500 13.297 -69.782 -13.500 12.443 -69.981 -13.500 13.332 0.532 -5.471 0.498 -5.471 0.533 -5.479
3 16 -67.946 -13.500 12.443 -69.782 -13.500 12.233 -69.782 -13.500 12.443 0.498 -5.398 0.489 -5.471 0.498 -5.471
3 16 -67.946 -13.500 12.443 -67.852 -13.500 12.233 -69.782 -13.500 12.233 0.498 -5.398 0.489 -5.394 0.489 -5.471
3 16 -67.946 -13.500 12.443 -67.864 -13.500 12.457 -67.852 -13.500 12.233 0.498 -5.398 0.498 -5.395 0.489 -5.394
3 16 -67.864 -13.500 12.457 -67.705 -13.500 12.254 -67.852 -13.500 12.233 0.498 -5.395 0.490 -5.388 0.489 -5.394
3 16 -67.864 -13.500 12.457 -67.641 -13.500 12.289 -67.705 -13.500 12.254 0.498 -5.395 0.492 -5.386 0.490 -5.388
3 16 -67.864 -13.500 12.457 -67.595 -13.500 12.344 -67.641 -13.500 12.289 0.498 -5.395 0.494 -5.384 0.492 -5.386
3 16 -67.864 -13.500 12.457 -67.830 -13.500 12.479 -67.595 -13.500 12.344 0.498 -5.395 0.499 -5.393 0.494 -5.384
3 16 -67.830 -13.500 12.479 -67.806 -13.500 12.519 -67.595 -13.500 12.344 0.499 -5.393 0.501 -5.392 0.494 -5.384
3 16 -67.502 -13.500 12.701 -67.806 -13.500 12.519 -67.794 -13.500 12.806 0.508 -5.380 0.501 -5.392 0.512 -5.392
3 16 -67.502 -13.500 12.701 -67.595 -13.500 12.344 -67.806 -13.500 12.519 0.508 -5.380 0.494 -5.384 0.501 -5.392
3 16 -69.993 -13.500 11.894 -69.981 -13.500 12.186 -69.759 -13.500 11.894 0.476 -5.480 0.487 -5.479 0.476 -5.470
3 16 -67.946 -13.000 12.443 -67.864 -13.500 12.457 -67.946 -13.500 12.443 -0.013 10.304 -0.010 10.324 -0.013 10.324
3 16 -67.946 -13.000 12.443 -67.852 -13.000 12.462 -67.864 -13.500 12.457 -0.013 10.304 -0.010 10.304 -0.010 10.324
3 16 -67.852 -13.000 12.462 -67.830 -13.500 12.479 -67.864 -13.500 12.457 -0.010 10.304 -0.008 10.324 -0.010 10.324
3 16 -67.852 -13.000 12.462 -67.823 -13.000 12.486 -67.830 -13.500 12.479 -0.010 10.304 -0.008 10.304 -0.008 10.324
3 16 -67.823 -13.000 12.486 -67.806 -13.500 12.519 -67.830 -13.500 12.479 -0.008 10.304 -0.006 10.324 -0.008 10.324
3 16 -67.823 -13.000 12.486 -67.806 -13.000 12.519 -67.806 -13.500 12.519 -0.008 10.304 -0.006 10.304 -0.006 10.324
3 16 -67.806 -13.000 12.519 -67.791 -13.000 12.629 -67.806 -13.500 12.519 -0.006 10.304 -0.003 10.304 -0.006 10.324
3 16 -67.794 -13.500 12.806 -67.791 -13.000 12.629 -67.794 -13.000 12.806 0.000 10.324 -0.003 10.304 0.000 10.304
3 16 -67.794 -13.500 12.806 -67.806 -13.500 12.519 -67.791 -13.000 12.629 0.000 10.324 -0.006 10.324 -0.003 10.304
3 16 -67.946 -13.000 12.443 -69.782 -13.500 12.443 -69.782 -13.000 12.443 0.073 10.304 0.000 10.324 0.000 10.304
3 16 -67.946 -13.000 12.443 -67.946 -13.500 12.443 -69.782 -13.500 12.443 0.073 10.304 0.073 10.324 0.000 10.324
3 16 -69.782 -13.000 12.443 -69.782 -13.500 13.297 -69.782 -13.000 13.297 0.034 10.304 0.000 10.324 0.000 10.304
3 16 -69.782 -13.000 12.443 -69.782 -13.500 12.443 -69.782 -13.500 13.297 0.034 10.304 0.034 10.324 0.000 10.324
3 16 -69.782 -13.000 13.297 -69.759 -13.500 13.765 -69.759 -13.000 13.765 0.000 10.304 -0.019 10.324 -0.019 10.304
3 16 -69.782 -13.000 13.297 -69.782 -13.500 13.297 -69.759 -13.500 13.765 0.000 10.304 0.000 10.324 -0.019 10.324
3 16 -69.759 -13.000 13.765 -69.993 -13.500 13.765 -69.993 -13.000 13.765 0.009 10.304 0.000 10.324 0.000 10.304
3 16 -69.759 -13.000 13.765 -69.759 -13.500 13.765 -69.993 -13.500 13.765 0.009 10.304 0.009 10.324 0.000 10.324
3 16 -69.993 -13.000 13.765 -69.981 -13.500 13.332 -69.981 -13.000 13.332 0.000 10.304 -0.017 10.324 -0.017 10.304
3 16 -69.993 -13.000 13.765 -69.993 -13.500 13.765 -69.981 -13.500 13.332 0.000 10.304 0.000 10.324 -0.017 10.324
3 16 -69.981 -13.000 13.332 -69.981 -13.500 12.186 -69.981 -13.000 12.186 0.046 10.304 0.000 10.324 0.000 10.304
3 16 -69.981 -13.000 13.332 -69.981 -13.500 13.332 -69.981 -13.500 12.186 0.046 10.304 0.046 10.324 0.000 10.324
3 16 -67.502 -13.000 12.701 -67.794 -13.500 12.806 -67.794 -13.000 12.806 0.000 10.304 -0.012 10.324 -0.012 10.304
3 16 -67.502 -13.000 12.701 -67.502 -13.500 12.701 -67.794 -13.500 12.806 0.000 10.304 0.000 10.324 -0.012 10.324
3 16 -67.542 -13.000 12.489 -67.502 -13.500 12.701 -67.502 -13.000 12.701 -0.015 10.304 -0.020 10.324 -0.020 10.304
3 16 -67.542 -13.000 12.489 -67.595 -13.500 12.344 -67.502 -13.500 12.701 -0.015 10.304 -0.010 10.324 -0.020 10.324
3 16 -67.542 -13.000 12.489 -67.595 -13.000 12.344 -67.595 -13.500 12.344 -0.015 10.304 -0.010 10.304 -0.010 10.324
3 16 -67.595 -13.000 12.344 -67.641 -13.500 12.289 -67.595 -13.500 12.344 -0.010 10.304 -0.007 10.324 -0.010 10.324
3 16 -67.595 -13.000 12.344 -67.689 -13.000 12.261 -67.641 -13.500 12.289 -0.010 10.304 -0.005 10.304 -0.007 10.324
3 16 -67.689 -13.000 12.261 -67.705 -13.500 12.254 -67.641 -13.500 12.289 -0.005 10.304 -0.004 10.324 -0.007 10.324
3 16 -67.689 -13.000 12.261 -67.852 -13.000 12.233 -67.705 -13.500 12.254 -0.005 10.304 0.000 10.304 -0.004 10.324
3 16 -67.852 -13.000 12.233 -67.852 -13.500 12.233 -67.705 -13.500 12.254 0.000 10.304 0.000 10.324 -0.004 10.324
3 16 -69.782 -13.000 12.233 -67.852 -13.500 12.233 -67.852 -13.000 12.233 0.077 10.304 0.000 10.324 0.000 10.304
3 16 -69.782 -13.000 12.233 -69.782 -13.500 12.233 -67.852 -13.500 12.233 0.077 10.304 0.077 10.324 0.000 10.324
3 16 -69.759 -13.000 11.894 -69.782 -13.500 12.233 -69.782 -13.000 12.233 0.000 10.304 -0.014 10.324 -0.014 10.304
3 16 -69.759 -13.000 11.894 -69.759 -13.500 11.894 -69.782 -13.500 12.233 0.000 10.304 0.000 10.324 -0.014 10.324
3 16 -69.993 -13.000 11.894 -69.759 -13.500 11.894 -69.759 -13.000 11.894 0.009 10.304 0.000 10.324 0.000 10.304
3 16 -69.993 -13.000 11.894 -69.993 -13.500 11.894 -69.759 -13.500 11.894 0.009 10.304 0.009 10.324 0.000 10.324
3 16 -69.981 -13.000 12.186 -69.993 -13.500 11.894 -69.993 -13.000 11.894 0.000 10.304 -0.012 10.324 -0.012 10.304
3 16 -69.981 -13.000 12.186 -69.981 -13.500 12.186 -69.993 -13.500 11.894 0.000 10.304 0.000 10.324 -0.012 10.324
3 16 -69.466 -13.000 6.572 -68.320 -13.500 6.011 -68.320 -13.000 6.011 0.000 10.304 -0.051 10.324 -0.051 10.304
3 16 -69.466 -13.000 6.572 -69.466 -13.500 6.572 -68.320 -13.500 6.011 0.000 10.304 0.000 10.324 -0.051 10.324
3 16 -68.320 -13.000 6.011 -68.215 -13.500 6.245 -68.215 -13.000 6.245 0.000 10.304 -0.010 10.324 -0.010 10.304
3 16 -68.320 -13.000 6.011 -68.320 -13.500 6.011 -68.215 -13.500 6.245 0.000 10.304 0.000 10.324 -0.010 10.324
3 16 -69.338 -13.000 6.783 -69.466 -13.500 6.572 -69.466 -13.000 6.572 0.000 10.304 -0.010 10.324 -0.010 10.304
3 16 -69.338 -13.000 6.783 -69.338 -13.500 6.783 -69.466 -13.500 6.572 0.000 10.304 0.000 10.324 -0.010 10.324
3 16 -68.215 -13.000 6.245 -69.338 -13.500 6.783 -69.338 -13.000 6.783 0.000 10.304 -0.050 10.324 -0.050 10.304
3 16 -68.215 -13.000 6.245 -68.215 -13.500 6.245 -69.338 -13.500 6.783 0.000 10.304 0.000 10.324 -0.050 10.324
3 16 -68.215 -13.500 6.245 -69.466 -13.500 6.572 -69.338 -13.500 6.783 0.250 -5.409 0.263 -5.459 0.271 -5.454
3 16 -68.215 -13.500 6.245 -68.320 -13.500 6.011 -69.466 -13.500 6.572 0.250 -5.409 0.240 -5.413 0.263 -5.459
3 16 -68.946 -13.500 8.209 -69.373 -13.500 7.788 -69.455 -13.500 8.057 0.328 -5.438 0.312 -5.455 0.322 -5.458
3 16 -68.946 -13.500 8.209 -68.133 -13.500 8.280 -69.373 -13.500 7.788 0.328 -5.438 0.331 -5.405 0.312 -5.455
3 16 -68.946 -13.500 8.209 -68.250 -13.500 8.525 -68.133 -13.500 8.280 0.328 -5.438 0.341 -5.410 0.331 -5.405
3 16 -69.246 -13.000 8.113 -69.455 -13.500 8.057 -69.455 -13.000 8.057 -0.044 10.304 -0.058 10.324 -0.058 10.304
3 16 -69.246 -13.000 8.113 -68.946 -13.500 8.209 -69.455 -13.500 8.057 -0.044 10.304 -0.029 10.324 -0.058 10.324
3 16 -69.246 -13.000 8.113 -68.946 -13.000 8.209 -68.946 -13.500 8.209 -0.044 10.304 -0.029 10.304 -0.029 10.324
3 16 -68.946 -13.000 8.209 -68.600 -13.000 8.347 -68.946 -13.500 8.209 -0.029 10.304 -0.015 10.304 -0.029 10.324
3 16 -68.250 -13.500 8.525 -68.600 -13.000 8.347 -68.250 -13.000 8.525 0.000 10.324 -0.015 10.304 0.000 10.304
3 16 -68.250 -13.500 8.525 -68.946 -13.500 8.209 -68.600 -13.000 8.347 0.000 10.324 -0.029 10.324 -0.015 10.304
3 16 -69.455 -13.000 8.057 -69.373 -13.500 7.788 -69.373 -13.000 7.788 0.000 10.304 -0.011 10.324 -0.011 10.304
3 16 -69.455 -13.000 8.057 -69.455 -13.500 8.057 -69.373 -13.500 7.788 0.000 10.304 0.000 10.324 -0.011 10.324
3 16 -68.133 -13.000 8.280 -68.250 -13.500 8.525 -68.250 -13.000 8.525 0.000 10.304 -0.011 10.324 -0.011 10.304
3 16 -68.133 -13.000 8.280 -68.133 -13.500 8.280 -68.250 -13.500 8.525 0.000 10.304 0.000 10.324 -0.011 10.324
3 16 -68.369 -13.000 8.166 -68.133 -13.500 8.280 -68.133 -13.000 8.280 -0.049 10.304 -0.065 10.324 -0.065 10.304
3 16 -68.369 -13.000 8.166 -68.700 -13.000 8.034 -68.133 -13.500 8.280 -0.049 10.304 -0.032 10.304 -0.065 10.324
3 16 -68.700 -13.000 8.034 -69.373 -13.500 7.788 -68.133 -13.500 8.280 -0.032 10.304 0.000 10.324 -0.065 10.324
3 16 -68.700 -13.000 8.034 -69.059 -13.000 7.902 -69.373 -13.500 7.788 -0.032 10.304 -0.016 10.304 0.000 10.324
3 16 -69.059 -13.000 7.902 -69.373 -13.000 7.788 -69.373 -13.500 7.788 -0.016 10.304 0.000 10.304 0.000 10.324
3 16 -69.946 -13.000 2.151 -69.724 -13.500 2.268 -69.724 -13.000 2.268 0.000 10.304 -0.010 10.324 -0.010 10.304
3 16 -69.946 -13.000 2.151 -69.946 -13.500 2.151 -69.724 -13.500 2.268 0.000 10.304 0.000 10.324 -0.010 10.324
3 16 -69.724 -13.000 2.268 -69.724 -13.500 1.929 -69.724 -13.000 1.929 0.014 10.304 0.000 10.324 0.000 10.304
3 16 -69.724 -13.000 2.268 -69.724 -13.500 2.268 -69.724 -13.500 1.929 0.014 10.304 0.014 10.324 0.000 10.324
3 16 -69.724 -13.000 1.929 -70.180 -13.500 1.940 -70.180 -13.000 1.940 0.000 10.304 -0.018 10.324 -0.018 10.304
3 16 -69.724 -13.000 1.929 -69.724 -13.500 1.929 -70.180 -13.500 1.940 0.000 10.304 0.000 10.324 -0.018 10.324
3 16 -70.180 -13.000 1.940 -70.180 -13.500 1.671 -70.180 -13.000 1.671 0.011 10.304 0.000 10.324 0.000 10.304
3 16 -70.180 -13.000 1.940 -70.180 -13.500 1.940 -70.180 -13.500 1.671 0.011 10.304 0.011 10.324 0.000 10.324
3 16 -70.180 -13.000 1.671 -69.724 -13.500 1.683 -69.724 -13.000 1.683 0.000 10.304 -0.018 10.324 -0.018 10.304
3 16 -70.180 -13.000 1.671 -70.180 -13.500 1.671 -69.724 -13.500 1.683 0.000 10.304 0.000 10.324 -0.018 10.324
3 16 -69.724 -13.000 1.683 -69.724 -13.500 1.508 -69.724 -13.000 1.508 0.007 10.304 0.000 10.324 0.000 10.304
3 16 -69.724 -13.000 1.683 -69.724 -13.500 1.683 -69.724 -13.500 1.508 0.007 10.304 0.007 10.324 0.000 10.324
3 16 -69.724 -13.000 1.508 -69.735 -13.500 1.087 -69.735 -13.000 1.087 0.000 10.304 -0.017 10.324 -0.017 10.304
3 16 -69.724 -13.000 1.508 -69.724 -13.500 1.508 -69.735 -13.500 1.087 0.000 10.304 0.000 10.324 -0.017 10.324
3 16 -69.735 -13.000 1.087 -69.525 -13.500 1.087 -69.525 -13.000 1.087 0.008 10.304 0.000 10.324 0.000 10.304
3 16 -69.735 -13.000 1.087 -69.735 -13.500 1.087 -69.525 -13.500 1.087 0.008 10.304 0.008 10.324 0.000 10.324
3 16 -69.525 -13.000 1.087 -69.537 -13.500 1.496 -69.537 -13.000 1.496 0.000 10.304 -0.016 10.324 -0.016 10.304
3 16 -69.525 -13.000 1.087 -69.525 -13.500 1.087 -69.537 -13.500 1.496 0.000 10.304 0.000 10.324 -0.016 10.324
3 16 -69.537 -13.000 1.496 -69.537 -13.500 1.683 -69.537 -13.000 1.683 0.007 10.304 0.000 10.324 0.000 10.304
3 16 -69.537 -13.000 1.496 -69.537 -13.500 1.496 -69.537 -13.500 1.683 0.007 10.304 0.007 10.324 0.000 10.324
3 16 -69.537 -13.000 1.683 -69.197 -13.500 1.683 -69.197 -13.000 1.683 0.014 10.304 0.000 10.324 0.000 10.304
3 16 -69.537 -13.000 1.683 -69.537 -13.500 1.683 -69.197 -13.500 1.683 0.014 10.304 0.014 10.324 0.000 10.324
3 16 -69.197 -13.000 1.683 -69.197 -13.500 1.391 -69.197 -13.000 1.391 0.012 10.304 0.000 10.324 0.000 10.304
3 16 -69.197 -13.000 1.683 -69.197 -13.500 1.683 -69.197 -13.500 1.391 0.012 10.304 0.012 10.324 0.000 10.324
3 16 -69.197 -13.000 1.391 -69.209 -13.500 1.016 -69.209 -13.000 1.016 0.000 10.304 -0.015 10.324 -0.015 10.304
3 16 -69.197 -13.000 1.391 -69.197 -13.500 1.391 -69.209 -13.500 1.016 0.000 10.304 0.000 10.324 -0.015 10.324
3 16 -69.209 -13.000 1.016 -69.010 -13.500 1.016 -69.010 -13.000 1.016 0.008 10.304 0.000 10.324 0.000 10.304
3 16 -69.209 -13.000 1.016 -69.209 -13.500 1.016 -69.010 -13.500 1.016 0.008 10.304 0.008 10.324 0.000 10.324
3 16 -69.010 -13.000 1.016 -69.010 -13.500 1.683 -69.010 -13.000 1.683 0.027 10.304 0.000 10.324 0.000 10.304
3 16 -69.010 -13.000 1.016 -69.010 -13.500 1.016 -69.010 -13.500 1.683 0.027 10.304 0.027 10.324 0.000 10.324
3 16 -69.010 -13.000 1.683 -68.695 -13.500 1.683 -68.695 -13.000 1.683 0.013 10.304 0.000 10.324 0.000 10.304
3 16 -69.010 -13.000 1.683 -69.010 -13.500 1.683 -68.695 -13.500 1.683 0.013 10.304 0.013 10.324 0.000 10.324
3 16 -68.695 -13.000 1.683 -68.695 -13.500 1.052 -68.695 -13.000 1.052 0.025 10.304 0.000 10.324 0.000 10.304
3 16 -68.695 -13.000 1.683 -68.695 -13.500 1.683 -68.695 -13.500 1.052 0.025 10.304 0.025 10.324 0.000 10.324
3 16 -67.847 -13.000 1.180 -67.771 -13.500 1.449 -67.771 -13.000 1.449 -0.021 10.304 -0.028 10.324 -0.028 10.304
3 16 -67.847 -13.000 1.180 -67.847 -13.500 1.180 -67.771 -13.500 1.449 -0.021 10.304 -0.021 10.324 -0.028 10.324
3 16 -67.847 -13.000 1.180 -67.899 -13.000 1.109 -67.847 -13.500 1.180 -0.021 10.304 -0.018 10.304 -0.021 10.324
3 16 -67.899 -13.000 1.109 -67.900 -13.500 1.108 -67.847 -13.500 1.180 -0.018 10.304 -0.018 10.324 -0.021 10.324
3 16 -67.899 -13.000 1.109 -67.975 -13.000 1.081 -67.900 -13.500 1.108 -0.018 10.304 -0.014 10.304 -0.018 10.324
3 16 -67.975 -13.000 1.081 -67.975 -13.500 1.081 -67.900 -13.500 1.108 -0.014 10.304 -0.014 10.324 -0.018 10.324
3 16 -67.975 -13.000 1.081 -68.309 -13.000 1.069 -67.975 -13.500 1.081 -0.014 10.304 -0.007 10.304 -0.014 10.324
3 16 -68.309 -13.000 1.069 -68.695 -13.500 1.052 -67.975 -13.500 1.081 -0.007 10.304 0.000 10.324 -0.014 10.324
3 16 -68.309 -13.000 1.069 -68.695 -13.000 1.052 -68.695 -13.500 1.052 -0.007 10.304 0.000 10.304 0.000 10.324
3 16 -67.927 -13.000 1.489 -68.040 -13.500 1.531 -68.040 -13.000 1.531 -0.007 10.304 -0.011 10.324 -0.011 10.304
3 16 -67.927 -13.000 1.489 -67.927 -13.500 1.489 -68.040 -13.500 1.531 -0.007 10.304 -0.007 10.324 -0.011 10.324
3 16 -67.927 -13.000 1.489 -67.771 -13.000 1.449 -67.927 -13.500 1.489 -0.007 10.304 0.000 10.304 -0.007 10.324
3 16 -67.771 -13.000 1.449 -67.771 -13.500 1.449 -67.927 -13.500 1.489 0.000 10.304 0.000 10.324 -0.007 10.324
3 16 -68.238 -13.000 1.309 -68.131 -13.500 1.314 -68.238 -13.500 1.309 -0.006 10.304 -0.005 10.324 -0.006 10.324
3 16 -68.238 -13.000 1.309 -68.111 -13.000 1.318 -68.131 -13.500 1.314 -0.006 10.304 -0.005 10.304 -0.005 10.324
3 16 -68.111 -13.000 1.318 -68.087 -13.500 1.324 -68.131 -13.500 1.314 -0.005 10.304 -0.004 10.324 -0.005 10.324
3 16 -68.111 -13.000 1.318 -68.075 -13.000 1.329 -68.087 -13.500 1.324 -0.005 10.304 -0.004 10.304 -0.004 10.324
3 16 -68.075 -13.000 1.329 -68.070 -13.500 1.331 -68.087 -13.500 1.324 -0.004 10.304 -0.004 10.324 -0.004 10.324
3 16 -68.075 -13.000 1.329 -68.057 -13.000 1.344 -68.070 -13.500 1.331 -0.004 10.304 -0.003 10.304 -0.004 10.324
3 16 -68.057 -13.000 1.344 -68.057 -13.500 1.344 -68.070 -13.500 1.331 -0.003 10.304 -0.003 10.324 -0.004 10.324
3 16 -68.057 -13.000 1.344 -68.044 -13.000 1.408 -68.057 -13.500 1.344 -0.003 10.304 -0.002 10.304 -0.003 10.324
3 16 -68.044 -13.000 1.408 -68.040 -13.500 1.531 -68.057 -13.500 1.344 -0.002 10.304 0.000 10.324 -0.003 10.324
3 16 -68.044 -13.000 1.408 -68.040 -13.000 1.531 -68.040 -13.500 1.531 -0.002 10.304 0.000 10.304 0.000 10.324
3 16 -68.238 -13.000 1.309 -68.507 -13.500 1.309 -68.507 -13.000 1.309 0.011 10.304 0.000 10.324 0.000 10.304
3 16 -68.238 -13.000 1.309 -68.238 -13.500 1.309 -68.507 -13.500 1.309 0.011 10.304 0.011 10.324 0.000 10.324
3 16 -68.507 -13.000 1.309 -68.507 -13.500 1.683 -68.507 -13.000 1.683 0.015 10.304 0.000 10.324 0.000 10.304
3 16 -68.507 -13.000 1.309 -68.507 -13.500 1.309 -68.507 -13.500 1.683 0.015 10.304 0.015 10.324 0.000 10.324
3 16 -68.507 -13.000 1.683 -67.864 -13.500 1.683 -67.864 -13.000 1.683 0.026 10.304 0.000 10.324 0.000 10.304
3 16 -68.507 -13.000 1.683 -68.507 -13.500 1.683 -67.864 -13.500 1.683 0.026 10.304 0.026 10.324 0.000 10.324
3 16 -70.028 -13.000 2.420 -69.946 -13.500 2.151 -69.946 -13.000 2.151 0.000 10.304 -0.011 10.324 -0.011 10.304
3 16 -70.028 -13.000 2.420 -70.028 -13.500 2.420 -69.946 -13.500 2.151 0.000 10.304 0.000 10.324 -0.011 10.324
3 16 -69.850 -13.000 2.470 -70.028 -13.500 2.420 -70.028 -13.000 2.420 -0.020 10.304 -0.026 10.324 -0.026 10.304
3 16 -69.850 -13.000 2.470 -69.689 -13.000 2.525 -70.028 -13.500 2.420 -0.020 10.304 -0.013 10.304 -0.026 10.324
3 16 -69.689 -13.000 2.525 -69.420 -13.500 2.666 -70.028 -13.500 2.420 -0.013 10.304 0.000 10.324 -0.026 10.324
3 16 -69.689 -13.000 2.525 -69.545 -13.000 2.590 -69.420 -13.500 2.666 -0.013 10.304 -0.007 10.304 0.000 10.324
3 16 -69.545 -13.000 2.590 -69.420 -13.000 2.666 -69.420 -13.500 2.666 -0.007 10.304 0.000 10.304 0.000 10.324
3 16 -69.376 -13.000 2.576 -69.420 -13.500 2.666 -69.420 -13.000 2.666 -0.006 10.304 -0.010 10.324 -0.010 10.304
3 16 -69.376 -13.000 2.576 -69.376 -13.500 2.576 -69.420 -13.500 2.666 -0.006 10.304 -0.006 10.324 -0.010 10.324
3 16 -69.376 -13.000 2.576 -69.303 -13.500 2.455 -69.376 -13.500 2.576 -0.006 10.304 0.000 10.324 -0.006 10.324
3 16 -69.376 -13.000 2.576 -69.303 -13.000 2.455 -69.303 -13.500 2.455 -0.006 10.304 0.000 10.304 0.000 10.324
3 16 -69.537 -13.000 2.338 -69.303 -13.500 2.455 -69.303 -13.000 2.455 0.000 10.304 -0.010 10.324 -0.010 10.304
3 16 -69.537 -13.000 2.338 -69.537 -13.500 2.338 -69.303 -13.500 2.455 0.000 10.304 0.000 10.324 -0.010 10.324
3 16 -69.537 -13.000 1.929 -69.537 -13.500 2.338 -69.537 -13.000 2.338 0.016 10.304 0.000 10.324 0.000 10.304
3 16 -69.537 -13.000 1.929 -69.537 -13.500 1.929 -69.537 -13.500 2.338 0.016 10.304 0.016 10.324 0.000 10.324
3 16 -69.197 -13.000 1.929 -69.537 -13.500 1.929 -69.537 -13.000 1.929 0.014 10.304 0.000 10.324 0.000 10.304
3 16 -69.197 -13.000 1.929 -69.197 -13.500 1.929 -69.537 -13.500 1.929 0.014 10.304 0.014 10.324 0.000 10.324
3 16 -69.197 -13.000 2.303 -69.197 -13.500 1.929 -69.197 -13.000 1.929 0.015 10.304 0.000 10.324 0.000 10.304
3 16 -69.197 -13.000 2.303 -69.197 -13.500 2.303 -69.197 -13.500 1.929 0.015 10.304 0.015 10.324 0.000 10.324
3 16 -69.209 -13.000 2.666 -69.197 -13.500 2.303 -69.197 -13.000 2.303 0.000 10.304 -0.015 10.324 -0.015 10.304
3 16 -69.209 -13.000 2.666 -69.209 -13.500 2.666 -69.197 -13.500 2.303 0.000 10.304 0.000 10.324 -0.015 10.324
3 16 -68.999 -13.000 2.666 -69.209 -13.500 2.666 -69.209 -13.000 2.666 0.008 10.304 0.000 10.324 0.000 10.304
3 16 -68.999 -13.000 2.666 -68.999 -13.500 2.666 -69.209 -13.500 2.666 0.008 10.304 0.008 10.324 0.000 10.324
3 16 -69.010 -13.000 2.303 -68.999 -13.500 2.666 -68.999 -13.000 2.666 0.000 10.304 -0.015 10.324 -0.015 10.304
3 16 -69.010 -13.000 2.303 -69.010 -13.500 2.303 -68.999 -13.500 2.666 0.000 10.304 0.000 10.324 -0.015 10.324
3 16 -69.010 -13.000 1.929 -69.010 -13.500 2.303 -69.010 -13.000 2.303 0.015 10.304 0.000 10.324 0.000 10.304
3 16 -69.010 -13.000 1.929 -69.010 -13.500 1.929 -69.010 -13.500 2.303 0.015 10.304 0.015 10.324 0.000 10.324
3 16 -68.695 -13.000 1.929 -69.010 -13.500 1.929 -69.010 -13.000 1.929 0.013 10.304 0.000 10.324 0.000 10.304
3 16 -68.695 -13.000 1.929 -68.695 -13.500 1.929 -69.010 -13.500 1.929 0.013 10.304 0.013 10.324 0.000 10.324
3 16 -68.695 -13.000 2.537 -68.695 -13.500 1.929 -68.695 -13.000 1.929 0.024 10.304 0.000 10.324 0.000 10.304
3 16 -68.695 -13.000 2.537 -68.695 -13.500 2.537 -68.695 -13.500 1.929 0.024 10.304 0.024 10.324 0.000 10.324
3 16 -68.344 -13.000 2.525 -68.695 -13.500 2.537 -68.695 -13.000 2.537 0.000 10.304 -0.014 10.324 -0.014 10.304
3 16 -68.344 -13.000 2.525 -68.344 -13.500 2.525 -68.695 -13.500 2.537 0.000 10.304 0.000 10.324 -0.014 10.324
3 16 -68.086 -13.000 2.525 -68.344 -13.500 2.525 -68.344 -13.000 2.525 0.010 10.304 0.000 10.324 0.000 10.304
3 16 -68.086 -13.000 2.525 -68.086 -13.500 2.525 -68.344 -13.500 2.525 0.010 10.304 0.010 10.324 0.000 10.324
3 16 -67.771 -13.000 2.537 -68.086 -13.500 2.525 -68.086 -13.000 2.525 0.000 10.304 -0.013 10.324 -0.013 10.304
3 16 -67.771 -13.000 2.537 -67.771 -13.500 2.537 -68.086 -13.500 2.525 0.000 10.304 0.000 10.324 -0.013 10.324
3 16 -67.771 -13.000 2.291 -67.771 -13.500 2.537 -67.771 -13.000 2.537 0.010 10.304 0.000 10.324 0.000 10.304
3 16 -67.771 -13.000 2.291 -67.771 -13.500 2.291 -67.771 -13.500 2.537 0.010 10.304 0.010 10.324 0.000 10.324
3 16 -68.507 -13.000 2.291 -67.771 -13.500 2.291 -67.771 -13.000 2.291 0.029 10.304 0.000 10.324 0.000 10.304
3 16 -68.507 -13.000 2.291 -68.507 -13.500 2.291 -67.771 -13.500 2.291 0.029 10.304 0.029 10.324 0.000 10.324
3 16 -68.507 -13.000 1.929 -68.507 -13.500 2.291 -68.507 -13.000 2.291 0.015 10.304 0.000 10.324 0.000 10.304
3 16 -68.507 -13.000 1.929 -68.507 -13.500 1.929 -68.507 -13.500 2.291 0.015 10.304 0.015 10.324 0.000 10.324
3 16 -67.864 -13.000 1.929 -68.507 -13.500 1.929 -68.507 -13.000 1.929 0.026 10.304 0.000 10.324 0.000 10.304
3 16 -67.864 -13.000 1.929 -67.864 -13.500 1.929 -68.507 -13.500 1.929 0.026 10.304 0.026 10.324 0.000 10.324
3 16 -67.525 -13.000 1.940 -67.864 -13.500 1.929 -67.864 -13.000 1.929 0.000 10.304 -0.014 10.324 -0.014 10.304
3 16 -67.525 -13.000 1.940 -67.525 -13.500 1.940 -67.864 -13.500 1.929 0.000 10.304 0.000 10.324 -0.014 10.324
3 16 -67.525 -13.000 1.671 -67.525 -13.500 1.940 -67.525 -13.000 1.940 0.011 10.304 0.000 10.324 0.000 10.304
3 16 -67.525 -13.000 1.671 -67.525 -13.500 1.671 -67.525 -13.500 1.940 0.011 10.304 0.011 10.324 0.000 10.324
3 16 -67.864 -13.000 1.683 -67.525 -13.500 1.671 -67.525 -13.000 1.671 0.000 10.304 -0.014 10.324 -0.014 10.304
3 16 -67.864 -13.000 1.683 -67.864 -13.500 1.683 -67.525 -13.500 1.671 0.000 10.304 0.000 10.324 -0.014 10.324
3 16 -70.028 -13.500 2.420 -69.724 -13.500 2.268 -69.946 -13.500 2.151 0.097 -5.481 0.091 -5.469 0.086 -5.478
3 16 -70.028 -13.500 2.420 -69.537 -13.500 2.338 -69.724 -13.500 2.268 0.097 -5.481 0.094 -5.461 0.091 -5.469
3 16 -69.537 -13.500 2.338 -69.537 -13.500 1.929 -69.724 -13.500 2.268 0.094 -5.461 0.077 -5.461 0.091 -5.469
3 16 -69.376 -13.500 2.576 -70.028 -13.500 2.420 -69.420 -13.500 2.666 0.103 -5.455 0.097 -5.481 0.107 -5.457
3 16 -69.376 -13.500 2.576 -69.537 -13.500 2.338 -70.028 -13.500 2.420 0.103 -5.455 0.094 -5.461 0.097 -5.481
3 16 -69.303 -13.500 2.455 -69.537 -13.500 2.338 -69.376 -13.500 2.576 0.098 -5.452 0.094 -5.461 0.103 -5.455
3 16 -69.197 -13.500 1.683 -69.537 -13.500 1.929 -69.197 -13.500 1.929 0.067 -5.448 0.077 -5.461 0.077 -5.448
3 16 -69.197 -13.500 1.683 -69.537 -13.500 1.683 -69.537 -13.500 1.929 0.067 -5.448 0.067 -5.461 0.077 -5.461
3 16 -69.537 -13.500 1.683 -69.724 -13.500 1.929 -69.537 -13.500 1.929 0.067 -5.461 0.077 -5.469 0.077 -5.461
3 16 -69.537 -13.500 1.683 -69.724 -13.500 1.683 -69.724 -13.500 1.929 0.067 -5.461 0.067 -5.469 0.077 -5.469
3 16 -69.724 -13.500 1.683 -70.180 -13.500 1.940 -69.724 -13.500 1.929 0.067 -5.469 0.078 -5.487 0.077 -5.469
3 16 -69.724 -13.500 1.683 -70.180 -13.500 1.671 -70.180 -13.500 1.940 0.067 -5.469 0.067 -5.487 0.078 -5.487
3 16 -69.010 -13.500 1.929 -69.197 -13.500 1.929 -69.197 -13.500 2.303 0.077 -5.440 0.077 -5.448 0.092 -5.448
3 16 -69.010 -13.500 1.929 -69.010 -13.500 1.683 -69.197 -13.500 1.929 0.077 -5.440 0.067 -5.440 0.077 -5.448
3 16 -69.010 -13.500 1.683 -69.197 -13.500 1.683 -69.197 -13.500 1.929 0.067 -5.440 0.067 -5.448 0.077 -5.448
3 16 -69.010 -13.500 1.683 -69.197 -13.500 1.391 -69.197 -13.500 1.683 0.067 -5.440 0.056 -5.448 0.067 -5.448
3 16 -69.010 -13.500 1.683 -69.010 -13.500 1.016 -69.197 -13.500 1.391 0.067 -5.440 0.041 -5.440 0.056 -5.448
3 16 -69.010 -13.500 1.016 -69.209 -13.500 1.016 -69.197 -13.500 1.391 0.041 -5.440 0.041 -5.448 0.056 -5.448
3 16 -69.197 -13.500 2.303 -69.010 -13.500 2.303 -69.010 -13.500 1.929 0.092 -5.448 0.092 -5.440 0.077 -5.440
3 16 -69.197 -13.500 2.303 -69.209 -13.500 2.666 -69.010 -13.500 2.303 0.092 -5.448 0.107 -5.448 0.092 -5.440
3 16 -69.209 -13.500 2.666 -68.999 -13.500 2.666 -69.010 -13.500 2.303 0.107 -5.448 0.107 -5.440 0.092 -5.440
3 16 -69.010 -13.500 1.929 -68.695 -13.500 1.683 -69.010 -13.500 1.683 0.077 -5.440 0.067 -5.428 0.067 -5.440
3 16 -69.010 -13.500 1.929 -68.695 -13.500 1.929 -68.695 -13.500 1.683 0.077 -5.440 0.077 -5.428 0.067 -5.428
3 16 -68.695 -13.500 1.929 -68.507 -13.500 1.683 -68.695 -13.500 1.683 0.077 -5.428 0.067 -5.420 0.067 -5.428
3 16 -68.695 -13.500 1.929 -68.507 -13.500 1.929 -68.507 -13.500 1.683 0.077 -5.428 0.077 -5.420 0.067 -5.420
3 16 -68.507 -13.500 1.929 -67.864 -13.500 1.683 -68.507 -13.500 1.683 0.077 -5.420 0.067 -5.395 0.067 -5.420
3 16 -68.507 -13.500 1.929 -67.864 -13.500 1.929 -67.864 -13.500 1.683 0.077 -5.420 0.077 -5.395 0.067 -5.395
3 16 -67.864 -13.500 1.929 -67.525 -13.500 1.671 -67.864 -13.500 1.683 0.077 -5.395 0.067 -5.381 0.067 -5.395
3 16 -67.864 -13.500 1.929 -67.525 -13.500 1.940 -67.525 -13.500 1.671 0.077 -5.395 0.078 -5.381 0.067 -5.381
3 16 -68.695 -13.500 1.929 -68.507 -13.500 2.291 -68.507 -13.500 1.929 0.077 -5.428 0.092 -5.420 0.077 -5.420
3 16 -68.695 -13.500 1.929 -68.695 -13.500 2.537 -68.507 -13.500 2.291 0.077 -5.428 0.101 -5.428 0.092 -5.420
3 16 -68.695 -13.500 2.537 -68.344 -13.500 2.525 -68.507 -13.500 2.291 0.101 -5.428 0.101 -5.414 0.092 -5.420
3 16 -68.086 -13.500 2.525 -68.507 -13.500 2.291 -68.344 -13.500 2.525 0.101 -5.403 0.092 -5.420 0.101 -5.414
3 16 -68.086 -13.500 2.525 -67.771 -13.500 2.291 -68.507 -13.500 2.291 0.101 -5.403 0.092 -5.391 0.092 -5.420
3 16 -68.086 -13.500 2.525 -67.771 -13.500 2.537 -67.771 -13.500 2.291 0.101 -5.403 0.101 -5.391 0.092 -5.391
3 16 -68.507 -13.500 1.309 -68.695 -13.500 1.683 -68.507 -13.500 1.683 0.052 -5.420 0.067 -5.428 0.067 -5.420
3 16 -68.507 -13.500 1.309 -68.695 -13.500 1.052 -68.695 -13.500 1.683 0.052 -5.420 0.042 -5.428 0.067 -5.428
3 16 -68.507 -13.500 1.309 -68.238 -13.500 1.309 -68.695 -13.500 1.052 0.052 -5.420 0.052 -5.410 0.042 -5.428
3 16 -68.238 -13.500 1.309 -67.975 -13.500 1.081 -68.695 -13.500 1.052 0.052 -5.410 0.043 -5.399 0.042 -5.428
3 16 -68.238 -13.500 1.309 -68.131 -13.500 1.314 -67.975 -13.500 1.081 0.052 -5.410 0.053 -5.405 0.043 -5.399
3 16 -68.131 -13.500 1.314 -68.087 -13.500 1.324 -67.975 -13.500 1.081 0.053 -5.405 0.053 -5.403 0.043 -5.399
3 16 -67.847 -13.500 1.180 -68.087 -13.500 1.324 -68.070 -13.500 1.331 0.047 -5.394 0.053 -5.403 0.053 -5.403
3 16 -67.847 -13.500 1.180 -67.900 -13.500 1.108 -68.087 -13.500 1.324 0.047 -5.394 0.044 -5.396 0.053 -5.403
3 16 -67.900 -13.500 1.108 -67.975 -13.500 1.081 -68.087 -13.500 1.324 0.044 -5.396 0.043 -5.399 0.053 -5.403
3 16 -68.057 -13.500 1.344 -67.847 -13.500 1.180 -68.070 -13.500 1.331 0.054 -5.402 0.047 -5.394 0.053 -5.403
3 16 -68.057 -13.500 1.344 -67.771 -13.500 1.449 -67.847 -13.500 1.180 0.054 -5.402 0.058 -5.391 0.047 -5.394
3 16 -68.057 -13.500 1.344 -67.927 -13.500 1.489 -67.771 -13.500 1.449 0.054 -5.402 0.060 -5.397 0.058 -5.391
3 16 -68.057 -13.500 1.344 -68.040 -13.500 1.531 -67.927 -13.500 1.489 0.054 -5.402 0.061 -5.402 0.060 -5.397
3 16 -69.537 -13.500 1.683 -69.724 -13.500 1.508 -69.724 -13.500 1.683 0.067 -5.461 0.060 -5.469 0.067 -5.469
3 16 -69.537 -13.500 1.683 -69.537 -13.500 1.496 -69.724 -13.500 1.508 0.067 -5.461 0.060 -5.461 0.060 -5.469
3 16 -69.537 -13.500 1.496 -69.735 -13.500 1.087 -69.724 -13.500 1.508 0.060 -5.461 0.043 -5.469 0.060 -5.469
3 16 -69.537 -13.500 1.496 -69.525 -13.500 1.087 -69.735 -13.500 1.087 0.060 -5.461 0.043 -5.461 0.043 -5.469
3 16 -69.724 -13.500 2.268 -69.537 -13.500 1.929 -69.724 -13.500 1.929 0.091 -5.469 0.077 -5.461 0.077 -5.469
3 16 -70.075 -13.500 5.192 -69.513 -13.500 5.098 -69.958 -13.500 4.888 0.208 -5.483 0.204 -5.461 0.196 -5.478
3 16 -70.075 -13.500 5.192 -69.414 -13.500 5.397 -69.513 -13.500 5.098 0.208 -5.483 0.216 -5.457 0.204 -5.461
3 16 -69.414 -13.500 5.397 -69.303 -13.500 5.180 -69.513 -13.500 5.098 0.216 -5.457 0.207 -5.452 0.204 -5.461
3 16 -69.414 -13.500 5.397 -68.882 -13.500 5.391 -69.303 -13.500 5.180 0.216 -5.457 0.216 -5.435 0.207 -5.452
3 16 -69.414 -13.500 5.397 -68.964 -13.500 5.671 -68.882 -13.500 5.391 0.216 -5.457 0.227 -5.439 0.216 -5.435
3 16 -69.303 -13.500 4.397 -69.513 -13.500 5.098 -69.303 -13.500 5.180 0.176 -5.452 0.204 -5.461 0.207 -5.452
3 16 -69.303 -13.500 4.397 -69.513 -13.500 4.397 -69.513 -13.500 5.098 0.176 -5.452 0.176 -5.461 0.204 -5.461
3 16 -69.303 -13.500 4.397 -69.303 -13.500 4.151 -69.513 -13.500 4.397 0.176 -5.452 0.166 -5.452 0.176 -5.461
3 16 -69.303 -13.500 4.151 -69.513 -13.500 4.151 -69.513 -13.500 4.397 0.166 -5.452 0.166 -5.461 0.176 -5.461
3 16 -69.303 -13.500 4.151 -69.303 -13.500 3.636 -69.513 -13.500 4.151 0.166 -5.452 0.145 -5.452 0.166 -5.461
3 16 -69.303 -13.500 3.636 -69.513 -13.500 3.636 -69.513 -13.500 4.151 0.145 -5.452 0.145 -5.461 0.166 -5.461
3 16 -69.303 -13.500 3.636 -69.525 -13.500 3.215 -69.513 -13.500 3.636 0.145 -5.452 0.129 -5.461 0.145 -5.461
3 16 -69.303 -13.500 3.636 -69.291 -13.500 3.215 -69.525 -13.500 3.215 0.145 -5.452 0.129 -5.452 0.129 -5.461
3 16 -69.303 -13.500 4.397 -68.776 -13.500 4.151 -69.303 -13.500 4.151 0.176 -5.452 0.166 -5.431 0.166 -5.452
3 16 -69.303 -13.500 4.397 -68.776 -13.500 4.397 -68.776 -13.500 4.151 0.176 -5.452 0.176 -5.431 0.166 -5.431
3 16 -68.776 -13.500 4.397 -68.566 -13.500 4.151 -68.776 -13.500 4.151 0.176 -5.431 0.166 -5.423 0.166 -5.431
3 16 -68.776 -13.500 4.397 -68.566 -13.500 4.397 -68.566 -13.500 4.151 0.176 -5.431 0.176 -5.423 0.166 -5.423
3 16 -68.566 -13.500 4.397 -67.864 -13.500 4.151 -68.566 -13.500 4.151 0.176 -5.423 0.166 -5.395 0.166 -5.423
3 16 -68.566 -13.500 4.397 -67.864 -13.500 4.397 -67.864 -13.500 4.151 0.176 -5.423 0.176 -5.395 0.166 -5.395
3 16 -67.864 -13.500 4.397 -67.665 -13.500 3.449 -67.864 -13.500 4.151 0.176 -5.395 0.138 -5.387 0.166 -5.395
3 16 -67.864 -13.500 4.397 -67.665 -13.500 5.133 -67.665 -13.500 3.449 0.176 -5.395 0.205 -5.387 0.138 -5.387
3 16 -67.864 -13.500 4.397 -67.864 -13.500 5.133 -67.665 -13.500 5.133 0.176 -5.395 0.205 -5.395 0.205 -5.387
3 16 -67.864 -13.500 5.133 -67.876 -13.500 5.543 -67.665 -13.500 5.133 0.205 -5.395 0.222 -5.395 0.205 -5.387
3 16 -68.776 -13.500 4.829 -68.566 -13.500 4.397 -68.776 -13.500 4.397 0.193 -5.431 0.176 -5.423 0.176 -5.431
3 16 -68.776 -13.500 4.829 -68.566 -13.500 4.829 -68.566 -13.500 4.397 0.193 -5.431 0.193 -5.423 0.176 -5.423
3 16 -68.776 -13.500 4.829 -68.788 -13.500 5.169 -68.566 -13.500 4.829 0.193 -5.431 0.207 -5.432 0.193 -5.423
3 16 -68.788 -13.500 5.169 -68.554 -13.500 5.169 -68.566 -13.500 4.829 0.207 -5.432 0.207 -5.422 0.193 -5.423
3 16 -67.654 -13.500 5.543 -67.665 -13.500 5.133 -67.876 -13.500 5.543 0.222 -5.386 0.205 -5.387 0.222 -5.395
3 16 -67.876 -13.500 3.016 -67.665 -13.500 3.449 -67.654 -13.500 3.016 0.121 -5.395 0.138 -5.387 0.121 -5.386
3 16 -67.876 -13.500 3.016 -67.864 -13.500 3.449 -67.665 -13.500 3.449 0.121 -5.395 0.138 -5.395 0.138 -5.387
3 16 -67.864 -13.500 3.449 -67.864 -13.500 4.151 -67.665 -13.500 3.449 0.138 -5.395 0.166 -5.395 0.138 -5.387
3 16 -68.566 -13.500 3.788 -68.776 -13.500 4.151 -68.566 -13.500 4.151 0.152 -5.423 0.166 -5.431 0.166 -5.423
3 16 -68.566 -13.500 3.788 -68.776 -13.500 3.788 -68.776 -13.500 4.151 0.152 -5.423 0.152 -5.431 0.166 -5.431
3 16 -68.566 -13.500 3.788 -68.788 -13.500 3.391 -68.776 -13.500 3.788 0.152 -5.423 0.136 -5.432 0.152 -5.431
3 16 -68.566 -13.500 3.788 -68.554 -13.500 3.391 -68.788 -13.500 3.391 0.152 -5.423 0.136 -5.422 0.136 -5.432
3 16 -69.513 -13.500 4.151 -69.923 -13.500 4.397 -69.513 -13.500 4.397 0.166 -5.461 0.176 -5.477 0.176 -5.461
3 16 -69.513 -13.500 4.151 -69.923 -13.500 4.151 -69.923 -13.500 4.397 0.166 -5.461 0.166 -5.477 0.176 -5.477
3 16 -69.923 -13.500 4.151 -70.215 -13.500 4.408 -69.923 -13.500 4.397 0.166 -5.477 0.176 -5.489 0.176 -5.477
3 16 -69.923 -13.500 4.151 -70.215 -13.500 4.139 -70.215 -13.500 4.408 0.166 -5.477 0.166 -5.489 0.176 -5.489
3 16 -67.864 -13.000 3.449 -67.876 -13.500 3.016 -67.876 -13.000 3.016 0.000 10.304 -0.017 10.324 -0.017 10.304
3 16 -67.864 -13.000 3.449 -67.864 -13.500 3.449 -67.876 -13.500 3.016 0.000 10.304 0.000 10.324 -0.017 10.324
3 16 -67.876 -13.000 3.016 -67.654 -13.500 3.016 -67.654 -13.000 3.016 0.009 10.304 0.000 10.324 0.000 10.304
3 16 -67.876 -13.000 3.016 -67.876 -13.500 3.016 -67.654 -13.500 3.016 0.009 10.304 0.009 10.324 0.000 10.324
3 16 -67.654 -13.000 3.016 -67.665 -13.500 3.449 -67.665 -13.000 3.449 0.000 10.304 -0.017 10.324 -0.017 10.304
3 16 -67.654 -13.000 3.016 -67.654 -13.500 3.016 -67.665 -13.500 3.449 0.000 10.304 0.000 10.324 -0.017 10.324
3 16 -67.665 -13.000 3.449 -67.665 -13.500 5.133 -67.665 -13.000 5.133 0.067 10.304 0.000 10.324 0.000 10.304
3 16 -67.665 -13.000 3.449 -67.665 -13.500 3.449 -67.665 -13.500 5.133 0.067 10.304 0.067 10.324 0.000 10.324
3 16 -67.665 -13.000 5.133 -67.654 -13.500 5.543 -67.654 -13.000 5.543 0.000 10.304 -0.016 10.324 -0.016 10.304
3 16 -67.665 -13.000 5.133 -67.665 -13.500 5.133 -67.654 -13.500 5.543 0.000 10.304 0.000 10.324 -0.016 10.324
3 16 -67.654 -13.000 5.543 -67.876 -13.500 5.543 -67.876 -13.000 5.543 0.009 10.304 0.000 10.324 0.000 10.304
3 16 -67.654 -13.000 5.543 -67.654 -13.500 5.543 -67.876 -13.500 5.543 0.009 10.304 0.009 10.324 0.000 10.324
3 16 -67.876 -13.000 5.543 -67.864 -13.500 5.133 -67.864 -13.000 5.133 0.000 10.304 -0.016 10.324 -0.016 10.304
3 16 -67.876 -13.000 5.543 -67.876 -13.500 5.543 -67.864 -13.500 5.133 0.000 10.304 0.000 10.324 -0.016 10.324
3 16 -67.864 -13.000 5.133 -67.864 -13.500 4.397 -67.864 -13.000 4.397 0.029 10.304 0.000 10.324 0.000 10.304
3 16 -67.864 -13.000 5.133 -67.864 -13.500 5.133 -67.864 -13.500 4.397 0.029 10.304 0.029 10.324 0.000 10.324
3 16 -67.864 -13.000 4.397 -68.566 -13.500 4.397 -68.566 -13.000 4.397 0.028 10.304 0.000 10.324 0.000 10.304
3 16 -67.864 -13.000 4.397 -67.864 -13.500 4.397 -68.566 -13.500 4.397 0.028 10.304 0.028 10.324 0.000 10.324
3 16 -68.566 -13.000 4.397 -68.566 -13.500 4.829 -68.566 -13.000 4.829 0.017 10.304 0.000 10.324 0.000 10.304
3 16 -68.566 -13.000 4.397 -68.566 -13.500 4.397 -68.566 -13.500 4.829 0.017 10.304 0.017 10.324 0.000 10.324
3 16 -68.566 -13.000 4.829 -68.554 -13.500 5.169 -68.554 -13.000 5.169 0.000 10.304 -0.014 10.324 -0.014 10.304
3 16 -68.566 -13.000 4.829 -68.566 -13.500 4.829 -68.554 -13.500 5.169 0.000 10.304 0.000 10.324 -0.014 10.324
3 16 -68.554 -13.000 5.169 -68.788 -13.500 5.169 -68.788 -13.000 5.169 0.009 10.304 0.000 10.324 0.000 10.304
3 16 -68.554 -13.000 5.169 -68.554 -13.500 5.169 -68.788 -13.500 5.169 0.009 10.304 0.009 10.324 0.000 10.324
3 16 -68.788 -13.000 5.169 -68.776 -13.500 4.829 -68.776 -13.000 4.829 0.000 10.304 -0.014 10.324 -0.014 10.304
3 16 -68.788 -13.000 5.169 -68.788 -13.500 5.169 -68.776 -13.500 4.829 0.000 10.304 0.000 10.324 -0.014 10.324
3 16 -68.776 -13.000 4.829 -68.776 -13.500 4.397 -68.776 -13.000 4.397 0.017 10.304 0.000 10.324 0.000 10.304
3 16 -68.776 -13.000 4.829 -68.776 -13.500 4.829 -68.776 -13.500 4.397 0.017 10.304 0.017 10.324 0.000 10.324
3 16 -68.776 -13.000 4.397 -69.303 -13.500 4.397 -69.303 -13.000 4.397 0.021 10.304 0.000 10.324 0.000 10.304
3 16 -68.776 -13.000 4.397 -68.776 -13.500 4.397 -69.303 -13.500 4.397 0.021 10.304 0.021 10.324 0.000 10.324
3 16 -69.303 -13.000 4.397 -69.303 -13.500 5.180 -69.303 -13.000 5.180 0.031 10.304 0.000 10.324 0.000 10.304
3 16 -69.303 -13.000 4.397 -69.303 -13.500 4.397 -69.303 -13.500 5.180 0.031 10.304 0.031 10.324 0.000 10.324
3 16 -69.303 -13.000 5.180 -68.882 -13.500 5.391 -68.882 -13.000 5.391 0.000 10.304 -0.019 10.324 -0.019 10.304
3 16 -69.303 -13.000 5.180 -69.303 -13.500 5.180 -68.882 -13.500 5.391 0.000 10.304 0.000 10.324 -0.019 10.324
3 16 -68.882 -13.000 5.391 -68.964 -13.500 5.671 -68.964 -13.000 5.671 0.000 10.304 -0.012 10.324 -0.012 10.304
3 16 -68.882 -13.000 5.391 -68.882 -13.500 5.391 -68.964 -13.500 5.671 0.000 10.304 0.000 10.324 -0.012 10.324
3 16 -69.734 -13.000 5.272 -70.075 -13.500 5.192 -70.075 -13.000 5.192 -0.041 10.304 -0.055 10.324 -0.055 10.304
3 16 -69.734 -13.000 5.272 -69.414 -13.500 5.397 -70.075 -13.500 5.192 -0.041 10.304 -0.027 10.324 -0.055 10.324
3 16 -69.734 -13.000 5.272 -69.414 -13.000 5.397 -69.414 -13.500 5.397 -0.041 10.304 -0.027 10.304 -0.027 10.324
3 16 -69.414 -13.000 5.397 -69.146 -13.000 5.538 -69.414 -13.500 5.397 -0.027 10.304 -0.014 10.304 -0.027 10.324
3 16 -68.964 -13.500 5.671 -69.146 -13.000 5.538 -68.964 -13.000 5.671 0.000 10.324 -0.014 10.304 0.000 10.304
3 16 -68.964 -13.500 5.671 -69.414 -13.500 5.397 -69.146 -13.000 5.538 0.000 10.324 -0.027 10.324 -0.014 10.304
3 16 -70.075 -13.000 5.192 -69.958 -13.500 4.888 -69.958 -13.000 4.888 0.013 10.304 0.000 10.324 0.000 10.304
3 16 -70.075 -13.000 5.192 -70.075 -13.500 5.192 -69.958 -13.500 4.888 0.013 10.304 0.013 10.324 0.000 10.324
3 16 -67.864 -13.000 4.151 -67.864 -13.500 3.449 -67.864 -13.000 3.449 0.028 10.304 0.000 10.324 0.000 10.304
3 16 -67.864 -13.000 4.151 -67.864 -13.500 4.151 -67.864 -13.500 3.449 0.028 10.304 0.028 10.324 0.000 10.324
3 16 -68.566 -13.000 4.151 -67.864 -13.500 4.151 -67.864 -13.000 4.151 0.028 10.304 0.000 10.324 0.000 10.304
3 16 -68.566 -13.000 4.151 -68.566 -13.500 4.151 -67.864 -13.500 4.151 0.028 10.304 0.028 10.324 0.000 10.324
3 16 -68.566 -13.000 3.788 -68.566 -13.500 4.151 -68.566 -13.000 4.151 0.015 10.304 0.000 10.324 0.000 10.304
3 16 -68.566 -13.000 3.788 -68.566 -13.500 3.788 -68.566 -13.500 4.151 0.015 10.304 0.015 10.324 0.000 10.324
3 16 -68.554 -13.000 3.391 -68.566 -13.500 3.788 -68.566 -13.000 3.788 0.000 10.304 -0.016 10.324 -0.016 10.304
3 16 -68.554 -13.000 3.391 -68.554 -13.500 3.391 -68.566 -13.500 3.788 0.000 10.304 0.000 10.324 -0.016 10.324
3 16 -68.788 -13.000 3.391 -68.554 -13.500 3.391 -68.554 -13.000 3.391 0.009 10.304 0.000 10.324 0.000 10.304
3 16 -68.788 -13.000 3.391 -68.788 -13.500 3.391 -68.554 -13.500 3.391 0.009 10.304 0.009 10.324 0.000 10.324
3 16 -68.776 -13.000 3.788 -68.788 -13.500 3.391 -68.788 -13.000 3.391 0.000 10.304 -0.016 10.324 -0.016 10.304
3 16 -68.776 -13.000 3.788 -68.776 -13.500 3.788 -68.788 -13.500 3.391 0.000 10.304 0.000 10.324 -0.016 10.324
3 16 -68.776 -13.000 4.151 -68.776 -13.500 3.788 -68.776 -13.000 3.788 0.015 10.304 0.000 10.324 0.000 10.304
3 16 -68.776 -13.000 4.151 -68.776 -13.500 4.151 -68.776 -13.500 3.788 0.015 10.304 0.015 10.324 0.000 10.324
3 16 -69.303 -13.000 4.151 -68.776 -13.500 4.151 -68.776 -13.000 4.151 0.021 10.304 0.000 10.324 0.000 10.304
3 16 -69.303 -13.000 4.151 -69.303 -13.500 4.151 -68.776 -13.500 4.151 0.021 10.304 0.021 10.324 0.000 10.324
3 16 -69.303 -13.000 3.636 -69.303 -13.500 4.151 -69.303 -13.000 4.151 0.021 10.304 0.000 10.324 0.000 10.304
3 16 -69.303 -13.000 3.636 -69.303 -13.500 3.636 -69.303 -13.500 4.151 0.021 10.304 0.021 10.324 0.000 10.324
3 16 -69.291 -13.000 3.215 -69.303 -13.500 3.636 -69.303 -13.000 3.636 0.000 10.304 -0.017 10.324 -0.017 10.304
3 16 -69.291 -13.000 3.215 -69.291 -13.500 3.215 -69.303 -13.500 3.636 0.000 10.304 0.000 10.324 -0.017 10.324
3 16 -69.525 -13.000 3.215 -69.291 -13.500 3.215 -69.291 -13.000 3.215 0.009 10.304 0.000 10.324 0.000 10.304
3 16 -69.525 -13.000 3.215 -69.525 -13.500 3.215 -69.291 -13.500 3.215 0.009 10.304 0.009 10.324 0.000 10.324
3 16 -69.513 -13.000 3.636 -69.525 -13.500 3.215 -69.525 -13.000 3.215 0.000 10.304 -0.017 10.324 -0.017 10.304
3 16 -69.513 -13.000 3.636 -69.513 -13.500 3.636 -69.525 -13.500 3.215 0.000 10.304 0.000 10.324 -0.017 10.324
3 16 -69.513 -13.000 4.151 -69.513 -13.500 3.636 -69.513 -13.000 3.636 0.021 10.304 0.000 10.324 0.000 10.304
3 16 -69.513 -13.000 4.151 -69.513 -13.500 4.151 -69.513 -13.500 3.636 0.021 10.304 0.021 10.324 0.000 10.324
3 16 -69.923 -13.000 4.151 -69.513 -13.500 4.151 -69.513 -13.000 4.151 0.016 10.304 0.000 10.324 0.000 10.304
3 16 -69.923 -13.000 4.151 -69.923 -13.500 4.151 -69.513 -13.500 4.151 0.016 10.304 0.016 10.324 0.000 10.324
3 16 -70.215 -13.000 4.139 -69.923 -13.500 4.151 -69.923 -13.000 4.151 0.000 10.304 -0.012 10.324 -0.012 10.304
3 16 -70.215 -13.000 4.139 -70.215 -13.500 4.139 -69.923 -13.500 4.151 0.000 10.304 0.000 10.324 -0.012 10.324
3 16 -70.215 -13.000 4.408 -70.215 -13.500 4.139 -70.215 -13.000 4.139 0.011 10.304 0.000 10.324 0.000 10.304
3 16 -70.215 -13.000 4.408 -70.215 -13.500 4.408 -70.215 -13.500 4.139 0.011 10.304 0.011 10.324 0.000 10.324
3 16 -69.923 -13.000 4.397 -70.215 -13.500 4.408 -70.215 -13.000 4.408 0.000 10.304 -0.012 10.324 -0.012 10.304
3 16 -69.923 -13.000 4.397 -69.923 -13.500 4.397 -70.215 -13.500 4.408 0.000 10.304 0.000 10.324 -0.012 10.324
3 16 -69.513 -13.000 4.397 -69.923 -13.500 4.397 -69.923 -13.000 4.397 0.016 10.304 0.000 10.324 0.000 10.304
3 16 -69.513 -13.000 4.397 -69.513 -13.500 4.397 -69.923 -13.500 4.397 0.016 10.304 0.016 10.324 0.000 10.324
3 16 -69.513 -13.000 5.098 -69.513 -13.500 4.397 -69.513 -13.000 4.397 0.028 10.304 0.000 10.324 0.000 10.304
3 16 -69.513 -13.000 5.098 -69.513 -13.500 5.098 -69.513 -13.500 4.397 0.028 10.304 0.028 10.324 0.000 10.324
3 16 -69.632 -13.000 5.052 -69.513 -13.500 5.098 -69.513 -13.000 5.098 -0.016 10.304 -0.021 10.324 -0.021 10.304
3 16 -69.632 -13.000 5.052 -69.753 -13.000 5.005 -69.513 -13.500 5.098 -0.016 10.304 -0.011 10.304 -0.021 10.324
3 16 -69.753 -13.000 5.005 -69.958 -13.500 4.888 -69.513 -13.500 5.098 -0.011 10.304 0.000 10.324 -0.021 10.324
3 16 -69.753 -13.000 5.005 -69.866 -13.000 4.952 -69.958 -13.500 4.888 -0.011 10.304 -0.005 10.304 0.000 10.324
3 16 -69.866 -13.000 4.952 -69.958 -13.000 4.888 -69.958 -13.500 4.888 -0.005 10.304 0.000 10.304 0.000 10.324
3 16 -69.806 -13.000 0.584 -69.513 -13.500 0.595 -69.513 -13.000 0.595 0.000 10.304 -0.012 10.324 -0.012 10.304
3 16 -69.806 -13.000 0.584 -69.806 -13.500 0.584 -69.513 -13.500 0.595 0.000 10.304 0.000 10.324 -0.012 10.324
3 16 -69.513 -13.000 0.595 -68.542 -13.500 0.595 -68.542 -13.000 0.595 0.039 10.304 0.000 10.324 0.000 10.304
3 16 -69.513 -13.000 0.595 -69.513 -13.500 0.595 -68.542 -13.500 0.595 0.039 10.304 0.039 10.324 0.000 10.324
3 16 -68.542 -13.000 0.595 -68.145 -13.500 0.584 -68.145 -13.000 0.584 0.000 10.304 -0.016 10.324 -0.016 10.304
3 16 -68.542 -13.000 0.595 -68.542 -13.500 0.595 -68.145 -13.500 0.584 0.000 10.304 0.000 10.324 -0.016 10.324
3 16 -68.145 -13.000 0.584 -68.145 -13.500 0.841 -68.145 -13.000 0.841 0.010 10.304 0.000 10.324 0.000 10.304
3 16 -68.145 -13.000 0.584 -68.145 -13.500 0.584 -68.145 -13.500 0.841 0.010 10.304 0.010 10.324 0.000 10.324
3 16 -69.806 -13.000 0.841 -69.806 -13.500 0.584 -69.806 -13.000 0.584 0.010 10.304 0.000 10.324 0.000 10.304
3 16 -69.806 -13.000 0.841 -69.806 -13.500 0.841 -69.806 -13.500 0.584 0.010 10.304 0.010 10.324 0.000 10.324
3 16 -69.513 -13.000 0.818 -69.806 -13.500 0.841 -69.806 -13.000 0.841 0.000 10.304 -0.012 10.324 -0.012 10.304
3 16 -69.513 -13.000 0.818 -69.513 -13.500 0.818 -69.806 -13.500 0.841 0.000 10.304 0.000 10.324 -0.012 10.324
3 16 -68.542 -13.000 0.818 -69.513 -13.500 0.818 -69.513 -13.000 0.818 0.039 10.304 0.000 10.324 0.000 10.304
3 16 -68.542 -13.000 0.818 -68.542 -13.500 0.818 -69.513 -13.500 0.818 0.039 10.304 0.039 10.324 0.000 10.324
3 16 -68.344 -13.500 0.823 -68.542 -13.000 0.818 -68.145 -13.000 0.841 -0.008 10.324 -0.016 10.304 0.000 10.304
3 16 -68.344 -13.500 0.823 -68.443 -13.500 0.819 -68.542 -13.000 0.818 -0.008 10.324 -0.012 10.324 -0.016 10.304
3 16 -68.443 -13.500 0.819 -68.542 -13.500 0.818 -68.542 -13.000 0.818 -0.012 10.324 -0.016 10.324 -0.016 10.304
3 16 -68.244 -13.500 0.831 -68.145 -13.000 0.841 -68.145 -13.500 0.841 -0.004 10.324 0.000 10.304 0.000 10.324
3 16 -68.244 -13.500 0.831 -68.344 -13.500 0.823 -68.145 -13.000 0.841 -0.004 10.324 -0.008 10.324 0.000 10.304
3 16 -69.513 -13.500 0.818 -69.806 -13.500 0.584 -69.806 -13.500 0.841 0.033 -5.461 0.023 -5.472 0.034 -5.472
3 16 -69.513 -13.500 0.818 -69.513 -13.500 0.595 -69.806 -13.500 0.584 0.033 -5.461 0.024 -5.461 0.023 -5.472
3 16 -69.513 -13.500 0.818 -68.542 -13.500 0.595 -69.513 -13.500 0.595 0.033 -5.461 0.024 -5.422 0.024 -5.461
3 16 -69.513 -13.500 0.818 -68.542 -13.500 0.818 -68.542 -13.500 0.595 0.033 -5.461 0.033 -5.422 0.024 -5.422
3 16 -68.542 -13.500 0.818 -68.443 -13.500 0.819 -68.542 -13.500 0.595 0.033 -5.422 0.033 -5.418 0.024 -5.422
3 16 -68.443 -13.500 0.819 -68.145 -13.500 0.584 -68.542 -13.500 0.595 0.033 -5.418 0.023 -5.406 0.024 -5.422
3 16 -68.443 -13.500 0.819 -68.344 -13.500 0.823 -68.145 -13.500 0.584 0.033 -5.418 0.033 -5.414 0.023 -5.406
3 16 -68.344 -13.500 0.823 -68.244 -13.500 0.831 -68.145 -13.500 0.584 0.033 -5.414 0.033 -5.410 0.023 -5.406
3 16 -68.145 -13.500 0.841 -68.145 -13.500 0.584 -68.244 -13.500 0.831 0.034 -5.406 0.023 -5.406 0.033 -5.410
3 16 -70.157 -13.500 0.280 -69.817 -13.500 0.034 -70.157 -13.500 0.022 0.011 -5.486 0.001 -5.473 0.001 -5.486
3 16 -70.157 -13.500 0.280 -69.817 -13.500 0.268 -69.817 -13.500 0.034 0.011 -5.486 0.011 -5.473 0.001 -5.473
3 16 -69.817 -13.500 0.268 -67.946 -13.500 0.268 -69.817 -13.500 0.034 0.011 -5.473 0.011 -5.398 0.001 -5.473
3 16 -67.589 -13.500 0.157 -67.946 -13.500 0.268 -67.849 -13.500 0.281 0.006 -5.384 0.011 -5.398 0.011 -5.394
3 16 -67.589 -13.500 0.157 -67.619 -13.500 0.101 -67.946 -13.500 0.268 0.006 -5.384 0.004 -5.385 0.011 -5.398
3 16 -67.619 -13.500 0.101 -67.794 -13.500 0.034 -67.946 -13.500 0.268 0.004 -5.385 0.001 -5.392 0.011 -5.398
3 16 -67.619 -13.500 0.101 -67.668 -13.500 0.060 -67.794 -13.500 0.034 0.004 -5.385 0.002 -5.387 0.001 -5.392
3 16 -67.810 -13.500 0.305 -67.589 -13.500 0.157 -67.849 -13.500 0.281 0.012 -5.392 0.006 -5.384 0.011 -5.394
3 16 -67.810 -13.500 0.305 -67.794 -13.500 0.338 -67.589 -13.500 0.157 0.012 -5.392 0.014 -5.392 0.006 -5.384
3 16 -67.794 -13.500 0.338 -67.513 -13.500 0.514 -67.589 -13.500 0.157 0.014 -5.392 0.021 -5.381 0.006 -5.384
3 16 -67.794 -13.500 0.338 -67.782 -13.500 0.607 -67.513 -13.500 0.514 0.014 -5.392 0.024 -5.391 0.021 -5.381
3 16 -69.817 -13.500 0.034 -67.946 -13.500 0.268 -67.794 -13.500 0.034 0.001 -5.473 0.011 -5.398 0.001 -5.392
3 16 -67.946 -13.000 0.268 -67.849 -13.500 0.281 -67.946 -13.500 0.268 -0.011 10.304 -0.009 10.324 -0.011 10.324
3 16 -67.946 -13.000 0.268 -67.838 -13.000 0.285 -67.849 -13.500 0.281 -0.011 10.304 -0.009 10.304 -0.009 10.324
3 16 -67.838 -13.000 0.285 -67.810 -13.500 0.305 -67.849 -13.500 0.281 -0.009 10.304 -0.007 10.324 -0.009 10.324
3 16 -67.838 -13.000 0.285 -67.808 -13.000 0.307 -67.810 -13.500 0.305 -0.009 10.304 -0.007 10.304 -0.007 10.324
3 16 -67.808 -13.000 0.307 -67.794 -13.500 0.338 -67.810 -13.500 0.305 -0.007 10.304 -0.006 10.324 -0.007 10.324
3 16 -67.808 -13.000 0.307 -67.794 -13.000 0.338 -67.794 -13.500 0.338 -0.007 10.304 -0.006 10.304 -0.006 10.324
3 16 -67.794 -13.000 0.338 -67.785 -13.000 0.440 -67.794 -13.500 0.338 -0.006 10.304 -0.003 10.304 -0.006 10.324
3 16 -67.782 -13.500 0.607 -67.785 -13.000 0.440 -67.782 -13.000 0.607 0.000 10.324 -0.003 10.304 0.000 10.304
3 16 -67.782 -13.500 0.607 -67.794 -13.500 0.338 -67.785 -13.000 0.440 0.000 10.324 -0.006 10.324 -0.003 10.304
3 16 -67.946 -13.000 0.268 -69.817 -13.500 0.268 -69.817 -13.000 0.268 0.075 10.304 0.000 10.324 0.000 10.304
3 16 -67.946 -13.000 0.268 -67.946 -13.500 0.268 -69.817 -13.500 0.268 0.075 10.304 0.075 10.324 0.000 10.324
3 16 -69.817 -13.000 0.268 -70.157 -13.500 0.280 -70.157 -13.000 0.280 0.000 10.304 -0.014 10.324 -0.014 10.304
3 16 -69.817 -13.000 0.268 -69.817 -13.500 0.268 -70.157 -13.500 0.280 0.000 10.304 0.000 10.324 -0.014 10.324
3 16 -70.157 -13.000 0.280 -70.157 -13.500 0.022 -70.157 -13.000 0.022 0.010 10.304 0.000 10.324 0.000 10.304
3 16 -70.157 -13.000 0.280 -70.157 -13.500 0.280 -70.157 -13.500 0.022 0.010 10.304 0.010 10.324 0.000 10.324
3 16 -67.513 -13.000 0.514 -67.782 -13.500 0.607 -67.782 -13.000 0.607 0.000 10.304 -0.011 10.324 -0.011 10.304
3 16 -67.513 -13.000 0.514 -67.513 -13.500 0.514 -67.782 -13.500 0.607 0.000 10.304 0.000 10.324 -0.011 10.324
3 16 -67.550 -13.000 0.307 -67.513 -13.500 0.514 -67.513 -13.000 0.514 -0.016 10.304 -0.021 10.324 -0.021 10.304
3 16 -67.550 -13.000 0.307 -67.589 -13.500 0.157 -67.513 -13.500 0.514 -0.016 10.304 -0.010 10.324 -0.021 10.324
3 16 -67.550 -13.000 0.307 -67.589 -13.000 0.157 -67.589 -13.500 0.157 -0.016 10.304 -0.010 10.304 -0.010 10.324
3 16 -67.589 -13.000 0.157 -67.619 -13.500 0.101 -67.589 -13.500 0.157 -0.010 10.304 -0.008 10.324 -0.010 10.324
3 16 -67.589 -13.000 0.157 -67.661 -13.000 0.065 -67.619 -13.500 0.101 -0.010 10.304 -0.005 10.304 -0.008 10.324
3 16 -67.661 -13.000 0.065 -67.668 -13.500 0.060 -67.619 -13.500 0.101 -0.005 10.304 -0.005 10.324 -0.008 10.324
3 16 -67.661 -13.000 0.065 -67.794 -13.000 0.034 -67.668 -13.500 0.060 -0.005 10.304 0.000 10.304 -0.005 10.324
3 16 -67.794 -13.000 0.034 -67.794 -13.500 0.034 -67.668 -13.500 0.060 0.000 10.304 0.000 10.324 -0.005 10.324
3 16 -69.817 -13.000 0.034 -67.794 -13.500 0.034 -67.794 -13.000 0.034 0.081 10.304 0.000 10.324 0.000 10.304
3 16 -69.817 -13.000 0.034 -69.817 -13.500 0.034 -67.794 -13.500 0.034 0.081 10.304 0.081 10.324 0.000 10.324
3 16 -70.157 -13.000 0.022 -69.817 -13.500 0.034 -69.817 -13.000 0.034 0.000 10.304 -0.014 10.324 -0.014 10.304
3 16 -70.157 -13.000 0.022 -70.157 -13.500 0.022 -69.817 -13.500 0.034 0.000 10.304 0.000 10.324 -0.014 10.324
3 16 -70.098 -13.000 -1.311 -69.595 -13.500 -1.042 -69.595 -13.000 -1.042 0.000 10.304 -0.023 10.324 -0.023 10.304
3 16 -70.098 -13.000 -1.311 -70.098 -13.500 -1.311 -69.595 -13.500 -1.042 0.000 10.304 0.000 10.324 -0.023 10.324
3 16 -69.595 -13.000 -1.042 -68.098 -13.500 -1.042 -68.098 -13.000 -1.042 0.060 10.304 0.000 10.324 0.000 10.304
3 16 -69.595 -13.000 -1.042 -69.595 -13.500 -1.042 -68.098 -13.500 -1.042 0.060 10.304 0.060 10.324 0.000 10.324
3 16 -68.098 -13.000 -1.042 -67.502 -13.500 -1.054 -67.502 -13.000 -1.054 0.000 10.304 -0.024 10.324 -0.024 10.304
3 16 -68.098 -13.000 -1.042 -68.098 -13.500 -1.042 -67.502 -13.500 -1.054 0.000 10.304 0.000 10.324 -0.024 10.324
3 16 -67.502 -13.000 -1.054 -67.502 -13.500 -0.785 -67.502 -13.000 -0.785 0.011 10.304 0.000 10.324 0.000 10.304
3 16 -67.502 -13.000 -1.054 -67.502 -13.500 -1.054 -67.502 -13.500 -0.785 0.011 10.304 0.011 10.324 0.000 10.324
3 16 -67.502 -13.000 -0.785 -68.086 -13.500 -0.796 -68.086 -13.000 -0.796 0.000 10.304 -0.023 10.324 -0.023 10.304
3 16 -67.502 -13.000 -0.785 -67.502 -13.500 -0.785 -68.086 -13.500 -0.796 0.000 10.304 0.000 10.324 -0.023 10.324
3 16 -70.250 -13.000 -1.007 -70.098 -13.500 -1.311 -70.098 -13.000 -1.311 0.000 10.304 -0.014 10.324 -0.014 10.304
3 16 -70.250 -13.000 -1.007 -70.250 -13.500 -1.007 -70.098 -13.500 -1.311 0.000 10.304 0.000 10.324 -0.014 10.324
3 16 -69.857 -13.000 -0.874 -70.250 -13.500 -1.007 -70.250 -13.000 -1.007 -0.052 10.304 -0.070 10.324 -0.070 10.304
3 16 -69.857 -13.000 -0.874 -69.472 -13.500 -0.685 -70.250 -13.500 -1.007 -0.052 10.304 -0.035 10.324 -0.070 10.324
3 16 -69.857 -13.000 -0.874 -69.472 -13.000 -0.685 -69.472 -13.500 -0.685 -0.052 10.304 -0.035 10.304 -0.035 10.324
3 16 -69.472 -13.000 -0.685 -69.146 -13.000 -0.485 -69.472 -13.500 -0.685 -0.035 10.304 -0.017 10.304 -0.035 10.324
3 16 -68.928 -13.500 -0.317 -69.146 -13.000 -0.485 -68.928 -13.000 -0.317 0.000 10.324 -0.017 10.304 0.000 10.304
3 16 -68.928 -13.500 -0.317 -69.472 -13.500 -0.685 -69.146 -13.000 -0.485 0.000 10.324 -0.035 10.324 -0.017 10.304
3 16 -68.730 -13.000 -0.481 -68.928 -13.500 -0.317 -68.928 -13.000 -0.317 0.000 10.304 -0.010 10.324 -0.010 10.304
3 16 -68.730 -13.000 -0.481 -68.730 -13.500 -0.481 -68.928 -13.500 -0.317 0.000 10.304 0.000 10.324 -0.010 10.324
3 16 -69.186 -13.000 -0.796 -68.730 -13.500 -0.481 -68.730 -13.000 -0.481 0.000 10.304 -0.022 10.324 -0.022 10.304
3 16 -69.186 -13.000 -0.796 -69.186 -13.500 -0.796 -68.730 -13.500 -0.481 0.000 10.304 0.000 10.324 -0.022 10.324
3 16 -68.086 -13.000 -0.796 -69.186 -13.500 -0.796 -69.186 -13.000 -0.796 0.044 10.304 0.000 10.324 0.000 10.304
3 16 -68.086 -13.000 -0.796 -68.086 -13.500 -0.796 -69.186 -13.500 -0.796 0.044 10.304 0.044 10.324 0.000 10.324
3 16 -70.250 -13.500 -1.007 -69.595 -13.500 -1.042 -70.098 -13.500 -1.311 -0.040 -5.490 -0.042 -5.464 -0.052 -5.484
3 16 -70.250 -13.500 -1.007 -69.472 -13.500 -0.685 -69.595 -13.500 -1.042 -0.040 -5.490 -0.027 -5.459 -0.042 -5.464
3 16 -69.472 -13.500 -0.685 -69.186 -13.500 -0.796 -69.595 -13.500 -1.042 -0.027 -5.459 -0.032 -5.447 -0.042 -5.464
3 16 -69.472 -13.500 -0.685 -68.730 -13.500 -0.481 -69.186 -13.500 -0.796 -0.027 -5.459 -0.019 -5.429 -0.032 -5.447
3 16 -69.472 -13.500 -0.685 -68.928 -13.500 -0.317 -68.730 -13.500 -0.481 -0.027 -5.459 -0.013 -5.437 -0.019 -5.429
3 16 -69.186 -13.500 -0.796 -68.098 -13.500 -1.042 -69.595 -13.500 -1.042 -0.032 -5.447 -0.042 -5.404 -0.042 -5.464
3 16 -69.186 -13.500 -0.796 -68.086 -13.500 -0.796 -68.098 -13.500 -1.042 -0.032 -5.447 -0.032 -5.403 -0.042 -5.404
3 16 -68.086 -13.500 -0.796 -67.502 -13.500 -1.054 -68.098 -13.500 -1.042 -0.032 -5.403 -0.042 -5.380 -0.042 -5.404
3 16 -68.086 -13.500 -0.796 -67.502 -13.500 -0.785 -67.502 -13.500 -1.054 -0.032 -5.403 -0.031 -5.380 -0.042 -5.380
3 16 -70.262 -13.500 -1.826 -69.700 -13.500 -1.872 -70.145 -13.500 -2.130 -0.073 -5.490 -0.075 -5.468 -0.085 -5.486
3 16 -70.262 -13.500 -1.826 -69.607 -13.500 -1.545 -69.700 -13.500 -1.872 -0.073 -5.490 -0.062 -5.464 -0.075 -5.468
3 16 -69.607 -13.500 -1.545 -69.513 -13.500 -1.767 -69.700 -13.500 -1.872 -0.062 -5.464 -0.071 -5.461 -0.075 -5.468
3 16 -69.607 -13.500 -1.545 -68.987 -13.500 -1.428 -69.513 -13.500 -1.767 -0.062 -5.464 -0.057 -5.439 -0.071 -5.461
3 16 -69.607 -13.500 -1.545 -69.139 -13.500 -1.206 -68.987 -13.500 -1.428 -0.062 -5.464 -0.048 -5.446 -0.057 -5.439
3 16 -69.513 -13.500 -1.884 -69.700 -13.500 -1.872 -69.513 -13.500 -1.767 -0.075 -5.461 -0.075 -5.468 -0.071 -5.461
3 16 -69.513 -13.500 -1.884 -69.513 -13.500 -2.106 -69.700 -13.500 -1.872 -0.075 -5.461 -0.084 -5.461 -0.075 -5.468
3 16 -69.513 -13.500 -2.106 -69.700 -13.500 -2.644 -69.700 -13.500 -1.872 -0.084 -5.461 -0.106 -5.468 -0.075 -5.468
3 16 -69.513 -13.500 -2.106 -69.513 -13.500 -2.644 -69.700 -13.500 -2.644 -0.084 -5.461 -0.106 -5.461 -0.106 -5.468
3 16 -69.513 -13.500 -2.644 -69.712 -13.500 -3.054 -69.700 -13.500 -2.644 -0.106 -5.461 -0.122 -5.468 -0.106 -5.468
3 16 -69.513 -13.500 -2.644 -69.502 -13.500 -3.054 -69.712 -13.500 -3.054 -0.106 -5.461 -0.122 -5.460 -0.122 -5.468
3 16 -68.858 -13.500 -2.106 -69.513 -13.500 -1.884 -67.817 -13.500 -1.884 -0.084 -5.434 -0.075 -5.461 -0.075 -5.393
3 16 -68.858 -13.500 -2.106 -69.057 -13.500 -2.106 -69.513 -13.500 -1.884 -0.084 -5.434 -0.084 -5.442 -0.075 -5.461
3 16 -69.057 -13.500 -2.106 -69.513 -13.500 -2.106 -69.513 -13.500 -1.884 -0.084 -5.442 -0.084 -5.461 -0.075 -5.461
3 16 -67.466 -13.500 -2.118 -67.817 -13.500 -1.884 -67.466 -13.500 -1.872 -0.085 -5.379 -0.075 -5.393 -0.075 -5.379
3 16 -67.466 -13.500 -2.118 -67.911 -13.500 -2.106 -67.817 -13.500 -1.884 -0.085 -5.379 -0.084 -5.396 -0.075 -5.393
3 16 -67.911 -13.500 -2.106 -68.133 -13.500 -2.106 -67.817 -13.500 -1.884 -0.084 -5.396 -0.084 -5.405 -0.075 -5.393
3 16 -68.332 -13.500 -2.609 -68.133 -13.500 -2.106 -68.133 -13.500 -2.621 -0.104 -5.413 -0.084 -5.405 -0.105 -5.405
3 16 -68.332 -13.500 -2.609 -68.332 -13.500 -2.106 -68.133 -13.500 -2.106 -0.104 -5.413 -0.084 -5.413 -0.084 -5.405
3 16 -68.332 -13.500 -2.106 -67.817 -13.500 -1.884 -68.133 -13.500 -2.106 -0.084 -5.413 -0.075 -5.393 -0.084 -5.405
3 16 -68.332 -13.500 -2.106 -68.858 -13.500 -2.106 -67.817 -13.500 -1.884 -0.084 -5.413 -0.084 -5.434 -0.075 -5.393
3 16 -68.344 -13.500 -2.995 -68.133 -13.500 -2.621 -68.121 -13.500 -2.995 -0.120 -5.414 -0.105 -5.405 -0.120 -5.405
3 16 -68.344 -13.500 -2.995 -68.332 -13.500 -2.609 -68.133 -13.500 -2.621 -0.120 -5.414 -0.104 -5.413 -0.105 -5.405
3 16 -68.858 -13.500 -2.586 -69.057 -13.500 -2.106 -68.858 -13.500 -2.106 -0.103 -5.434 -0.084 -5.442 -0.084 -5.434
3 16 -68.858 -13.500 -2.586 -69.057 -13.500 -2.586 -69.057 -13.500 -2.106 -0.103 -5.434 -0.103 -5.442 -0.084 -5.442
3 16 -68.858 -13.500 -2.586 -69.069 -13.500 -2.913 -69.057 -13.500 -2.586 -0.103 -5.434 -0.117 -5.443 -0.103 -5.442
3 16 -68.858 -13.500 -2.586 -68.847 -13.500 -2.913 -69.069 -13.500 -2.913 -0.103 -5.434 -0.117 -5.434 -0.117 -5.443
3 16 -68.332 -13.000 -2.609 -68.344 -13.500 -2.995 -68.344 -13.000 -2.995 0.000 10.304 -0.015 10.324 -0.015 10.304
3 16 -68.332 -13.000 -2.609 -68.332 -13.500 -2.609 -68.344 -13.500 -2.995 0.000 10.304 0.000 10.324 -0.015 10.324
3 16 -68.344 -13.000 -2.995 -68.121 -13.500 -2.995 -68.121 -13.000 -2.995 0.009 10.304 0.000 10.324 0.000 10.304
3 16 -68.344 -13.000 -2.995 -68.344 -13.500 -2.995 -68.121 -13.500 -2.995 0.009 10.304 0.009 10.324 0.000 10.324
3 16 -68.121 -13.000 -2.995 -68.133 -13.500 -2.621 -68.133 -13.000 -2.621 0.000 10.304 -0.015 10.324 -0.015 10.304
3 16 -68.121 -13.000 -2.995 -68.121 -13.500 -2.995 -68.133 -13.500 -2.621 0.000 10.304 0.000 10.324 -0.015 10.324
3 16 -68.133 -13.000 -2.621 -68.133 -13.500 -2.106 -68.133 -13.000 -2.106 0.021 10.304 0.000 10.324 0.000 10.304
3 16 -68.133 -13.000 -2.621 -68.133 -13.500 -2.621 -68.133 -13.500 -2.106 0.021 10.304 0.021 10.324 0.000 10.324
3 16 -68.133 -13.000 -2.106 -67.911 -13.500 -2.106 -67.911 -13.000 -2.106 0.009 10.304 0.000 10.324 0.000 10.304
3 16 -68.133 -13.000 -2.106 -68.133 -13.500 -2.106 -67.911 -13.500 -2.106 0.009 10.304 0.009 10.324 0.000 10.324
3 16 -67.911 -13.000 -2.106 -67.466 -13.500 -2.118 -67.466 -13.000 -2.118 0.000 10.304 -0.018 10.324 -0.018 10.304
3 16 -67.911 -13.000 -2.106 -67.911 -13.500 -2.106 -67.466 -13.500 -2.118 0.000 10.304 0.000 10.324 -0.018 10.324
3 16 -67.466 -13.000 -2.118 -67.466 -13.500 -1.872 -67.466 -13.000 -1.872 0.010 10.304 0.000 10.324 0.000 10.304
3 16 -67.466 -13.000 -2.118 -67.466 -13.500 -2.118 -67.466 -13.500 -1.872 0.010 10.304 0.010 10.324 0.000 10.324
3 16 -67.466 -13.000 -1.872 -67.817 -13.500 -1.884 -67.817 -13.000 -1.884 0.000 10.304 -0.014 10.324 -0.014 10.304
3 16 -67.466 -13.000 -1.872 -67.466 -13.500 -1.872 -67.817 -13.500 -1.884 0.000 10.304 0.000 10.324 -0.014 10.324
3 16 -67.817 -13.000 -1.884 -69.513 -13.500 -1.884 -69.513 -13.000 -1.884 0.068 10.304 0.000 10.324 0.000 10.304
3 16 -67.817 -13.000 -1.884 -67.817 -13.500 -1.884 -69.513 -13.500 -1.884 0.068 10.304 0.068 10.324 0.000 10.324
3 16 -69.513 -13.000 -1.884 -69.513 -13.500 -1.767 -69.513 -13.000 -1.767 0.005 10.304 0.000 10.324 0.000 10.304
3 16 -69.513 -13.000 -1.884 -69.513 -13.500 -1.884 -69.513 -13.500 -1.767 0.005 10.304 0.005 10.324 0.000 10.324
3 16 -69.513 -13.000 -1.767 -68.987 -13.500 -1.428 -68.987 -13.000 -1.428 0.000 10.304 -0.025 10.324 -0.025 10.304
3 16 -69.513 -13.000 -1.767 -69.513 -13.500 -1.767 -68.987 -13.500 -1.428 0.000 10.304 0.000 10.324 -0.025 10.324
3 16 -68.987 -13.000 -1.428 -69.139 -13.500 -1.206 -69.139 -13.000 -1.206 0.000 10.304 -0.011 10.324 -0.011 10.304
3 16 -68.987 -13.000 -1.428 -68.987 -13.500 -1.428 -69.139 -13.500 -1.206 0.000 10.304 0.000 10.324 -0.011 10.324
3 16 -69.923 -13.000 -1.703 -70.262 -13.500 -1.826 -70.262 -13.000 -1.826 -0.042 10.304 -0.056 10.324 -0.056 10.304
3 16 -69.923 -13.000 -1.703 -69.607 -13.500 -1.545 -70.262 -13.500 -1.826 -0.042 10.304 -0.028 10.324 -0.056 10.324
3 16 -69.923 -13.000 -1.703 -69.607 -13.000 -1.545 -69.607 -13.500 -1.545 -0.042 10.304 -0.028 10.304 -0.028 10.324
3 16 -69.607 -13.000 -1.545 -69.338 -13.000 -1.372 -69.607 -13.500 -1.545 -0.028 10.304 -0.014 10.304 -0.028 10.324
3 16 -69.139 -13.500 -1.206 -69.338 -13.000 -1.372 -69.139 -13.000 -1.206 0.000 10.324 -0.014 10.304 0.000 10.304
3 16 -69.139 -13.500 -1.206 -69.607 -13.500 -1.545 -69.338 -13.000 -1.372 0.000 10.324 -0.028 10.324 -0.014 10.304
3 16 -70.262 -13.000 -1.826 -70.145 -13.500 -2.130 -70.145 -13.000 -2.130 0.000 10.304 -0.013 10.324 -0.013 10.304
3 16 -70.262 -13.000 -1.826 -70.262 -13.500 -1.826 -70.145 -13.500 -2.130 0.000 10.304 0.000 10.324 -0.013 10.324
3 16 -68.332 -13.000 -2.106 -68.332 -13.500 -2.609 -68.332 -13.000 -2.609 0.020 10.304 0.000 10.324 0.000 10.304
3 16 -68.332 -13.000 -2.106 -68.332 -13.500 -2.106 -68.332 -13.500 -2.609 0.020 10.304 0.020 10.324 0.000 10.324
3 16 -68.858 -13.000 -2.106 -68.332 -13.500 -2.106 -68.332 -13.000 -2.106 0.021 10.304 0.000 10.324 0.000 10.304
3 16 -68.858 -13.000 -2.106 -68.858 -13.500 -2.106 -68.332 -13.500 -2.106 0.021 10.304 0.021 10.324 0.000 10.324
3 16 -68.858 -13.000 -2.586 -68.858 -13.500 -2.106 -68.858 -13.000 -2.106 0.019 10.304 0.000 10.324 0.000 10.304
3 16 -68.858 -13.000 -2.586 -68.858 -13.500 -2.586 -68.858 -13.500 -2.106 0.019 10.304 0.019 10.324 0.000 10.324
3 16 -68.847 -13.000 -2.913 -68.858 -13.500 -2.586 -68.858 -13.000 -2.586 0.000 10.304 -0.013 10.324 -0.013 10.304
3 16 -68.847 -13.000 -2.913 -68.847 -13.500 -2.913 -68.858 -13.500 -2.586 0.000 10.304 0.000 10.324 -0.013 10.324
3 16 -69.069 -13.000 -2.913 -68.847 -13.500 -2.913 -68.847 -13.000 -2.913 0.009 10.304 0.000 10.324 0.000 10.304
3 16 -69.069 -13.000 -2.913 -69.069 -13.500 -2.913 -68.847 -13.500 -2.913 0.009 10.304 0.009 10.324 0.000 10.324
3 16 -69.057 -13.000 -2.586 -69.069 -13.500 -2.913 -69.069 -13.000 -2.913 0.000 10.304 -0.013 10.324 -0.013 10.304
3 16 -69.057 -13.000 -2.586 -69.057 -13.500 -2.586 -69.069 -13.500 -2.913 0.000 10.304 0.000 10.324 -0.013 10.324
3 16 -69.057 -13.000 -2.106 -69.057 -13.500 -2.586 -69.057 -13.000 -2.586 0.019 10.304 0.000 10.324 0.000 10.304
3 16 -69.057 -13.000 -2.106 -69.057 -13.500 -2.106 -69.057 -13.500 -2.586 0.019 10.304 0.019 10.324 0.000 10.324
3 16 -69.513 -13.000 -2.106 -69.057 -13.500 -2.106 -69.057 -13.000 -2.106 0.018 10.304 0.000 10.324 0.000 10.304
3 16 -69.513 -13.000 -2.106 -69.513 -13.500 -2.106 -69.057 -13.500 -2.106 0.018 10.304 0.018 10.324 0.000 10.324
3 16 -69.513 -13.000 -2.644 -69.513 -13.500 -2.106 -69.513 -13.000 -2.106 0.022 10.304 0.000 10.324 0.000 10.304
3 16 -69.513 -13.000 -2.644 -69.513 -13.500 -2.644 -69.513 -13.500 -2.106 0.022 10.304 0.022 10.324 0.000 10.324
3 16 -69.502 -13.000 -3.054 -69.513 -13.500 -2.644 -69.513 -13.000 -2.644 0.000 10.304 -0.016 10.324 -0.016 10.304
3 16 -69.502 -13.000 -3.054 -69.502 -13.500 -3.054 -69.513 -13.500 -2.644 0.000 10.304 0.000 10.324 -0.016 10.324
3 16 -69.712 -13.000 -3.054 -69.502 -13.500 -3.054 -69.502 -13.000 -3.054 0.008 10.304 0.000 10.324 0.000 10.304
3 16 -69.712 -13.000 -3.054 -69.712 -13.500 -3.054 -69.502 -13.500 -3.054 0.008 10.304 0.008 10.324 0.000 10.324
3 16 -69.700 -13.000 -2.644 -69.712 -13.500 -3.054 -69.712 -13.000 -3.054 0.000 10.304 -0.016 10.324 -0.016 10.304
3 16 -69.700 -13.000 -2.644 -69.700 -13.500 -2.644 -69.712 -13.500 -3.054 0.000 10.304 0.000 10.324 -0.016 10.324
3 16 -69.700 -13.000 -1.872 -69.700 -13.500 -2.644 -69.700 -13.000 -2.644 0.031 10.304 0.000 10.324 0.000 10.304
3 16 -69.700 -13.000 -1.872 -69.700 -13.500 -1.872 -69.700 -13.500 -2.644 0.031 10.304 0.031 10.324 0.000 10.324
3 16 -70.145 -13.000 -2.130 -69.700 -13.500 -1.872 -69.700 -13.000 -1.872 0.000 10.304 -0.021 10.324 -0.021 10.304
3 16 -70.145 -13.000 -2.130 -70.145 -13.500 -2.130 -69.700 -13.500 -1.872 0.000 10.304 0.000 10.324 -0.021 10.324
3 16 -67.740 -13.000 -6.329 -67.802 -13.500 -6.610 -67.740 -13.500 -6.329 -0.047 10.304 -0.036 10.324 -0.047 10.324
3 16 -67.740 -13.000 -6.329 -67.803 -13.000 -6.613 -67.802 -13.500 -6.610 -0.047 10.304 -0.036 10.304 -0.036 10.324
3 16 -67.803 -13.000 -6.613 -67.992 -13.500 -6.811 -67.802 -13.500 -6.610 -0.036 10.304 -0.024 10.324 -0.036 10.324
3 16 -67.803 -13.000 -6.613 -67.992 -13.000 -6.811 -67.992 -13.500 -6.811 -0.036 10.304 -0.024 10.304 -0.024 10.324
3 16 -67.992 -13.000 -6.811 -68.316 -13.000 -6.929 -67.992 -13.500 -6.811 -0.024 10.304 -0.012 10.304 -0.024 10.324
3 16 -68.782 -13.500 -6.968 -68.316 -13.000 -6.929 -68.782 -13.000 -6.968 0.000 10.324 -0.012 10.304 0.000 10.304
3 16 -68.782 -13.500 -6.968 -67.992 -13.500 -6.811 -68.316 -13.000 -6.929 0.000 10.324 -0.024 10.324 -0.012 10.304
3 16 -68.321 -13.000 -5.728 -68.781 -13.500 -5.689 -68.781 -13.000 -5.689 -0.036 10.304 -0.048 10.324 -0.048 10.304
3 16 -68.321 -13.000 -5.728 -67.997 -13.500 -5.844 -68.781 -13.500 -5.689 -0.036 10.304 -0.024 10.324 -0.048 10.324
3 16 -68.321 -13.000 -5.728 -67.997 -13.000 -5.844 -67.997 -13.500 -5.844 -0.036 10.304 -0.024 10.304 -0.024 10.324
3 16 -67.997 -13.000 -5.844 -67.804 -13.000 -6.043 -67.997 -13.500 -5.844 -0.024 10.304 -0.012 10.304 -0.024 10.324
3 16 -67.804 -13.000 -6.043 -67.796 -13.500 -6.059 -67.997 -13.500 -5.844 -0.012 10.304 -0.011 10.324 -0.024 10.324
3 16 -67.804 -13.000 -6.043 -67.740 -13.000 -6.329 -67.796 -13.500 -6.059 -0.012 10.304 0.000 10.304 -0.011 10.324
3 16 -67.740 -13.000 -6.329 -67.740 -13.500 -6.329 -67.796 -13.500 -6.059 0.000 10.304 0.000 10.324 -0.011 10.324
3 16 -68.296 -13.000 -5.995 -68.178 -13.500 -6.029 -68.178 -13.000 -6.029 -0.017 10.304 -0.023 10.324 -0.023 10.304
3 16 -68.296 -13.000 -5.995 -68.429 -13.000 -5.974 -68.178 -13.500 -6.029 -0.017 10.304 -0.011 10.304 -0.023 10.324
3 16 -68.429 -13.000 -5.974 -68.781 -13.500 -5.961 -68.178 -13.500 -6.029 -0.011 10.304 0.000 10.324 -0.023 10.324
3 16 -68.429 -13.000 -5.974 -68.587 -13.000 -5.965 -68.781 -13.500 -5.961 -0.011 10.304 -0.006 10.304 0.000 10.324
3 16 -68.587 -13.000 -5.965 -68.781 -13.000 -5.961 -68.781 -13.500 -5.961 -0.006 10.304 0.000 10.304 0.000 10.324
3 16 -68.967 -13.000 -5.965 -68.781 -13.500 -5.961 -68.781 -13.000 -5.961 -0.019 10.304 -0.025 10.324 -0.025 10.304
3 16 -68.967 -13.000 -5.965 -69.132 -13.000 -5.976 -68.781 -13.500 -5.961 -0.019 10.304 -0.013 10.304 -0.025 10.324
3 16 -69.132 -13.000 -5.976 -69.390 -13.500 -6.031 -68.781 -13.500 -5.961 -0.013 10.304 0.000 10.324 -0.025 10.324
3 16 -69.132 -13.000 -5.976 -69.275 -13.000 -5.997 -69.390 -13.500 -6.031 -0.013 10.304 -0.006 10.304 0.000 10.324
3 16 -69.275 -13.000 -5.997 -69.390 -13.000 -6.031 -69.390 -13.500 -6.031 -0.006 10.304 0.000 10.304 0.000 10.324
3 16 -69.482 -13.000 -6.081 -69.390 -13.500 -6.031 -69.390 -13.000 -6.031 -0.011 10.304 -0.014 10.324 -0.014 10.304
3 16 -69.482 -13.000 -6.081 -69.548 -13.500 -6.145 -69.390 -13.500 -6.031 -0.011 10.304 -0.007 10.324 -0.014 10.324
3 16 -69.482 -13.000 -6.081 -69.548 -13.000 -6.145 -69.548 -13.500 -6.145 -0.011 10.304 -0.007 10.304 -0.007 10.324
3 16 -69.548 -13.000 -6.145 -69.588 -13.000 -6.227 -69.548 -13.500 -6.145 -0.007 10.304 -0.004 10.304 -0.007 10.324
3 16 -69.601 -13.500 -6.329 -69.588 -13.000 -6.227 -69.601 -13.000 -6.329 0.000 10.324 -0.004 10.304 0.000 10.304
3 16 -69.601 -13.500 -6.329 -69.548 -13.500 -6.145 -69.588 -13.000 -6.227 0.000 10.324 -0.007 10.324 -0.004 10.304
3 16 -69.588 -13.000 -6.431 -69.601 -13.500 -6.329 -69.601 -13.000 -6.329 -0.011 10.304 -0.014 10.324 -0.014 10.304
3 16 -69.588 -13.000 -6.431 -69.548 -13.500 -6.512 -69.601 -13.500 -6.329 -0.011 10.304 -0.007 10.324 -0.014 10.324
3 16 -69.588 -13.000 -6.431 -69.548 -13.000 -6.512 -69.548 -13.500 -6.512 -0.011 10.304 -0.007 10.304 -0.007 10.324
3 16 -69.548 -13.000 -6.512 -69.483 -13.000 -6.575 -69.548 -13.500 -6.512 -0.007 10.304 -0.004 10.304 -0.007 10.324
3 16 -69.393 -13.500 -6.623 -69.483 -13.000 -6.575 -69.393 -13.000 -6.623 0.000 10.324 -0.004 10.304 0.000 10.304
3 16 -69.393 -13.500 -6.623 -69.548 -13.500 -6.512 -69.483 -13.000 -6.575 0.000 10.324 -0.007 10.324 -0.004 10.304
3 16 -69.238 -13.000 -6.929 -68.782 -13.500 -6.968 -68.782 -13.000 -6.968 -0.036 10.304 -0.048 10.324 -0.048 10.304
3 16 -69.238 -13.000 -6.929 -69.563 -13.500 -6.813 -68.782 -13.500 -6.968 -0.036 10.304 -0.024 10.324 -0.048 10.324
3 16 -69.238 -13.000 -6.929 -69.563 -13.000 -6.813 -69.563 -13.500 -6.813 -0.036 10.304 -0.024 10.304 -0.024 10.324
3 16 -69.563 -13.000 -6.813 -69.758 -13.000 -6.615 -69.563 -13.500 -6.813 -0.024 10.304 -0.012 10.304 -0.024 10.324
3 16 -69.758 -13.000 -6.615 -69.766 -13.500 -6.598 -69.563 -13.500 -6.813 -0.012 10.304 -0.011 10.324 -0.024 10.324
3 16 -69.758 -13.000 -6.615 -69.823 -13.000 -6.329 -69.766 -13.500 -6.598 -0.012 10.304 0.000 10.304 -0.011 10.324
3 16 -69.823 -13.000 -6.329 -69.823 -13.500 -6.329 -69.766 -13.500 -6.598 0.000 10.304 0.000 10.324 -0.011 10.324
3 16 -69.823 -13.000 -6.329 -69.761 -13.500 -6.047 -69.823 -13.500 -6.329 -0.047 10.304 -0.036 10.324 -0.047 10.324
3 16 -69.823 -13.000 -6.329 -69.760 -13.000 -6.045 -69.761 -13.500 -6.047 -0.047 10.304 -0.035 10.304 -0.036 10.324
3 16 -69.760 -13.000 -6.045 -69.572 -13.500 -5.846 -69.761 -13.500 -6.047 -0.035 10.304 -0.024 10.324 -0.036 10.324
3 16 -69.760 -13.000 -6.045 -69.572 -13.000 -5.846 -69.572 -13.500 -5.846 -0.035 10.304 -0.024 10.304 -0.024 10.324
3 16 -69.572 -13.000 -5.846 -69.249 -13.000 -5.728 -69.572 -13.500 -5.846 -0.024 10.304 -0.012 10.304 -0.024 10.324
3 16 -68.781 -13.500 -5.689 -69.249 -13.000 -5.728 -68.781 -13.000 -5.689 0.000 10.324 -0.012 10.304 0.000 10.304
3 16 -68.781 -13.500 -5.689 -69.572 -13.500 -5.846 -69.249 -13.000 -5.728 0.000 10.324 -0.024 10.324 -0.012 10.304
3 16 -69.279 -13.000 -6.657 -69.393 -13.500 -6.623 -69.393 -13.000 -6.623 -0.018 10.304 -0.024 10.324 -0.024 10.304
3 16 -69.279 -13.000 -6.657 -69.140 -13.000 -6.679 -69.393 -13.500 -6.623 -0.018 10.304 -0.012 10.304 -0.024 10.324
3 16 -69.140 -13.000 -6.679 -68.782 -13.500 -6.696 -69.393 -13.500 -6.623 -0.012 10.304 0.000 10.324 -0.024 10.324
3 16 -69.140 -13.000 -6.679 -68.975 -13.000 -6.692 -68.782 -13.500 -6.696 -0.012 10.304 -0.006 10.304 0.000 10.324
3 16 -68.975 -13.000 -6.692 -68.782 -13.000 -6.696 -68.782 -13.500 -6.696 -0.006 10.304 0.000 10.304 0.000 10.324
3 16 -68.590 -13.000 -6.692 -68.782 -13.500 -6.696 -68.782 -13.000 -6.696 -0.018 10.304 -0.025 10.324 -0.025 10.304
3 16 -68.590 -13.000 -6.692 -68.424 -13.000 -6.679 -68.782 -13.500 -6.696 -0.018 10.304 -0.012 10.304 -0.025 10.324
3 16 -68.424 -13.000 -6.679 -68.173 -13.500 -6.624 -68.782 -13.500 -6.696 -0.012 10.304 0.000 10.324 -0.025 10.324
3 16 -68.424 -13.000 -6.679 -68.285 -13.000 -6.657 -68.173 -13.500 -6.624 -0.012 10.304 -0.006 10.304 0.000 10.324
3 16 -68.285 -13.000 -6.657 -68.173 -13.000 -6.624 -68.173 -13.500 -6.624 -0.006 10.304 0.000 10.304 0.000 10.324
3 16 -68.081 -13.000 -6.576 -68.173 -13.500 -6.624 -68.173 -13.000 -6.624 -0.011 10.304 -0.014 10.324 -0.014 10.304
3 16 -68.081 -13.000 -6.576 -68.015 -13.500 -6.512 -68.173 -13.500 -6.624 -0.011 10.304 -0.007 10.324 -0.014 10.324
3 16 -68.081 -13.000 -6.576 -68.015 -13.000 -6.512 -68.015 -13.500 -6.512 -0.011 10.304 -0.007 10.304 -0.007 10.324
3 16 -68.015 -13.000 -6.512 -67.975 -13.000 -6.430 -68.015 -13.500 -6.512 -0.007 10.304 -0.004 10.304 -0.007 10.324
3 16 -67.962 -13.500 -6.329 -67.975 -13.000 -6.430 -67.962 -13.000 -6.329 0.000 10.324 -0.004 10.304 0.000 10.304
3 16 -67.962 -13.500 -6.329 -68.015 -13.500 -6.512 -67.975 -13.000 -6.430 0.000 10.324 -0.007 10.324 -0.004 10.304
3 16 -67.976 -13.000 -6.224 -67.962 -13.500 -6.329 -67.962 -13.000 -6.329 -0.011 10.304 -0.015 10.324 -0.015 10.304
3 16 -67.976 -13.000 -6.224 -68.018 -13.500 -6.141 -67.962 -13.500 -6.329 -0.011 10.304 -0.007 10.324 -0.015 10.324
3 16 -67.976 -13.000 -6.224 -68.018 -13.000 -6.140 -68.018 -13.500 -6.141 -0.011 10.304 -0.007 10.304 -0.007 10.324
3 16 -68.018 -13.000 -6.140 -68.086 -13.000 -6.077 -68.018 -13.500 -6.141 -0.007 10.304 -0.004 10.304 -0.007 10.324
3 16 -68.178 -13.500 -6.029 -68.086 -13.000 -6.077 -68.178 -13.000 -6.029 0.000 10.324 -0.004 10.304 0.000 10.304
3 16 -68.178 -13.500 -6.029 -68.018 -13.500 -6.141 -68.086 -13.000 -6.077 0.000 10.324 -0.007 10.324 -0.004 10.304
3 16 -69.393 -13.500 -6.623 -68.782 -13.500 -6.968 -69.563 -13.500 -6.813 -0.265 -5.456 -0.279 -5.431 -0.273 -5.463
3 16 -69.393 -13.500 -6.623 -68.782 -13.500 -6.696 -68.782 -13.500 -6.968 -0.265 -5.456 -0.268 -5.431 -0.279 -5.431
3 16 -68.782 -13.500 -6.696 -68.173 -13.500 -6.624 -68.782 -13.500 -6.968 -0.268 -5.431 -0.265 -5.407 -0.279 -5.431
3 16 -69.766 -13.500 -6.598 -69.393 -13.500 -6.623 -69.563 -13.500 -6.813 -0.264 -5.471 -0.265 -5.456 -0.273 -5.463
3 16 -69.766 -13.500 -6.598 -69.548 -13.500 -6.512 -69.393 -13.500 -6.623 -0.264 -5.471 -0.260 -5.462 -0.265 -5.456
3 16 -69.766 -13.500 -6.598 -69.823 -13.500 -6.329 -69.548 -13.500 -6.512 -0.264 -5.471 -0.253 -5.473 -0.260 -5.462
3 16 -69.823 -13.500 -6.329 -69.601 -13.500 -6.329 -69.548 -13.500 -6.512 -0.253 -5.473 -0.253 -5.464 -0.260 -5.462
3 16 -69.823 -13.500 -6.329 -69.548 -13.500 -6.145 -69.601 -13.500 -6.329 -0.253 -5.473 -0.246 -5.462 -0.253 -5.464
3 16 -69.823 -13.500 -6.329 -69.761 -13.500 -6.047 -69.548 -13.500 -6.145 -0.253 -5.473 -0.242 -5.470 -0.246 -5.462
3 16 -69.761 -13.500 -6.047 -69.390 -13.500 -6.031 -69.548 -13.500 -6.145 -0.242 -5.470 -0.241 -5.456 -0.246 -5.462
3 16 -69.761 -13.500 -6.047 -69.572 -13.500 -5.846 -69.390 -13.500 -6.031 -0.242 -5.470 -0.234 -5.463 -0.241 -5.456
3 16 -69.572 -13.500 -5.846 -68.781 -13.500 -5.689 -69.390 -13.500 -6.031 -0.234 -5.463 -0.228 -5.431 -0.241 -5.456
3 16 -68.178 -13.500 -6.029 -68.781 -13.500 -5.689 -67.997 -13.500 -5.844 -0.241 -5.407 -0.228 -5.431 -0.234 -5.400
3 16 -68.178 -13.500 -6.029 -68.781 -13.500 -5.961 -68.781 -13.500 -5.689 -0.241 -5.407 -0.238 -5.431 -0.228 -5.431
3 16 -68.781 -13.500 -5.961 -69.390 -13.500 -6.031 -68.781 -13.500 -5.689 -0.238 -5.431 -0.241 -5.456 -0.228 -5.431
3 16 -67.796 -13.500 -6.059 -68.178 -13.500 -6.029 -67.997 -13.500 -5.844 -0.242 -5.392 -0.241 -5.407 -0.234 -5.400
3 16 -67.796 -13.500 -6.059 -68.018 -13.500 -6.141 -68.178 -13.500 -6.029 -0.242 -5.392 -0.246 -5.401 -0.241 -5.407
3 16 -67.796 -13.500 -6.059 -67.740 -13.500 -6.329 -68.018 -13.500 -6.141 -0.242 -5.392 -0.253 -5.390 -0.246 -5.401
3 16 -67.740 -13.500 -6.329 -67.962 -13.500 -6.329 -68.018 -13.500 -6.141 -0.253 -5.390 -0.253 -5.398 -0.246 -5.401
3 16 -67.740 -13.500 -6.329 -68.015 -13.500 -6.512 -67.962 -13.500 -6.329 -0.253 -5.390 -0.260 -5.401 -0.253 -5.398
3 16 -67.740 -13.500 -6.329 -67.802 -13.500 -6.610 -68.015 -13.500 -6.512 -0.253 -5.390 -0.264 -5.392 -0.260 -5.401
3 16 -67.802 -13.500 -6.610 -68.173 -13.500 -6.624 -68.015 -13.500 -6.512 -0.264 -5.392 -0.265 -5.407 -0.260 -5.401
3 16 -67.802 -13.500 -6.610 -67.992 -13.500 -6.811 -68.173 -13.500 -6.624 -0.264 -5.392 -0.272 -5.400 -0.265 -5.407
3 16 -67.992 -13.500 -6.811 -68.782 -13.500 -6.968 -68.173 -13.500 -6.624 -0.272 -5.400 -0.279 -5.431 -0.265 -5.407
3 16 -68.014 -13.500 -4.474 -67.782 -13.500 -5.456 -68.014 -13.500 -5.456 -0.179 -5.401 -0.218 -5.391 -0.218 -5.401
3 16 -68.014 -13.500 -4.474 -67.782 -13.500 -4.222 -67.782 -13.500 -5.456 -0.179 -5.401 -0.169 -5.391 -0.218 -5.391
3 16 -68.014 -13.500 -4.474 -68.066 -13.500 -4.222 -67.782 -13.500 -4.222 -0.179 -5.401 -0.169 -5.403 -0.169 -5.391
3 16 -68.014 -13.500 -4.474 -68.547 -13.500 -4.705 -68.066 -13.500 -4.222 -0.179 -5.401 -0.188 -5.422 -0.169 -5.403
3 16 -68.014 -13.500 -4.474 -68.533 -13.500 -5.002 -68.547 -13.500 -4.705 -0.179 -5.401 -0.200 -5.421 -0.188 -5.422
3 16 -68.533 -13.500 -5.002 -68.949 -13.500 -5.017 -68.547 -13.500 -4.705 -0.200 -5.421 -0.201 -5.438 -0.188 -5.422
3 16 -68.533 -13.500 -5.002 -68.875 -13.500 -5.269 -68.949 -13.500 -5.017 -0.200 -5.421 -0.211 -5.435 -0.201 -5.438
3 16 -68.875 -13.500 -5.269 -69.260 -13.500 -5.101 -68.949 -13.500 -5.017 -0.211 -5.435 -0.204 -5.450 -0.201 -5.438
3 16 -68.875 -13.500 -5.269 -69.275 -13.500 -5.373 -69.260 -13.500 -5.101 -0.211 -5.435 -0.215 -5.451 -0.204 -5.450
3 16 -69.275 -13.500 -5.373 -69.494 -13.500 -5.337 -69.260 -13.500 -5.101 -0.215 -5.451 -0.213 -5.460 -0.204 -5.450
3 16 -69.494 -13.500 -5.337 -69.408 -13.500 -5.075 -69.260 -13.500 -5.101 -0.213 -5.460 -0.203 -5.456 -0.204 -5.450
3 16 -69.494 -13.500 -5.337 -69.676 -13.500 -5.215 -69.408 -13.500 -5.075 -0.213 -5.460 -0.209 -5.467 -0.203 -5.456
3 16 -69.676 -13.500 -5.215 -69.512 -13.500 -5.002 -69.408 -13.500 -5.075 -0.209 -5.467 -0.200 -5.460 -0.203 -5.456
3 16 -69.676 -13.500 -5.215 -69.792 -13.500 -5.012 -69.512 -13.500 -5.002 -0.209 -5.467 -0.200 -5.472 -0.200 -5.460
3 16 -69.792 -13.500 -5.012 -69.593 -13.500 -4.757 -69.512 -13.500 -5.002 -0.200 -5.472 -0.190 -5.464 -0.200 -5.460
3 16 -69.792 -13.500 -5.012 -69.824 -13.500 -4.777 -69.593 -13.500 -4.757 -0.200 -5.472 -0.191 -5.473 -0.190 -5.464
3 16 -69.824 -13.500 -4.777 -69.529 -13.500 -4.474 -69.593 -13.500 -4.757 -0.191 -5.473 -0.179 -5.461 -0.190 -5.464
3 16 -69.824 -13.500 -4.777 -69.704 -13.500 -4.264 -69.529 -13.500 -4.474 -0.191 -5.473 -0.171 -5.468 -0.179 -5.461
3 16 -69.704 -13.500 -4.264 -69.419 -13.500 -4.279 -69.529 -13.500 -4.474 -0.171 -5.468 -0.171 -5.457 -0.179 -5.461
3 16 -69.704 -13.500 -4.264 -69.419 -13.500 -4.264 -69.419 -13.500 -4.279 -0.171 -5.468 -0.171 -5.457 -0.171 -5.457
3 16 -69.419 -13.500 -4.279 -69.419 -13.000 -4.264 -69.419 -13.000 -4.279 0.001 10.324 0.000 10.304 0.001 10.304
3 16 -69.419 -13.500 -4.279 -69.419 -13.500 -4.264 -69.419 -13.000 -4.264 0.001 10.324 0.000 10.324 0.000 10.304
3 16 -69.419 -13.000 -4.264 -69.704 -13.500 -4.264 -69.704 -13.000 -4.264 0.011 10.304 0.000 10.324 0.000 10.304
3 16 -69.419 -13.000 -4.264 -69.419 -13.500 -4.264 -69.704 -13.500 -4.264 0.011 10.304 0.011 10.324 0.000 10.324
3 16 -69.814 -13.000 -4.640 -69.824 -13.500 -4.777 -69.824 -13.000 -4.777 -0.018 10.304 -0.025 10.324 -0.025 10.304
3 16 -69.814 -13.000 -4.640 -69.785 -13.000 -4.495 -69.824 -13.500 -4.777 -0.018 10.304 -0.012 10.304 -0.025 10.324
3 16 -69.785 -13.000 -4.495 -69.704 -13.500 -4.264 -69.824 -13.500 -4.777 -0.012 10.304 0.000 10.324 -0.025 10.324
3 16 -69.785 -13.000 -4.495 -69.745 -13.000 -4.364 -69.704 -13.500 -4.264 -0.012 10.304 -0.006 10.304 0.000 10.324
3 16 -69.745 -13.000 -4.364 -69.704 -13.000 -4.264 -69.704 -13.500 -4.264 -0.006 10.304 0.000 10.304 0.000 10.324
3 16 -69.275 -13.000 -5.373 -69.494 -13.500 -5.337 -69.275 -13.500 -5.373 -0.035 10.304 -0.026 10.324 -0.035 10.324
3 16 -69.275 -13.000 -5.373 -69.502 -13.000 -5.334 -69.494 -13.500 -5.337 -0.035 10.304 -0.026 10.304 -0.026 10.324
3 16 -69.502 -13.000 -5.334 -69.676 -13.500 -5.215 -69.494 -13.500 -5.337 -0.026 10.304 -0.017 10.324 -0.026 10.324
3 16 -69.502 -13.000 -5.334 -69.676 -13.000 -5.215 -69.676 -13.500 -5.215 -0.026 10.304 -0.017 10.304 -0.017 10.324
3 16 -69.676 -13.000 -5.215 -69.787 -13.000 -5.026 -69.676 -13.500 -5.215 -0.017 10.304 -0.009 10.304 -0.017 10.324
3 16 -69.787 -13.000 -5.026 -69.792 -13.500 -5.012 -69.676 -13.500 -5.215 -0.009 10.304 -0.008 10.324 -0.017 10.324
3 16 -69.787 -13.000 -5.026 -69.824 -13.000 -4.777 -69.792 -13.500 -5.012 -0.009 10.304 0.000 10.304 -0.008 10.324
3 16 -69.824 -13.000 -4.777 -69.824 -13.500 -4.777 -69.792 -13.500 -5.012 0.000 10.304 0.000 10.324 -0.008 10.324
3 16 -68.963 -13.000 -5.313 -68.875 -13.500 -5.269 -68.875 -13.000 -5.269 -0.012 10.304 -0.016 10.324 -0.016 10.304
3 16 -68.963 -13.000 -5.313 -69.058 -13.000 -5.346 -68.875 -13.500 -5.269 -0.012 10.304 -0.008 10.304 -0.016 10.324
3 16 -69.058 -13.000 -5.346 -69.275 -13.500 -5.373 -68.875 -13.500 -5.269 -0.008 10.304 0.000 10.324 -0.016 10.324
3 16 -69.058 -13.000 -5.346 -69.162 -13.000 -5.366 -69.275 -13.500 -5.373 -0.008 10.304 -0.004 10.304 0.000 10.324
3 16 -69.162 -13.000 -5.366 -69.275 -13.000 -5.373 -69.275 -13.500 -5.373 -0.004 10.304 0.000 10.304 0.000 10.324
3 16 -68.616 -13.000 -5.078 -68.533 -13.500 -5.002 -68.533 -13.000 -5.002 -0.013 10.304 -0.018 10.324 -0.018 10.304
3 16 -68.616 -13.000 -5.078 -68.701 -13.000 -5.150 -68.533 -13.500 -5.002 -0.013 10.304 -0.009 10.304 -0.018 10.324
3 16 -68.701 -13.000 -5.150 -68.875 -13.500 -5.269 -68.533 -13.500 -5.002 -0.009 10.304 0.000 10.324 -0.018 10.324
3 16 -68.701 -13.000 -5.150 -68.788 -13.000 -5.215 -68.875 -13.500 -5.269 -0.009 10.304 -0.004 10.304 0.000 10.324
3 16 -68.788 -13.000 -5.215 -68.875 -13.000 -5.269 -68.875 -13.500 -5.269 -0.004 10.304 0.000 10.304 0.000 10.324
3 16 -68.115 -13.000 -4.582 -68.014 -13.500 -4.474 -68.014 -13.000 -4.474 -0.026 10.304 -0.034 10.324 -0.034 10.304
3 16 -68.115 -13.000 -4.582 -68.247 -13.000 -4.721 -68.014 -13.500 -4.474 -0.026 10.304 -0.017 10.304 -0.034 10.324
3 16 -68.247 -13.000 -4.721 -68.533 -13.500 -5.002 -68.014 -13.500 -4.474 -0.017 10.304 0.000 10.324 -0.034 10.324
3 16 -68.247 -13.000 -4.721 -68.392 -13.000 -4.868 -68.533 -13.500 -5.002 -0.017 10.304 -0.009 10.304 0.000 10.324
3 16 -68.392 -13.000 -4.868 -68.533 -13.000 -5.002 -68.533 -13.500 -5.002 -0.009 10.304 0.000 10.304 0.000 10.324
3 16 -68.014 -13.000 -4.474 -68.014 -13.500 -5.456 -68.014 -13.000 -5.456 0.039 10.304 0.000 10.324 0.000 10.304
3 16 -68.014 -13.000 -4.474 -68.014 -13.500 -4.474 -68.014 -13.500 -5.456 0.039 10.304 0.039 10.324 0.000 10.324
3 16 -68.014 -13.000 -5.456 -67.782 -13.500 -5.456 -67.782 -13.000 -5.456 0.009 10.304 0.000 10.324 0.000 10.304
3 16 -68.014 -13.000 -5.456 -68.014 -13.500 -5.456 -67.782 -13.500 -5.456 0.009 10.304 0.009 10.324 0.000 10.324
3 16 -69.444 -13.000 -4.317 -69.419 -13.500 -4.279 -69.419 -13.000 -4.279 -0.007 10.304 -0.010 10.324 -0.010 10.304
3 16 -69.444 -13.000 -4.317 -69.474 -13.000 -4.364 -69.419 -13.500 -4.279 -0.007 10.304 -0.005 10.304 -0.010 10.324
3 16 -69.474 -13.000 -4.364 -69.529 -13.500 -4.474 -69.419 -13.500 -4.279 -0.005 10.304 0.000 10.324 -0.010 10.324
3 16 -69.474 -13.000 -4.364 -69.504 -13.000 -4.418 -69.529 -13.500 -4.474 -0.005 10.304 -0.002 10.304 0.000 10.324
3 16 -69.504 -13.000 -4.418 -69.529 -13.000 -4.474 -69.529 -13.500 -4.474 -0.002 10.304 0.000 10.304 0.000 10.324
3 16 -69.555 -13.000 -4.542 -69.529 -13.500 -4.474 -69.529 -13.000 -4.474 -0.009 10.304 -0.012 10.324 -0.012 10.304
3 16 -69.555 -13.000 -4.542 -69.575 -13.000 -4.613 -69.529 -13.500 -4.474 -0.009 10.304 -0.006 10.304 -0.012 10.324
3 16 -69.575 -13.000 -4.613 -69.593 -13.500 -4.757 -69.529 -13.500 -4.474 -0.006 10.304 0.000 10.324 -0.012 10.324
3 16 -69.575 -13.000 -4.613 -69.588 -13.000 -4.685 -69.593 -13.500 -4.757 -0.006 10.304 -0.003 10.304 0.000 10.324
3 16 -69.588 -13.000 -4.685 -69.593 -13.000 -4.757 -69.593 -13.500 -4.757 -0.003 10.304 0.000 10.304 0.000 10.324
3 16 -69.588 -13.000 -4.828 -69.593 -13.500 -4.757 -69.593 -13.000 -4.757 -0.008 10.304 -0.010 10.324 -0.010 10.304
3 16 -69.588 -13.000 -4.828 -69.572 -13.000 -4.893 -69.593 -13.500 -4.757 -0.008 10.304 -0.005 10.304 -0.010 10.324
3 16 -69.572 -13.000 -4.893 -69.512 -13.500 -5.002 -69.593 -13.500 -4.757 -0.005 10.304 0.000 10.324 -0.010 10.324
3 16 -69.572 -13.000 -4.893 -69.547 -13.000 -4.951 -69.512 -13.500 -5.002 -0.005 10.304 -0.003 10.304 0.000 10.324
3 16 -69.547 -13.000 -4.951 -69.512 -13.000 -5.002 -69.512 -13.500 -5.002 -0.003 10.304 0.000 10.304 0.000 10.324
3 16 -69.465 -13.000 -5.044 -69.512 -13.500 -5.002 -69.512 -13.000 -5.002 -0.008 10.304 -0.011 10.324 -0.011 10.304
3 16 -69.465 -13.000 -5.044 -69.408 -13.500 -5.075 -69.512 -13.500 -5.002 -0.008 10.304 -0.005 10.324 -0.011 10.324
3 16 -69.465 -13.000 -5.044 -69.408 -13.000 -5.075 -69.408 -13.500 -5.075 -0.008 10.304 -0.005 10.304 -0.005 10.324
3 16 -69.408 -13.000 -5.075 -69.339 -13.000 -5.094 -69.408 -13.500 -5.075 -0.005 10.304 -0.003 10.304 -0.005 10.324
3 16 -69.260 -13.500 -5.101 -69.339 -13.000 -5.094 -69.260 -13.000 -5.101 0.000 10.324 -0.003 10.304 0.000 10.304
3 16 -69.260 -13.500 -5.101 -69.408 -13.500 -5.075 -69.339 -13.000 -5.094 0.000 10.324 -0.005 10.324 -0.003 10.304
3 16 -69.102 -13.000 -5.080 -69.260 -13.500 -5.101 -69.260 -13.000 -5.101 -0.021 10.304 -0.028 10.324 -0.028 10.304
3 16 -69.102 -13.000 -5.080 -68.949 -13.500 -5.017 -69.260 -13.500 -5.101 -0.021 10.304 -0.014 10.324 -0.028 10.324
3 16 -69.102 -13.000 -5.080 -68.949 -13.000 -5.017 -68.949 -13.500 -5.017 -0.021 10.304 -0.014 10.304 -0.014 10.324
3 16 -68.949 -13.000 -5.017 -68.773 -13.000 -4.898 -68.949 -13.500 -5.017 -0.014 10.304 -0.007 10.304 -0.014 10.324
3 16 -68.547 -13.500 -4.705 -68.773 -13.000 -4.898 -68.547 -13.000 -4.705 0.000 10.324 -0.007 10.304 0.000 10.304
3 16 -68.547 -13.500 -4.705 -68.949 -13.500 -5.017 -68.773 -13.000 -4.898 0.000 10.324 -0.014 10.324 -0.007 10.304
3 16 -68.425 -13.000 -4.591 -68.547 -13.500 -4.705 -68.547 -13.000 -4.705 -0.020 10.304 -0.026 10.324 -0.026 10.304
3 16 -68.425 -13.000 -4.591 -68.307 -13.000 -4.474 -68.547 -13.500 -4.705 -0.020 10.304 -0.013 10.304 -0.026 10.324
3 16 -68.307 -13.000 -4.474 -68.066 -13.500 -4.222 -68.547 -13.500 -4.705 -0.013 10.304 0.000 10.324 -0.026 10.324
3 16 -68.307 -13.000 -4.474 -68.188 -13.000 -4.352 -68.066 -13.500 -4.222 -0.013 10.304 -0.007 10.304 0.000 10.324
3 16 -68.188 -13.000 -4.352 -68.066 -13.000 -4.222 -68.066 -13.500 -4.222 -0.007 10.304 0.000 10.304 0.000 10.324
3 16 -67.782 -13.000 -4.222 -68.066 -13.500 -4.222 -68.066 -13.000 -4.222 0.011 10.304 0.000 10.324 0.000 10.304
3 16 -67.782 -13.000 -4.222 -67.782 -13.500 -4.222 -68.066 -13.500 -4.222 0.011 10.304 0.011 10.324 0.000 10.324
3 16 -67.782 -13.000 -5.456 -67.782 -13.500 -4.222 -67.782 -13.000 -4.222 0.049 10.304 0.000 10.324 0.000 10.304
3 16 -67.782 -13.000 -5.456 -67.782 -13.500 -5.456 -67.782 -13.500 -4.222 0.049 10.304 0.049 10.324 0.000 10.324
3 16 -67.782 -13.000 -8.457 -67.782 -13.500 -7.224 -67.782 -13.000 -7.224 0.049 10.304 0.000 10.324 0.000 10.304
3 16 -67.782 -13.000 -8.457 -67.782 -13.500 -8.457 -67.782 -13.500 -7.224 0.049 10.304 0.049 10.324 0.000 10.324
3 16 -67.782 -13.000 -7.224 -68.066 -13.500 -7.224 -68.066 -13.000 -7.224 0.011 10.304 0.000 10.324 0.000 10.304
3 16 -67.782 -13.000 -7.224 -67.782 -13.500 -7.224 -68.066 -13.500 -7.224 0.011 10.304 0.011 10.324 0.000 10.324
3 16 -68.425 -13.000 -7.592 -68.547 -13.500 -7.707 -68.547 -13.000 -7.707 -0.020 10.304 -0.026 10.324 -0.026 10.304
3 16 -68.425 -13.000 -7.592 -68.307 -13.000 -7.475 -68.547 -13.500 -7.707 -0.020 10.304 -0.013 10.304 -0.026 10.324
3 16 -68.307 -13.000 -7.475 -68.066 -13.500 -7.224 -68.547 -13.500 -7.707 -0.013 10.304 0.000 10.324 -0.026 10.324
3 16 -68.307 -13.000 -7.475 -68.188 -13.000 -7.353 -68.066 -13.500 -7.224 -0.013 10.304 -0.007 10.304 0.000 10.324
3 16 -68.188 -13.000 -7.353 -68.066 -13.000 -7.224 -68.066 -13.500 -7.224 -0.007 10.304 0.000 10.304 0.000 10.324
3 16 -69.102 -13.000 -8.082 -69.260 -13.500 -8.102 -69.260 -13.000 -8.102 -0.021 10.304 -0.028 10.324 -0.028 10.304
3 16 -69.102 -13.000 -8.082 -68.949 -13.500 -8.019 -69.260 -13.500 -8.102 -0.021 10.304 -0.014 10.324 -0.028 10.324
3 16 -69.102 -13.000 -8.082 -68.949 -13.000 -8.019 -68.949 -13.500 -8.019 -0.021 10.304 -0.014 10.304 -0.014 10.324
3 16 -68.949 -13.000 -8.019 -68.773 -13.000 -7.899 -68.949 -13.500 -8.019 -0.014 10.304 -0.007 10.304 -0.014 10.324
3 16 -68.547 -13.500 -7.707 -68.773 -13.000 -7.899 -68.547 -13.000 -7.707 0.000 10.324 -0.007 10.304 0.000 10.304
3 16 -68.547 -13.500 -7.707 -68.949 -13.500 -8.019 -68.773 -13.000 -7.899 0.000 10.324 -0.014 10.324 -0.007 10.304
3 16 -69.465 -13.000 -8.045 -69.512 -13.500 -8.004 -69.512 -13.000 -8.004 -0.008 10.304 -0.011 10.324 -0.011 10.304
3 16 -69.465 -13.000 -8.045 -69.408 -13.500 -8.076 -69.512 -13.500 -8.004 -0.008 10.304 -0.005 10.324 -0.011 10.324
3 16 -69.465 -13.000 -8.045 -69.408 -13.000 -8.076 -69.408 -13.500 -8.076 -0.008 10.304 -0.005 10.304 -0.005 10.324
3 16 -69.408 -13.000 -8.076 -69.339 -13.000 -8.096 -69.408 -13.500 -8.076 -0.005 10.304 -0.003 10.304 -0.005 10.324
3 16 -69.260 -13.500 -8.102 -69.339 -13.000 -8.096 -69.260 -13.000 -8.102 0.000 10.324 -0.003 10.304 0.000 10.304
3 16 -69.260 -13.500 -8.102 -69.408 -13.500 -8.076 -69.339 -13.000 -8.096 0.000 10.324 -0.005 10.324 -0.003 10.304
3 16 -69.588 -13.000 -7.830 -69.593 -13.500 -7.759 -69.593 -13.000 -7.759 -0.008 10.304 -0.010 10.324 -0.010 10.304
3 16 -69.588 -13.000 -7.830 -69.572 -13.000 -7.895 -69.593 -13.500 -7.759 -0.008 10.304 -0.005 10.304 -0.010 10.324
3 16 -69.572 -13.000 -7.895 -69.512 -13.500 -8.004 -69.593 -13.500 -7.759 -0.005 10.304 0.000 10.324 -0.010 10.324
3 16 -69.572 -13.000 -7.895 -69.547 -13.000 -7.953 -69.512 -13.500 -8.004 -0.005 10.304 -0.003 10.304 0.000 10.324
3 16 -69.547 -13.000 -7.953 -69.512 -13.000 -8.004 -69.512 -13.500 -8.004 -0.003 10.304 0.000 10.304 0.000 10.324
3 16 -69.555 -13.000 -7.543 -69.529 -13.500 -7.475 -69.529 -13.000 -7.475 -0.009 10.304 -0.012 10.324 -0.012 10.304
3 16 -69.555 -13.000 -7.543 -69.575 -13.000 -7.615 -69.529 -13.500 -7.475 -0.009 10.304 -0.006 10.304 -0.012 10.324
3 16 -69.575 -13.000 -7.615 -69.593 -13.500 -7.759 -69.529 -13.500 -7.475 -0.006 10.304 0.000 10.324 -0.012 10.324
3 16 -69.575 -13.000 -7.615 -69.588 -13.000 -7.687 -69.593 -13.500 -7.759 -0.006 10.304 -0.003 10.304 0.000 10.324
3 16 -69.588 -13.000 -7.687 -69.593 -13.000 -7.759 -69.593 -13.500 -7.759 -0.003 10.304 0.000 10.304 0.000 10.324
3 16 -69.444 -13.000 -7.318 -69.419 -13.500 -7.281 -69.419 -13.000 -7.281 -0.007 10.304 -0.010 10.324 -0.010 10.304
3 16 -69.444 -13.000 -7.318 -69.474 -13.000 -7.366 -69.419 -13.500 -7.281 -0.007 10.304 -0.005 10.304 -0.010 10.324
3 16 -69.474 -13.000 -7.366 -69.529 -13.500 -7.475 -69.419 -13.500 -7.281 -0.005 10.304 0.000 10.324 -0.010 10.324
3 16 -69.474 -13.000 -7.366 -69.504 -13.000 -7.419 -69.529 -13.500 -7.475 -0.005 10.304 -0.002 10.304 0.000 10.324
3 16 -69.504 -13.000 -7.419 -69.529 -13.000 -7.475 -69.529 -13.500 -7.475 -0.002 10.304 0.000 10.304 0.000 10.324
3 16 -68.014 -13.000 -8.457 -67.782 -13.500 -8.457 -67.782 -13.000 -8.457 0.009 10.304 0.000 10.324 0.000 10.304
3 16 -68.014 -13.000 -8.457 -68.014 -13.500 -8.457 -67.782 -13.500 -8.457 0.009 10.304 0.009 10.324 0.000 10.324
3 16 -68.014 -13.000 -7.475 -68.014 -13.500 -8.457 -68.014 -13.000 -8.457 0.039 10.304 0.000 10.324 0.000 10.304
3 16 -68.014 -13.000 -7.475 -68.014 -13.500 -7.475 -68.014 -13.500 -8.457 0.039 10.304 0.039 10.324 0.000 10.324
3 16 -68.115 -13.000 -7.583 -68.014 -13.500 -7.475 -68.014 -13.000 -7.475 -0.026 10.304 -0.034 10.324 -0.034 10.304
3 16 -68.115 -13.000 -7.583 -68.247 -13.000 -7.722 -68.014 -13.500 -7.475 -0.026 10.304 -0.017 10.304 -0.034 10.324
3 16 -68.247 -13.000 -7.722 -68.533 -13.500 -8.004 -68.014 -13.500 -7.475 -0.017 10.304 0.000 10.324 -0.034 10.324
3 16 -68.247 -13.000 -7.722 -68.392 -13.000 -7.870 -68.533 -13.500 -8.004 -0.017 10.304 -0.009 10.304 0.000 10.324
3 16 -68.392 -13.000 -7.870 -68.533 -13.000 -8.004 -68.533 -13.500 -8.004 -0.009 10.304 0.000 10.304 0.000 10.324
3 16 -68.616 -13.000 -8.079 -68.533 -13.500 -8.004 -68.533 -13.000 -8.004 -0.013 10.304 -0.018 10.324 -0.018 10.304
3 16 -68.616 -13.000 -8.079 -68.701 -13.000 -8.152 -68.533 -13.500 -8.004 -0.013 10.304 -0.009 10.304 -0.018 10.324
3 16 -68.701 -13.000 -8.152 -68.875 -13.500 -8.271 -68.533 -13.500 -8.004 -0.009 10.304 0.000 10.324 -0.018 10.324
3 16 -68.701 -13.000 -8.152 -68.788 -13.000 -8.217 -68.875 -13.500 -8.271 -0.009 10.304 -0.004 10.304 0.000 10.324
3 16 -68.788 -13.000 -8.217 -68.875 -13.000 -8.271 -68.875 -13.500 -8.271 -0.004 10.304 0.000 10.304 0.000 10.324
3 16 -68.963 -13.000 -8.314 -68.875 -13.500 -8.271 -68.875 -13.000 -8.271 -0.012 10.304 -0.016 10.324 -0.016 10.304
3 16 -68.963 -13.000 -8.314 -69.058 -13.000 -8.347 -68.875 -13.500 -8.271 -0.012 10.304 -0.008 10.304 -0.016 10.324
3 16 -69.058 -13.000 -8.347 -69.275 -13.500 -8.375 -68.875 -13.500 -8.271 -0.008 10.304 0.000 10.324 -0.016 10.324
3 16 -69.058 -13.000 -8.347 -69.162 -13.000 -8.368 -69.275 -13.500 -8.375 -0.008 10.304 -0.004 10.304 0.000 10.324
3 16 -69.162 -13.000 -8.368 -69.275 -13.000 -8.375 -69.275 -13.500 -8.375 -0.004 10.304 0.000 10.304 0.000 10.324
3 16 -69.275 -13.000 -8.375 -69.494 -13.500 -8.338 -69.275 -13.500 -8.375 -0.035 10.304 -0.026 10.324 -0.035 10.324
3 16 -69.275 -13.000 -8.375 -69.502 -13.000 -8.335 -69.494 -13.500 -8.338 -0.035 10.304 -0.026 10.304 -0.026 10.324
3 16 -69.502 -13.000 -8.335 -69.676 -13.500 -8.217 -69.494 -13.500 -8.338 -0.026 10.304 -0.017 10.324 -0.026 10.324
3 16 -69.502 -13.000 -8.335 -69.676 -13.000 -8.217 -69.676 -13.500 -8.217 -0.026 10.304 -0.017 10.304 -0.017 10.324
3 16 -69.676 -13.000 -8.217 -69.787 -13.000 -8.028 -69.676 -13.500 -8.217 -0.017 10.304 -0.009 10.304 -0.017 10.324
3 16 -69.787 -13.000 -8.028 -69.792 -13.500 -8.014 -69.676 -13.500 -8.217 -0.009 10.304 -0.008 10.324 -0.017 10.324
3 16 -69.787 -13.000 -8.028 -69.824 -13.000 -7.778 -69.792 -13.500 -8.014 -0.009 10.304 0.000 10.304 -0.008 10.324
3 16 -69.824 -13.000 -7.778 -69.824 -13.500 -7.778 -69.792 -13.500 -8.014 0.000 10.304 0.000 10.324 -0.008 10.324
3 16 -69.814 -13.000 -7.641 -69.824 -13.500 -7.778 -69.824 -13.000 -7.778 -0.018 10.304 -0.025 10.324 -0.025 10.304
3 16 -69.814 -13.000 -7.641 -69.785 -13.000 -7.497 -69.824 -13.500 -7.778 -0.018 10.304 -0.012 10.304 -0.025 10.324
3 16 -69.785 -13.000 -7.497 -69.704 -13.500 -7.266 -69.824 -13.500 -7.778 -0.012 10.304 0.000 10.324 -0.025 10.324
3 16 -69.785 -13.000 -7.497 -69.745 -13.000 -7.365 -69.704 -13.500 -7.266 -0.012 10.304 -0.006 10.304 0.000 10.324
3 16 -69.745 -13.000 -7.365 -69.704 -13.000 -7.266 -69.704 -13.500 -7.266 -0.006 10.304 0.000 10.304 0.000 10.324
3 16 -69.419 -13.000 -7.266 -69.704 -13.500 -7.266 -69.704 -13.000 -7.266 0.011 10.304 0.000 10.324 0.000 10.304
3 16 -69.419 -13.000 -7.266 -69.419 -13.500 -7.266 -69.704 -13.500 -7.266 0.011 10.304 0.011 10.324 0.000 10.324
3 16 -69.419 -13.500 -7.281 -69.419 -13.000 -7.266 -69.419 -13.000 -7.281 0.001 10.324 0.000 10.304 0.001 10.304
3 16 -69.419 -13.500 -7.281 -69.419 -13.500 -7.266 -69.419 -13.000 -7.266 0.001 10.324 0.000 10.324 0.000 10.304
3 16 -68.014 -13.500 -7.475 -67.782 -13.500 -8.457 -68.014 -13.500 -8.457 -0.299 -5.401 -0.338 -5.391 -0.338 -5.401
3 16 -68.014 -13.500 -7.475 -67.782 -13.500 -7.224 -67.782 -13.500 -8.457 -0.299 -5.401 -0.289 -5.391 -0.338 -5.391
3 16 -68.014 -13.500 -7.475 -68.066 -13.500 -7.224 -67.782 -13.500 -7.224 -0.299 -5.401 -0.289 -5.403 -0.289 -5.391
3 16 -68.014 -13.500 -7.475 -68.547 -13.500 -7.707 -68.066 -13.500 -7.224 -0.299 -5.401 -0.308 -5.422 -0.289 -5.403
3 16 -68.014 -13.500 -7.475 -68.533 -13.500 -8.004 -68.547 -13.500 -7.707 -0.299 -5.401 -0.320 -5.421 -0.308 -5.422
3 16 -68.533 -13.500 -8.004 -68.949 -13.500 -8.019 -68.547 -13.500 -7.707 -0.320 -5.421 -0.321 -5.438 -0.308 -5.422
3 16 -68.533 -13.500 -8.004 -68.875 -13.500 -8.271 -68.949 -13.500 -8.019 -0.320 -5.421 -0.331 -5.435 -0.321 -5.438
3 16 -68.875 -13.500 -8.271 -69.260 -13.500 -8.102 -68.949 -13.500 -8.019 -0.331 -5.435 -0.324 -5.450 -0.321 -5.438
3 16 -68.875 -13.500 -8.271 -69.275 -13.500 -8.375 -69.260 -13.500 -8.102 -0.331 -5.435 -0.335 -5.451 -0.324 -5.450
3 16 -69.275 -13.500 -8.375 -69.494 -13.500 -8.338 -69.260 -13.500 -8.102 -0.335 -5.451 -0.334 -5.460 -0.324 -5.450
3 16 -69.494 -13.500 -8.338 -69.408 -13.500 -8.076 -69.260 -13.500 -8.102 -0.334 -5.460 -0.323 -5.456 -0.324 -5.450
3 16 -69.494 -13.500 -8.338 -69.676 -13.500 -8.217 -69.408 -13.500 -8.076 -0.334 -5.460 -0.329 -5.467 -0.323 -5.456
3 16 -69.676 -13.500 -8.217 -69.512 -13.500 -8.004 -69.408 -13.500 -8.076 -0.329 -5.467 -0.320 -5.460 -0.323 -5.456
3 16 -69.676 -13.500 -8.217 -69.792 -13.500 -8.014 -69.512 -13.500 -8.004 -0.329 -5.467 -0.321 -5.472 -0.320 -5.460
3 16 -69.792 -13.500 -8.014 -69.593 -13.500 -7.759 -69.512 -13.500 -8.004 -0.321 -5.472 -0.310 -5.464 -0.320 -5.460
3 16 -69.792 -13.500 -8.014 -69.824 -13.500 -7.778 -69.593 -13.500 -7.759 -0.321 -5.472 -0.311 -5.473 -0.310 -5.464
3 16 -69.824 -13.500 -7.778 -69.529 -13.500 -7.475 -69.593 -13.500 -7.759 -0.311 -5.473 -0.299 -5.461 -0.310 -5.464
3 16 -69.824 -13.500 -7.778 -69.704 -13.500 -7.266 -69.529 -13.500 -7.475 -0.311 -5.473 -0.291 -5.468 -0.299 -5.461
3 16 -69.704 -13.500 -7.266 -69.419 -13.500 -7.281 -69.529 -13.500 -7.475 -0.291 -5.468 -0.291 -5.457 -0.299 -5.461
3 16 -69.704 -13.500 -7.266 -69.419 -13.500 -7.266 -69.419 -13.500 -7.281 -0.291 -5.468 -0.291 -5.457 -0.291 -5.457
3 16 -68.782 -13.500 -9.969 -69.393 -13.500 -9.624 -68.782 -13.500 -9.697 -0.399 -5.431 -0.385 -5.456 -0.388 -5.431
3 16 -68.782 -13.500 -9.969 -69.563 -13.500 -9.815 -69.393 -13.500 -9.624 -0.399 -5.431 -0.393 -5.463 -0.385 -5.456
3 16 -69.563 -13.500 -9.815 -69.766 -13.500 -9.600 -69.393 -13.500 -9.624 -0.393 -5.463 -0.384 -5.471 -0.385 -5.456
3 16 -68.173 -13.500 -9.626 -68.782 -13.500 -9.969 -68.782 -13.500 -9.697 -0.385 -5.407 -0.399 -5.431 -0.388 -5.431
3 16 -68.173 -13.500 -9.626 -67.992 -13.500 -9.813 -68.782 -13.500 -9.969 -0.385 -5.407 -0.393 -5.400 -0.399 -5.431
3 16 -68.173 -13.500 -9.626 -67.802 -13.500 -9.612 -67.992 -13.500 -9.813 -0.385 -5.407 -0.384 -5.392 -0.393 -5.400
3 16 -68.173 -13.500 -9.626 -68.015 -13.500 -9.513 -67.802 -13.500 -9.612 -0.385 -5.407 -0.381 -5.401 -0.384 -5.392
3 16 -68.015 -13.500 -9.513 -67.740 -13.500 -9.331 -67.802 -13.500 -9.612 -0.381 -5.401 -0.373 -5.390 -0.384 -5.392
3 16 -68.015 -13.500 -9.513 -67.962 -13.500 -9.331 -67.740 -13.500 -9.331 -0.381 -5.401 -0.373 -5.398 -0.373 -5.390
3 16 -67.962 -13.500 -9.331 -68.018 -13.500 -9.142 -67.740 -13.500 -9.331 -0.373 -5.398 -0.366 -5.401 -0.373 -5.390
3 16 -68.018 -13.500 -9.142 -67.796 -13.500 -9.060 -67.740 -13.500 -9.331 -0.366 -5.401 -0.362 -5.392 -0.373 -5.390
3 16 -68.018 -13.500 -9.142 -68.178 -13.500 -9.031 -67.796 -13.500 -9.060 -0.366 -5.401 -0.361 -5.407 -0.362 -5.392
3 16 -68.178 -13.500 -9.031 -67.997 -13.500 -8.845 -67.796 -13.500 -9.060 -0.361 -5.407 -0.354 -5.400 -0.362 -5.392
3 16 -68.178 -13.500 -9.031 -68.781 -13.500 -8.691 -67.997 -13.500 -8.845 -0.361 -5.407 -0.348 -5.431 -0.354 -5.400
3 16 -68.178 -13.500 -9.031 -68.781 -13.500 -8.963 -68.781 -13.500 -8.691 -0.361 -5.407 -0.359 -5.431 -0.348 -5.431
3 16 -68.781 -13.500 -8.963 -69.390 -13.500 -9.033 -68.781 -13.500 -8.691 -0.359 -5.431 -0.361 -5.456 -0.348 -5.431
3 16 -69.761 -13.500 -9.049 -69.390 -13.500 -9.033 -69.548 -13.500 -9.147 -0.362 -5.470 -0.361 -5.456 -0.366 -5.462
3 16 -69.761 -13.500 -9.049 -69.572 -13.500 -8.847 -69.390 -13.500 -9.033 -0.362 -5.470 -0.354 -5.463 -0.361 -5.456
3 16 -69.572 -13.500 -8.847 -68.781 -13.500 -8.691 -69.390 -13.500 -9.033 -0.354 -5.463 -0.348 -5.431 -0.361 -5.456
3 16 -69.548 -13.500 -9.147 -69.823 -13.500 -9.331 -69.761 -13.500 -9.049 -0.366 -5.462 -0.373 -5.473 -0.362 -5.470
3 16 -69.548 -13.500 -9.147 -69.601 -13.500 -9.331 -69.823 -13.500 -9.331 -0.366 -5.462 -0.373 -5.464 -0.373 -5.473
3 16 -69.601 -13.500 -9.331 -69.548 -13.500 -9.513 -69.823 -13.500 -9.331 -0.373 -5.464 -0.381 -5.462 -0.373 -5.473
3 16 -69.548 -13.500 -9.513 -69.766 -13.500 -9.600 -69.823 -13.500 -9.331 -0.381 -5.462 -0.384 -5.471 -0.373 -5.473
3 16 -69.548 -13.500 -9.513 -69.393 -13.500 -9.624 -69.766 -13.500 -9.600 -0.381 -5.462 -0.385 -5.456 -0.384 -5.471
3 16 -67.976 -13.000 -9.225 -67.962 -13.500 -9.331 -67.962 -13.000 -9.331 -0.011 10.304 -0.015 10.324 -0.015 10.304
3 16 -67.976 -13.000 -9.225 -68.018 -13.500 -9.142 -67.962 -13.500 -9.331 -0.011 10.304 -0.007 10.324 -0.015 10.324
3 16 -67.976 -13.000 -9.225 -68.018 -13.000 -9.142 -68.018 -13.500 -9.142 -0.011 10.304 -0.007 10.304 -0.007 10.324
3 16 -68.018 -13.000 -9.142 -68.086 -13.000 -9.078 -68.018 -13.500 -9.142 -0.007 10.304 -0.004 10.304 -0.007 10.324
3 16 -68.178 -13.500 -9.031 -68.086 -13.000 -9.078 -68.178 -13.000 -9.031 0.000 10.324 -0.004 10.304 0.000 10.304
3 16 -68.178 -13.500 -9.031 -68.018 -13.500 -9.142 -68.086 -13.000 -9.078 0.000 10.324 -0.007 10.324 -0.004 10.304
3 16 -68.081 -13.000 -9.577 -68.173 -13.500 -9.626 -68.173 -13.000 -9.626 -0.011 10.304 -0.014 10.324 -0.014 10.304
3 16 -68.081 -13.000 -9.577 -68.015 -13.500 -9.513 -68.173 -13.500 -9.626 -0.011 10.304 -0.007 10.324 -0.014 10.324
3 16 -68.081 -13.000 -9.577 -68.015 -13.000 -9.513 -68.015 -13.500 -9.513 -0.011 10.304 -0.007 10.304 -0.007 10.324
3 16 -68.015 -13.000 -9.513 -67.975 -13.000 -9.432 -68.015 -13.500 -9.513 -0.007 10.304 -0.004 10.304 -0.007 10.324
3 16 -67.962 -13.500 -9.331 -67.975 -13.000 -9.432 -67.962 -13.000 -9.331 0.000 10.324 -0.004 10.304 0.000 10.304
3 16 -67.962 -13.500 -9.331 -68.015 -13.500 -9.513 -67.975 -13.000 -9.432 0.000 10.324 -0.007 10.324 -0.004 10.304
3 16 -68.590 -13.000 -9.693 -68.782 -13.500 -9.697 -68.782 -13.000 -9.697 -0.018 10.304 -0.025 10.324 -0.025 10.304
3 16 -68.590 -13.000 -9.693 -68.424 -13.000 -9.681 -68.782 -13.500 -9.697 -0.018 10.304 -0.012 10.304 -0.025 10.324
3 16 -68.424 -13.000 -9.681 -68.173 -13.500 -9.626 -68.782 -13.500 -9.697 -0.012 10.304 0.000 10.324 -0.025 10.324
3 16 -68.424 -13.000 -9.681 -68.285 -13.000 -9.659 -68.173 -13.500 -9.626 -0.012 10.304 -0.006 10.304 0.000 10.324
3 16 -68.285 -13.000 -9.659 -68.173 -13.000 -9.626 -68.173 -13.500 -9.626 -0.006 10.304 0.000 10.304 0.000 10.324
3 16 -69.279 -13.000 -9.659 -69.393 -13.500 -9.624 -69.393 -13.000 -9.624 -0.018 10.304 -0.024 10.324 -0.024 10.304
3 16 -69.279 -13.000 -9.659 -69.140 -13.000 -9.681 -69.393 -13.500 -9.624 -0.018 10.304 -0.012 10.304 -0.024 10.324
3 16 -69.140 -13.000 -9.681 -68.782 -13.500 -9.697 -69.393 -13.500 -9.624 -0.012 10.304 0.000 10.324 -0.024 10.324
3 16 -69.140 -13.000 -9.681 -68.975 -13.000 -9.693 -68.782 -13.500 -9.697 -0.012 10.304 -0.006 10.304 0.000 10.324
3 16 -68.975 -13.000 -9.693 -68.782 -13.000 -9.697 -68.782 -13.500 -9.697 -0.006 10.304 0.000 10.304 0.000 10.324
3 16 -69.823 -13.000 -9.331 -69.761 -13.500 -9.049 -69.823 -13.500 -9.331 -0.047 10.304 -0.036 10.324 -0.047 10.324
3 16 -69.823 -13.000 -9.331 -69.760 -13.000 -9.046 -69.761 -13.500 -9.049 -0.047 10.304 -0.035 10.304 -0.036 10.324
3 16 -69.760 -13.000 -9.046 -69.572 -13.500 -8.847 -69.761 -13.500 -9.049 -0.035 10.304 -0.024 10.324 -0.036 10.324
3 16 -69.760 -13.000 -9.046 -69.572 -13.000 -8.847 -69.572 -13.500 -8.847 -0.035 10.304 -0.024 10.304 -0.024 10.324
3 16 -69.572 -13.000 -8.847 -69.249 -13.000 -8.730 -69.572 -13.500 -8.847 -0.024 10.304 -0.012 10.304 -0.024 10.324
3 16 -68.781 -13.500 -8.691 -69.249 -13.000 -8.730 -68.781 -13.000 -8.691 0.000 10.324 -0.012 10.304 0.000 10.304
3 16 -68.781 -13.500 -8.691 -69.572 -13.500 -8.847 -69.249 -13.000 -8.730 0.000 10.324 -0.024 10.324 -0.012 10.304
3 16 -69.238 -13.000 -9.931 -68.782 -13.500 -9.969 -68.782 -13.000 -9.969 -0.036 10.304 -0.048 10.324 -0.048 10.304
3 16 -69.238 -13.000 -9.931 -69.563 -13.500 -9.815 -68.782 -13.500 -9.969 -0.036 10.304 -0.024 10.324 -0.048 10.324
3 16 -69.238 -13.000 -9.931 -69.563 -13.000 -9.815 -69.563 -13.500 -9.815 -0.036 10.304 -0.024 10.304 -0.024 10.324
3 16 -69.563 -13.000 -9.815 -69.758 -13.000 -9.616 -69.563 -13.500 -9.815 -0.024 10.304 -0.012 10.304 -0.024 10.324
3 16 -69.758 -13.000 -9.616 -69.766 -13.500 -9.600 -69.563 -13.500 -9.815 -0.012 10.304 -0.011 10.324 -0.024 10.324
3 16 -69.758 -13.000 -9.616 -69.823 -13.000 -9.331 -69.766 -13.500 -9.600 -0.012 10.304 0.000 10.304 -0.011 10.324
3 16 -69.823 -13.000 -9.331 -69.823 -13.500 -9.331 -69.766 -13.500 -9.600 0.000 10.304 0.000 10.324 -0.011 10.324
3 16 -69.588 -13.000 -9.432 -69.601 -13.500 -9.331 -69.601 -13.000 -9.331 -0.011 10.304 -0.014 10.324 -0.014 10.304
3 16 -69.588 -13.000 -9.432 -69.548 -13.500 -9.513 -69.601 -13.500 -9.331 -0.011 10.304 -0.007 10.324 -0.014 10.324
3 16 -69.588 -13.000 -9.432 -69.548 -13.000 -9.513 -69.548 -13.500 -9.513 -0.011 10.304 -0.007 10.304 -0.007 10.324
3 16 -69.548 -13.000 -9.513 -69.483 -13.000 -9.576 -69.548 -13.500 -9.513 -0.007 10.304 -0.004 10.304 -0.007 10.324
3 16 -69.393 -13.500 -9.624 -69.483 -13.000 -9.576 -69.393 -13.000 -9.624 0.000 10.324 -0.004 10.304 0.000 10.304
3 16 -69.393 -13.500 -9.624 -69.548 -13.500 -9.513 -69.483 -13.000 -9.576 0.000 10.324 -0.007 10.324 -0.004 10.304
3 16 -69.482 -13.000 -9.082 -69.390 -13.500 -9.033 -69.390 -13.000 -9.033 -0.011 10.304 -0.014 10.324 -0.014 10.304
3 16 -69.482 -13.000 -9.082 -69.548 -13.500 -9.147 -69.390 -13.500 -9.033 -0.011 10.304 -0.007 10.324 -0.014 10.324
3 16 -69.482 -13.000 -9.082 -69.548 -13.000 -9.147 -69.548 -13.500 -9.147 -0.011 10.304 -0.007 10.304 -0.007 10.324
3 16 -69.548 -13.000 -9.147 -69.588 -13.000 -9.229 -69.548 -13.500 -9.147 -0.007 10.304 -0.004 10.304 -0.007 10.324
3 16 -69.601 -13.500 -9.331 -69.588 -13.000 -9.229 -69.601 -13.000 -9.331 0.000 10.324 -0.004 10.304 0.000 10.304
3 16 -69.601 -13.500 -9.331 -69.548 -13.500 -9.147 -69.588 -13.000 -9.229 0.000 10.324 -0.007 10.324 -0.004 10.304
3 16 -68.967 -13.000 -8.967 -68.781 -13.500 -8.963 -68.781 -13.000 -8.963 -0.019 10.304 -0.025 10.324 -0.025 10.304
3 16 -68.967 -13.000 -8.967 -69.132 -13.000 -8.978 -68.781 -13.500 -8.963 -0.019 10.304 -0.013 10.304 -0.025 10.324
3 16 -69.132 -13.000 -8.978 -69.390 -13.500 -9.033 -68.781 -13.500 -8.963 -0.013 10.304 0.000 10.324 -0.025 10.324
3 16 -69.132 -13.000 -8.978 -69.275 -13.000 -8.999 -69.390 -13.500 -9.033 -0.013 10.304 -0.006 10.304 0.000 10.324
3 16 -69.275 -13.000 -8.999 -69.390 -13.000 -9.033 -69.390 -13.500 -9.033 -0.006 10.304 0.000 10.304 0.000 10.324
3 16 -68.296 -13.000 -8.996 -68.178 -13.500 -9.031 -68.178 -13.000 -9.031 -0.017 10.304 -0.023 10.324 -0.023 10.304
3 16 -68.296 -13.000 -8.996 -68.429 -13.000 -8.976 -68.178 -13.500 -9.031 -0.017 10.304 -0.011 10.304 -0.023 10.324
3 16 -68.429 -13.000 -8.976 -68.781 -13.500 -8.963 -68.178 -13.500 -9.031 -0.011 10.304 0.000 10.324 -0.023 10.324
3 16 -68.429 -13.000 -8.976 -68.587 -13.000 -8.966 -68.781 -13.500 -8.963 -0.011 10.304 -0.006 10.304 0.000 10.324
3 16 -68.587 -13.000 -8.966 -68.781 -13.000 -8.963 -68.781 -13.500 -8.963 -0.006 10.304 0.000 10.304 0.000 10.324
3 16 -68.321 -13.000 -8.729 -68.781 -13.500 -8.691 -68.781 -13.000 -8.691 -0.036 10.304 -0.048 10.324 -0.048 10.304
3 16 -68.321 -13.000 -8.729 -67.997 -13.500 -8.845 -68.781 -13.500 -8.691 -0.036 10.304 -0.024 10.324 -0.048 10.324
3 16 -68.321 -13.000 -8.729 -67.997 -13.000 -8.846 -67.997 -13.500 -8.845 -0.036 10.304 -0.024 10.304 -0.024 10.324
3 16 -67.997 -13.000 -8.846 -67.804 -13.000 -9.044 -67.997 -13.500 -8.845 -0.024 10.304 -0.012 10.304 -0.024 10.324
3 16 -67.804 -13.000 -9.044 -67.796 -13.500 -9.060 -67.997 -13.500 -8.845 -0.012 10.304 -0.011 10.324 -0.024 10.324
3 16 -67.804 -13.000 -9.044 -67.740 -13.000 -9.331 -67.796 -13.500 -9.060 -0.012 10.304 0.000 10.304 -0.011 10.324
3 16 -67.740 -13.000 -9.331 -67.740 -13.500 -9.331 -67.796 -13.500 -9.060 0.000 10.304 0.000 10.324 -0.011 10.324
3 16 -67.740 -13.000 -9.331 -67.802 -13.500 -9.612 -67.740 -13.500 -9.331 -0.047 10.304 -0.036 10.324 -0.047 10.324
3 16 -67.740 -13.000 -9.331 -67.803 -13.000 -9.614 -67.802 -13.500 -9.612 -0.047 10.304 -0.036 10.304 -0.036 10.324
3 16 -67.803 -13.000 -9.614 -67.992 -13.500 -9.813 -67.802 -13.500 -9.612 -0.036 10.304 -0.024 10.324 -0.036 10.324
3 16 -67.803 -13.000 -9.614 -67.992 -13.000 -9.813 -67.992 -13.500 -9.813 -0.036 10.304 -0.024 10.304 -0.024 10.324
3 16 -67.992 -13.000 -9.813 -68.316 -13.000 -9.930 -67.992 -13.500 -9.813 -0.024 10.304 -0.012 10.304 -0.024 10.324
3 16 -68.782 -13.500 -9.969 -68.316 -13.000 -9.930 -68.782 -13.000 -9.969 0.000 10.324 -0.012 10.304 0.000 10.304
3 16 -68.782 -13.500 -9.969 -67.992 -13.500 -9.813 -68.316 -13.000 -9.930 0.000 10.324 -0.024 10.324 -0.012 10.304
3 16 -69.482 -13.000 -12.315 -67.782 -13.500 -11.449 -67.782 -13.000 -11.449 0.076 10.304 0.000 10.324 0.000 10.304
3 16 -69.482 -13.000 -12.315 -69.482 -13.500 -12.315 -67.782 -13.500 -11.449 0.076 10.304 0.076 10.324 0.000 10.324
3 16 -67.782 -13.000 -11.449 -67.782 -13.500 -11.164 -67.782 -13.000 -11.164 0.011 10.304 0.000 10.324 0.000 10.304
3 16 -67.782 -13.000 -11.449 -67.782 -13.500 -11.449 -67.782 -13.500 -11.164 0.011 10.304 0.011 10.324 0.000 10.324
3 16 -67.782 -13.000 -11.164 -69.547 -13.500 -12.078 -69.547 -13.000 -12.078 0.080 10.304 0.000 10.324 0.000 10.304
3 16 -67.782 -13.000 -11.164 -67.782 -13.500 -11.164 -69.547 -13.500 -12.078 0.080 10.304 0.080 10.324 0.000 10.324
3 16 -69.782 -13.000 -12.315 -69.482 -13.500 -12.315 -69.482 -13.000 -12.315 0.012 10.304 0.000 10.324 0.000 10.304
3 16 -69.782 -13.000 -12.315 -69.782 -13.500 -12.315 -69.482 -13.500 -12.315 0.012 10.304 0.012 10.324 0.000 10.324
3 16 -69.782 -13.000 -11.046 -69.782 -13.500 -12.315 -69.782 -13.000 -12.315 0.051 10.304 0.000 10.324 0.000 10.304
3 16 -69.782 -13.000 -11.046 -69.782 -13.500 -11.046 -69.782 -13.500 -12.315 0.051 10.304 0.051 10.324 0.000 10.324
3 16 -69.547 -13.000 -11.046 -69.782 -13.500 -11.046 -69.782 -13.000 -11.046 0.009 10.304 0.000 10.324 0.000 10.304
3 16 -69.547 -13.000 -11.046 -69.547 -13.500 -11.046 -69.782 -13.500 -11.046 0.009 10.304 0.009 10.324 0.000 10.324
3 16 -69.547 -13.000 -12.078 -69.547 -13.500 -11.046 -69.547 -13.000 -11.046 0.041 10.304 0.000 10.324 0.000 10.304
3 16 -69.547 -13.000 -12.078 -69.547 -13.500 -12.078 -69.547 -13.500 -11.046 0.041 10.304 0.041 10.324 0.000 10.324
3 16 -69.482 -13.500 -12.315 -69.547 -13.500 -12.078 -67.782 -13.500 -11.449 -0.493 -5.459 -0.483 -5.462 -0.458 -5.391
3 16 -69.482 -13.500 -12.315 -69.782 -13.500 -12.315 -69.547 -13.500 -12.078 -0.493 -5.459 -0.493 -5.471 -0.483 -5.462
3 16 -69.782 -13.500 -12.315 -69.782 -13.500 -11.046 -69.547 -13.500 -12.078 -0.493 -5.471 -0.442 -5.471 -0.483 -5.462
3 16 -69.547 -13.500 -11.046 -69.547 -13.500 -12.078 -69.782 -13.500 -11.046 -0.442 -5.462 -0.483 -5.462 -0.442 -5.471
3 16 -67.782 -13.500 -11.164 -67.782 -13.500 -11.449 -69.547 -13.500 -12.078 -0.447 -5.391 -0.458 -5.391 -0.483 -5.462
3 16 -68.165 -13.500 -10.334 -67.782 -13.500 -10.655 -68.165 -13.500 -10.655 -0.413 -5.407 -0.426 -5.391 -0.426 -5.407
3 16 -68.165 -13.500 -10.334 -67.782 -13.500 -10.334 -67.782 -13.500 -10.655 -0.413 -5.407 -0.413 -5.391 -0.426 -5.391
3 16 -68.165 -13.000 -10.334 -68.165 -13.500 -10.655 -68.165 -13.000 -10.655 0.013 10.304 0.000 10.324 0.000 10.304
3 16 -68.165 -13.000 -10.334 -68.165 -13.500 -10.334 -68.165 -13.500 -10.655 0.013 10.304 0.013 10.324 0.000 10.324
3 16 -68.165 -13.000 -10.655 -67.782 -13.500 -10.655 -67.782 -13.000 -10.655 0.015 10.304 0.000 10.324 0.000 10.304
3 16 -68.165 -13.000 -10.655 -68.165 -13.500 -10.655 -67.782 -13.500 -10.655 0.015 10.304 0.015 10.324 0.000 10.324
3 16 -67.782 -13.000 -10.334 -68.165 -13.500 -10.334 -68.165 -13.000 -10.334 0.015 10.304 0.000 10.324 0.000 10.304
3 16 -67.782 -13.000 -10.334 -67.782 -13.500 -10.334 -68.165 -13.500 -10.334 0.015 10.304 0.015 10.324 0.000 10.324
3 16 -67.782 -13.000 -10.655 -67.782 -13.500 -10.334 -67.782 -13.000 -10.334 0.013 10.304 0.000 10.324 0.000 10.304
3 16 -67.782 -13.000 -10.655 -67.782 -13.500 -10.655 -67.782 -13.500 -10.334 0.013 10.304 0.013 10.324 0.000 10.324
3 16 -68.026 -13.000 -14.546 -67.928 -13.500 -14.469 -67.928 -13.000 -14.469 -0.017 10.304 -0.022 10.324 -0.022 10.304
3 16 -68.026 -13.000 -14.546 -68.146 -13.500 -14.606 -67.928 -13.500 -14.469 -0.017 10.304 -0.011 10.324 -0.022 10.324
3 16 -68.026 -13.000 -14.546 -68.146 -13.000 -14.606 -68.146 -13.500 -14.606 -0.017 10.304 -0.011 10.304 -0.011 10.324
3 16 -68.146 -13.000 -14.606 -68.282 -13.000 -14.644 -68.146 -13.500 -14.606 -0.011 10.304 -0.006 10.304 -0.011 10.324
3 16 -68.431 -13.500 -14.657 -68.282 -13.000 -14.644 -68.431 -13.000 -14.657 0.000 10.324 -0.006 10.304 0.000 10.304
3 16 -68.431 -13.500 -14.657 -68.146 -13.500 -14.606 -68.282 -13.000 -14.644 0.000 10.324 -0.011 10.324 -0.006 10.304
3 16 -67.752 -13.000 -14.150 -67.740 -13.500 -14.021 -67.740 -13.000 -14.021 -0.015 10.304 -0.019 10.324 -0.019 10.304
3 16 -67.752 -13.000 -14.150 -67.788 -13.500 -14.268 -67.740 -13.500 -14.021 -0.015 10.304 -0.010 10.324 -0.019 10.324
3 16 -67.752 -13.000 -14.150 -67.788 -13.000 -14.268 -67.788 -13.500 -14.268 -0.015 10.304 -0.010 10.304 -0.010 10.324
3 16 -67.788 -13.000 -14.268 -67.847 -13.000 -14.374 -67.788 -13.500 -14.268 -0.010 10.304 -0.005 10.304 -0.010 10.324
3 16 -67.928 -13.500 -14.469 -67.847 -13.000 -14.374 -67.928 -13.000 -14.469 0.000 10.324 -0.005 10.304 0.000 10.304
3 16 -67.928 -13.500 -14.469 -67.788 -13.500 -14.268 -67.847 -13.000 -14.374 0.000 10.324 -0.010 10.324 -0.005 10.304
3 16 -67.842 -13.000 -13.671 -67.922 -13.500 -13.581 -67.922 -13.000 -13.581 -0.014 10.304 -0.019 10.324 -0.019 10.304
3 16 -67.842 -13.000 -13.671 -67.785 -13.500 -13.776 -67.922 -13.500 -13.581 -0.014 10.304 -0.010 10.324 -0.019 10.324
3 16 -67.842 -13.000 -13.671 -67.786 -13.000 -13.776 -67.785 -13.500 -13.776 -0.014 10.304 -0.010 10.304 -0.010 10.324
3 16 -67.786 -13.000 -13.776 -67.751 -13.000 -13.893 -67.785 -13.500 -13.776 -0.010 10.304 -0.005 10.304 -0.010 10.324
3 16 -67.740 -13.500 -14.021 -67.751 -13.000 -13.893 -67.740 -13.000 -14.021 0.000 10.324 -0.005 10.304 0.000 10.304
3 16 -67.740 -13.500 -14.021 -67.785 -13.500 -13.776 -67.751 -13.000 -13.893 0.000 10.324 -0.010 10.324 -0.005 10.304
3 16 -68.416 -13.000 -13.375 -68.661 -13.500 -13.360 -68.661 -13.000 -13.360 -0.023 10.304 -0.031 10.324 -0.031 10.304
3 16 -68.416 -13.000 -13.375 -68.213 -13.500 -13.418 -68.661 -13.500 -13.360 -0.023 10.304 -0.015 10.324 -0.031 10.324
3 16 -68.416 -13.000 -13.375 -68.213 -13.000 -13.418 -68.213 -13.500 -13.418 -0.023 10.304 -0.015 10.304 -0.015 10.324
3 16 -68.213 -13.000 -13.418 -68.049 -13.000 -13.488 -68.213 -13.500 -13.418 -0.015 10.304 -0.008 10.304 -0.015 10.324
3 16 -67.922 -13.500 -13.581 -68.049 -13.000 -13.488 -67.922 -13.000 -13.581 0.000 10.324 -0.008 10.304 0.000 10.304
3 16 -67.922 -13.500 -13.581 -68.213 -13.500 -13.418 -68.049 -13.000 -13.488 0.000 10.324 -0.015 10.324 -0.008 10.304
3 16 -69.328 -13.000 -13.482 -69.497 -13.500 -13.579 -69.497 -13.000 -13.579 -0.026 10.304 -0.035 10.324 -0.035 10.304
3 16 -69.328 -13.000 -13.482 -69.132 -13.000 -13.414 -69.497 -13.500 -13.579 -0.026 10.304 -0.017 10.304 -0.035 10.324
3 16 -69.132 -13.000 -13.414 -68.661 -13.500 -13.360 -69.497 -13.500 -13.579 -0.017 10.304 0.000 10.324 -0.035 10.324
3 16 -69.132 -13.000 -13.414 -68.909 -13.000 -13.373 -68.661 -13.500 -13.360 -0.017 10.304 -0.009 10.304 0.000 10.324
3 16 -68.909 -13.000 -13.373 -68.661 -13.000 -13.360 -68.661 -13.500 -13.360 -0.009 10.304 0.000 10.304 0.000 10.324
3 16 -69.798 -13.000 -14.044 -69.820 -13.500 -14.256 -69.820 -13.000 -14.256 -0.023 10.304 -0.031 10.324 -0.031 10.304
3 16 -69.798 -13.000 -14.044 -69.734 -13.500 -13.859 -69.820 -13.500 -14.256 -0.023 10.304 -0.015 10.324 -0.031 10.324
3 16 -69.798 -13.000 -14.044 -69.734 -13.000 -13.859 -69.734 -13.500 -13.859 -0.023 10.304 -0.015 10.304 -0.015 10.324
3 16 -69.734 -13.000 -13.859 -69.633 -13.000 -13.703 -69.734 -13.500 -13.859 -0.015 10.304 -0.008 10.304 -0.015 10.324
3 16 -69.497 -13.500 -13.579 -69.633 -13.000 -13.703 -69.497 -13.000 -13.579 0.000 10.324 -0.008 10.304 0.000 10.304
3 16 -69.497 -13.500 -13.579 -69.734 -13.500 -13.859 -69.633 -13.000 -13.703 0.000 10.324 -0.015 10.324 -0.008 10.304
3 16 -69.805 -13.000 -14.436 -69.792 -13.500 -14.483 -69.792 -13.000 -14.483 -0.007 10.304 -0.009 10.324 -0.009 10.304
3 16 -69.805 -13.000 -14.436 -69.813 -13.000 -14.381 -69.792 -13.500 -14.483 -0.007 10.304 -0.005 10.304 -0.009 10.324
3 16 -69.813 -13.000 -14.381 -69.820 -13.500 -14.256 -69.792 -13.500 -14.483 -0.005 10.304 0.000 10.324 -0.009 10.324
3 16 -69.813 -13.000 -14.381 -69.818 -13.000 -14.321 -69.820 -13.500 -14.256 -0.005 10.304 -0.002 10.304 0.000 10.324
3 16 -69.818 -13.000 -14.321 -69.820 -13.000 -14.256 -69.820 -13.500 -14.256 -0.002 10.304 0.000 10.304 0.000 10.324
3 16 -68.154 -13.000 -13.717 -68.072 -13.500 -13.773 -68.072 -13.000 -13.773 -0.016 10.304 -0.021 10.324 -0.021 10.304
3 16 -68.154 -13.000 -13.717 -68.266 -13.500 -13.671 -68.072 -13.500 -13.773 -0.016 10.304 -0.011 10.324 -0.021 10.324
3 16 -68.154 -13.000 -13.717 -68.266 -13.000 -13.671 -68.266 -13.500 -13.671 -0.016 10.304 -0.011 10.304 -0.011 10.324
3 16 -68.266 -13.000 -13.671 -68.413 -13.000 -13.641 -68.266 -13.500 -13.671 -0.011 10.304 -0.005 10.304 -0.011 10.324
3 16 -68.601 -13.500 -13.631 -68.413 -13.000 -13.641 -68.601 -13.000 -13.631 0.000 10.324 -0.005 10.304 0.000 10.304
3 16 -68.601 -13.500 -13.631 -68.266 -13.500 -13.671 -68.413 -13.000 -13.641 0.000 10.324 -0.011 10.324 -0.005 10.304
3 16 -68.639 -13.000 -13.631 -68.601 -13.500 -13.631 -68.601 -13.000 -13.631 -0.003 10.304 -0.004 10.324 -0.004 10.304
3 16 -68.639 -13.000 -13.631 -68.670 -13.000 -13.632 -68.601 -13.500 -13.631 -0.003 10.304 -0.002 10.304 -0.004 10.324
3 16 -68.670 -13.000 -13.632 -68.727 -13.500 -13.636 -68.601 -13.500 -13.631 -0.002 10.304 0.000 10.324 -0.004 10.324
3 16 -68.670 -13.000 -13.632 -68.698 -13.000 -13.634 -68.727 -13.500 -13.636 -0.002 10.304 -0.001 10.304 0.000 10.324
3 16 -68.698 -13.000 -13.634 -68.727 -13.000 -13.636 -68.727 -13.500 -13.636 -0.001 10.304 0.000 10.304 0.000 10.324
3 16 -68.774 -13.000 -13.722 -68.727 -13.500 -13.636 -68.727 -13.000 -13.636 -0.011 10.304 -0.015 10.324 -0.015 10.304
3 16 -68.774 -13.000 -13.722 -68.809 -13.000 -13.810 -68.727 -13.500 -13.636 -0.011 10.304 -0.007 10.304 -0.015 10.324
3 16 -68.809 -13.000 -13.810 -68.837 -13.500 -13.992 -68.727 -13.500 -13.636 -0.007 10.304 0.000 10.324 -0.015 10.324
3 16 -68.809 -13.000 -13.810 -68.830 -13.000 -13.900 -68.837 -13.500 -13.992 -0.007 10.304 -0.004 10.304 0.000 10.324
3 16 -68.830 -13.000 -13.900 -68.837 -13.000 -13.992 -68.837 -13.500 -13.992 -0.004 10.304 0.000 10.304 0.000 10.324
3 16 -68.591 -13.000 -14.643 -68.431 -13.500 -14.657 -68.431 -13.000 -14.657 -0.017 10.304 -0.022 10.324 -0.022 10.304
3 16 -68.591 -13.000 -14.643 -68.730 -13.500 -14.603 -68.431 -13.500 -14.657 -0.017 10.304 -0.011 10.324 -0.022 10.324
3 16 -68.591 -13.000 -14.643 -68.730 -13.000 -14.603 -68.730 -13.500 -14.603 -0.017 10.304 -0.011 10.304 -0.011 10.324
3 16 -68.730 -13.000 -14.603 -68.847 -13.000 -14.536 -68.730 -13.500 -14.603 -0.011 10.304 -0.006 10.304 -0.011 10.324
3 16 -68.941 -13.500 -14.440 -68.847 -13.000 -14.536 -68.941 -13.000 -14.440 0.000 10.324 -0.006 10.304 0.000 10.304
3 16 -68.941 -13.500 -14.440 -68.730 -13.500 -14.603 -68.847 -13.000 -14.536 0.000 10.324 -0.011 10.324 -0.006 10.304
3 16 -69.000 -13.000 -14.346 -68.941 -13.500 -14.440 -68.941 -13.000 -14.440 -0.011 10.304 -0.014 10.324 -0.014 10.304
3 16 -69.000 -13.000 -14.346 -69.036 -13.000 -14.256 -68.941 -13.500 -14.440 -0.011 10.304 -0.007 10.304 -0.014 10.324
3 16 -69.036 -13.000 -14.256 -69.059 -13.500 -14.052 -68.941 -13.500 -14.440 -0.007 10.304 0.000 10.324 -0.014 10.324
3 16 -69.036 -13.000 -14.256 -69.054 -13.000 -14.162 -69.059 -13.500 -14.052 -0.007 10.304 -0.004 10.304 0.000 10.324
3 16 -69.054 -13.000 -14.162 -69.059 -13.000 -14.052 -69.059 -13.500 -14.052 -0.004 10.304 0.000 10.304 0.000 10.324
3 16 -69.050 -13.000 -13.937 -69.059 -13.500 -14.052 -69.059 -13.000 -14.052 -0.013 10.304 -0.017 10.324 -0.017 10.304
3 16 -69.050 -13.000 -13.937 -69.023 -13.000 -13.832 -69.059 -13.500 -14.052 -0.013 10.304 -0.009 10.304 -0.017 10.324
3 16 -69.023 -13.000 -13.832 -68.920 -13.500 -13.636 -69.059 -13.500 -14.052 -0.009 10.304 0.000 10.324 -0.017 10.324
3 16 -69.023 -13.000 -13.832 -68.979 -13.000 -13.732 -68.920 -13.500 -13.636 -0.009 10.304 -0.004 10.304 0.000 10.324
3 16 -68.979 -13.000 -13.732 -68.920 -13.000 -13.636 -68.920 -13.500 -13.636 -0.004 10.304 0.000 10.304 0.000 10.324
3 16 -69.210 -13.000 -13.696 -68.920 -13.500 -13.636 -68.920 -13.000 -13.636 -0.027 10.304 -0.036 10.324 -0.036 10.304
3 16 -69.210 -13.000 -13.696 -69.419 -13.500 -13.818 -68.920 -13.500 -13.636 -0.027 10.304 -0.018 10.324 -0.036 10.324
3 16 -69.210 -13.000 -13.696 -69.419 -13.000 -13.818 -69.419 -13.500 -13.818 -0.027 10.304 -0.018 10.304 -0.018 10.324
3 16 -69.419 -13.000 -13.818 -69.546 -13.000 -13.995 -69.419 -13.500 -13.818 -0.018 10.304 -0.009 10.304 -0.018 10.324
3 16 -69.546 -13.000 -13.995 -69.547 -13.500 -13.999 -69.419 -13.500 -13.818 -0.009 10.304 -0.009 10.324 -0.018 10.324
3 16 -69.546 -13.000 -13.995 -69.588 -13.000 -14.221 -69.547 -13.500 -13.999 -0.009 10.304 0.000 10.304 -0.009 10.324
3 16 -69.588 -13.000 -14.221 -69.588 -13.500 -14.221 -69.547 -13.500 -13.999 0.000 10.304 0.000 10.324 -0.009 10.324
3 16 -69.584 -13.000 -14.296 -69.588 -13.500 -14.221 -69.588 -13.000 -14.221 -0.008 10.304 -0.011 10.324 -0.011 10.304
3 16 -69.584 -13.000 -14.296 -69.571 -13.000 -14.367 -69.588 -13.500 -14.221 -0.008 10.304 -0.006 10.304 -0.011 10.324
3 16 -69.571 -13.000 -14.367 -69.534 -13.500 -14.472 -69.588 -13.500 -14.221 -0.006 10.304 0.000 10.324 -0.011 10.324
3 16 -69.571 -13.000 -14.367 -69.553 -13.000 -14.427 -69.534 -13.500 -14.472 -0.006 10.304 -0.003 10.304 0.000 10.324
3 16 -69.553 -13.000 -14.427 -69.534 -13.000 -14.472 -69.534 -13.500 -14.472 -0.003 10.304 0.000 10.304 0.000 10.324
3 16 -69.534 -13.500 -14.483 -69.534 -13.000 -14.472 -69.534 -13.000 -14.483 0.000 10.324 0.000 10.304 0.000 10.304
3 16 -69.534 -13.500 -14.483 -69.534 -13.500 -14.472 -69.534 -13.000 -14.472 0.000 10.324 0.000 10.324 0.000 10.304
3 16 -69.792 -13.000 -14.483 -69.534 -13.500 -14.483 -69.534 -13.000 -14.483 0.010 10.304 0.000 10.324 0.000 10.304
3 16 -69.792 -13.000 -14.483 -69.792 -13.500 -14.483 -69.534 -13.500 -14.483 0.010 10.304 0.010 10.324 0.000 10.324
3 16 -68.834 -13.000 -14.061 -68.837 -13.500 -13.992 -68.837 -13.000 -13.992 -0.008 10.304 -0.011 10.324 -0.011 10.304
3 16 -68.834 -13.000 -14.061 -68.824 -13.000 -14.128 -68.837 -13.500 -13.992 -0.008 10.304 -0.005 10.304 -0.011 10.324
3 16 -68.824 -13.000 -14.128 -68.768 -13.500 -14.248 -68.837 -13.500 -13.992 -0.005 10.304 0.000 10.324 -0.011 10.324
3 16 -68.824 -13.000 -14.128 -68.803 -13.000 -14.192 -68.768 -13.500 -14.248 -0.005 10.304 -0.003 10.304 0.000 10.324
3 16 -68.803 -13.000 -14.192 -68.768 -13.000 -14.248 -68.768 -13.500 -14.248 -0.003 10.304 0.000 10.304 0.000 10.324
3 16 -68.703 -13.000 -14.310 -68.768 -13.500 -14.248 -68.768 -13.000 -14.248 -0.011 10.304 -0.014 10.324 -0.014 10.304
3 16 -68.703 -13.000 -14.310 -68.626 -13.500 -14.352 -68.768 -13.500 -14.248 -0.011 10.304 -0.007 10.324 -0.014 10.324
3 16 -68.703 -13.000 -14.310 -68.626 -13.000 -14.352 -68.626 -13.500 -14.352 -0.011 10.304 -0.007 10.304 -0.007 10.324
3 16 -68.626 -13.000 -14.352 -68.532 -13.000 -14.376 -68.626 -13.500 -14.352 -0.007 10.304 -0.004 10.304 -0.007 10.324
3 16 -68.419 -13.500 -14.384 -68.532 -13.000 -14.376 -68.419 -13.000 -14.384 0.000 10.324 -0.004 10.304 0.000 10.304
3 16 -68.419 -13.500 -14.384 -68.626 -13.500 -14.352 -68.532 -13.000 -14.376 0.000 10.324 -0.007 10.324 -0.004 10.304
3 16 -68.218 -13.000 -14.359 -68.419 -13.500 -14.384 -68.419 -13.000 -14.384 -0.018 10.304 -0.024 10.324 -0.024 10.304
3 16 -68.218 -13.000 -14.359 -68.074 -13.500 -14.285 -68.419 -13.500 -14.384 -0.018 10.304 -0.012 10.324 -0.024 10.324
3 16 -68.218 -13.000 -14.359 -68.074 -13.000 -14.285 -68.074 -13.500 -14.285 -0.018 10.304 -0.012 10.304 -0.012 10.324
3 16 -68.074 -13.000 -14.285 -67.988 -13.000 -14.169 -68.074 -13.500 -14.285 -0.012 10.304 -0.006 10.304 -0.012 10.324
3 16 -67.988 -13.000 -14.169 -67.987 -13.500 -14.167 -68.074 -13.500 -14.285 -0.006 10.304 -0.006 10.324 -0.012 10.324
3 16 -67.988 -13.000 -14.169 -67.959 -13.000 -14.023 -67.987 -13.500 -14.167 -0.006 10.304 0.000 10.304 -0.006 10.324
3 16 -67.959 -13.000 -14.023 -67.959 -13.500 -14.023 -67.987 -13.500 -14.167 0.000 10.304 0.000 10.324 -0.006 10.324
3 16 -67.965 -13.000 -13.955 -67.959 -13.500 -14.023 -67.959 -13.000 -14.023 -0.008 10.304 -0.011 10.324 -0.011 10.304
3 16 -67.965 -13.000 -13.955 -67.984 -13.500 -13.892 -67.959 -13.500 -14.023 -0.008 10.304 -0.005 10.324 -0.011 10.324
3 16 -67.965 -13.000 -13.955 -67.984 -13.000 -13.892 -67.984 -13.500 -13.892 -0.008 10.304 -0.005 10.304 -0.005 10.324
3 16 -67.984 -13.000 -13.892 -68.019 -13.000 -13.831 -67.984 -13.500 -13.892 -0.005 10.304 -0.003 10.304 -0.005 10.324
3 16 -68.072 -13.500 -13.773 -68.019 -13.000 -13.831 -68.072 -13.000 -13.773 0.000 10.324 -0.003 10.304 0.000 10.304
3 16 -68.072 -13.500 -13.773 -67.984 -13.500 -13.892 -68.019 -13.000 -13.831 0.000 10.324 -0.005 10.324 -0.003 10.304
3 16 -69.059 -13.500 -14.052 -68.837 -13.500 -13.992 -68.768 -13.500 -14.248 -0.562 -5.442 -0.560 -5.433 -0.570 -5.431
3 16 -69.059 -13.500 -14.052 -68.920 -13.500 -13.636 -68.837 -13.500 -13.992 -0.562 -5.442 -0.545 -5.437 -0.560 -5.433
3 16 -68.920 -13.500 -13.636 -68.727 -13.500 -13.636 -68.837 -13.500 -13.992 -0.545 -5.437 -0.545 -5.429 -0.560 -5.433
3 16 -68.920 -13.500 -13.636 -68.661 -13.500 -13.360 -68.727 -13.500 -13.636 -0.545 -5.437 -0.534 -5.426 -0.545 -5.429
3 16 -68.661 -13.500 -13.360 -68.601 -13.500 -13.631 -68.727 -13.500 -13.636 -0.534 -5.426 -0.545 -5.424 -0.545 -5.429
3 16 -68.661 -13.500 -13.360 -68.213 -13.500 -13.418 -68.601 -13.500 -13.631 -0.534 -5.426 -0.537 -5.409 -0.545 -5.424
3 16 -68.213 -13.500 -13.418 -68.266 -13.500 -13.671 -68.601 -13.500 -13.631 -0.537 -5.409 -0.547 -5.411 -0.545 -5.424
3 16 -68.213 -13.500 -13.418 -67.922 -13.500 -13.581 -68.266 -13.500 -13.671 -0.537 -5.409 -0.543 -5.397 -0.547 -5.411
3 16 -67.922 -13.500 -13.581 -68.072 -13.500 -13.773 -68.266 -13.500 -13.671 -0.543 -5.397 -0.551 -5.403 -0.547 -5.411
3 16 -67.922 -13.500 -13.581 -67.785 -13.500 -13.776 -68.072 -13.500 -13.773 -0.543 -5.397 -0.551 -5.391 -0.551 -5.403
3 16 -67.785 -13.500 -13.776 -67.984 -13.500 -13.892 -68.072 -13.500 -13.773 -0.551 -5.391 -0.556 -5.399 -0.551 -5.403
3 16 -67.785 -13.500 -13.776 -67.740 -13.500 -14.021 -67.984 -13.500 -13.892 -0.551 -5.391 -0.561 -5.390 -0.556 -5.399
3 16 -67.740 -13.500 -14.021 -67.959 -13.500 -14.023 -67.984 -13.500 -13.892 -0.561 -5.390 -0.561 -5.398 -0.556 -5.399
3 16 -67.740 -13.500 -14.021 -67.987 -13.500 -14.167 -67.959 -13.500 -14.023 -0.561 -5.390 -0.567 -5.399 -0.561 -5.398
3 16 -67.740 -13.500 -14.021 -67.788 -13.500 -14.268 -67.987 -13.500 -14.167 -0.561 -5.390 -0.571 -5.392 -0.567 -5.399
3 16 -67.788 -13.500 -14.268 -68.074 -13.500 -14.285 -67.987 -13.500 -14.167 -0.571 -5.392 -0.571 -5.403 -0.567 -5.399
3 16 -67.788 -13.500 -14.268 -67.928 -13.500 -14.469 -68.074 -13.500 -14.285 -0.571 -5.392 -0.579 -5.397 -0.571 -5.403
3 16 -67.928 -13.500 -14.469 -68.419 -13.500 -14.384 -68.074 -13.500 -14.285 -0.579 -5.397 -0.575 -5.417 -0.571 -5.403
3 16 -67.928 -13.500 -14.469 -68.146 -13.500 -14.606 -68.419 -13.500 -14.384 -0.579 -5.397 -0.584 -5.406 -0.575 -5.417
3 16 -68.146 -13.500 -14.606 -68.431 -13.500 -14.657 -68.419 -13.500 -14.384 -0.584 -5.406 -0.586 -5.417 -0.575 -5.417
3 16 -68.768 -13.500 -14.248 -68.941 -13.500 -14.440 -69.059 -13.500 -14.052 -0.570 -5.431 -0.578 -5.438 -0.562 -5.442
3 16 -68.768 -13.500 -14.248 -68.626 -13.500 -14.352 -68.941 -13.500 -14.440 -0.570 -5.431 -0.574 -5.425 -0.578 -5.438
3 16 -68.626 -13.500 -14.352 -68.730 -13.500 -14.603 -68.941 -13.500 -14.440 -0.574 -5.425 -0.584 -5.429 -0.578 -5.438
3 16 -68.626 -13.500 -14.352 -68.419 -13.500 -14.384 -68.730 -13.500 -14.603 -0.574 -5.425 -0.575 -5.417 -0.584 -5.429
3 16 -68.419 -13.500 -14.384 -68.431 -13.500 -14.657 -68.730 -13.500 -14.603 -0.575 -5.417 -0.586 -5.417 -0.584 -5.429
3 16 -68.920 -13.500 -13.636 -69.497 -13.500 -13.579 -68.661 -13.500 -13.360 -0.545 -5.437 -0.543 -5.460 -0.534 -5.426
3 16 -68.920 -13.500 -13.636 -69.419 -13.500 -13.818 -69.497 -13.500 -13.579 -0.545 -5.437 -0.553 -5.457 -0.543 -5.460
3 16 -69.419 -13.500 -13.818 -69.734 -13.500 -13.859 -69.497 -13.500 -13.579 -0.553 -5.457 -0.554 -5.469 -0.543 -5.460
3 16 -69.419 -13.500 -13.818 -69.547 -13.500 -13.999 -69.734 -13.500 -13.859 -0.553 -5.457 -0.560 -5.462 -0.554 -5.469
3 16 -69.547 -13.500 -13.999 -69.820 -13.500 -14.256 -69.734 -13.500 -13.859 -0.560 -5.462 -0.570 -5.473 -0.554 -5.469
3 16 -69.547 -13.500 -13.999 -69.588 -13.500 -14.221 -69.820 -13.500 -14.256 -0.560 -5.462 -0.569 -5.464 -0.570 -5.473
3 16 -69.588 -13.500 -14.221 -69.534 -13.500 -14.472 -69.820 -13.500 -14.256 -0.569 -5.464 -0.579 -5.461 -0.570 -5.473
3 16 -69.792 -13.500 -14.483 -69.534 -13.500 -14.472 -69.534 -13.500 -14.483 -0.579 -5.472 -0.579 -5.461 -0.579 -5.461
3 16 -69.792 -13.500 -14.483 -69.820 -13.500 -14.256 -69.534 -13.500 -14.472 -0.579 -5.472 -0.570 -5.473 -0.579 -5.461
3 16 -68.809 -13.000 -13.810 -68.601 -13.000 -13.631 -68.413 -13.000 -13.641 -0.552 -5.432 -0.545 -5.424 -0.546 -5.417
3 16 -68.809 -13.000 -13.810 -68.774 -13.000 -13.722 -68.601 -13.000 -13.631 -0.552 -5.432 -0.549 -5.431 -0.545 -5.424
3 16 -68.774 -13.000 -13.722 -68.639 -13.000 -13.631 -68.601 -13.000 -13.631 -0.549 -5.431 -0.545 -5.426 -0.545 -5.424
3 16 -68.774 -13.000 -13.722 -68.670 -13.000 -13.632 -68.639 -13.000 -13.631 -0.549 -5.431 -0.545 -5.427 -0.545 -5.426
3 16 -68.774 -13.000 -13.722 -68.698 -13.000 -13.634 -68.670 -13.000 -13.632 -0.549 -5.431 -0.545 -5.428 -0.545 -5.427
3 16 -68.774 -13.000 -13.722 -68.727 -13.000 -13.636 -68.698 -13.000 -13.634 -0.549 -5.431 -0.545 -5.429 -0.545 -5.428
3 16 -68.419 -13.000 -14.384 -68.413 -13.000 -13.641 -68.266 -13.000 -13.671 -0.575 -5.417 -0.546 -5.417 -0.547 -5.411
3 16 -68.419 -13.000 -14.384 -68.532 -13.000 -14.376 -68.413 -13.000 -13.641 -0.575 -5.417 -0.575 -5.421 -0.546 -5.417
3 16 -68.532 -13.000 -14.376 -68.626 -13.000 -14.352 -68.413 -13.000 -13.641 -0.575 -5.421 -0.574 -5.425 -0.546 -5.417
3 16 -68.154 -13.000 -13.717 -68.419 -13.000 -14.384 -68.266 -13.000 -13.671 -0.549 -5.406 -0.575 -5.417 -0.547 -5.411
3 16 -68.154 -13.000 -13.717 -68.072 -13.000 -13.773 -68.419 -13.000 -14.384 -0.549 -5.406 -0.551 -5.403 -0.575 -5.417
3 16 -68.072 -13.000 -13.773 -68.019 -13.000 -13.831 -68.419 -13.000 -14.384 -0.551 -5.403 -0.553 -5.401 -0.575 -5.417
3 16 -67.984 -13.000 -13.892 -68.419 -13.000 -14.384 -68.019 -13.000 -13.831 -0.556 -5.399 -0.575 -5.417 -0.553 -5.401
3 16 -67.984 -13.000 -13.892 -67.965 -13.000 -13.955 -68.419 -13.000 -14.384 -0.556 -5.399 -0.558 -5.399 -0.575 -5.417
3 16 -67.965 -13.000 -13.955 -67.959 -13.000 -14.023 -68.419 -13.000 -14.384 -0.558 -5.399 -0.561 -5.398 -0.575 -5.417
3 16 -67.988 -13.000 -14.169 -68.419 -13.000 -14.384 -67.959 -13.000 -14.023 -0.567 -5.400 -0.575 -5.417 -0.561 -5.398
3 16 -67.988 -13.000 -14.169 -68.218 -13.000 -14.359 -68.419 -13.000 -14.384 -0.567 -5.400 -0.574 -5.409 -0.575 -5.417
3 16 -67.988 -13.000 -14.169 -68.074 -13.000 -14.285 -68.218 -13.000 -14.359 -0.567 -5.400 -0.571 -5.403 -0.574 -5.409
3 16 -68.703 -13.000 -14.310 -68.413 -13.000 -13.641 -68.626 -13.000 -14.352 -0.572 -5.428 -0.546 -5.417 -0.574 -5.425
3 16 -68.703 -13.000 -14.310 -68.768 -13.000 -14.248 -68.413 -13.000 -13.641 -0.572 -5.428 -0.570 -5.431 -0.546 -5.417
3 16 -68.768 -13.000 -14.248 -68.803 -13.000 -14.192 -68.413 -13.000 -13.641 -0.570 -5.431 -0.568 -5.432 -0.546 -5.417
3 16 -68.824 -13.000 -14.128 -68.413 -13.000 -13.641 -68.803 -13.000 -14.192 -0.565 -5.433 -0.546 -5.417 -0.568 -5.432
3 16 -68.824 -13.000 -14.128 -68.834 -13.000 -14.061 -68.413 -13.000 -13.641 -0.565 -5.433 -0.562 -5.433 -0.546 -5.417
3 16 -68.834 -13.000 -14.061 -68.837 -13.000 -13.992 -68.413 -13.000 -13.641 -0.562 -5.433 -0.560 -5.433 -0.546 -5.417
3 16 -68.830 -13.000 -13.900 -68.413 -13.000 -13.641 -68.837 -13.000 -13.992 -0.556 -5.433 -0.546 -5.417 -0.560 -5.433
3 16 -68.830 -13.000 -13.900 -68.809 -13.000 -13.810 -68.413 -13.000 -13.641 -0.556 -5.433 -0.552 -5.432 -0.546 -5.417
3 16 -68.661 -13.000 -13.360 -68.165 -13.000 -12.668 -68.165 -13.000 -12.989 -0.534 -5.426 -0.507 -5.407 -0.520 -5.407
3 16 -68.661 -13.000 -13.360 -68.909 -13.000 -13.373 -68.165 -13.000 -12.668 -0.534 -5.426 -0.535 -5.436 -0.507 -5.407
3 16 -68.909 -13.000 -13.373 -69.482 -13.000 -12.315 -68.165 -13.000 -12.668 -0.535 -5.436 -0.493 -5.459 -0.507 -5.407
3 16 -68.909 -13.000 -13.373 -69.132 -13.000 -13.414 -69.482 -13.000 -12.315 -0.535 -5.436 -0.537 -5.445 -0.493 -5.459
3 16 -69.132 -13.000 -13.414 -69.328 -13.000 -13.482 -69.482 -13.000 -12.315 -0.537 -5.445 -0.539 -5.453 -0.493 -5.459
3 16 -68.049 -13.000 -13.488 -68.165 -13.000 -12.989 -67.782 -13.000 -12.989 -0.540 -5.402 -0.520 -5.407 -0.520 -5.391
3 16 -68.049 -13.000 -13.488 -68.213 -13.000 -13.418 -68.165 -13.000 -12.989 -0.540 -5.402 -0.537 -5.409 -0.520 -5.407
3 16 -68.213 -13.000 -13.418 -68.416 -13.000 -13.375 -68.165 -13.000 -12.989 -0.537 -5.409 -0.535 -5.417 -0.520 -5.407
3 16 -65.238 -13.000 -15.266 -67.782 -13.000 -12.989 -67.782 -13.000 -12.668 -0.611 -5.290 -0.520 -5.391 -0.507 -5.391
3 16 -65.238 -13.000 -15.266 -67.751 -13.000 -13.893 -67.782 -13.000 -12.989 -0.611 -5.290 -0.556 -5.390 -0.520 -5.391
3 16 -67.751 -13.000 -13.893 -67.786 -13.000 -13.776 -67.782 -13.000 -12.989 -0.556 -5.390 -0.551 -5.391 -0.520 -5.391
3 16 -67.782 -13.000 -12.668 -67.782 -13.000 -11.449 -65.238 -13.000 -15.266 -0.507 -5.391 -0.458 -5.391 -0.611 -5.290
3 16 -67.782 -13.000 -12.668 -68.165 -13.000 -12.668 -67.782 -13.000 -11.449 -0.507 -5.391 -0.507 -5.407 -0.458 -5.391
3 16 -68.165 -13.000 -12.668 -69.482 -13.000 -12.315 -67.782 -13.000 -11.449 -0.507 -5.407 -0.493 -5.459 -0.458 -5.391
3 16 -71.443 -13.000 10.768 -70.250 -13.000 14.092 -70.110 -13.000 13.812 0.431 -5.538 0.564 -5.490 0.552 -5.484
3 16 -71.443 -13.000 10.768 -69.040 -13.000 21.296 -70.250 -13.000 14.092 0.431 -5.538 0.852 -5.442 0.564 -5.490
3 16 -69.040 -13.000 21.296 -69.045 -13.000 14.666 -70.250 -13.000 14.092 0.852 -5.442 0.587 -5.442 0.564 -5.490
3 16 -69.040 -13.000 21.296 -67.537 -13.000 14.291 -69.045 -13.000 14.666 0.852 -5.442 0.572 -5.381 0.587 -5.442
3 16 -67.537 -13.000 14.291 -68.133 -13.000 14.268 -69.045 -13.000 14.666 0.572 -5.381 0.571 -5.405 0.587 -5.442
3 16 -69.993 -13.000 13.765 -70.110 -13.000 13.812 -69.665 -13.000 14.057 0.551 -5.480 0.552 -5.484 0.562 -5.467
3 16 -69.993 -13.000 13.765 -69.981 -13.000 13.332 -70.110 -13.000 13.812 0.551 -5.480 0.533 -5.479 0.552 -5.484
3 16 -69.981 -13.000 13.332 -71.443 -13.000 10.768 -70.110 -13.000 13.812 0.533 -5.479 0.431 -5.538 0.552 -5.484
3 16 -69.981 -13.000 13.332 -69.981 -13.000 12.186 -71.443 -13.000 10.768 0.533 -5.479 0.487 -5.479 0.431 -5.538
3 16 -69.981 -13.000 12.186 -69.993 -13.000 11.894 -71.443 -13.000 10.768 0.487 -5.479 0.476 -5.480 0.431 -5.538
3 16 -68.800 -13.000 13.671 -69.665 -13.000 14.057 -68.110 -13.000 14.057 0.547 -5.432 0.562 -5.467 0.562 -5.404
3 16 -68.800 -13.000 13.671 -69.385 -13.000 13.683 -69.665 -13.000 14.057 0.547 -5.432 0.547 -5.455 0.562 -5.467
3 16 -69.385 -13.000 13.683 -69.759 -13.000 13.765 -69.665 -13.000 14.057 0.547 -5.455 0.551 -5.470 0.562 -5.467
3 16 -69.385 -13.000 13.683 -69.782 -13.000 13.297 -69.759 -13.000 13.765 0.547 -5.455 0.532 -5.471 0.551 -5.470
3 16 -69.385 -13.000 13.683 -69.385 -13.000 12.829 -69.782 -13.000 13.297 0.547 -5.455 0.513 -5.455 0.532 -5.471
3 16 -69.385 -13.000 12.829 -69.782 -13.000 12.443 -69.782 -13.000 13.297 0.513 -5.455 0.498 -5.471 0.532 -5.471
3 16 -69.385 -13.000 12.829 -68.765 -13.000 12.841 -69.782 -13.000 12.443 0.513 -5.455 0.514 -5.431 0.498 -5.471
3 16 -68.765 -13.000 12.841 -67.946 -13.000 12.443 -69.782 -13.000 12.443 0.514 -5.431 0.498 -5.398 0.498 -5.471
3 16 -68.765 -13.000 12.841 -68.192 -13.000 12.829 -67.946 -13.000 12.443 0.514 -5.431 0.513 -5.408 0.498 -5.398
3 16 -68.192 -13.000 12.829 -67.791 -13.000 12.629 -67.946 -13.000 12.443 0.513 -5.408 0.505 -5.392 0.498 -5.398
3 16 -68.192 -13.000 12.829 -67.794 -13.000 12.806 -67.791 -13.000 12.629 0.513 -5.408 0.512 -5.392 0.505 -5.392
3 16 -68.192 -13.000 12.829 -68.192 -13.000 13.052 -67.794 -13.000 12.806 0.513 -5.408 0.522 -5.408 0.512 -5.392
3 16 -68.192 -13.000 13.052 -68.110 -13.000 13.461 -67.794 -13.000 12.806 0.522 -5.408 0.538 -5.404 0.512 -5.392
3 16 -68.192 -13.000 13.052 -68.309 -13.000 13.461 -68.110 -13.000 13.461 0.522 -5.408 0.538 -5.412 0.538 -5.404
3 16 -68.192 -13.000 13.052 -68.309 -13.000 13.052 -68.309 -13.000 13.461 0.522 -5.408 0.522 -5.412 0.538 -5.412
3 16 -68.110 -13.000 14.057 -68.110 -13.000 13.683 -68.800 -13.000 13.671 0.562 -5.404 0.547 -5.404 0.547 -5.432
3 16 -68.110 -13.000 14.057 -67.537 -13.000 14.046 -68.110 -13.000 13.683 0.562 -5.404 0.562 -5.381 0.547 -5.404
3 16 -67.537 -13.000 14.046 -68.110 -13.000 13.461 -68.110 -13.000 13.683 0.562 -5.381 0.538 -5.404 0.547 -5.404
3 16 -67.537 -13.000 14.046 -67.794 -13.000 12.806 -68.110 -13.000 13.461 0.562 -5.381 0.512 -5.392 0.538 -5.404
3 16 -65.238 -13.000 15.266 -67.537 -13.000 14.046 -67.537 -13.000 14.291 0.611 -5.290 0.562 -5.381 0.572 -5.381
3 16 -65.238 -13.000 15.266 -67.502 -13.000 12.701 -67.537 -13.000 14.046 0.611 -5.290 0.508 -5.380 0.562 -5.381
3 16 -67.502 -13.000 12.701 -67.794 -13.000 12.806 -67.537 -13.000 14.046 0.508 -5.380 0.512 -5.392 0.562 -5.381
3 16 -68.882 -13.000 14.502 -68.133 -13.000 14.268 -69.291 -13.000 14.268 0.580 -5.435 0.571 -5.405 0.571 -5.452
3 16 -68.882 -13.000 14.502 -69.045 -13.000 14.666 -68.133 -13.000 14.268 0.580 -5.435 0.587 -5.442 0.571 -5.405
3 16 -69.198 -13.000 14.555 -70.250 -13.000 14.092 -69.045 -13.000 14.666 0.582 -5.448 0.564 -5.490 0.587 -5.442
3 16 -69.198 -13.000 14.555 -69.388 -13.000 14.439 -70.250 -13.000 14.092 0.582 -5.448 0.578 -5.456 0.564 -5.490
3 16 -69.388 -13.000 14.439 -69.474 -13.000 14.392 -70.250 -13.000 14.092 0.578 -5.456 0.576 -5.459 0.564 -5.490
3 16 -69.566 -13.000 14.344 -70.250 -13.000 14.092 -69.474 -13.000 14.392 0.574 -5.463 0.564 -5.490 0.576 -5.459
3 16 -69.566 -13.000 14.344 -69.904 -13.000 14.196 -70.250 -13.000 14.092 0.574 -5.463 0.568 -5.476 0.564 -5.490
3 16 -70.192 -13.000 7.379 -70.180 -13.000 9.367 -69.899 -13.000 9.227 0.295 -5.488 0.375 -5.487 0.369 -5.476
3 16 -70.192 -13.000 7.379 -71.443 -13.000 10.768 -70.180 -13.000 9.367 0.295 -5.488 0.431 -5.538 0.375 -5.487
3 16 -71.443 -13.000 10.768 -70.122 -13.000 9.515 -70.180 -13.000 9.367 0.431 -5.538 0.381 -5.485 0.375 -5.487
3 16 -71.443 -13.000 10.768 -70.075 -13.000 9.693 -70.122 -13.000 9.515 0.431 -5.538 0.388 -5.483 0.381 -5.485
3 16 -71.443 -13.000 10.768 -70.038 -13.000 9.903 -70.075 -13.000 9.693 0.431 -5.538 0.396 -5.482 0.388 -5.483
3 16 -71.443 -13.000 10.768 -70.012 -13.000 10.143 -70.038 -13.000 9.903 0.431 -5.538 0.406 -5.480 0.396 -5.482
3 16 -71.443 -13.000 10.768 -70.010 -13.000 10.163 -70.012 -13.000 10.143 0.431 -5.538 0.407 -5.480 0.406 -5.480
3 16 -71.443 -13.000 10.768 -69.958 -13.000 11.367 -70.010 -13.000 10.163 0.431 -5.538 0.455 -5.478 0.407 -5.480
3 16 -71.443 -13.000 10.768 -69.993 -13.000 11.894 -69.958 -13.000 11.367 0.431 -5.538 0.476 -5.480 0.455 -5.478
3 16 -69.993 -13.000 11.894 -69.759 -13.000 11.894 -69.958 -13.000 11.367 0.476 -5.480 0.476 -5.470 0.455 -5.478
3 16 -69.174 -13.000 9.473 -69.899 -13.000 9.227 -69.885 -13.000 9.470 0.379 -5.447 0.369 -5.476 0.379 -5.475
3 16 -69.174 -13.000 9.473 -69.186 -13.000 9.028 -69.899 -13.000 9.227 0.379 -5.447 0.361 -5.447 0.369 -5.476
3 16 -69.186 -13.000 9.028 -69.455 -13.000 8.057 -69.899 -13.000 9.227 0.361 -5.447 0.322 -5.458 0.369 -5.476
3 16 -69.186 -13.000 9.028 -69.246 -13.000 8.113 -69.455 -13.000 8.057 0.361 -5.447 0.325 -5.450 0.322 -5.458
3 16 -69.186 -13.000 9.028 -68.946 -13.000 8.209 -69.246 -13.000 8.113 0.361 -5.447 0.328 -5.438 0.325 -5.450
3 16 -69.186 -13.000 9.028 -68.940 -13.000 9.028 -68.946 -13.000 8.209 0.361 -5.447 0.361 -5.438 0.328 -5.438
3 16 -68.940 -13.000 9.028 -68.600 -13.000 8.347 -68.946 -13.000 8.209 0.361 -5.438 0.334 -5.424 0.328 -5.438
3 16 -68.940 -13.000 9.028 -68.250 -13.000 8.525 -68.600 -13.000 8.347 0.361 -5.438 0.341 -5.410 0.334 -5.424
3 16 -68.940 -13.000 9.028 -68.215 -13.000 9.215 -68.250 -13.000 8.525 0.361 -5.438 0.369 -5.409 0.341 -5.410
3 16 -68.215 -13.000 9.215 -68.040 -13.000 8.946 -68.250 -13.000 8.525 0.369 -5.409 0.358 -5.402 0.341 -5.410
3 16 -69.864 -13.000 9.707 -69.174 -13.000 9.473 -69.885 -13.000 9.470 0.388 -5.475 0.379 -5.447 0.379 -5.475
3 16 -69.864 -13.000 9.707 -69.461 -13.000 10.116 -69.174 -13.000 9.473 0.388 -5.475 0.405 -5.458 0.379 -5.447
3 16 -69.461 -13.000 10.116 -69.310 -13.000 10.101 -69.174 -13.000 9.473 0.405 -5.458 0.404 -5.452 0.379 -5.447
3 16 -69.841 -13.000 9.929 -69.461 -13.000 10.116 -69.864 -13.000 9.707 0.397 -5.474 0.405 -5.458 0.388 -5.475
3 16 -69.841 -13.000 9.929 -69.629 -13.000 10.125 -69.461 -13.000 10.116 0.397 -5.474 0.405 -5.465 0.405 -5.458
3 16 -69.841 -13.000 9.929 -69.817 -13.000 10.128 -69.629 -13.000 10.125 0.397 -5.474 0.405 -5.473 0.405 -5.465
3 16 -69.174 -13.000 10.081 -69.174 -13.000 9.473 -69.310 -13.000 10.101 0.403 -5.447 0.379 -5.447 0.404 -5.452
3 16 -68.285 -13.000 9.853 -68.940 -13.000 9.028 -68.940 -13.000 10.057 0.394 -5.411 0.361 -5.438 0.402 -5.438
3 16 -68.285 -13.000 9.853 -68.215 -13.000 9.215 -68.940 -13.000 9.028 0.394 -5.411 0.369 -5.409 0.361 -5.438
3 16 -67.882 -13.000 9.554 -68.215 -13.000 9.215 -68.285 -13.000 9.853 0.382 -5.395 0.369 -5.409 0.394 -5.411
3 16 -67.882 -13.000 9.554 -67.882 -13.000 9.309 -68.215 -13.000 9.215 0.382 -5.395 0.372 -5.395 0.369 -5.409
3 16 -67.882 -13.000 9.554 -67.809 -13.000 9.405 -67.882 -13.000 9.309 0.382 -5.395 0.376 -5.392 0.372 -5.395
3 16 -67.809 -13.000 9.405 -67.827 -13.000 9.351 -67.882 -13.000 9.309 0.376 -5.392 0.374 -5.393 0.372 -5.395
3 16 -68.040 -13.000 8.946 -68.133 -13.000 8.280 -68.250 -13.000 8.525 0.358 -5.402 0.331 -5.405 0.341 -5.410
3 16 -68.040 -13.000 8.946 -67.613 -13.000 9.180 -68.133 -13.000 8.280 0.358 -5.402 0.367 -5.385 0.331 -5.405
3 16 -67.613 -13.000 9.180 -67.771 -13.000 7.753 -68.133 -13.000 8.280 0.367 -5.385 0.310 -5.391 0.331 -5.405
3 16 -67.613 -13.000 9.180 -67.502 -13.000 7.648 -67.771 -13.000 7.753 0.367 -5.385 0.306 -5.380 0.310 -5.391
3 16 -67.613 -13.000 9.180 -67.542 -13.000 9.303 -67.502 -13.000 7.648 0.367 -5.385 0.372 -5.382 0.306 -5.380
3 16 -67.542 -13.000 9.303 -66.803 -13.000 5.129 -67.502 -13.000 7.648 0.372 -5.382 0.205 -5.352 0.306 -5.380
3 16 -67.542 -13.000 9.303 -65.238 -13.000 15.266 -66.803 -13.000 5.129 0.372 -5.382 0.611 -5.290 0.205 -5.352
3 16 -67.542 -13.000 9.303 -67.554 -13.000 9.461 -65.238 -13.000 15.266 0.372 -5.382 0.378 -5.382 0.611 -5.290
3 16 -67.554 -13.000 9.461 -67.572 -13.000 11.297 -65.238 -13.000 15.266 0.378 -5.382 0.452 -5.383 0.611 -5.290
3 16 -67.554 -13.000 9.461 -67.759 -13.000 9.777 -67.572 -13.000 11.297 0.378 -5.382 0.391 -5.390 0.452 -5.383
3 16 -67.759 -13.000 9.777 -67.677 -13.000 11.167 -67.572 -13.000 11.297 0.391 -5.390 0.447 -5.387 0.452 -5.383
3 16 -67.759 -13.000 9.777 -67.829 -13.000 10.940 -67.677 -13.000 11.167 0.391 -5.390 0.438 -5.393 0.447 -5.387
3 16 -67.759 -13.000 9.777 -67.981 -13.000 10.699 -67.829 -13.000 10.940 0.391 -5.390 0.428 -5.399 0.438 -5.393
3 16 -67.759 -13.000 9.777 -68.086 -13.000 10.525 -67.981 -13.000 10.699 0.391 -5.390 0.421 -5.403 0.428 -5.399
3 16 -67.759 -13.000 9.777 -68.168 -13.000 10.052 -68.086 -13.000 10.525 0.391 -5.390 0.402 -5.407 0.421 -5.403
3 16 -68.168 -13.000 10.052 -68.332 -13.000 10.595 -68.086 -13.000 10.525 0.402 -5.407 0.424 -5.413 0.421 -5.403
3 16 -68.168 -13.000 10.052 -68.940 -13.000 10.291 -68.332 -13.000 10.595 0.402 -5.407 0.412 -5.438 0.424 -5.413
3 16 -68.940 -13.000 10.291 -68.940 -13.000 11.098 -68.332 -13.000 10.595 0.412 -5.438 0.444 -5.438 0.424 -5.413
3 16 -68.061 -13.000 10.984 -68.940 -13.000 11.098 -67.993 -13.000 11.098 0.439 -5.402 0.444 -5.438 0.444 -5.400
3 16 -68.061 -13.000 10.984 -68.151 -13.000 10.853 -68.940 -13.000 11.098 0.439 -5.402 0.434 -5.406 0.444 -5.438
3 16 -68.151 -13.000 10.853 -68.246 -13.000 10.718 -68.940 -13.000 11.098 0.434 -5.406 0.429 -5.410 0.444 -5.438
3 16 -68.332 -13.000 10.595 -68.940 -13.000 11.098 -68.246 -13.000 10.718 0.424 -5.413 0.444 -5.438 0.429 -5.410
3 16 -67.689 -13.000 12.261 -67.572 -13.000 11.297 -67.794 -13.000 11.473 0.490 -5.388 0.452 -5.383 0.459 -5.392
3 16 -67.689 -13.000 12.261 -67.595 -13.000 12.344 -67.572 -13.000 11.297 0.490 -5.388 0.494 -5.384 0.452 -5.383
3 16 -67.595 -13.000 12.344 -67.542 -13.000 12.489 -67.572 -13.000 11.297 0.494 -5.384 0.500 -5.382 0.452 -5.383
3 16 -68.028 -13.000 11.344 -67.794 -13.000 11.473 -67.882 -13.000 11.388 0.454 -5.401 0.459 -5.392 0.456 -5.395
3 16 -68.028 -13.000 11.344 -67.852 -13.000 12.233 -67.794 -13.000 11.473 0.454 -5.401 0.489 -5.394 0.459 -5.392
3 16 -67.852 -13.000 12.233 -67.689 -13.000 12.261 -67.794 -13.000 11.473 0.489 -5.394 0.490 -5.388 0.459 -5.392
3 16 -69.572 -13.000 11.344 -67.852 -13.000 12.233 -68.028 -13.000 11.344 0.454 -5.463 0.489 -5.394 0.454 -5.401
3 16 -69.572 -13.000 11.344 -69.759 -13.000 11.894 -67.852 -13.000 12.233 0.454 -5.463 0.476 -5.470 0.489 -5.394
3 16 -69.759 -13.000 11.894 -69.782 -13.000 12.233 -67.852 -13.000 12.233 0.476 -5.470 0.489 -5.471 0.489 -5.394
3 16 -69.958 -13.000 11.367 -69.759 -13.000 11.894 -69.572 -13.000 11.344 0.455 -5.478 0.476 -5.470 0.454 -5.463
3 16 -69.466 -13.000 6.572 -70.192 -13.000 7.122 -69.747 -13.000 7.133 0.263 -5.459 0.285 -5.488 0.285 -5.470
3 16 -69.466 -13.000 6.572 -70.075 -13.000 5.192 -70.192 -13.000 7.122 0.263 -5.459 0.208 -5.483 0.285 -5.488
3 16 -70.075 -13.000 5.192 -70.215 -13.000 4.408 -70.192 -13.000 7.122 0.208 -5.483 0.176 -5.489 0.285 -5.488
3 16 -70.075 -13.000 5.192 -69.958 -13.000 4.888 -70.215 -13.000 4.408 0.208 -5.483 0.196 -5.478 0.176 -5.489
3 16 -69.958 -13.000 4.888 -69.923 -13.000 4.397 -70.215 -13.000 4.408 0.196 -5.478 0.176 -5.477 0.176 -5.489
3 16 -69.958 -13.000 4.888 -69.866 -13.000 4.952 -69.923 -13.000 4.397 0.196 -5.478 0.198 -5.475 0.176 -5.477
3 16 -69.866 -13.000 4.952 -69.513 -13.000 4.397 -69.923 -13.000 4.397 0.198 -5.475 0.176 -5.461 0.176 -5.477
3 16 -69.866 -13.000 4.952 -69.753 -13.000 5.005 -69.513 -13.000 4.397 0.198 -5.475 0.200 -5.470 0.176 -5.461
3 16 -69.753 -13.000 5.005 -69.632 -13.000 5.052 -69.513 -13.000 4.397 0.200 -5.470 0.202 -5.465 0.176 -5.461
3 16 -69.747 -13.000 7.133 -69.338 -13.000 6.783 -69.466 -13.000 6.572 0.285 -5.470 0.271 -5.454 0.263 -5.459
3 16 -69.747 -13.000 7.133 -67.864 -13.000 7.133 -69.338 -13.000 6.783 0.285 -5.470 0.285 -5.395 0.271 -5.454
3 16 -67.864 -13.000 7.133 -68.215 -13.000 6.245 -69.338 -13.000 6.783 0.285 -5.395 0.250 -5.409 0.271 -5.454
3 16 -67.864 -13.000 7.133 -67.683 -13.000 7.163 -68.215 -13.000 6.245 0.285 -5.395 0.287 -5.387 0.250 -5.409
3 16 -67.683 -13.000 7.163 -67.654 -13.000 5.543 -68.215 -13.000 6.245 0.287 -5.387 0.222 -5.386 0.250 -5.409
3 16 -67.683 -13.000 7.163 -67.583 -13.000 7.250 -67.654 -13.000 5.543 0.287 -5.387 0.290 -5.383 0.222 -5.386
3 16 -67.583 -13.000 7.250 -66.803 -13.000 5.129 -67.654 -13.000 5.543 0.290 -5.383 0.205 -5.352 0.222 -5.386
3 16 -67.583 -13.000 7.250 -67.534 -13.000 7.408 -66.803 -13.000 5.129 0.290 -5.383 0.296 -5.381 0.205 -5.352
3 16 -67.534 -13.000 7.408 -67.502 -13.000 7.648 -66.803 -13.000 5.129 0.296 -5.381 0.306 -5.380 0.205 -5.352
3 16 -67.923 -13.000 7.367 -67.771 -13.000 7.753 -67.773 -13.000 7.544 0.295 -5.397 0.310 -5.391 0.302 -5.391
3 16 -67.923 -13.000 7.367 -68.369 -13.000 8.166 -67.771 -13.000 7.753 0.295 -5.397 0.327 -5.415 0.310 -5.391
3 16 -68.369 -13.000 8.166 -68.133 -13.000 8.280 -67.771 -13.000 7.753 0.327 -5.415 0.331 -5.405 0.310 -5.391
3 16 -67.782 -13.000 7.432 -67.923 -13.000 7.367 -67.773 -13.000 7.544 0.297 -5.391 0.295 -5.397 0.302 -5.391
3 16 -67.782 -13.000 7.432 -67.823 -13.000 7.383 -67.923 -13.000 7.367 0.297 -5.391 0.295 -5.393 0.295 -5.397
3 16 -67.782 -13.000 7.432 -67.795 -13.000 7.404 -67.823 -13.000 7.383 0.297 -5.391 0.296 -5.392 0.295 -5.393
3 16 -69.059 -13.000 7.902 -67.923 -13.000 7.367 -69.747 -13.000 7.367 0.316 -5.442 0.295 -5.397 0.295 -5.470
3 16 -69.059 -13.000 7.902 -68.700 -13.000 8.034 -67.923 -13.000 7.367 0.316 -5.442 0.321 -5.428 0.295 -5.397
3 16 -68.700 -13.000 8.034 -68.369 -13.000 8.166 -67.923 -13.000 7.367 0.321 -5.428 0.327 -5.415 0.295 -5.397
3 16 -69.455 -13.000 8.057 -69.747 -13.000 7.367 -70.192 -13.000 7.379 0.322 -5.458 0.295 -5.470 0.295 -5.488
3 16 -69.455 -13.000 8.057 -69.373 -13.000 7.788 -69.747 -13.000 7.367 0.322 -5.458 0.312 -5.455 0.295 -5.470
3 16 -69.373 -13.000 7.788 -69.059 -13.000 7.902 -69.747 -13.000 7.367 0.312 -5.455 0.316 -5.442 0.295 -5.470
3 16 -70.192 -13.000 7.122 -71.443 -13.000 10.768 -70.192 -13.000 7.379 0.285 -5.488 0.431 -5.538 0.295 -5.488
3 16 -70.192 -13.000 7.122 -72.250 -13.000 0.000 -71.443 -13.000 10.768 0.285 -5.488 0.000 -5.570 0.431 -5.538
3 16 -70.192 -13.000 7.122 -70.215 -13.000 4.408 -72.250 -13.000 0.000 0.285 -5.488 0.176 -5.489 0.000 -5.570
3 16 -70.215 -13.000 4.408 -70.215 -13.000 4.139 -72.250 -13.000 0.000 0.176 -5.489 0.166 -5.489 0.000 -5.570
3 16 -67.806 -13.000 12.519 -67.946 -13.000 12.443 -67.791 -13.000 12.629 0.501 -5.392 0.498 -5.398 0.505 -5.392
3 16 -67.806 -13.000 12.519 -67.852 -13.000 12.462 -67.946 -13.000 12.443 0.501 -5.392 0.498 -5.394 0.498 -5.398
3 16 -67.806 -13.000 12.519 -67.823 -13.000 12.486 -67.852 -13.000 12.462 0.501 -5.392 0.499 -5.393 0.498 -5.394
3 16 -69.993 -13.000 13.765 -69.665 -13.000 14.057 -69.759 -13.000 13.765 0.551 -5.480 0.562 -5.467 0.551 -5.470
3 16 -67.542 -13.000 12.489 -65.238 -13.000 15.266 -67.572 -13.000 11.297 0.500 -5.382 0.611 -5.290 0.452 -5.383
3 16 -67.542 -13.000 12.489 -67.502 -13.000 12.701 -65.238 -13.000 15.266 0.500 -5.382 0.508 -5.380 0.611 -5.290
3 16 -68.964 -13.000 5.671 -69.466 -13.000 6.572 -68.320 -13.000 6.011 0.227 -5.439 0.263 -5.459 0.240 -5.413
3 16 -68.964 -13.000 5.671 -69.146 -13.000 5.538 -69.466 -13.000 6.572 0.227 -5.439 0.222 -5.446 0.263 -5.459
3 16 -69.146 -13.000 5.538 -69.414 -13.000 5.397 -69.466 -13.000 6.572 0.222 -5.446 0.216 -5.457 0.263 -5.459
3 16 -67.876 -13.000 5.543 -68.320 -13.000 6.011 -68.215 -13.000 6.245 0.222 -5.395 0.240 -5.413 0.250 -5.409
3 16 -67.876 -13.000 5.543 -68.554 -13.000 5.169 -68.320 -13.000 6.011 0.222 -5.395 0.207 -5.422 0.240 -5.413
3 16 -68.554 -13.000 5.169 -68.882 -13.000 5.391 -68.320 -13.000 6.011 0.207 -5.422 0.216 -5.435 0.240 -5.413
3 16 -68.554 -13.000 5.169 -68.788 -13.000 5.169 -68.882 -13.000 5.391 0.207 -5.422 0.207 -5.432 0.216 -5.435
3 16 -68.788 -13.000 5.169 -69.303 -13.000 5.180 -68.882 -13.000 5.391 0.207 -5.432 0.207 -5.452 0.216 -5.435
3 16 -68.788 -13.000 5.169 -68.776 -13.000 4.829 -69.303 -13.000 5.180 0.207 -5.432 0.193 -5.431 0.207 -5.452
3 16 -68.776 -13.000 4.829 -69.303 -13.000 4.397 -69.303 -13.000 5.180 0.193 -5.431 0.176 -5.452 0.207 -5.452
3 16 -68.776 -13.000 4.829 -68.776 -13.000 4.397 -69.303 -13.000 4.397 0.193 -5.431 0.176 -5.431 0.176 -5.452
3 16 -69.724 -13.000 1.929 -69.946 -13.000 2.151 -69.724 -13.000 2.268 0.077 -5.469 0.086 -5.478 0.091 -5.469
3 16 -69.724 -13.000 1.929 -70.180 -13.000 1.940 -69.946 -13.000 2.151 0.077 -5.469 0.078 -5.487 0.086 -5.478
3 16 -70.180 -13.000 1.940 -70.028 -13.000 2.420 -69.946 -13.000 2.151 0.078 -5.487 0.097 -5.481 0.086 -5.478
3 16 -70.180 -13.000 1.940 -70.215 -13.000 4.139 -70.028 -13.000 2.420 0.078 -5.487 0.166 -5.489 0.097 -5.481
3 16 -70.215 -13.000 4.139 -69.525 -13.000 3.215 -70.028 -13.000 2.420 0.166 -5.489 0.129 -5.461 0.097 -5.481
3 16 -70.215 -13.000 4.139 -69.513 -13.000 3.636 -69.525 -13.000 3.215 0.166 -5.489 0.145 -5.461 0.129 -5.461
3 16 -70.215 -13.000 4.139 -69.923 -13.000 4.151 -69.513 -13.000 3.636 0.166 -5.489 0.166 -5.477 0.145 -5.461
3 16 -69.923 -13.000 4.151 -69.513 -13.000 4.151 -69.513 -13.000 3.636 0.166 -5.477 0.166 -5.461 0.145 -5.461
3 16 -70.180 -13.000 1.940 -72.250 -13.000 0.000 -70.215 -13.000 4.139 0.078 -5.487 0.000 -5.570 0.166 -5.489
3 16 -70.180 -13.000 1.940 -70.180 -13.000 1.671 -72.250 -13.000 0.000 0.078 -5.487 0.067 -5.487 0.000 -5.570
3 16 -70.180 -13.000 1.671 -70.157 -13.000 0.280 -72.250 -13.000 0.000 0.067 -5.487 0.011 -5.486 0.000 -5.570
3 16 -70.180 -13.000 1.671 -69.806 -13.000 0.841 -70.157 -13.000 0.280 0.067 -5.487 0.034 -5.472 0.011 -5.486
3 16 -69.806 -13.000 0.841 -69.806 -13.000 0.584 -70.157 -13.000 0.280 0.034 -5.472 0.023 -5.472 0.011 -5.486
3 16 -69.724 -13.000 1.508 -70.180 -13.000 1.671 -69.724 -13.000 1.683 0.060 -5.469 0.067 -5.487 0.067 -5.469
3 16 -69.724 -13.000 1.508 -69.735 -13.000 1.087 -70.180 -13.000 1.671 0.060 -5.469 0.043 -5.469 0.067 -5.487
3 16 -69.735 -13.000 1.087 -69.806 -13.000 0.841 -70.180 -13.000 1.671 0.043 -5.469 0.034 -5.472 0.067 -5.487
3 16 -69.735 -13.000 1.087 -69.513 -13.000 0.818 -69.806 -13.000 0.841 0.043 -5.469 0.033 -5.461 0.034 -5.472
3 16 -69.735 -13.000 1.087 -69.525 -13.000 1.087 -69.513 -13.000 0.818 0.043 -5.469 0.043 -5.461 0.033 -5.461
3 16 -69.525 -13.000 1.087 -69.209 -13.000 1.016 -69.513 -13.000 0.818 0.043 -5.461 0.041 -5.448 0.033 -5.461
3 16 -69.525 -13.000 1.087 -69.197 -13.000 1.391 -69.209 -13.000 1.016 0.043 -5.461 0.056 -5.448 0.041 -5.448
3 16 -69.525 -13.000 1.087 -69.537 -13.000 1.496 -69.197 -13.000 1.391 0.043 -5.461 0.060 -5.461 0.056 -5.448
3 16 -69.537 -13.000 1.496 -69.197 -13.000 1.683 -69.197 -13.000 1.391 0.060 -5.461 0.067 -5.448 0.056 -5.448
3 16 -69.537 -13.000 1.496 -69.537 -13.000 1.683 -69.197 -13.000 1.683 0.060 -5.461 0.067 -5.461 0.067 -5.448
3 16 -69.010 -13.000 1.016 -69.513 -13.000 0.818 -69.209 -13.000 1.016 0.041 -5.440 0.033 -5.461 0.041 -5.448
3 16 -69.010 -13.000 1.016 -68.542 -13.000 0.818 -69.513 -13.000 0.818 0.041 -5.440 0.033 -5.422 0.033 -5.461
3 16 -69.010 -13.000 1.016 -68.695 -13.000 1.052 -68.542 -13.000 0.818 0.041 -5.440 0.042 -5.428 0.033 -5.422
3 16 -68.695 -13.000 1.052 -68.309 -13.000 1.069 -68.542 -13.000 0.818 0.042 -5.428 0.043 -5.412 0.033 -5.422
3 16 -69.010 -13.000 1.683 -68.695 -13.000 1.052 -69.010 -13.000 1.016 0.067 -5.440 0.042 -5.428 0.041 -5.440
3 16 -69.010 -13.000 1.683 -68.695 -13.000 1.683 -68.695 -13.000 1.052 0.067 -5.440 0.067 -5.428 0.042 -5.428
3 16 -68.309 -13.000 1.069 -68.145 -13.000 0.841 -68.542 -13.000 0.818 0.043 -5.412 0.034 -5.406 0.033 -5.422
3 16 -68.309 -13.000 1.069 -67.975 -13.000 1.081 -68.145 -13.000 0.841 0.043 -5.412 0.043 -5.399 0.034 -5.406
3 16 -67.975 -13.000 1.081 -67.782 -13.000 0.607 -68.145 -13.000 0.841 0.043 -5.399 0.024 -5.391 0.034 -5.406
3 16 -67.975 -13.000 1.081 -67.899 -13.000 1.109 -67.782 -13.000 0.607 0.043 -5.399 0.044 -5.396 0.024 -5.391
3 16 -67.899 -13.000 1.109 -67.847 -13.000 1.180 -67.782 -13.000 0.607 0.044 -5.396 0.047 -5.394 0.024 -5.391
3 16 -67.525 -13.000 1.671 -67.847 -13.000 1.180 -67.771 -13.000 1.449 0.067 -5.381 0.047 -5.394 0.058 -5.391
3 16 -67.525 -13.000 1.671 -67.513 -13.000 0.514 -67.847 -13.000 1.180 0.067 -5.381 0.021 -5.381 0.047 -5.394
3 16 -67.513 -13.000 0.514 -67.782 -13.000 0.607 -67.847 -13.000 1.180 0.021 -5.381 0.024 -5.391 0.047 -5.394
3 16 -67.771 -13.000 1.449 -67.864 -13.000 1.683 -67.525 -13.000 1.671 0.058 -5.391 0.067 -5.395 0.067 -5.381
3 16 -67.771 -13.000 1.449 -67.927 -13.000 1.489 -67.864 -13.000 1.683 0.058 -5.391 0.060 -5.397 0.067 -5.395
3 16 -67.927 -13.000 1.489 -68.040 -13.000 1.531 -67.864 -13.000 1.683 0.060 -5.397 0.061 -5.402 0.067 -5.395
3 16 -68.238 -13.000 1.309 -68.040 -13.000 1.531 -68.044 -13.000 1.408 0.052 -5.410 0.061 -5.402 0.056 -5.402
3 16 -68.238 -13.000 1.309 -68.507 -13.000 1.683 -68.040 -13.000 1.531 0.052 -5.410 0.067 -5.420 0.061 -5.402
3 16 -68.507 -13.000 1.683 -67.864 -13.000 1.683 -68.040 -13.000 1.531 0.067 -5.420 0.067 -5.395 0.061 -5.402
3 16 -68.075 -13.000 1.329 -68.044 -13.000 1.408 -68.057 -13.000 1.344 0.053 -5.403 0.056 -5.402 0.054 -5.402
3 16 -68.075 -13.000 1.329 -68.111 -13.000 1.318 -68.044 -13.000 1.408 0.053 -5.403 0.053 -5.404 0.056 -5.402
3 16 -68.111 -13.000 1.318 -68.238 -13.000 1.309 -68.044 -13.000 1.408 0.053 -5.404 0.052 -5.410 0.056 -5.402
3 16 -68.507 -13.000 1.309 -68.507 -13.000 1.683 -68.238 -13.000 1.309 0.052 -5.420 0.067 -5.420 0.052 -5.410
3 16 -67.525 -13.000 1.671 -66.803 -13.000 5.129 -67.513 -13.000 0.514 0.067 -5.381 0.205 -5.352 0.021 -5.381
3 16 -67.525 -13.000 1.671 -67.525 -13.000 1.940 -66.803 -13.000 5.129 0.067 -5.381 0.078 -5.381 0.205 -5.352
3 16 -67.525 -13.000 1.940 -67.654 -13.000 3.016 -66.803 -13.000 5.129 0.078 -5.381 0.121 -5.386 0.205 -5.352
3 16 -67.525 -13.000 1.940 -67.771 -13.000 2.537 -67.654 -13.000 3.016 0.078 -5.381 0.101 -5.391 0.121 -5.386
3 16 -67.771 -13.000 2.537 -67.876 -13.000 3.016 -67.654 -13.000 3.016 0.101 -5.391 0.121 -5.395 0.121 -5.386
3 16 -67.771 -13.000 2.537 -68.086 -13.000 2.525 -67.876 -13.000 3.016 0.101 -5.391 0.101 -5.403 0.121 -5.395
3 16 -68.086 -13.000 2.525 -68.344 -13.000 2.525 -67.876 -13.000 3.016 0.101 -5.403 0.101 -5.414 0.121 -5.395
3 16 -67.525 -13.000 1.940 -67.771 -13.000 2.291 -67.771 -13.000 2.537 0.078 -5.381 0.092 -5.391 0.101 -5.391
3 16 -67.525 -13.000 1.940 -67.864 -13.000 1.929 -67.771 -13.000 2.291 0.078 -5.381 0.077 -5.395 0.092 -5.391
3 16 -67.864 -13.000 1.929 -68.507 -13.000 2.291 -67.771 -13.000 2.291 0.077 -5.395 0.092 -5.420 0.092 -5.391
3 16 -67.864 -13.000 1.929 -68.507 -13.000 1.929 -68.507 -13.000 2.291 0.077 -5.395 0.077 -5.420 0.092 -5.420
3 16 -68.344 -13.000 2.525 -68.554 -13.000 3.391 -67.876 -13.000 3.016 0.101 -5.414 0.136 -5.422 0.121 -5.395
3 16 -68.344 -13.000 2.525 -68.695 -13.000 2.537 -68.554 -13.000 3.391 0.101 -5.414 0.101 -5.428 0.136 -5.422
3 16 -68.695 -13.000 2.537 -68.788 -13.000 3.391 -68.554 -13.000 3.391 0.101 -5.428 0.136 -5.432 0.136 -5.422
3 16 -68.695 -13.000 2.537 -68.999 -13.000 2.666 -68.788 -13.000 3.391 0.101 -5.428 0.107 -5.440 0.136 -5.432
3 16 -68.999 -13.000 2.666 -69.291 -13.000 3.215 -68.788 -13.000 3.391 0.107 -5.440 0.129 -5.452 0.136 -5.432
3 16 -68.999 -13.000 2.666 -69.209 -13.000 2.666 -69.291 -13.000 3.215 0.107 -5.440 0.107 -5.448 0.129 -5.452
3 16 -69.209 -13.000 2.666 -69.420 -13.000 2.666 -69.291 -13.000 3.215 0.107 -5.448 0.107 -5.457 0.129 -5.452
3 16 -69.209 -13.000 2.666 -69.376 -13.000 2.576 -69.420 -13.000 2.666 0.107 -5.448 0.103 -5.455 0.107 -5.457
3 16 -69.209 -13.000 2.666 -69.303 -13.000 2.455 -69.376 -13.000 2.576 0.107 -5.448 0.098 -5.452 0.103 -5.455
3 16 -69.209 -13.000 2.666 -69.197 -13.000 2.303 -69.303 -13.000 2.455 0.107 -5.448 0.092 -5.448 0.098 -5.452
3 16 -69.197 -13.000 2.303 -69.537 -13.000 2.338 -69.303 -13.000 2.455 0.092 -5.448 0.094 -5.461 0.098 -5.452
3 16 -69.197 -13.000 2.303 -69.537 -13.000 1.929 -69.537 -13.000 2.338 0.092 -5.448 0.077 -5.461 0.094 -5.461
3 16 -69.197 -13.000 2.303 -69.197 -13.000 1.929 -69.537 -13.000 1.929 0.092 -5.448 0.077 -5.448 0.077 -5.461
3 16 -68.695 -13.000 2.537 -69.010 -13.000 2.303 -68.999 -13.000 2.666 0.101 -5.428 0.092 -5.440 0.107 -5.440
3 16 -68.695 -13.000 2.537 -68.695 -13.000 1.929 -69.010 -13.000 2.303 0.101 -5.428 0.077 -5.428 0.092 -5.440
3 16 -68.695 -13.000 1.929 -69.010 -13.000 1.929 -69.010 -13.000 2.303 0.077 -5.428 0.077 -5.440 0.092 -5.440
3 16 -69.420 -13.000 2.666 -69.525 -13.000 3.215 -69.291 -13.000 3.215 0.107 -5.457 0.129 -5.461 0.129 -5.452
3 16 -69.420 -13.000 2.666 -69.545 -13.000 2.590 -69.525 -13.000 3.215 0.107 -5.457 0.104 -5.462 0.129 -5.461
3 16 -69.545 -13.000 2.590 -69.689 -13.000 2.525 -69.525 -13.000 3.215 0.104 -5.462 0.101 -5.468 0.129 -5.461
3 16 -69.850 -13.000 2.470 -69.525 -13.000 3.215 -69.689 -13.000 2.525 0.099 -5.474 0.129 -5.461 0.101 -5.468
3 16 -69.850 -13.000 2.470 -70.028 -13.000 2.420 -69.525 -13.000 3.215 0.099 -5.474 0.097 -5.481 0.129 -5.461
3 16 -68.554 -13.000 3.391 -67.864 -13.000 3.449 -67.876 -13.000 3.016 0.136 -5.422 0.138 -5.395 0.121 -5.395
3 16 -68.554 -13.000 3.391 -68.566 -13.000 3.788 -67.864 -13.000 3.449 0.136 -5.422 0.152 -5.423 0.138 -5.395
3 16 -68.566 -13.000 3.788 -67.864 -13.000 4.151 -67.864 -13.000 3.449 0.152 -5.423 0.166 -5.395 0.138 -5.395
3 16 -68.566 -13.000 3.788 -68.566 -13.000 4.151 -67.864 -13.000 4.151 0.152 -5.423 0.166 -5.423 0.166 -5.395
3 16 -67.665 -13.000 3.449 -66.803 -13.000 5.129 -67.654 -13.000 3.016 0.138 -5.387 0.205 -5.352 0.121 -5.386
3 16 -67.665 -13.000 3.449 -67.665 -13.000 5.133 -66.803 -13.000 5.129 0.138 -5.387 0.205 -5.387 0.205 -5.352
3 16 -67.665 -13.000 5.133 -67.654 -13.000 5.543 -66.803 -13.000 5.129 0.205 -5.387 0.222 -5.386 0.205 -5.352
3 16 -67.876 -13.000 5.543 -68.215 -13.000 6.245 -67.654 -13.000 5.543 0.222 -5.395 0.250 -5.409 0.222 -5.386
3 16 -67.864 -13.000 5.133 -68.554 -13.000 5.169 -67.876 -13.000 5.543 0.205 -5.395 0.207 -5.422 0.222 -5.395
3 16 -67.864 -13.000 5.133 -68.566 -13.000 4.829 -68.554 -13.000 5.169 0.205 -5.395 0.193 -5.423 0.207 -5.422
3 16 -67.864 -13.000 5.133 -67.864 -13.000 4.397 -68.566 -13.000 4.829 0.205 -5.395 0.176 -5.395 0.193 -5.423
3 16 -67.864 -13.000 4.397 -68.566 -13.000 4.397 -68.566 -13.000 4.829 0.176 -5.395 0.176 -5.423 0.193 -5.423
3 16 -68.964 -13.000 5.671 -68.320 -13.000 6.011 -68.882 -13.000 5.391 0.227 -5.439 0.240 -5.413 0.216 -5.435
3 16 -69.734 -13.000 5.272 -69.466 -13.000 6.572 -69.414 -13.000 5.397 0.211 -5.469 0.263 -5.459 0.216 -5.457
3 16 -69.734 -13.000 5.272 -70.075 -13.000 5.192 -69.466 -13.000 6.572 0.211 -5.469 0.208 -5.483 0.263 -5.459
3 16 -69.513 -13.000 5.098 -69.513 -13.000 4.397 -69.632 -13.000 5.052 0.204 -5.461 0.176 -5.461 0.202 -5.465
3 16 -69.303 -13.000 3.636 -68.788 -13.000 3.391 -69.291 -13.000 3.215 0.145 -5.452 0.136 -5.432 0.129 -5.452
3 16 -69.303 -13.000 3.636 -68.776 -13.000 3.788 -68.788 -13.000 3.391 0.145 -5.452 0.152 -5.431 0.136 -5.432
3 16 -69.303 -13.000 3.636 -69.303 -13.000 4.151 -68.776 -13.000 3.788 0.145 -5.452 0.166 -5.452 0.152 -5.431
3 16 -69.303 -13.000 4.151 -68.776 -13.000 4.151 -68.776 -13.000 3.788 0.166 -5.452 0.166 -5.431 0.152 -5.431
3 16 -69.806 -13.000 0.584 -69.817 -13.000 0.268 -70.157 -13.000 0.280 0.023 -5.472 0.011 -5.473 0.011 -5.486
3 16 -69.806 -13.000 0.584 -69.513 -13.000 0.595 -69.817 -13.000 0.268 0.023 -5.472 0.024 -5.461 0.011 -5.473
3 16 -69.513 -13.000 0.595 -68.542 -13.000 0.595 -69.817 -13.000 0.268 0.024 -5.461 0.024 -5.422 0.011 -5.473
3 16 -68.542 -13.000 0.595 -67.946 -13.000 0.268 -69.817 -13.000 0.268 0.024 -5.422 0.011 -5.398 0.011 -5.473
3 16 -68.542 -13.000 0.595 -68.145 -13.000 0.584 -67.946 -13.000 0.268 0.024 -5.422 0.023 -5.406 0.011 -5.398
3 16 -68.145 -13.000 0.584 -67.785 -13.000 0.440 -67.946 -13.000 0.268 0.023 -5.406 0.018 -5.391 0.011 -5.398
3 16 -68.145 -13.000 0.584 -67.782 -13.000 0.607 -67.785 -13.000 0.440 0.023 -5.406 0.024 -5.391 0.018 -5.391
3 16 -68.145 -13.000 0.584 -68.145 -13.000 0.841 -67.782 -13.000 0.607 0.023 -5.406 0.034 -5.406 0.024 -5.391
3 16 -67.794 -13.000 0.338 -67.946 -13.000 0.268 -67.785 -13.000 0.440 0.014 -5.392 0.011 -5.398 0.018 -5.391
3 16 -67.794 -13.000 0.338 -67.838 -13.000 0.285 -67.946 -13.000 0.268 0.014 -5.392 0.011 -5.394 0.011 -5.398
3 16 -67.794 -13.000 0.338 -67.808 -13.000 0.307 -67.838 -13.000 0.285 0.014 -5.392 0.012 -5.392 0.011 -5.394
3 16 -70.157 -13.000 0.022 -72.250 -13.000 0.000 -70.157 -13.000 0.280 0.001 -5.486 0.000 -5.570 0.011 -5.486
3 16 -70.157 -13.000 0.022 -70.250 -13.000 -1.007 -72.250 -13.000 0.000 0.001 -5.486 -0.040 -5.490 0.000 -5.570
3 16 -70.250 -13.000 -1.007 -70.262 -13.000 -1.826 -72.250 -13.000 0.000 -0.040 -5.490 -0.073 -5.490 0.000 -5.570
3 16 -70.250 -13.000 -1.007 -70.098 -13.000 -1.311 -70.262 -13.000 -1.826 -0.040 -5.490 -0.052 -5.484 -0.073 -5.490
3 16 -70.098 -13.000 -1.311 -69.923 -13.000 -1.703 -70.262 -13.000 -1.826 -0.052 -5.484 -0.068 -5.477 -0.073 -5.490
3 16 -70.098 -13.000 -1.311 -69.607 -13.000 -1.545 -69.923 -13.000 -1.703 -0.052 -5.484 -0.062 -5.464 -0.068 -5.477
3 16 -70.098 -13.000 -1.311 -69.595 -13.000 -1.042 -69.607 -13.000 -1.545 -0.052 -5.484 -0.042 -5.464 -0.062 -5.464
3 16 -69.595 -13.000 -1.042 -69.338 -13.000 -1.372 -69.607 -13.000 -1.545 -0.042 -5.464 -0.055 -5.454 -0.062 -5.464
3 16 -69.595 -13.000 -1.042 -69.139 -13.000 -1.206 -69.338 -13.000 -1.372 -0.042 -5.464 -0.048 -5.446 -0.055 -5.454
3 16 -69.595 -13.000 -1.042 -68.098 -13.000 -1.042 -69.139 -13.000 -1.206 -0.042 -5.464 -0.042 -5.404 -0.048 -5.446
3 16 -68.098 -13.000 -1.042 -68.987 -13.000 -1.428 -69.139 -13.000 -1.206 -0.042 -5.404 -0.057 -5.439 -0.048 -5.446
3 16 -68.098 -13.000 -1.042 -67.817 -13.000 -1.884 -68.987 -13.000 -1.428 -0.042 -5.404 -0.075 -5.393 -0.057 -5.439
3 16 -67.817 -13.000 -1.884 -69.513 -13.000 -1.884 -68.987 -13.000 -1.428 -0.075 -5.393 -0.075 -5.461 -0.057 -5.439
3 16 -70.157 -13.000 0.022 -69.857 -13.000 -0.874 -70.250 -13.000 -1.007 0.001 -5.486 -0.035 -5.474 -0.040 -5.490
3 16 -70.157 -13.000 0.022 -69.817 -13.000 0.034 -69.857 -13.000 -0.874 0.001 -5.486 0.001 -5.473 -0.035 -5.474
3 16 -69.817 -13.000 0.034 -69.472 -13.000 -0.685 -69.857 -13.000 -0.874 0.001 -5.473 -0.027 -5.459 -0.035 -5.474
3 16 -69.817 -13.000 0.034 -69.146 -13.000 -0.485 -69.472 -13.000 -0.685 0.001 -5.473 -0.019 -5.446 -0.027 -5.459
3 16 -69.817 -13.000 0.034 -68.928 -13.000 -0.317 -69.146 -13.000 -0.485 0.001 -5.473 -0.013 -5.437 -0.019 -5.446
3 16 -69.817 -13.000 0.034 -67.794 -13.000 0.034 -68.928 -13.000 -0.317 0.001 -5.473 0.001 -5.392 -0.013 -5.437
3 16 -67.794 -13.000 0.034 -68.730 -13.000 -0.481 -68.928 -13.000 -0.317 0.001 -5.392 -0.019 -5.429 -0.013 -5.437
3 16 -67.794 -13.000 0.034 -68.086 -13.000 -0.796 -68.730 -13.000 -0.481 0.001 -5.392 -0.032 -5.403 -0.019 -5.429
3 16 -68.086 -13.000 -0.796 -69.186 -13.000 -0.796 -68.730 -13.000 -0.481 -0.032 -5.403 -0.032 -5.447 -0.019 -5.429
3 16 -67.794 -13.000 0.034 -67.502 -13.000 -0.785 -68.086 -13.000 -0.796 0.001 -5.392 -0.031 -5.380 -0.032 -5.403
3 16 -67.794 -13.000 0.034 -67.661 -13.000 0.065 -67.502 -13.000 -0.785 0.001 -5.392 0.003 -5.386 -0.031 -5.380
3 16 -67.661 -13.000 0.065 -67.589 -13.000 0.157 -67.502 -13.000 -0.785 0.003 -5.386 0.006 -5.384 -0.031 -5.380
3 16 -67.550 -13.000 0.307 -67.502 -13.000 -0.785 -67.589 -13.000 0.157 0.012 -5.382 -0.031 -5.380 0.006 -5.384
3 16 -67.550 -13.000 0.307 -67.513 -13.000 0.514 -67.502 -13.000 -0.785 0.012 -5.382 0.021 -5.381 -0.031 -5.380
3 16 -67.513 -13.000 0.514 -66.803 -13.000 5.129 -67.502 -13.000 -0.785 0.021 -5.381 0.205 -5.352 -0.031 -5.380
3 16 -67.502 -13.000 -1.054 -67.817 -13.000 -1.884 -68.098 -13.000 -1.042 -0.042 -5.380 -0.075 -5.393 -0.042 -5.404
3 16 -67.502 -13.000 -1.054 -67.466 -13.000 -1.872 -67.817 -13.000 -1.884 -0.042 -5.380 -0.075 -5.379 -0.075 -5.393
3 16 -67.502 -13.000 -1.054 -66.803 -13.000 -5.129 -67.466 -13.000 -1.872 -0.042 -5.380 -0.205 -5.352 -0.075 -5.379
3 16 -66.803 -13.000 -5.129 -67.466 -13.000 -2.118 -67.466 -13.000 -1.872 -0.205 -5.352 -0.085 -5.379 -0.075 -5.379
3 16 -66.803 -13.000 -5.129 -67.782 -13.000 -4.222 -67.466 -13.000 -2.118 -0.205 -5.352 -0.169 -5.391 -0.085 -5.379
3 16 -67.782 -13.000 -4.222 -68.121 -13.000 -2.995 -67.466 -13.000 -2.118 -0.169 -5.391 -0.120 -5.405 -0.085 -5.379
3 16 -67.782 -13.000 -4.222 -68.066 -13.000 -4.222 -68.121 -13.000 -2.995 -0.169 -5.391 -0.169 -5.403 -0.120 -5.405
3 16 -68.066 -13.000 -4.222 -68.344 -13.000 -2.995 -68.121 -13.000 -2.995 -0.169 -5.403 -0.120 -5.414 -0.120 -5.405
3 16 -68.066 -13.000 -4.222 -68.847 -13.000 -2.913 -68.344 -13.000 -2.995 -0.169 -5.403 -0.117 -5.434 -0.120 -5.414
3 16 -68.847 -13.000 -2.913 -68.332 -13.000 -2.609 -68.344 -13.000 -2.995 -0.117 -5.434 -0.104 -5.413 -0.120 -5.414
3 16 -68.847 -13.000 -2.913 -68.858 -13.000 -2.586 -68.332 -13.000 -2.609 -0.117 -5.434 -0.103 -5.434 -0.104 -5.413
3 16 -68.858 -13.000 -2.586 -68.332 -13.000 -2.106 -68.332 -13.000 -2.609 -0.103 -5.434 -0.084 -5.413 -0.104 -5.413
3 16 -68.858 -13.000 -2.586 -68.858 -13.000 -2.106 -68.332 -13.000 -2.106 -0.103 -5.434 -0.084 -5.434 -0.084 -5.413
3 16 -67.502 -13.000 -0.785 -66.803 -13.000 -5.129 -67.502 -13.000 -1.054 -0.031 -5.380 -0.205 -5.352 -0.042 -5.380
3 16 -67.502 -13.000 -0.785 -66.803 -13.000 5.129 -66.803 -13.000 -5.129 -0.031 -5.380 0.205 -5.352 -0.205 -5.352
3 16 -68.133 -13.000 -2.621 -67.466 -13.000 -2.118 -68.121 -13.000 -2.995 -0.105 -5.405 -0.085 -5.379 -0.120 -5.405
3 16 -68.133 -13.000 -2.621 -67.911 -13.000 -2.106 -67.466 -13.000 -2.118 -0.105 -5.405 -0.084 -5.396 -0.085 -5.379
3 16 -68.133 -13.000 -2.621 -68.133 -13.000 -2.106 -67.911 -13.000 -2.106 -0.105 -5.405 -0.084 -5.405 -0.084 -5.396
3 16 -69.513 -13.000 -1.767 -68.987 -13.000 -1.428 -69.513 -13.000 -1.884 -0.071 -5.461 -0.057 -5.439 -0.075 -5.461
3 16 -70.145 -13.000 -2.130 -72.250 -13.000 0.000 -70.262 -13.000 -1.826 -0.085 -5.486 0.000 -5.570 -0.073 -5.490
3 16 -70.145 -13.000 -2.130 -69.814 -13.000 -4.640 -72.250 -13.000 0.000 -0.085 -5.486 -0.186 -5.473 0.000 -5.570
3 16 -69.814 -13.000 -4.640 -69.824 -13.000 -4.777 -72.250 -13.000 0.000 -0.186 -5.473 -0.191 -5.473 0.000 -5.570
3 16 -69.700 -13.000 -2.644 -70.145 -13.000 -2.130 -69.700 -13.000 -1.872 -0.106 -5.468 -0.085 -5.486 -0.075 -5.468
3 16 -69.700 -13.000 -2.644 -69.712 -13.000 -3.054 -70.145 -13.000 -2.130 -0.106 -5.468 -0.122 -5.468 -0.085 -5.486
3 16 -69.712 -13.000 -3.054 -69.745 -13.000 -4.364 -70.145 -13.000 -2.130 -0.122 -5.468 -0.175 -5.470 -0.085 -5.486
3 16 -69.712 -13.000 -3.054 -69.704 -13.000 -4.264 -69.745 -13.000 -4.364 -0.122 -5.468 -0.171 -5.468 -0.175 -5.470
3 16 -69.712 -13.000 -3.054 -69.502 -13.000 -3.054 -69.704 -13.000 -4.264 -0.122 -5.468 -0.122 -5.460 -0.171 -5.468
3 16 -69.502 -13.000 -3.054 -69.419 -13.000 -4.264 -69.704 -13.000 -4.264 -0.122 -5.460 -0.171 -5.457 -0.171 -5.468
3 16 -69.502 -13.000 -3.054 -69.069 -13.000 -2.913 -69.419 -13.000 -4.264 -0.122 -5.460 -0.117 -5.443 -0.171 -5.457
3 16 -69.069 -13.000 -2.913 -68.847 -13.000 -2.913 -69.419 -13.000 -4.264 -0.117 -5.443 -0.117 -5.434 -0.171 -5.457
3 16 -69.513 -13.000 -2.644 -69.069 -13.000 -2.913 -69.502 -13.000 -3.054 -0.106 -5.461 -0.117 -5.443 -0.122 -5.460
3 16 -69.513 -13.000 -2.644 -69.057 -13.000 -2.586 -69.069 -13.000 -2.913 -0.106 -5.461 -0.103 -5.442 -0.117 -5.443
3 16 -69.513 -13.000 -2.644 -69.513 -13.000 -2.106 -69.057 -13.000 -2.586 -0.106 -5.461 -0.084 -5.461 -0.103 -5.442
3 16 -69.513 -13.000 -2.106 -69.057 -13.000 -2.106 -69.057 -13.000 -2.586 -0.084 -5.461 -0.084 -5.442 -0.103 -5.442
3 16 -68.307 -13.000 -7.475 -68.782 -13.000 -6.968 -68.316 -13.000 -6.929 -0.299 -5.412 -0.279 -5.431 -0.277 -5.413
3 16 -68.307 -13.000 -7.475 -68.425 -13.000 -7.592 -68.782 -13.000 -6.968 -0.299 -5.412 -0.304 -5.417 -0.279 -5.431
3 16 -68.425 -13.000 -7.592 -68.547 -13.000 -7.707 -68.782 -13.000 -6.968 -0.304 -5.417 -0.308 -5.422 -0.279 -5.431
3 16 -68.066 -13.000 -7.224 -68.316 -13.000 -6.929 -67.992 -13.000 -6.811 -0.289 -5.403 -0.277 -5.413 -0.272 -5.400
3 16 -68.066 -13.000 -7.224 -68.188 -13.000 -7.353 -68.316 -13.000 -6.929 -0.289 -5.403 -0.294 -5.408 -0.277 -5.413
3 16 -68.188 -13.000 -7.353 -68.307 -13.000 -7.475 -68.316 -13.000 -6.929 -0.294 -5.408 -0.299 -5.412 -0.277 -5.413
3 16 -67.992 -13.000 -6.811 -67.782 -13.000 -7.224 -68.066 -13.000 -7.224 -0.272 -5.400 -0.289 -5.391 -0.289 -5.403
3 16 -67.992 -13.000 -6.811 -67.803 -13.000 -6.613 -67.782 -13.000 -7.224 -0.272 -5.400 -0.265 -5.392 -0.289 -5.391
3 16 -67.803 -13.000 -6.613 -67.740 -13.000 -6.329 -67.782 -13.000 -7.224 -0.265 -5.392 -0.253 -5.390 -0.289 -5.391
3 16 -67.740 -13.000 -6.329 -66.803 -13.000 -5.129 -67.782 -13.000 -7.224 -0.253 -5.390 -0.205 -5.352 -0.289 -5.391
3 16 -67.740 -13.000 -6.329 -67.804 -13.000 -6.043 -66.803 -13.000 -5.129 -0.253 -5.390 -0.242 -5.392 -0.205 -5.352
3 16 -67.804 -13.000 -6.043 -67.782 -13.000 -5.456 -66.803 -13.000 -5.129 -0.242 -5.392 -0.218 -5.391 -0.205 -5.352
3 16 -67.804 -13.000 -6.043 -67.997 -13.000 -5.844 -67.782 -13.000 -5.456 -0.242 -5.392 -0.234 -5.400 -0.218 -5.391
3 16 -67.997 -13.000 -5.844 -68.014 -13.000 -5.456 -67.782 -13.000 -5.456 -0.234 -5.400 -0.218 -5.401 -0.218 -5.391
3 16 -67.997 -13.000 -5.844 -68.321 -13.000 -5.728 -68.014 -13.000 -5.456 -0.234 -5.400 -0.229 -5.413 -0.218 -5.401
3 16 -68.321 -13.000 -5.728 -68.616 -13.000 -5.078 -68.014 -13.000 -5.456 -0.229 -5.413 -0.203 -5.425 -0.218 -5.401
3 16 -68.321 -13.000 -5.728 -68.701 -13.000 -5.150 -68.616 -13.000 -5.078 -0.229 -5.413 -0.206 -5.428 -0.203 -5.425
3 16 -68.321 -13.000 -5.728 -68.781 -13.000 -5.689 -68.701 -13.000 -5.150 -0.229 -5.413 -0.228 -5.431 -0.206 -5.428
3 16 -68.781 -13.000 -5.689 -68.788 -13.000 -5.215 -68.701 -13.000 -5.150 -0.228 -5.431 -0.209 -5.432 -0.206 -5.428
3 16 -68.781 -13.000 -5.689 -68.875 -13.000 -5.269 -68.788 -13.000 -5.215 -0.228 -5.431 -0.211 -5.435 -0.209 -5.432
3 16 -68.781 -13.000 -5.689 -68.963 -13.000 -5.313 -68.875 -13.000 -5.269 -0.228 -5.431 -0.213 -5.439 -0.211 -5.435
3 16 -68.781 -13.000 -5.689 -69.058 -13.000 -5.346 -68.963 -13.000 -5.313 -0.228 -5.431 -0.214 -5.442 -0.213 -5.439
3 16 -68.781 -13.000 -5.689 -69.249 -13.000 -5.728 -69.058 -13.000 -5.346 -0.228 -5.431 -0.229 -5.450 -0.214 -5.442
3 16 -69.249 -13.000 -5.728 -69.162 -13.000 -5.366 -69.058 -13.000 -5.346 -0.229 -5.450 -0.215 -5.446 -0.214 -5.442
3 16 -69.249 -13.000 -5.728 -69.275 -13.000 -5.373 -69.162 -13.000 -5.366 -0.229 -5.450 -0.215 -5.451 -0.215 -5.446
3 16 -69.249 -13.000 -5.728 -69.502 -13.000 -5.334 -69.275 -13.000 -5.373 -0.229 -5.450 -0.213 -5.460 -0.215 -5.451
3 16 -69.249 -13.000 -5.728 -69.572 -13.000 -5.846 -69.502 -13.000 -5.334 -0.229 -5.450 -0.234 -5.463 -0.213 -5.460
3 16 -69.572 -13.000 -5.846 -69.676 -13.000 -5.215 -69.502 -13.000 -5.334 -0.234 -5.463 -0.209 -5.467 -0.213 -5.460
3 16 -69.572 -13.000 -5.846 -69.760 -13.000 -6.045 -69.676 -13.000 -5.215 -0.234 -5.463 -0.242 -5.470 -0.209 -5.467
3 16 -69.760 -13.000 -6.045 -69.787 -13.000 -5.026 -69.676 -13.000 -5.215 -0.242 -5.470 -0.201 -5.471 -0.209 -5.467
3 16 -69.760 -13.000 -6.045 -69.823 -13.000 -6.329 -69.787 -13.000 -5.026 -0.242 -5.470 -0.253 -5.473 -0.201 -5.471
3 16 -69.823 -13.000 -6.329 -69.824 -13.000 -4.777 -69.787 -13.000 -5.026 -0.253 -5.473 -0.191 -5.473 -0.201 -5.471
3 16 -69.823 -13.000 -6.329 -72.250 -13.000 0.000 -69.824 -13.000 -4.777 -0.253 -5.473 0.000 -5.570 -0.191 -5.473
3 16 -69.785 -13.000 -7.497 -69.823 -13.000 -6.329 -69.758 -13.000 -6.615 -0.300 -5.471 -0.253 -5.473 -0.265 -5.470
3 16 -69.785 -13.000 -7.497 -69.814 -13.000 -7.641 -69.823 -13.000 -6.329 -0.300 -5.471 -0.306 -5.473 -0.253 -5.473
3 16 -69.814 -13.000 -7.641 -71.443 -13.000 -10.768 -69.823 -13.000 -6.329 -0.306 -5.473 -0.431 -5.538 -0.253 -5.473
3 16 -69.814 -13.000 -7.641 -69.824 -13.000 -7.778 -71.443 -13.000 -10.768 -0.306 -5.473 -0.311 -5.473 -0.431 -5.538
3 16 -69.824 -13.000 -7.778 -69.787 -13.000 -8.028 -71.443 -13.000 -10.768 -0.311 -5.473 -0.321 -5.471 -0.431 -5.538
3 16 -69.704 -13.000 -7.266 -69.758 -13.000 -6.615 -69.563 -13.000 -6.813 -0.291 -5.468 -0.265 -5.470 -0.273 -5.463
3 16 -69.704 -13.000 -7.266 -69.745 -13.000 -7.365 -69.758 -13.000 -6.615 -0.291 -5.468 -0.295 -5.470 -0.265 -5.470
3 16 -69.745 -13.000 -7.365 -69.785 -13.000 -7.497 -69.758 -13.000 -6.615 -0.295 -5.470 -0.300 -5.471 -0.265 -5.470
3 16 -69.563 -13.000 -6.813 -69.419 -13.000 -7.266 -69.704 -13.000 -7.266 -0.273 -5.463 -0.291 -5.457 -0.291 -5.468
3 16 -69.563 -13.000 -6.813 -69.238 -13.000 -6.929 -69.419 -13.000 -7.266 -0.273 -5.463 -0.277 -5.450 -0.291 -5.457
3 16 -69.238 -13.000 -6.929 -68.782 -13.000 -6.968 -69.419 -13.000 -7.266 -0.277 -5.450 -0.279 -5.431 -0.291 -5.457
3 16 -68.547 -13.000 -4.705 -69.419 -13.000 -4.279 -69.419 -13.000 -4.264 -0.188 -5.422 -0.171 -5.457 -0.171 -5.457
3 16 -68.547 -13.000 -4.705 -68.773 -13.000 -4.898 -69.419 -13.000 -4.279 -0.188 -5.422 -0.196 -5.431 -0.171 -5.457
3 16 -68.773 -13.000 -4.898 -69.444 -13.000 -4.317 -69.419 -13.000 -4.279 -0.196 -5.431 -0.173 -5.458 -0.171 -5.457
3 16 -68.773 -13.000 -4.898 -69.474 -13.000 -4.364 -69.444 -13.000 -4.317 -0.196 -5.431 -0.175 -5.459 -0.173 -5.458
3 16 -68.773 -13.000 -4.898 -68.949 -13.000 -5.017 -69.474 -13.000 -4.364 -0.196 -5.431 -0.201 -5.438 -0.175 -5.459
3 16 -68.949 -13.000 -5.017 -69.504 -13.000 -4.418 -69.474 -13.000 -4.364 -0.201 -5.438 -0.177 -5.460 -0.175 -5.459
3 16 -68.949 -13.000 -5.017 -69.529 -13.000 -4.474 -69.504 -13.000 -4.418 -0.201 -5.438 -0.179 -5.461 -0.177 -5.460
3 16 -68.949 -13.000 -5.017 -69.555 -13.000 -4.542 -69.529 -13.000 -4.474 -0.201 -5.438 -0.182 -5.462 -0.179 -5.461
3 16 -68.949 -13.000 -5.017 -69.102 -13.000 -5.080 -69.555 -13.000 -4.542 -0.201 -5.438 -0.203 -5.444 -0.182 -5.462
3 16 -69.102 -13.000 -5.080 -69.575 -13.000 -4.613 -69.555 -13.000 -4.542 -0.203 -5.444 -0.185 -5.463 -0.182 -5.462
3 16 -69.102 -13.000 -5.080 -69.588 -13.000 -4.685 -69.575 -13.000 -4.613 -0.203 -5.444 -0.187 -5.464 -0.185 -5.463
3 16 -69.102 -13.000 -5.080 -69.260 -13.000 -5.101 -69.588 -13.000 -4.685 -0.203 -5.444 -0.204 -5.450 -0.187 -5.464
3 16 -69.260 -13.000 -5.101 -69.593 -13.000 -4.757 -69.588 -13.000 -4.685 -0.204 -5.450 -0.190 -5.464 -0.187 -5.464
3 16 -69.260 -13.000 -5.101 -69.588 -13.000 -4.828 -69.593 -13.000 -4.757 -0.204 -5.450 -0.193 -5.464 -0.190 -5.464
3 16 -69.260 -13.000 -5.101 -69.572 -13.000 -4.893 -69.588 -13.000 -4.828 -0.204 -5.450 -0.196 -5.463 -0.193 -5.464
3 16 -69.260 -13.000 -5.101 -69.339 -13.000 -5.094 -69.572 -13.000 -4.893 -0.204 -5.450 -0.204 -5.454 -0.196 -5.463
3 16 -69.339 -13.000 -5.094 -69.547 -13.000 -4.951 -69.572 -13.000 -4.893 -0.204 -5.454 -0.198 -5.462 -0.196 -5.463
3 16 -69.339 -13.000 -5.094 -69.512 -13.000 -5.002 -69.547 -13.000 -4.951 -0.204 -5.454 -0.200 -5.460 -0.198 -5.462
3 16 -69.339 -13.000 -5.094 -69.408 -13.000 -5.075 -69.512 -13.000 -5.002 -0.204 -5.454 -0.203 -5.456 -0.200 -5.460
3 16 -69.408 -13.000 -5.075 -69.465 -13.000 -5.044 -69.512 -13.000 -5.002 -0.203 -5.456 -0.202 -5.459 -0.200 -5.460
3 16 -69.785 -13.000 -4.495 -70.145 -13.000 -2.130 -69.745 -13.000 -4.364 -0.180 -5.471 -0.085 -5.486 -0.175 -5.470
3 16 -69.785 -13.000 -4.495 -69.814 -13.000 -4.640 -70.145 -13.000 -2.130 -0.180 -5.471 -0.186 -5.473 -0.085 -5.486
3 16 -68.533 -13.000 -5.002 -68.014 -13.000 -5.456 -68.616 -13.000 -5.078 -0.200 -5.421 -0.218 -5.401 -0.203 -5.425
3 16 -68.533 -13.000 -5.002 -68.392 -13.000 -4.868 -68.014 -13.000 -5.456 -0.200 -5.421 -0.195 -5.416 -0.218 -5.401
3 16 -68.392 -13.000 -4.868 -68.247 -13.000 -4.721 -68.014 -13.000 -5.456 -0.195 -5.416 -0.189 -5.410 -0.218 -5.401
3 16 -68.115 -13.000 -4.582 -68.014 -13.000 -5.456 -68.247 -13.000 -4.721 -0.183 -5.405 -0.218 -5.401 -0.189 -5.410
3 16 -68.115 -13.000 -4.582 -68.014 -13.000 -4.474 -68.014 -13.000 -5.456 -0.183 -5.405 -0.179 -5.401 -0.218 -5.401
3 16 -67.782 -13.000 -4.222 -66.803 -13.000 -5.129 -67.782 -13.000 -5.456 -0.169 -5.391 -0.205 -5.352 -0.218 -5.391
3 16 -68.188 -13.000 -4.352 -68.847 -13.000 -2.913 -68.066 -13.000 -4.222 -0.174 -5.408 -0.117 -5.434 -0.169 -5.403
3 16 -68.188 -13.000 -4.352 -69.419 -13.000 -4.264 -68.847 -13.000 -2.913 -0.174 -5.408 -0.171 -5.457 -0.117 -5.434
3 16 -68.307 -13.000 -4.474 -69.419 -13.000 -4.264 -68.188 -13.000 -4.352 -0.179 -5.412 -0.171 -5.457 -0.174 -5.408
3 16 -68.307 -13.000 -4.474 -68.425 -13.000 -4.591 -69.419 -13.000 -4.264 -0.179 -5.412 -0.184 -5.417 -0.171 -5.457
3 16 -68.425 -13.000 -4.591 -68.547 -13.000 -4.705 -69.419 -13.000 -4.264 -0.184 -5.417 -0.188 -5.422 -0.171 -5.457
3 16 -66.803 -13.000 -5.129 -67.782 -13.000 -8.457 -67.782 -13.000 -7.224 -0.205 -5.352 -0.338 -5.391 -0.289 -5.391
3 16 -66.803 -13.000 -5.129 -67.740 -13.000 -9.331 -67.782 -13.000 -8.457 -0.205 -5.352 -0.373 -5.390 -0.338 -5.391
3 16 -67.740 -13.000 -9.331 -67.804 -13.000 -9.044 -67.782 -13.000 -8.457 -0.373 -5.390 -0.362 -5.392 -0.338 -5.391
3 16 -68.547 -13.000 -7.707 -69.419 -13.000 -7.281 -68.782 -13.000 -6.968 -0.308 -5.422 -0.291 -5.457 -0.279 -5.431
3 16 -68.547 -13.000 -7.707 -68.773 -13.000 -7.899 -69.419 -13.000 -7.281 -0.308 -5.422 -0.316 -5.431 -0.291 -5.457
3 16 -68.773 -13.000 -7.899 -69.444 -13.000 -7.318 -69.419 -13.000 -7.281 -0.316 -5.431 -0.293 -5.458 -0.291 -5.457
3 16 -68.773 -13.000 -7.899 -69.474 -13.000 -7.366 -69.444 -13.000 -7.318 -0.316 -5.431 -0.295 -5.459 -0.293 -5.458
3 16 -68.773 -13.000 -7.899 -68.949 -13.000 -8.019 -69.474 -13.000 -7.366 -0.316 -5.431 -0.321 -5.438 -0.295 -5.459
3 16 -68.949 -13.000 -8.019 -69.504 -13.000 -7.419 -69.474 -13.000 -7.366 -0.321 -5.438 -0.297 -5.460 -0.295 -5.459
3 16 -68.949 -13.000 -8.019 -69.529 -13.000 -7.475 -69.504 -13.000 -7.419 -0.321 -5.438 -0.299 -5.461 -0.297 -5.460
3 16 -68.949 -13.000 -8.019 -69.555 -13.000 -7.543 -69.529 -13.000 -7.475 -0.321 -5.438 -0.302 -5.462 -0.299 -5.461
3 16 -68.949 -13.000 -8.019 -69.102 -13.000 -8.082 -69.555 -13.000 -7.543 -0.321 -5.438 -0.323 -5.444 -0.302 -5.462
3 16 -69.102 -13.000 -8.082 -69.575 -13.000 -7.615 -69.555 -13.000 -7.543 -0.323 -5.444 -0.305 -5.463 -0.302 -5.462
3 16 -69.102 -13.000 -8.082 -69.588 -13.000 -7.687 -69.575 -13.000 -7.615 -0.323 -5.444 -0.307 -5.464 -0.305 -5.463
3 16 -69.102 -13.000 -8.082 -69.260 -13.000 -8.102 -69.588 -13.000 -7.687 -0.323 -5.444 -0.324 -5.450 -0.307 -5.464
3 16 -69.260 -13.000 -8.102 -69.593 -13.000 -7.759 -69.588 -13.000 -7.687 -0.324 -5.450 -0.310 -5.464 -0.307 -5.464
3 16 -69.260 -13.000 -8.102 -69.588 -13.000 -7.830 -69.593 -13.000 -7.759 -0.324 -5.450 -0.313 -5.464 -0.310 -5.464
3 16 -69.260 -13.000 -8.102 -69.572 -13.000 -7.895 -69.588 -13.000 -7.830 -0.324 -5.450 -0.316 -5.463 -0.313 -5.464
3 16 -69.260 -13.000 -8.102 -69.339 -13.000 -8.096 -69.572 -13.000 -7.895 -0.324 -5.450 -0.324 -5.454 -0.316 -5.463
3 16 -69.339 -13.000 -8.096 -69.547 -13.000 -7.953 -69.572 -13.000 -7.895 -0.324 -5.454 -0.318 -5.462 -0.316 -5.463
3 16 -69.339 -13.000 -8.096 -69.512 -13.000 -8.004 -69.547 -13.000 -7.953 -0.324 -5.454 -0.320 -5.460 -0.318 -5.462
3 16 -69.339 -13.000 -8.096 -69.408 -13.000 -8.076 -69.512 -13.000 -8.004 -0.324 -5.454 -0.323 -5.456 -0.320 -5.460
3 16 -69.408 -13.000 -8.076 -69.465 -13.000 -8.045 -69.512 -13.000 -8.004 -0.323 -5.456 -0.322 -5.459 -0.320 -5.460
3 16 -69.419 -13.000 -7.266 -68.782 -13.000 -6.968 -69.419 -13.000 -7.281 -0.291 -5.457 -0.279 -5.431 -0.291 -5.457
3 16 -69.787 -13.000 -8.028 -69.760 -13.000 -9.046 -71.443 -13.000 -10.768 -0.321 -5.471 -0.362 -5.470 -0.431 -5.538
3 16 -69.787 -13.000 -8.028 -69.676 -13.000 -8.217 -69.760 -13.000 -9.046 -0.321 -5.471 -0.329 -5.467 -0.362 -5.470
3 16 -69.676 -13.000 -8.217 -69.572 -13.000 -8.847 -69.760 -13.000 -9.046 -0.329 -5.467 -0.354 -5.463 -0.362 -5.470
3 16 -69.676 -13.000 -8.217 -69.502 -13.000 -8.335 -69.572 -13.000 -8.847 -0.329 -5.467 -0.333 -5.460 -0.354 -5.463
3 16 -69.502 -13.000 -8.335 -69.249 -13.000 -8.730 -69.572 -13.000 -8.847 -0.333 -5.460 -0.349 -5.450 -0.354 -5.463
3 16 -69.502 -13.000 -8.335 -69.275 -13.000 -8.375 -69.249 -13.000 -8.730 -0.333 -5.460 -0.335 -5.451 -0.349 -5.450
3 16 -69.275 -13.000 -8.375 -69.162 -13.000 -8.368 -69.249 -13.000 -8.730 -0.335 -5.451 -0.335 -5.446 -0.349 -5.450
3 16 -69.058 -13.000 -8.347 -69.249 -13.000 -8.730 -69.162 -13.000 -8.368 -0.334 -5.442 -0.349 -5.450 -0.335 -5.446
3 16 -69.058 -13.000 -8.347 -68.781 -13.000 -8.691 -69.249 -13.000 -8.730 -0.334 -5.442 -0.348 -5.431 -0.349 -5.450
3 16 -69.058 -13.000 -8.347 -68.963 -13.000 -8.314 -68.781 -13.000 -8.691 -0.334 -5.442 -0.333 -5.439 -0.348 -5.431
3 16 -68.963 -13.000 -8.314 -68.875 -13.000 -8.271 -68.781 -13.000 -8.691 -0.333 -5.439 -0.331 -5.435 -0.348 -5.431
3 16 -68.788 -13.000 -8.217 -68.781 -13.000 -8.691 -68.875 -13.000 -8.271 -0.329 -5.432 -0.348 -5.431 -0.331 -5.435
3 16 -68.788 -13.000 -8.217 -68.701 -13.000 -8.152 -68.781 -13.000 -8.691 -0.329 -5.432 -0.326 -5.428 -0.348 -5.431
3 16 -68.701 -13.000 -8.152 -68.321 -13.000 -8.729 -68.781 -13.000 -8.691 -0.326 -5.428 -0.349 -5.413 -0.348 -5.431
3 16 -68.701 -13.000 -8.152 -68.616 -13.000 -8.079 -68.321 -13.000 -8.729 -0.326 -5.428 -0.323 -5.425 -0.349 -5.413
3 16 -68.616 -13.000 -8.079 -68.014 -13.000 -8.457 -68.321 -13.000 -8.729 -0.323 -5.425 -0.338 -5.401 -0.349 -5.413
3 16 -68.616 -13.000 -8.079 -68.533 -13.000 -8.004 -68.014 -13.000 -8.457 -0.323 -5.425 -0.320 -5.421 -0.338 -5.401
3 16 -68.533 -13.000 -8.004 -68.392 -13.000 -7.870 -68.014 -13.000 -8.457 -0.320 -5.421 -0.315 -5.416 -0.338 -5.401
3 16 -68.247 -13.000 -7.722 -68.014 -13.000 -8.457 -68.392 -13.000 -7.870 -0.309 -5.410 -0.338 -5.401 -0.315 -5.416
3 16 -68.247 -13.000 -7.722 -68.115 -13.000 -7.583 -68.014 -13.000 -8.457 -0.309 -5.410 -0.303 -5.405 -0.338 -5.401
3 16 -68.115 -13.000 -7.583 -68.014 -13.000 -7.475 -68.014 -13.000 -8.457 -0.303 -5.405 -0.299 -5.401 -0.338 -5.401
3 16 -68.014 -13.000 -8.457 -67.997 -13.000 -8.846 -68.321 -13.000 -8.729 -0.338 -5.401 -0.354 -5.400 -0.349 -5.413
3 16 -68.014 -13.000 -8.457 -67.782 -13.000 -8.457 -67.997 -13.000 -8.846 -0.338 -5.401 -0.338 -5.391 -0.354 -5.400
3 16 -67.782 -13.000 -8.457 -67.804 -13.000 -9.044 -67.997 -13.000 -8.846 -0.338 -5.391 -0.362 -5.392 -0.354 -5.400
3 16 -69.823 -13.000 -9.331 -71.443 -13.000 -10.768 -69.760 -13.000 -9.046 -0.373 -5.473 -0.431 -5.538 -0.362 -5.470
3 16 -69.823 -13.000 -9.331 -69.758 -13.000 -9.616 -71.443 -13.000 -10.768 -0.373 -5.473 -0.385 -5.470 -0.431 -5.538
3 16 -69.758 -13.000 -9.616 -69.782 -13.000 -11.046 -71.443 -13.000 -10.768 -0.385 -5.470 -0.442 -5.471 -0.431 -5.538
3 16 -69.758 -13.000 -9.616 -69.563 -13.000 -9.815 -69.782 -13.000 -11.046 -0.385 -5.470 -0.393 -5.463 -0.442 -5.471
3 16 -69.563 -13.000 -9.815 -69.547 -13.000 -11.046 -69.782 -13.000 -11.046 -0.393 -5.463 -0.442 -5.462 -0.442 -5.471
3 16 -69.563 -13.000 -9.815 -69.238 -13.000 -9.931 -69.547 -13.000 -11.046 -0.393 -5.463 -0.397 -5.450 -0.442 -5.462
3 16 -69.238 -13.000 -9.931 -68.782 -13.000 -9.969 -69.547 -13.000 -11.046 -0.397 -5.450 -0.399 -5.431 -0.442 -5.462
3 16 -68.165 -13.000 -10.334 -68.782 -13.000 -9.969 -68.316 -13.000 -9.930 -0.413 -5.407 -0.399 -5.431 -0.397 -5.413
3 16 -68.165 -13.000 -10.334 -68.165 -13.000 -10.655 -68.782 -13.000 -9.969 -0.413 -5.407 -0.426 -5.407 -0.399 -5.431
3 16 -68.165 -13.000 -10.655 -69.547 -13.000 -11.046 -68.782 -13.000 -9.969 -0.426 -5.407 -0.442 -5.462 -0.399 -5.431
3 16 -68.165 -13.000 -10.655 -67.782 -13.000 -11.164 -69.547 -13.000 -11.046 -0.426 -5.407 -0.447 -5.391 -0.442 -5.462
3 16 -67.782 -13.000 -11.164 -69.547 -13.000 -12.078 -69.547 -13.000 -11.046 -0.447 -5.391 -0.483 -5.462 -0.442 -5.462
3 16 -67.992 -13.000 -9.813 -68.165 -13.000 -10.334 -68.316 -13.000 -9.930 -0.393 -5.400 -0.413 -5.407 -0.397 -5.413
3 16 -67.992 -13.000 -9.813 -67.782 -13.000 -10.334 -68.165 -13.000 -10.334 -0.393 -5.400 -0.413 -5.391 -0.413 -5.407
3 16 -67.992 -13.000 -9.813 -67.803 -13.000 -9.614 -67.782 -13.000 -10.334 -0.393 -5.400 -0.385 -5.392 -0.413 -5.391
3 16 -67.803 -13.000 -9.614 -67.740 -13.000 -9.331 -67.782 -13.000 -10.334 -0.385 -5.392 -0.373 -5.390 -0.413 -5.391
3 16 -67.782 -13.000 -11.164 -65.238 -13.000 -15.266 -67.782 -13.000 -11.449 -0.447 -5.391 -0.611 -5.290 -0.458 -5.391
3 16 -67.782 -13.000 -11.164 -67.782 -13.000 -10.655 -65.238 -13.000 -15.266 -0.447 -5.391 -0.426 -5.391 -0.611 -5.290
3 16 -67.782 -13.000 -10.655 -67.782 -13.000 -10.334 -65.238 -13.000 -15.266 -0.426 -5.391 -0.413 -5.391 -0.611 -5.290
3 16 -69.782 -13.000 -12.315 -71.443 -13.000 -10.768 -69.782 -13.000 -11.046 -0.493 -5.471 -0.431 -5.538 -0.442 -5.471
3 16 -69.782 -13.000 -12.315 -69.798 -13.000 -14.044 -71.443 -13.000 -10.768 -0.493 -5.471 -0.562 -5.472 -0.431 -5.538
3 16 -69.798 -13.000 -14.044 -69.820 -13.000 -14.256 -71.443 -13.000 -10.768 -0.562 -5.472 -0.570 -5.473 -0.431 -5.538
3 16 -69.328 -13.000 -13.482 -69.782 -13.000 -12.315 -69.482 -13.000 -12.315 -0.539 -5.453 -0.493 -5.471 -0.493 -5.459
3 16 -69.328 -13.000 -13.482 -69.497 -13.000 -13.579 -69.782 -13.000 -12.315 -0.539 -5.453 -0.543 -5.460 -0.493 -5.471
3 16 -69.497 -13.000 -13.579 -69.633 -13.000 -13.703 -69.782 -13.000 -12.315 -0.543 -5.460 -0.548 -5.465 -0.493 -5.471
3 16 -67.782 -13.000 -10.655 -67.782 -13.000 -11.164 -68.165 -13.000 -10.655 -0.426 -5.391 -0.447 -5.391 -0.426 -5.407
3 16 -68.431 -13.000 -14.657 -69.040 -13.000 -21.296 -68.591 -13.000 -14.643 -0.586 -5.417 -0.852 -5.442 -0.586 -5.424
3 16 -68.431 -13.000 -14.657 -68.282 -13.000 -14.644 -69.040 -13.000 -21.296 -0.586 -5.417 -0.586 -5.411 -0.852 -5.442
3 16 -68.282 -13.000 -14.644 -65.238 -13.000 -15.266 -69.040 -13.000 -21.296 -0.586 -5.411 -0.611 -5.290 -0.852 -5.442
3 16 -68.282 -13.000 -14.644 -68.146 -13.000 -14.606 -65.238 -13.000 -15.266 -0.586 -5.411 -0.584 -5.406 -0.611 -5.290
3 16 -68.146 -13.000 -14.606 -68.026 -13.000 -14.546 -65.238 -13.000 -15.266 -0.584 -5.406 -0.582 -5.401 -0.611 -5.290
3 16 -67.928 -13.000 -14.469 -65.238 -13.000 -15.266 -68.026 -13.000 -14.546 -0.579 -5.397 -0.611 -5.290 -0.582 -5.401
3 16 -67.928 -13.000 -14.469 -67.847 -13.000 -14.374 -65.238 -13.000 -15.266 -0.579 -5.397 -0.575 -5.394 -0.611 -5.290
3 16 -67.847 -13.000 -14.374 -67.788 -13.000 -14.268 -65.238 -13.000 -15.266 -0.575 -5.394 -0.571 -5.392 -0.611 -5.290
3 16 -67.752 -13.000 -14.150 -65.238 -13.000 -15.266 -67.788 -13.000 -14.268 -0.566 -5.390 -0.611 -5.290 -0.571 -5.392
3 16 -67.752 -13.000 -14.150 -67.740 -13.000 -14.021 -65.238 -13.000 -15.266 -0.566 -5.390 -0.561 -5.390 -0.611 -5.290
3 16 -67.740 -13.000 -14.021 -67.751 -13.000 -13.893 -65.238 -13.000 -15.266 -0.561 -5.390 -0.556 -5.390 -0.611 -5.290
3 16 -67.842 -13.000 -13.671 -67.782 -13.000 -12.989 -67.786 -13.000 -13.776 -0.547 -5.394 -0.520 -5.391 -0.551 -5.391
3 16 -67.842 -13.000 -13.671 -67.922 -13.000 -13.581 -67.782 -13.000 -12.989 -0.547 -5.394 -0.543 -5.397 -0.520 -5.391
3 16 -67.922 -13.000 -13.581 -68.049 -13.000 -13.488 -67.782 -13.000 -12.989 -0.543 -5.397 -0.540 -5.402 -0.520 -5.391
3 16 -68.661 -13.000 -13.360 -68.165 -13.000 -12.989 -68.416 -13.000 -13.375 -0.534 -5.426 -0.520 -5.407 -0.535 -5.417
3 16 -69.734 -13.000 -13.859 -69.782 -13.000 -12.315 -69.633 -13.000 -13.703 -0.554 -5.469 -0.493 -5.471 -0.548 -5.465
3 16 -69.734 -13.000 -13.859 -69.798 -13.000 -14.044 -69.782 -13.000 -12.315 -0.554 -5.469 -0.562 -5.472 -0.493 -5.471
3 16 -69.818 -13.000 -14.321 -71.443 -13.000 -10.768 -69.820 -13.000 -14.256 -0.573 -5.473 -0.431 -5.538 -0.570 -5.473
3 16 -69.818 -13.000 -14.321 -69.813 -13.000 -14.381 -71.443 -13.000 -10.768 -0.573 -5.473 -0.575 -5.473 -0.431 -5.538
3 16 -69.813 -13.000 -14.381 -69.805 -13.000 -14.436 -71.443 -13.000 -10.768 -0.575 -5.473 -0.577 -5.472 -0.431 -5.538
3 16 -69.792 -13.000 -14.483 -71.443 -13.000 -10.768 -69.805 -13.000 -14.436 -0.579 -5.472 -0.431 -5.538 -0.577 -5.472
3 16 -69.792 -13.000 -14.483 -69.040 -13.000 -21.296 -71.443 -13.000 -10.768 -0.579 -5.472 -0.852 -5.442 -0.431 -5.538
3 16 -69.792 -13.000 -14.483 -69.534 -13.000 -14.483 -69.040 -13.000 -21.296 -0.579 -5.472 -0.579 -5.461 -0.852 -5.442
3 16 -69.534 -13.000 -14.483 -68.730 -13.000 -14.603 -69.040 -13.000 -21.296 -0.579 -5.461 -0.584 -5.429 -0.852 -5.442
3 16 -69.534 -13.000 -14.483 -68.847 -13.000 -14.536 -68.730 -13.000 -14.603 -0.579 -5.461 -0.581 -5.434 -0.584 -5.429
3 16 -69.534 -13.000 -14.483 -68.941 -13.000 -14.440 -68.847 -13.000 -14.536 -0.579 -5.461 -0.578 -5.438 -0.581 -5.434
3 16 -69.534 -13.000 -14.483 -69.000 -13.000 -14.346 -68.941 -13.000 -14.440 -0.579 -5.461 -0.574 -5.440 -0.578 -5.438
3 16 -69.534 -13.000 -14.483 -69.534 -13.000 -14.472 -69.000 -13.000 -14.346 -0.579 -5.461 -0.579 -5.461 -0.574 -5.440
3 16 -69.534 -13.000 -14.472 -69.036 -13.000 -14.256 -69.000 -13.000 -14.346 -0.579 -5.461 -0.570 -5.441 -0.574 -5.440
3 16 -69.534 -13.000 -14.472 -69.553 -13.000 -14.427 -69.036 -13.000 -14.256 -0.579 -5.461 -0.577 -5.462 -0.570 -5.441
3 16 -69.553 -13.000 -14.427 -69.571 -13.000 -14.367 -69.036 -13.000 -14.256 -0.577 -5.462 -0.575 -5.463 -0.570 -5.441
3 16 -69.584 -13.000 -14.296 -69.036 -13.000 -14.256 -69.571 -13.000 -14.367 -0.572 -5.463 -0.570 -5.441 -0.575 -5.463
3 16 -69.584 -13.000 -14.296 -69.054 -13.000 -14.162 -69.036 -13.000 -14.256 -0.572 -5.463 -0.566 -5.442 -0.570 -5.441
3 16 -69.584 -13.000 -14.296 -69.588 -13.000 -14.221 -69.054 -13.000 -14.162 -0.572 -5.463 -0.569 -5.464 -0.566 -5.442
3 16 -69.588 -13.000 -14.221 -69.546 -13.000 -13.995 -69.054 -13.000 -14.162 -0.569 -5.464 -0.560 -5.462 -0.566 -5.442
3 16 -69.546 -13.000 -13.995 -69.059 -13.000 -14.052 -69.054 -13.000 -14.162 -0.560 -5.462 -0.562 -5.442 -0.566 -5.442
3 16 -69.546 -13.000 -13.995 -69.419 -13.000 -13.818 -69.059 -13.000 -14.052 -0.560 -5.462 -0.553 -5.457 -0.562 -5.442
3 16 -69.419 -13.000 -13.818 -69.050 -13.000 -13.937 -69.059 -13.000 -14.052 -0.553 -5.457 -0.557 -5.442 -0.562 -5.442
3 16 -69.419 -13.000 -13.818 -69.210 -13.000 -13.696 -69.050 -13.000 -13.937 -0.553 -5.457 -0.548 -5.448 -0.557 -5.442
3 16 -69.210 -13.000 -13.696 -69.023 -13.000 -13.832 -69.050 -13.000 -13.937 -0.548 -5.448 -0.553 -5.441 -0.557 -5.442
3 16 -69.210 -13.000 -13.696 -68.979 -13.000 -13.732 -69.023 -13.000 -13.832 -0.548 -5.448 -0.549 -5.439 -0.553 -5.441
3 16 -69.210 -13.000 -13.696 -68.920 -13.000 -13.636 -68.979 -13.000 -13.732 -0.548 -5.448 -0.545 -5.437 -0.549 -5.439
3 16 -68.591 -13.000 -14.643 -69.040 -13.000 -21.296 -68.730 -13.000 -14.603 -0.586 -5.424 -0.852 -5.442 -0.584 -5.429
3 16 71.443 -13.000 10.768 67.000 -13.000 0.000 66.215 -13.000 10.228 0.431 0.178 0.000 0.000 0.409 -0.031
3 16 71.443 -13.000 10.768 72.250 -13.000 0.000 67.000 -13.000 0.000 0.431 0.178 0.000 0.210 0.000 0.000
3 16 72.250 -13.000 0.000 71.443 -13.000 -10.768 67.000 -13.000 0.000 0.000 0.210 -0.431 0.178 0.000 0.000
3 16 66.215 -13.000 10.228 69.040 -13.000 21.296 71.443 -13.000 10.768 0.409 -0.031 0.852 0.082 0.431 0.178
3 16 66.215 -13.000 10.228 63.878 -13.000 20.215 69.040 -13.000 21.296 0.409 -0.031 0.809 -0.125 0.852 0.082
3 16 63.878 -13.000 20.215 65.095 -13.000 31.348 69.040 -13.000 21.296 0.809 -0.125 1.254 -0.076 0.852 0.082
3 16 63.878 -13.000 20.215 60.043 -13.000 29.729 65.095 -13.000 31.348 0.809 -0.125 1.189 -0.278 1.254 -0.076
3 16 60.043 -13.000 29.729 59.696 -13.000 40.700 65.095 -13.000 31.348 1.189 -0.278 1.628 -0.292 1.254 -0.076
3 16 60.043 -13.000 29.729 54.801 -13.000 38.546 59.696 -13.000 40.700 1.189 -0.278 1.542 -0.488 1.628 -0.292
3 16 54.801 -13.000 38.546 52.963 -13.000 49.142 59.696 -13.000 40.700 1.542 -0.488 1.966 -0.561 1.628 -0.292
3 16 54.801 -13.000 38.546 48.275 -13.000 46.460 52.963 -13.000 49.142 1.542 -0.488 1.858 -0.749 1.966 -0.561
3 16 48.275 -13.000 46.460 45.047 -13.000 56.487 52.963 -13.000 49.142 1.858 -0.749 2.259 -0.878 1.966 -0.561
3 16 48.275 -13.000 46.460 40.617 -13.000 53.285 45.047 -13.000 56.487 1.858 -0.749 2.131 -1.055 2.259 -0.878
3 16 40.617 -13.000 53.285 36.125 -13.000 62.570 45.047 -13.000 56.487 2.131 -1.055 2.503 -1.235 2.259 -0.878
3 16 40.617 -13.000 53.285 32.007 -13.000 58.860 36.125 -13.000 62.570 2.131 -1.055 2.354 -1.400 2.503 -1.235
3 16 32.007 -13.000 58.860 26.396 -13.000 67.256 36.125 -13.000 62.570 2.354 -1.400 2.690 -1.624 2.503 -1.235
3 16 32.007 -13.000 58.860 22.647 -13.000 63.056 26.396 -13.000 67.256 2.354 -1.400 2.522 -1.774 2.690 -1.624
3 16 22.647 -13.000 63.056 16.077 -13.000 70.439 26.396 -13.000 67.256 2.522 -1.774 2.818 -2.037 2.690 -1.624
3 16 22.647 -13.000 63.056 12.756 -13.000 65.774 16.077 -13.000 70.439 2.522 -1.774 2.631 -2.170 2.818 -2.037
3 16 12.756 -13.000 65.774 5.399 -13.000 72.048 16.077 -13.000 70.439 2.631 -2.170 2.882 -2.464 2.818 -2.037
3 16 12.756 -13.000 65.774 2.566 -13.000 66.951 5.399 -13.000 72.048 2.631 -2.170 2.678 -2.577 2.882 -2.464
3 16 2.566 -13.000 66.951 -5.399 -13.000 72.048 5.399 -13.000 72.048 2.678 -2.577 2.882 -2.896 2.882 -2.464
3 16 2.566 -13.000 66.951 -7.684 -13.000 66.558 -5.399 -13.000 72.048 2.678 -2.577 2.662 -2.987 2.882 -2.896
3 16 -7.684 -13.000 66.558 -16.077 -13.000 70.439 -5.399 -13.000 72.048 2.662 -2.987 2.818 -3.323 2.882 -2.896
3 16 -7.684 -13.000 66.558 -17.754 -13.000 64.605 -16.077 -13.000 70.439 2.662 -2.987 2.584 -3.390 2.818 -3.323
3 16 -17.754 -13.000 64.605 -26.396 -13.000 67.256 -16.077 -13.000 70.439 2.584 -3.390 2.690 -3.736 2.818 -3.323
3 16 -17.754 -13.000 64.605 -27.408 -13.000 61.138 -26.396 -13.000 67.256 2.584 -3.390 2.446 -3.776 2.690 -3.736
3 16 -27.408 -13.000 61.138 -36.125 -13.000 62.570 -26.396 -13.000 67.256 2.446 -3.776 2.503 -4.125 2.690 -3.736
3 16 -27.408 -13.000 61.138 -36.419 -13.000 56.237 -36.125 -13.000 62.570 2.446 -3.776 2.249 -4.137 2.503 -4.125
3 16 -36.419 -13.000 56.237 -45.047 -13.000 56.487 -36.125 -13.000 62.570 2.249 -4.137 2.259 -4.482 2.503 -4.125
3 16 -36.419 -13.000 56.237 -44.577 -13.000 50.019 -45.047 -13.000 56.487 2.249 -4.137 2.001 -4.463 2.259 -4.482
3 16 -44.577 -13.000 50.019 -52.963 -13.000 49.142 -45.047 -13.000 56.487 2.001 -4.463 1.966 -4.799 2.259 -4.482
3 16 -44.577 -13.000 50.019 -51.690 -13.000 42.628 -52.963 -13.000 49.142 2.001 -4.463 1.705 -4.748 1.966 -4.799
3 16 -51.690 -13.000 42.628 -59.696 -13.000 40.700 -52.963 -13.000 49.142 1.705 -4.748 1.628 -5.068 1.966 -4.799
3 16 -51.690 -13.000 42.628 -57.591 -13.000 34.238 -59.696 -13.000 40.700 1.705 -4.748 1.370 -4.984 1.628 -5.068
3 16 -57.591 -13.000 34.238 -65.095 -13.000 31.348 -59.696 -13.000 40.700 1.370 -4.984 1.254 -5.284 1.628 -5.068
3 16 -57.591 -13.000 34.238 -62.143 -13.000 25.046 -65.095 -13.000 31.348 1.370 -4.984 1.002 -5.166 1.254 -5.284
3 16 -62.143 -13.000 25.046 -69.040 -13.000 21.296 -65.095 -13.000 31.348 1.002 -5.166 0.852 -5.442 1.254 -5.284
3 16 -62.143 -13.000 25.046 -65.238 -13.000 15.266 -69.040 -13.000 21.296 1.002 -5.166 0.611 -5.290 0.852 -5.442
3 16 -65.238 -13.000 15.266 -67.537 -13.000 14.291 -69.040 -13.000 21.296 0.611 -5.290 0.572 -5.381 0.852 -5.442
3 16 -65.238 -13.000 -15.266 -67.740 -13.000 -9.331 -66.803 -13.000 -5.129 -0.611 -5.290 -0.373 -5.390 -0.205 -5.352
3 16 -65.238 -13.000 -15.266 -67.782 -13.000 -10.334 -67.740 -13.000 -9.331 -0.611 -5.290 -0.413 -5.391 -0.373 -5.390
3 16 -62.143 -13.000 -25.046 -69.040 -13.000 -21.296 -65.238 -13.000 -15.266 -1.002 -5.166 -0.852 -5.442 -0.611 -5.290
3 16 -62.143 -13.000 -25.046 -65.095 -13.000 -31.348 -69.040 -13.000 -21.296 -1.002 -5.166 -1.254 -5.284 -0.852 -5.442
3 16 -62.143 -13.000 -25.046 -57.591 -13.000 -34.238 -65.095 -13.000 -31.348 -1.002 -5.166 -1.370 -4.984 -1.254 -5.284
3 16 -57.591 -13.000 -34.238 -59.696 -13.000 -40.700 -65.095 -13.000 -31.348 -1.370 -4.984 -1.628 -5.068 -1.254 -5.284
3 16 -57.591 -13.000 -34.238 -51.690 -13.000 -42.628 -59.696 -13.000 -40.700 -1.370 -4.984 -1.705 -4.748 -1.628 -5.068
3 16 -51.690 -13.000 -42.628 -52.963 -13.000 -49.142 -59.696 -13.000 -40.700 -1.705 -4.748 -1.966 -4.799 -1.628 -5.068
3 16 -51.690 -13.000 -42.628 -44.577 -13.000 -50.019 -52.963 -13.000 -49.142 -1.705 -4.748 -2.001 -4.463 -1.966 -4.799
3 16 -44.577 -13.000 -50.019 -45.047 -13.000 -56.487 -52.963 -13.000 -49.142 -2.001 -4.463 -2.259 -4.482 -1.966 -4.799
3 16 -44.577 -13.000 -50.019 -36.419 -13.000 -56.237 -45.047 -13.000 -56.487 -2.001 -4.463 -2.249 -4.137 -2.259 -4.482
3 16 -36.419 -13.000 -56.237 -36.125 -13.000 -62.570 -45.047 -13.000 -56.487 -2.249 -4.137 -2.503 -4.125 -2.259 -4.482
3 16 -36.419 -13.000 -56.237 -27.408 -13.000 -61.138 -36.125 -13.000 -62.570 -2.249 -4.137 -2.446 -3.776 -2.503 -4.125
3 16 -27.408 -13.000 -61.138 -26.396 -13.000 -67.256 -36.125 -13.000 -62.570 -2.446 -3.776 -2.690 -3.736 -2.503 -4.125
3 16 -27.408 -13.000 -61.138 -17.754 -13.000 -64.605 -26.396 -13.000 -67.256 -2.446 -3.776 -2.584 -3.390 -2.690 -3.736
3 16 -17.754 -13.000 -64.605 -16.077 -13.000 -70.439 -26.396 -13.000 -67.256 -2.584 -3.390 -2.818 -3.323 -2.690 -3.736
3 16 -17.754 -13.000 -64.605 -7.684 -13.000 -66.558 -16.077 -13.000 -70.439 -2.584 -3.390 -2.662 -2.987 -2.818 -3.323
3 16 -7.684 -13.000 -66.558 -5.399 -13.000 -72.048 -16.077 -13.000 -70.439 -2.662 -2.987 -2.882 -2.896 -2.818 -3.323
3 16 -7.684 -13.000 -66.558 2.566 -13.000 -66.951 -5.399 -13.000 -72.048 -2.662 -2.987 -2.678 -2.577 -2.882 -2.896
3 16 2.566 -13.000 -66.951 5.399 -13.000 -72.048 -5.399 -13.000 -72.048 -2.678 -2.577 -2.882 -2.464 -2.882 -2.896
3 16 2.566 -13.000 -66.951 12.756 -13.000 -65.774 5.399 -13.000 -72.048 -2.678 -2.577 -2.631 -2.170 -2.882 -2.464
3 16 12.756 -13.000 -65.774 16.077 -13.000 -70.439 5.399 -13.000 -72.048 -2.631 -2.170 -2.818 -2.037 -2.882 -2.464
3 16 12.756 -13.000 -65.774 22.647 -13.000 -63.056 16.077 -13.000 -70.439 -2.631 -2.170 -2.522 -1.774 -2.818 -2.037
3 16 22.647 -13.000 -63.056 26.396 -13.000 -67.256 16.077 -13.000 -70.439 -2.522 -1.774 -2.690 -1.624 -2.818 -2.037
3 16 22.647 -13.000 -63.056 32.007 -13.000 -58.860 26.396 -13.000 -67.256 -2.522 -1.774 -2.354 -1.400 -2.690 -1.624
3 16 32.007 -13.000 -58.860 36.125 -13.000 -62.570 26.396 -13.000 -67.256 -2.354 -1.400 -2.503 -1.235 -2.690 -1.624
3 16 32.007 -13.000 -58.860 40.617 -13.000 -53.285 36.125 -13.000 -62.570 -2.354 -1.400 -2.131 -1.055 -2.503 -1.235
3 16 40.617 -13.000 -53.285 45.047 -13.000 -56.487 36.125 -13.000 -62.570 -2.131 -1.055 -2.259 -0.878 -2.503 -1.235
3 16 40.617 -13.000 -53.285 48.275 -13.000 -46.460 45.047 -13.000 -56.487 -2.131 -1.055 -1.858 -0.749 -2.259 -0.878
3 16 48.275 -13.000 -46.460 52.963 -13.000 -49.142 45.047 -13.000 -56.487 -1.858 -0.749 -1.966 -0.561 -2.259 -0.878
3 16 48.275 -13.000 -46.460 54.801 -13.000 -38.546 52.963 -13.000 -49.142 -1.858 -0.749 -1.542 -0.488 -1.966 -0.561
3 16 54.801 -13.000 -38.546 59.696 -13.000 -40.700 52.963 -13.000 -49.142 -1.542 -0.488 -1.628 -0.292 -1.966 -0.561
3 16 54.801 -13.000 -38.546 60.043 -13.000 -29.729 59.696 -13.000 -40.700 -1.542 -0.488 -1.189 -0.278 -1.628 -0.292
3 16 60.043 -13.000 -29.729 65.095 -13.000 -31.348 59.696 -13.000 -40.700 -1.189 -0.278 -1.254 -0.076 -1.628 -0.292
3 16 60.043 -13.000 -29.729 63.878 -13.000 -20.215 65.095 -13.000 -31.348 -1.189 -0.278 -0.809 -0.125 -1.254 -0.076
3 16 63.878 -13.000 -20.215 69.040 -13.000 -21.296 65.095 -13.000 -31.348 -0.809 -0.125 -0.852 0.082 -1.254 -0.076
3 16 63.878 -13.000 -20.215 66.215 -13.000 -10.228 69.040 -13.000 -21.296 -0.809 -0.125 -0.409 -0.031 -0.852 0.082
3 16 66.215 -13.000 -10.228 71.443 -13.000 -10.768 69.040 -13.000 -21.296 -0.409 -0.031 -0.431 0.178 -0.852 0.082
3 16 66.215 -13.000 -10.228 67.000 -13.000 0.000 71.443 -13.000 -10.768 -0.409 -0.031 0.000 0.000 -0.431 0.178
3 16 -72.250 -13.000 0.000 -69.823 -13.000 -6.329 -71.443 -13.000 -10.768 0.000 -5.570 -0.253 -5.473 -0.431 -5.538
3 16 -69.899 -13.000 9.227 -69.455 -13.000 8.057 -70.192 -13.000 7.379 0.369 -5.476 0.322 -5.458 0.295 -5.488
3 16 -67.962 -13.000 -6.329 -68.781 -13.000 -5.961 -68.587 -13.000 -5.965 -0.253 -5.398 -0.238 -5.431 -0.239 -5.423
3 16 -67.962 -13.000 -6.329 -68.782 -13.000 -6.696 -68.781 -13.000 -5.961 -0.253 -5.398 -0.268 -5.431 -0.238 -5.431
3 16 -68.782 -13.000 -6.696 -69.601 -13.000 -6.329 -68.781 -13.000 -5.961 -0.268 -5.431 -0.253 -5.464 -0.238 -5.431
3 16 -68.782 -13.000 -6.696 -68.975 -13.000 -6.692 -69.601 -13.000 -6.329 -0.268 -5.431 -0.268 -5.439 -0.253 -5.464
3 16 -68.975 -13.000 -6.692 -69.588 -13.000 -6.431 -69.601 -13.000 -6.329 -0.268 -5.439 -0.257 -5.464 -0.253 -5.464
3 16 -68.975 -13.000 -6.692 -69.140 -13.000 -6.679 -69.588 -13.000 -6.431 -0.268 -5.439 -0.267 -5.446 -0.257 -5.464
3 16 -69.140 -13.000 -6.679 -69.548 -13.000 -6.512 -69.588 -13.000 -6.431 -0.267 -5.446 -0.260 -5.462 -0.257 -5.464
3 16 -69.140 -13.000 -6.679 -69.279 -13.000 -6.657 -69.548 -13.000 -6.512 -0.267 -5.446 -0.266 -5.451 -0.260 -5.462
3 16 -69.279 -13.000 -6.657 -69.483 -13.000 -6.575 -69.548 -13.000 -6.512 -0.266 -5.451 -0.263 -5.459 -0.260 -5.462
3 16 -69.279 -13.000 -6.657 -69.393 -13.000 -6.623 -69.483 -13.000 -6.575 -0.266 -5.451 -0.265 -5.456 -0.263 -5.459
3 16 -68.587 -13.000 -5.965 -67.976 -13.000 -6.224 -67.962 -13.000 -6.329 -0.239 -5.423 -0.249 -5.399 -0.253 -5.398
3 16 -68.587 -13.000 -5.965 -68.429 -13.000 -5.974 -67.976 -13.000 -6.224 -0.239 -5.423 -0.239 -5.417 -0.249 -5.399
3 16 -68.429 -13.000 -5.974 -68.018 -13.000 -6.140 -67.976 -13.000 -6.224 -0.239 -5.417 -0.246 -5.401 -0.249 -5.399
3 16 -68.429 -13.000 -5.974 -68.296 -13.000 -5.995 -68.018 -13.000 -6.140 -0.239 -5.417 -0.240 -5.412 -0.246 -5.401
3 16 -68.296 -13.000 -5.995 -68.086 -13.000 -6.077 -68.018 -13.000 -6.140 -0.240 -5.412 -0.243 -5.403 -0.246 -5.401
3 16 -68.296 -13.000 -5.995 -68.178 -13.000 -6.029 -68.086 -13.000 -6.077 -0.240 -5.412 -0.241 -5.407 -0.243 -5.403
3 16 -67.962 -13.000 -6.329 -68.590 -13.000 -6.692 -68.782 -13.000 -6.696 -0.253 -5.398 -0.268 -5.424 -0.268 -5.431
3 16 -67.962 -13.000 -6.329 -67.975 -13.000 -6.430 -68.590 -13.000 -6.692 -0.253 -5.398 -0.257 -5.399 -0.268 -5.424
3 16 -67.975 -13.000 -6.430 -68.424 -13.000 -6.679 -68.590 -13.000 -6.692 -0.257 -5.399 -0.267 -5.417 -0.268 -5.424
3 16 -67.975 -13.000 -6.430 -68.015 -13.000 -6.512 -68.424 -13.000 -6.679 -0.257 -5.399 -0.260 -5.401 -0.267 -5.417
3 16 -68.015 -13.000 -6.512 -68.285 -13.000 -6.657 -68.424 -13.000 -6.679 -0.260 -5.401 -0.266 -5.411 -0.267 -5.417
3 16 -68.015 -13.000 -6.512 -68.081 -13.000 -6.576 -68.285 -13.000 -6.657 -0.260 -5.401 -0.263 -5.403 -0.266 -5.411
3 16 -68.081 -13.000 -6.576 -68.173 -13.000 -6.624 -68.285 -13.000 -6.657 -0.263 -5.403 -0.265 -5.407 -0.266 -5.411
3 16 -69.601 -13.000 -6.329 -68.967 -13.000 -5.965 -68.781 -13.000 -5.961 -0.253 -5.464 -0.239 -5.439 -0.238 -5.431
3 16 -69.601 -13.000 -6.329 -69.588 -13.000 -6.227 -68.967 -13.000 -5.965 -0.253 -5.464 -0.249 -5.464 -0.239 -5.439
3 16 -69.588 -13.000 -6.227 -69.132 -13.000 -5.976 -68.967 -13.000 -5.965 -0.249 -5.464 -0.239 -5.445 -0.239 -5.439
3 16 -69.588 -13.000 -6.227 -69.548 -13.000 -6.145 -69.132 -13.000 -5.976 -0.249 -5.464 -0.246 -5.462 -0.239 -5.445
3 16 -69.548 -13.000 -6.145 -69.275 -13.000 -5.997 -69.132 -13.000 -5.976 -0.246 -5.462 -0.240 -5.451 -0.239 -5.445
3 16 -69.548 -13.000 -6.145 -69.482 -13.000 -6.081 -69.275 -13.000 -5.997 -0.246 -5.462 -0.243 -5.459 -0.240 -5.451
3 16 -69.482 -13.000 -6.081 -69.390 -13.000 -6.031 -69.275 -13.000 -5.997 -0.243 -5.459 -0.241 -5.456 -0.240 -5.451
3 16 -68.086 -13.000 -9.078 -68.296 -13.000 -8.996 -68.178 -13.000 -9.031 -0.363 -5.403 -0.360 -5.412 -0.361 -5.407
3 16 -68.086 -13.000 -9.078 -68.018 -13.000 -9.142 -68.296 -13.000 -8.996 -0.363 -5.403 -0.366 -5.401 -0.360 -5.412
3 16 -68.018 -13.000 -9.142 -68.429 -13.000 -8.976 -68.296 -13.000 -8.996 -0.366 -5.401 -0.359 -5.417 -0.360 -5.412
3 16 -68.018 -13.000 -9.142 -67.976 -13.000 -9.225 -68.429 -13.000 -8.976 -0.366 -5.401 -0.369 -5.399 -0.359 -5.417
3 16 -67.976 -13.000 -9.225 -68.587 -13.000 -8.966 -68.429 -13.000 -8.976 -0.369 -5.399 -0.359 -5.423 -0.359 -5.417
3 16 -67.976 -13.000 -9.225 -67.962 -13.000 -9.331 -68.587 -13.000 -8.966 -0.369 -5.399 -0.373 -5.398 -0.359 -5.423
3 16 -67.962 -13.000 -9.331 -68.781 -13.000 -8.963 -68.587 -13.000 -8.966 -0.373 -5.398 -0.359 -5.431 -0.359 -5.423
3 16 -67.962 -13.000 -9.331 -68.782 -13.000 -9.697 -68.781 -13.000 -8.963 -0.373 -5.398 -0.388 -5.431 -0.359 -5.431
3 16 -68.782 -13.000 -9.697 -69.601 -13.000 -9.331 -68.781 -13.000 -8.963 -0.388 -5.431 -0.373 -5.464 -0.359 -5.431
3 16 -68.782 -13.000 -9.697 -68.975 -13.000 -9.693 -69.601 -13.000 -9.331 -0.388 -5.431 -0.388 -5.439 -0.373 -5.464
3 16 -68.975 -13.000 -9.693 -69.588 -13.000 -9.432 -69.601 -13.000 -9.331 -0.388 -5.439 -0.377 -5.464 -0.373 -5.464
3 16 -68.975 -13.000 -9.693 -69.140 -13.000 -9.681 -69.588 -13.000 -9.432 -0.388 -5.439 -0.387 -5.446 -0.377 -5.464
3 16 -69.140 -13.000 -9.681 -69.548 -13.000 -9.513 -69.588 -13.000 -9.432 -0.387 -5.446 -0.381 -5.462 -0.377 -5.464
3 16 -69.140 -13.000 -9.681 -69.279 -13.000 -9.659 -69.548 -13.000 -9.513 -0.387 -5.446 -0.386 -5.451 -0.381 -5.462
3 16 -69.279 -13.000 -9.659 -69.483 -13.000 -9.576 -69.548 -13.000 -9.513 -0.386 -5.451 -0.383 -5.459 -0.381 -5.462
3 16 -69.279 -13.000 -9.659 -69.393 -13.000 -9.624 -69.483 -13.000 -9.576 -0.386 -5.451 -0.385 -5.456 -0.383 -5.459
3 16 -67.962 -13.000 -9.331 -68.590 -13.000 -9.693 -68.782 -13.000 -9.697 -0.373 -5.398 -0.388 -5.424 -0.388 -5.431
3 16 -67.962 -13.000 -9.331 -67.975 -13.000 -9.432 -68.590 -13.000 -9.693 -0.373 -5.398 -0.377 -5.399 -0.388 -5.424
3 16 -67.975 -13.000 -9.432 -68.424 -13.000 -9.681 -68.590 -13.000 -9.693 -0.377 -5.399 -0.387 -5.417 -0.388 -5.424
3 16 -67.975 -13.000 -9.432 -68.015 -13.000 -9.513 -68.424 -13.000 -9.681 -0.377 -5.399 -0.381 -5.401 -0.387 -5.417
3 16 -68.015 -13.000 -9.513 -68.285 -13.000 -9.659 -68.424 -13.000 -9.681 -0.381 -5.401 -0.386 -5.411 -0.387 -5.417
3 16 -68.015 -13.000 -9.513 -68.081 -13.000 -9.577 -68.285 -13.000 -9.659 -0.381 -5.401 -0.383 -5.403 -0.386 -5.411
3 16 -68.081 -13.000 -9.577 -68.173 -13.000 -9.626 -68.285 -13.000 -9.659 -0.383 -5.403 -0.385 -5.407 -0.386 -5.411
3 16 -69.601 -13.000 -9.331 -68.967 -13.000 -8.967 -68.781 -13.000 -8.963 -0.373 -5.464 -0.359 -5.439 -0.359 -5.431
3 16 -69.601 -13.000 -9.331 -69.588 -13.000 -9.229 -68.967 -13.000 -8.967 -0.373 -5.464 -0.369 -5.464 -0.359 -5.439
3 16 -69.588 -13.000 -9.229 -69.132 -13.000 -8.978 -68.967 -13.000 -8.967 -0.369 -5.464 -0.359 -5.445 -0.359 -5.439
3 16 -69.588 -13.000 -9.229 -69.548 -13.000 -9.147 -69.132 -13.000 -8.978 -0.369 -5.464 -0.366 -5.462 -0.359 -5.445
3 16 -69.548 -13.000 -9.147 -69.275 -13.000 -8.999 -69.132 -13.000 -8.978 -0.366 -5.462 -0.360 -5.451 -0.359 -5.445
3 16 -69.548 -13.000 -9.147 -69.482 -13.000 -9.082 -69.275 -13.000 -8.999 -0.366 -5.462 -0.363 -5.459 -0.360 -5.451
3 16 -69.482 -13.000 -9.082 -69.390 -13.000 -9.033 -69.275 -13.000 -8.999 -0.363 -5.459 -0.361 -5.456 -0.360 -5.451
3 16 -69.747 -13.000 11.098 -69.431 -13.000 10.350 -69.794 -13.000 10.361 0.444 -5.470 0.414 -5.457 0.414 -5.472
3 16 -69.747 -13.000 11.098 -69.174 -13.000 11.098 -69.431 -13.000 10.350 0.444 -5.470 0.444 -5.447 0.414 -5.457
3 16 -69.174 -13.000 11.098 -69.174 -13.000 10.315 -69.431 -13.000 10.350 0.444 -5.447 0.413 -5.447 0.414 -5.457
3 16 -49.740 -7.565 56.151 -49.733 -7.305 56.140 -49.733 -7.695 56.140 -0.050 0.003 -0.049 -0.008 -0.049 0.008
3 16 -49.740 -7.565 56.151 -49.740 -7.435 56.151 -49.733 -7.305 56.140 -0.050 0.003 -0.050 -0.003 -0.049 -0.008
3 16 -35.538 -7.928 61.553 -22.832 -7.447 68.803 -22.906 -7.649 68.769 0.000 -0.017 -0.585 0.002 -0.582 -0.006
3 16 -35.538 -7.928 61.553 -35.538 -7.072 61.553 -22.832 -7.447 68.803 0.000 -0.017 0.000 0.017 -0.585 0.002
3 16 -35.538 -7.072 61.553 -22.912 -7.245 68.786 -22.832 -7.447 68.803 0.000 0.017 -0.582 0.010 -0.585 0.002
3 16 -35.538 -7.072 61.553 -23.078 -7.096 68.737 -22.912 -7.245 68.786 0.000 0.017 -0.575 0.016 -0.582 0.010
3 16 -35.538 -7.072 61.553 -23.477 -6.892 68.611 -23.078 -7.096 68.737 0.000 0.017 -0.559 0.025 -0.575 0.016
3 16 -35.538 -7.072 61.553 -24.335 -6.646 68.323 -23.477 -6.892 68.611 0.000 0.017 -0.523 0.038 -0.559 0.025
3 16 -35.538 -7.072 61.553 -35.813 -6.417 62.029 -24.335 -6.646 68.323 0.000 0.017 0.000 0.052 -0.523 0.038
3 16 -35.813 -6.417 62.029 -26.107 -6.396 67.677 -24.335 -6.646 68.323 0.000 0.052 -0.449 0.054 -0.523 0.038
3 16 -35.813 -6.417 62.029 -29.515 -6.254 66.268 -26.107 -6.396 67.677 0.000 0.052 -0.303 0.074 -0.449 0.054
3 16 -35.813 -6.417 62.029 -36.234 -6.269 62.758 -29.515 -6.254 66.268 0.000 0.052 0.000 0.087 -0.303 0.074
3 16 -36.234 -6.269 62.758 -36.270 -6.285 62.825 -29.515 -6.254 66.268 0.000 0.087 0.000 0.090 -0.303 0.074
3 16 -36.234 -6.269 62.758 -42.629 -6.254 58.697 -36.270 -6.285 62.825 0.000 0.087 0.303 0.074 0.000 0.090
3 16 -36.234 -6.269 62.758 -35.813 -6.417 62.029 -42.629 -6.254 58.697 0.000 0.087 0.000 0.052 0.303 0.074
3 16 -35.813 -6.417 62.029 -45.553 -6.395 56.450 -42.629 -6.254 58.697 0.000 0.052 0.449 0.054 0.303 0.074
3 16 -35.813 -6.417 62.029 -46.999 -6.645 55.239 -45.553 -6.395 56.450 0.000 0.052 0.523 0.038 0.449 0.054
3 16 -35.813 -6.417 62.029 -35.538 -7.072 61.553 -46.999 -6.645 55.239 0.000 0.052 0.000 0.017 0.523 0.038
3 16 -35.538 -7.072 61.553 -47.677 -6.891 54.640 -46.999 -6.645 55.239 0.000 0.017 0.559 0.025 0.523 0.038
3 16 -35.538 -7.072 61.553 -47.986 -7.094 54.357 -47.677 -6.891 54.640 0.000 0.017 0.575 0.017 0.559 0.025
3 16 -35.538 -7.072 61.553 -48.112 -7.242 54.237 -47.986 -7.094 54.357 0.000 0.017 0.582 0.010 0.575 0.017
3 16 -35.538 -7.072 61.553 -48.169 -7.443 54.175 -48.112 -7.242 54.237 0.000 0.017 0.585 0.002 0.582 0.010
3 16 -35.538 -7.072 61.553 -35.538 -7.928 61.553 -48.169 -7.443 54.175 0.000 0.017 0.000 -0.017 0.585 0.002
3 16 -35.538 -7.928 61.553 -48.105 -7.645 54.220 -48.169 -7.443 54.175 0.000 -0.017 0.582 -0.006 0.585 0.002
3 16 -35.538 -7.928 61.553 -47.973 -7.797 54.328 -48.105 -7.645 54.220 0.000 -0.017 0.575 -0.012 0.582 -0.006
3 16 -35.538 -7.928 61.553 -47.655 -8.008 54.595 -47.973 -7.797 54.328 0.000 -0.017 0.559 -0.021 0.575 -0.012
3 16 -35.538 -7.928 61.553 -46.965 -8.270 55.174 -47.655 -8.008 54.595 0.000 -0.017 0.523 -0.033 0.559 -0.021
3 16 -35.538 -7.928 61.553 -35.813 -8.583 62.029 -46.965 -8.270 55.174 0.000 -0.017 0.000 -0.052 0.523 -0.033
3 16 -35.813 -8.583 62.029 -45.509 -8.548 56.365 -46.965 -8.270 55.174 0.000 -0.052 0.449 -0.050 0.523 -0.033
3 16 -35.813 -8.583 62.029 -42.579 -8.733 58.600 -45.509 -8.548 56.365 0.000 -0.052 0.303 -0.070 0.449 -0.050
3 16 -35.813 -8.583 62.029 -36.220 -8.736 62.731 -42.579 -8.733 58.600 0.000 -0.052 0.000 -0.086 0.303 -0.070
3 16 -35.813 -8.583 62.029 -29.464 -8.733 66.172 -36.220 -8.736 62.731 0.000 -0.052 -0.303 -0.070 0.000 -0.086
3 16 -35.813 -8.583 62.029 -26.063 -8.549 67.593 -29.464 -8.733 66.172 0.000 -0.052 -0.449 -0.050 -0.303 -0.070
3 16 -35.813 -8.583 62.029 -24.304 -8.271 68.259 -26.063 -8.549 67.593 0.000 -0.052 -0.523 -0.033 -0.449 -0.050
3 16 -35.813 -8.583 62.029 -35.538 -7.928 61.553 -24.304 -8.271 68.259 0.000 -0.052 0.000 -0.017 -0.523 -0.033
3 16 -35.538 -7.928 61.553 -23.457 -8.010 68.567 -24.304 -8.271 68.259 0.000 -0.017 -0.559 -0.021 -0.523 -0.033
3 16 -35.538 -7.928 61.553 -23.066 -7.800 68.709 -23.457 -8.010 68.567 0.000 -0.017 -0.575 -0.012 -0.559 -0.021
3 16 -35.538 -7.928 61.553 -22.906 -7.649 68.769 -23.066 -7.800 68.709 0.000 -0.017 -0.582 -0.006 -0.575 -0.012
3 16 -23.825 -7.500 71.115 -23.759 -7.435 71.151 -23.752 -7.305 71.140 -0.597 0.157 -0.600 0.154 -0.600 0.149
3 16 -23.825 -7.500 71.115 -23.759 -7.565 71.151 -23.759 -7.435 71.151 -0.597 0.157 -0.600 0.160 -0.600 0.154
3 16 -23.825 -7.500 71.115 -23.752 -7.695 71.140 -23.759 -7.565 71.151 -0.597 -0.157 -0.600 -0.149 -0.600 -0.154
3 16 -49.675 -7.500 56.190 -49.740 -7.565 56.151 -49.733 -7.695 56.140 0.597 -0.157 0.600 -0.154 0.600 -0.149
3 16 -49.675 -7.500 56.190 -49.740 -7.435 56.151 -49.740 -7.565 56.151 0.597 -0.157 0.600 -0.160 0.600 -0.154
3 16 -49.675 -7.500 56.190 -49.733 -7.305 56.140 -49.740 -7.435 56.151 0.597 0.157 0.600 0.149 0.600 0.154
3 16 -23.752 -7.305 71.140 -23.759 -7.565 71.151 -23.752 -7.695 71.140 0.049 -0.008 0.050 0.003 0.049 0.008
3 16 -23.752 -7.305 71.140 -23.759 -7.435 71.151 -23.759 -7.565 71.151 0.049 -0.008 0.050 -0.003 0.050 0.003
3 16 -23.759 -7.565 -71.151 -23.752 -7.305 -71.140 -23.752 -7.695 -71.140 -0.050 0.003 -0.049 -0.008 -0.049 0.008
3 16 -23.759 -7.565 -71.151 -23.759 -7.435 -71.151 -23.752 -7.305 -71.140 -0.050 0.003 -0.050 -0.003 -0.049 -0.008
3 16 -35.538 -7.928 -61.553 -48.169 -7.447 -54.175 -48.103 -7.649 -54.222 0.000 -0.017 -0.585 0.002 -0.582 -0.006
3 16 -35.538 -7.928 -61.553 -35.538 -7.072 -61.553 -48.169 -7.447 -54.175 0.000 -0.017 0.000 0.017 -0.585 0.002
3 16 -35.538 -7.072 -61.553 -48.114 -7.245 -54.235 -48.169 -7.447 -54.175 0.000 0.017 -0.582 0.010 -0.585 0.002
3 16 -35.538 -7.072 -61.553 -47.989 -7.096 -54.355 -48.114 -7.245 -54.235 0.000 0.017 -0.575 0.016 -0.582 0.010
3 16 -35.538 -7.072 -61.553 -47.680 -6.892 -54.638 -47.989 -7.096 -54.355 0.000 0.017 -0.559 0.025 -0.575 0.016
3 16 -35.538 -7.072 -61.553 -47.002 -6.646 -55.236 -47.680 -6.892 -54.638 0.000 0.017 -0.523 0.038 -0.559 0.025
3 16 -35.538 -7.072 -61.553 -35.813 -6.417 -62.029 -47.002 -6.646 -55.236 0.000 0.017 0.000 0.052 -0.523 0.038
3 16 -35.813 -6.417 -62.029 -45.557 -6.396 -56.447 -47.002 -6.646 -55.236 0.000 0.052 -0.449 0.054 -0.523 0.038
3 16 -35.813 -6.417 -62.029 -42.633 -6.254 -58.695 -45.557 -6.396 -56.447 0.000 0.052 -0.303 0.074 -0.449 0.054
3 16 -35.813 -6.417 -62.029 -36.234 -6.269 -62.758 -42.633 -6.254 -58.695 0.000 0.052 0.000 0.087 -0.303 0.074
3 16 -36.234 -6.269 -62.758 -36.273 -6.285 -62.823 -42.633 -6.254 -58.695 0.000 0.087 0.000 0.090 -0.303 0.074
3 16 -36.234 -6.269 -62.758 -29.519 -6.254 -66.267 -36.273 -6.285 -62.823 0.000 0.087 0.303 0.074 0.000 0.090
3 16 -36.234 -6.269 -62.758 -35.813 -6.417 -62.029 -29.519 -6.254 -66.267 0.000 0.087 0.000 0.052 0.303 0.074
3 16 -35.813 -6.417 -62.029 -26.111 -6.395 -67.675 -29.519 -6.254 -66.267 0.000 0.052 0.449 0.054 0.303 0.074
3 16 -35.813 -6.417 -62.029 -24.339 -6.645 -68.322 -26.111 -6.395 -67.675 0.000 0.052 0.523 0.038 0.449 0.054
3 16 -35.813 -6.417 -62.029 -35.538 -7.072 -61.553 -24.339 -6.645 -68.322 0.000 0.052 0.000 0.017 0.523 0.038
3 16 -35.538 -7.072 -61.553 -23.481 -6.891 -68.610 -24.339 -6.645 -68.322 0.000 0.017 0.559 0.025 0.523 0.038
3 16 -35.538 -7.072 -61.553 -23.081 -7.094 -68.736 -23.481 -6.891 -68.610 0.000 0.017 0.575 0.017 0.559 0.025
3 16 -35.538 -7.072 -61.553 -22.915 -7.242 -68.785 -23.081 -7.094 -68.736 0.000 0.017 0.582 0.010 0.575 0.017
3 16 -35.538 -7.072 -61.553 -22.832 -7.443 -68.803 -22.915 -7.242 -68.785 0.000 0.017 0.585 0.002 0.582 0.010
3 16 -35.538 -7.072 -61.553 -35.538 -7.928 -61.553 -22.832 -7.443 -68.803 0.000 0.017 0.000 -0.017 0.585 0.002
3 16 -35.538 -7.928 -61.553 -22.904 -7.645 -68.770 -22.832 -7.443 -68.803 0.000 -0.017 0.582 -0.006 0.585 0.002
3 16 -35.538 -7.928 -61.553 -23.063 -7.797 -68.710 -22.904 -7.645 -68.770 0.000 -0.017 0.575 -0.012 0.582 -0.006
3 16 -35.538 -7.928 -61.553 -23.453 -8.008 -68.568 -23.063 -7.797 -68.710 0.000 -0.017 0.559 -0.021 0.575 -0.012
3 16 -35.538 -7.928 -61.553 -24.300 -8.270 -68.260 -23.453 -8.008 -68.568 0.000 -0.017 0.523 -0.033 0.559 -0.021
3 16 -35.538 -7.928 -61.553 -35.813 -8.583 -62.029 -24.300 -8.270 -68.260 0.000 -0.017 0.000 -0.052 0.523 -0.033
3 16 -35.813 -8.583 -62.029 -26.059 -8.548 -67.595 -24.300 -8.270 -68.260 0.000 -0.052 0.449 -0.050 0.523 -0.033
3 16 -35.813 -8.583 -62.029 -29.460 -8.733 -66.174 -26.059 -8.548 -67.595 0.000 -0.052 0.303 -0.070 0.449 -0.050
3 16 -35.813 -8.583 -62.029 -36.216 -8.736 -62.733 -29.460 -8.733 -66.174 0.000 -0.052 0.000 -0.086 0.303 -0.070
3 16 -35.813 -8.583 -62.029 -42.575 -8.733 -58.603 -36.216 -8.736 -62.733 0.000 -0.052 -0.303 -0.070 0.000 -0.086
3 16 -35.813 -8.583 -62.029 -45.506 -8.549 -56.368 -42.575 -8.733 -58.603 0.000 -0.052 -0.449 -0.050 -0.303 -0.070
3 16 -35.813 -8.583 -62.029 -46.962 -8.271 -55.177 -45.506 -8.549 -56.368 0.000 -0.052 -0.523 -0.033 -0.449 -0.050
3 16 -35.813 -8.583 -62.029 -35.538 -7.928 -61.553 -46.962 -8.271 -55.177 0.000 -0.052 0.000 -0.017 -0.523 -0.033
3 16 -35.538 -7.928 -61.553 -47.652 -8.010 -54.597 -46.962 -8.271 -55.177 0.000 -0.017 -0.559 -0.021 -0.523 -0.033
3 16 -35.538 -7.928 -61.553 -47.970 -7.800 -54.330 -47.652 -8.010 -54.597 0.000 -0.017 -0.575 -0.012 -0.559 -0.021
3 16 -35.538 -7.928 -61.553 -48.103 -7.649 -54.222 -47.970 -7.800 -54.330 0.000 -0.017 -0.582 -0.006 -0.575 -0.012
3 16 -49.675 -7.500 -56.190 -49.740 -7.435 -56.151 -49.733 -7.305 -56.140 -0.597 0.157 -0.600 0.154 -0.600 0.149
3 16 -49.675 -7.500 -56.190 -49.740 -7.565 -56.151 -49.740 -7.435 -56.151 -0.597 0.157 -0.600 0.160 -0.600 0.154
3 16 -49.675 -7.500 -56.190 -49.733 -7.695 -56.140 -49.740 -7.565 -56.151 -0.597 -0.157 -0.600 -0.149 -0.600 -0.154
3 16 -23.825 -7.500 -71.115 -23.759 -7.565 -71.151 -23.752 -7.695 -71.140 0.597 -0.157 0.600 -0.154 0.600 -0.149
3 16 -23.825 -7.500 -71.115 -23.759 -7.435 -71.151 -23.759 -7.565 -71.151 0.597 -0.157 0.600 -0.160 0.600 -0.154
3 16 -23.825 -7.500 -71.115 -23.752 -7.305 -71.140 -23.759 -7.435 -71.151 0.597 0.157 0.600 0.149 0.600 0.154
3 16 -49.733 -7.305 -56.140 -49.740 -7.565 -56.151 -49.733 -7.695 -56.140 0.049 -0.008 0.050 0.003 0.049 0.008
3 16 -49.733 -7.305 -56.140 -49.740 -7.435 -56.151 -49.740 -7.565 -56.151 0.049 -0.008 0.050 -0.003 0.050 0.003
3 16 73.498 -7.565 15.000 73.485 -7.305 15.000 73.485 -7.695 15.000 -0.050 0.003 -0.049 -0.008 -0.049 0.008
3 16 73.498 -7.565 15.000 73.498 -7.435 15.000 73.485 -7.305 15.000 -0.050 0.003 -0.050 -0.003 -0.049 -0.008
3 16 71.075 -7.928 0.000 71.001 -7.447 -14.629 71.009 -7.649 -14.547 0.000 -0.017 -0.585 0.002 -0.582 -0.006
3 16 71.075 -7.928 0.000 71.075 -7.072 0.000 71.001 -7.447 -14.629 0.000 -0.017 0.000 0.017 -0.585 0.002
3 16 71.075 -7.072 0.000 71.026 -7.245 -14.550 71.001 -7.447 -14.629 0.000 0.017 -0.582 0.010 -0.585 0.002
3 16 71.075 -7.072 0.000 71.067 -7.096 -14.382 71.026 -7.245 -14.550 0.000 0.017 -0.575 0.016 -0.582 0.010
3 16 71.075 -7.072 0.000 71.158 -6.892 -13.974 71.067 -7.096 -14.382 0.000 0.017 -0.559 0.025 -0.575 0.016
3 16 71.075 -7.072 0.000 71.337 -6.646 -13.087 71.158 -6.892 -13.974 0.000 0.017 -0.523 0.038 -0.559 0.025
3 16 71.075 -7.072 0.000 71.625 -6.417 0.000 71.337 -6.646 -13.087 0.000 0.017 0.000 0.052 -0.523 0.038
3 16 71.625 -6.417 0.000 71.663 -6.396 -11.229 71.337 -6.646 -13.087 0.000 0.052 -0.449 0.054 -0.523 0.038
3 16 71.625 -6.417 0.000 72.147 -6.254 -7.574 71.663 -6.396 -11.229 0.000 0.052 -0.303 0.074 -0.449 0.054
3 16 71.625 -6.417 0.000 72.467 -6.269 0.000 72.147 -6.254 -7.574 0.000 0.052 0.000 0.087 -0.303 0.074
3 16 72.467 -6.269 0.000 72.543 -6.285 -0.002 72.147 -6.254 -7.574 0.000 0.087 0.000 0.090 -0.303 0.074
3 16 72.467 -6.269 0.000 72.148 -6.254 7.570 72.543 -6.285 -0.002 0.000 0.087 0.303 0.074 0.000 0.090
3 16 72.467 -6.269 0.000 71.625 -6.417 0.000 72.148 -6.254 7.570 0.000 0.087 0.000 0.052 0.303 0.074
3 16 71.625 -6.417 0.000 71.664 -6.395 11.225 72.148 -6.254 7.570 0.000 0.052 0.449 0.054 0.303 0.074
3 16 71.625 -6.417 0.000 71.338 -6.645 13.083 71.664 -6.395 11.225 0.000 0.052 0.523 0.038 0.449 0.054
3 16 71.625 -6.417 0.000 71.075 -7.072 0.000 71.338 -6.645 13.083 0.000 0.052 0.000 0.017 0.523 0.038
3 16 71.075 -7.072 0.000 71.158 -6.891 13.970 71.338 -6.645 13.083 0.000 0.017 0.559 0.025 0.523 0.038
3 16 71.075 -7.072 0.000 71.068 -7.094 14.379 71.158 -6.891 13.970 0.000 0.017 0.575 0.017 0.559 0.025
3 16 71.075 -7.072 0.000 71.027 -7.242 14.547 71.068 -7.094 14.379 0.000 0.017 0.582 0.010 0.575 0.017
3 16 71.075 -7.072 0.000 71.001 -7.443 14.629 71.027 -7.242 14.547 0.000 0.017 0.585 0.002 0.582 0.010
3 16 71.075 -7.072 0.000 71.075 -7.928 0.000 71.001 -7.443 14.629 0.000 0.017 0.000 -0.017 0.585 0.002
3 16 71.075 -7.928 0.000 71.008 -7.645 14.550 71.001 -7.443 14.629 0.000 -0.017 0.582 -0.006 0.585 0.002
3 16 71.075 -7.928 0.000 71.036 -7.797 14.382 71.008 -7.645 14.550 0.000 -0.017 0.575 -0.012 0.582 -0.006
3 16 71.075 -7.928 0.000 71.108 -8.008 13.973 71.036 -7.797 14.382 0.000 -0.017 0.559 -0.021 0.575 -0.012
3 16 71.075 -7.928 0.000 71.265 -8.270 13.086 71.108 -8.008 13.973 0.000 -0.017 0.523 -0.033 0.559 -0.021
3 16 71.075 -7.928 0.000 71.625 -8.583 0.000 71.265 -8.270 13.086 0.000 -0.017 0.000 -0.052 0.523 -0.033
3 16 71.625 -8.583 0.000 71.568 -8.548 11.230 71.265 -8.270 13.086 0.000 -0.052 0.449 -0.050 0.523 -0.033
3 16 71.625 -8.583 0.000 72.039 -8.733 7.574 71.568 -8.548 11.230 0.000 -0.052 0.303 -0.070 0.449 -0.050
3 16 71.625 -8.583 0.000 72.436 -8.736 0.002 72.039 -8.733 7.574 0.000 -0.052 0.000 -0.086 0.303 -0.070
3 16 71.625 -8.583 0.000 72.039 -8.733 -7.570 72.436 -8.736 0.002 0.000 -0.052 -0.303 -0.070 0.000 -0.086
3 16 71.625 -8.583 0.000 71.569 -8.549 -11.225 72.039 -8.733 -7.570 0.000 -0.052 -0.449 -0.050 -0.303 -0.070
3 16 71.625 -8.583 0.000 71.266 -8.271 -13.082 71.569 -8.549 -11.225 0.000 -0.052 -0.523 -0.033 -0.449 -0.050
3 16 71.625 -8.583 0.000 71.075 -7.928 0.000 71.266 -8.271 -13.082 0.000 -0.052 0.000 -0.017 -0.523 -0.033
3 16 71.075 -7.928 0.000 71.109 -8.010 -13.969 71.266 -8.271 -13.082 0.000 -0.017 -0.559 -0.021 -0.523 -0.033
3 16 71.075 -7.928 0.000 71.036 -7.800 -14.379 71.109 -8.010 -13.969 0.000 -0.017 -0.575 -0.012 -0.559 -0.021
3 16 71.075 -7.928 0.000 71.009 -7.649 -14.547 71.036 -7.800 -14.379 0.000 -0.017 -0.582 -0.006 -0.575 -0.012
3 16 73.500 -7.500 -14.925 73.498 -7.435 -15.000 73.485 -7.305 -15.000 -0.597 0.157 -0.600 0.154 -0.600 0.149
3 16 73.500 -7.500 -14.925 73.498 -7.565 -15.000 73.498 -7.435 -15.000 -0.597 0.157 -0.600 0.160 -0.600 0.154
3 16 73.500 -7.500 -14.925 73.485 -7.695 -15.000 73.498 -7.565 -15.000 -0.597 -0.157 -0.600 -0.149 -0.600 -0.154
3 16 73.500 -7.500 14.925 73.498 -7.565 15.000 73.485 -7.695 15.000 0.597 -0.157 0.600 -0.154 0.600 -0.149
3 16 73.500 -7.500 14.925 73.498 -7.435 15.000 73.498 -7.565 15.000 0.597 -0.157 0.600 -0.160 0.600 -0.154
3 16 73.500 -7.500 14.925 73.485 -7.305 15.000 73.498 -7.435 15.000 0.597 0.157 0.600 0.149 0.600 0.154
3 16 73.485 -7.305 -15.000 73.498 -7.565 -15.000 73.485 -7.695 -15.000 0.049 -0.008 0.050 0.003 0.049 0.008
3 16 73.485 -7.305 -15.000 73.498 -7.435 -15.000 73.498 -7.565 -15.000 0.049 -0.008 0.050 -0.003 0.050 0.003
3 16 71.000 -133.000 0.000 67.000 -133.000 0.000 70.207 -133.000 -10.582 0.000 0.000 0.000 -0.160 0.423 -0.032
3 16 71.000 -133.000 0.000 70.207 -133.000 10.582 67.000 -133.000 0.000 0.000 0.000 -0.423 -0.032 0.000 -0.160
3 16 70.207 -133.000 10.582 66.215 -133.000 10.228 67.000 -133.000 0.000 -0.423 -0.032 -0.409 -0.191 0.000 -0.160
3 16 70.207 -133.000 10.582 67.846 -133.000 20.928 66.215 -133.000 10.228 -0.423 -0.032 -0.837 -0.126 -0.409 -0.191
3 16 67.846 -133.000 20.928 63.878 -133.000 20.215 66.215 -133.000 10.228 -0.837 -0.126 -0.809 -0.285 -0.409 -0.191
3 16 67.846 -133.000 20.928 63.969 -133.000 30.806 63.878 -133.000 20.215 -0.837 -0.126 -1.232 -0.281 -0.809 -0.285
3 16 63.969 -133.000 30.806 60.043 -133.000 29.729 63.878 -133.000 20.215 -1.232 -0.281 -1.189 -0.438 -0.809 -0.285
3 16 63.969 -133.000 30.806 58.663 -133.000 39.996 60.043 -133.000 29.729 -1.232 -0.281 -1.600 -0.493 -1.189 -0.438
3 16 58.663 -133.000 39.996 54.801 -133.000 38.546 60.043 -133.000 29.729 -1.600 -0.493 -1.542 -0.648 -1.189 -0.438
3 16 58.663 -133.000 39.996 52.047 -133.000 48.292 54.801 -133.000 38.546 -1.600 -0.493 -1.932 -0.758 -1.542 -0.648
3 16 52.047 -133.000 48.292 48.275 -133.000 46.460 54.801 -133.000 38.546 -1.932 -0.758 -1.858 -0.909 -1.542 -0.648
3 16 52.047 -133.000 48.292 44.268 -133.000 55.510 48.275 -133.000 46.460 -1.932 -0.758 -2.220 -1.069 -1.858 -0.909
3 16 44.268 -133.000 55.510 40.617 -133.000 53.285 48.275 -133.000 46.460 -2.220 -1.069 -2.131 -1.215 -1.858 -0.909
3 16 44.268 -133.000 55.510 35.500 -133.000 61.488 40.617 -133.000 53.285 -2.220 -1.069 -2.460 -1.420 -2.131 -1.215
3 16 35.500 -133.000 61.488 32.007 -133.000 58.860 40.617 -133.000 53.285 -2.460 -1.420 -2.354 -1.560 -2.131 -1.215
3 16 35.500 -133.000 61.488 25.939 -133.000 66.092 32.007 -133.000 58.860 -2.460 -1.420 -2.644 -1.802 -2.354 -1.560
3 16 25.939 -133.000 66.092 22.647 -133.000 63.056 32.007 -133.000 58.860 -2.644 -1.802 -2.522 -1.934 -2.354 -1.560
3 16 25.939 -133.000 66.092 15.799 -133.000 69.220 22.647 -133.000 63.056 -2.644 -1.802 -2.769 -2.208 -2.522 -1.934
3 16 15.799 -133.000 69.220 12.756 -133.000 65.774 22.647 -133.000 63.056 -2.769 -2.208 -2.631 -2.330 -2.522 -1.934
3 16 15.799 -133.000 69.220 5.306 -133.000 70.801 12.756 -133.000 65.774 -2.769 -2.208 -2.832 -2.628 -2.631 -2.330
3 16 5.306 -133.000 70.801 2.566 -133.000 66.951 12.756 -133.000 65.774 -2.832 -2.628 -2.678 -2.737 -2.631 -2.330
3 16 5.306 -133.000 70.801 -5.306 -133.000 70.801 2.566 -133.000 66.951 -2.832 -2.628 -2.832 -3.052 -2.678 -2.737
3 16 -5.306 -133.000 70.801 -7.684 -133.000 66.558 2.566 -133.000 66.951 -2.832 -3.052 -2.662 -3.147 -2.678 -2.737
3 16 -5.306 -133.000 70.801 -15.799 -133.000 69.220 -7.684 -133.000 66.558 -2.832 -3.052 -2.769 -3.472 -2.662 -3.147
3 16 -15.799 -133.000 69.220 -17.754 -133.000 64.605 -7.684 -133.000 66.558 -2.769 -3.472 -2.584 -3.550 -2.662 -3.147
3 16 -15.799 -133.000 69.220 -25.939 -133.000 66.092 -17.754 -133.000 64.605 -2.769 -3.472 -2.644 -3.878 -2.584 -3.550
3 16 -25.939 -133.000 66.092 -27.408 -133.000 61.138 -17.754 -133.000 64.605 -2.644 -3.878 -2.446 -3.936 -2.584 -3.550
3 16 -25.939 -133.000 66.092 -35.500 -133.000 61.488 -27.408 -133.000 61.138 -2.644 -3.878 -2.460 -4.260 -2.446 -3.936
3 16 -35.500 -133.000 61.488 -36.419 -133.000 56.237 -27.408 -133.000 61.138 -2.460 -4.260 -2.249 -4.297 -2.446 -3.936
3 16 -35.500 -133.000 61.488 -44.268 -133.000 55.510 -36.419 -133.000 56.237 -2.460 -4.260 -2.220 -4.611 -2.249 -4.297
3 16 -44.268 -133.000 55.510 -44.577 -133.000 50.019 -36.419 -133.000 56.237 -2.220 -4.611 -2.001 -4.623 -2.249 -4.297
3 16 -44.268 -133.000 55.510 -52.047 -133.000 48.292 -44.577 -133.000 50.019 -2.220 -4.611 -1.932 -4.922 -2.001 -4.623
3 16 -52.047 -133.000 48.292 -51.690 -133.000 42.628 -44.577 -133.000 50.019 -1.932 -4.922 -1.705 -4.908 -2.001 -4.623
3 16 -52.047 -133.000 48.292 -58.663 -133.000 39.996 -51.690 -133.000 42.628 -1.932 -4.922 -1.600 -5.187 -1.705 -4.908
3 16 -58.663 -133.000 39.996 -57.591 -133.000 34.238 -51.690 -133.000 42.628 -1.600 -5.187 -1.370 -5.144 -1.705 -4.908
3 16 -58.663 -133.000 39.996 -63.969 -133.000 30.806 -57.591 -133.000 34.238 -1.600 -5.187 -1.232 -5.399 -1.370 -5.144
3 16 -63.969 -133.000 30.806 -62.143 -133.000 25.046 -57.591 -133.000 34.238 -1.232 -5.399 -1.002 -5.326 -1.370 -5.144
3 16 -63.969 -133.000 30.806 -67.846 -133.000 20.928 -62.143 -133.000 25.046 -1.232 -5.399 -0.837 -5.554 -1.002 -5.326
3 16 -67.846 -133.000 20.928 -65.238 -133.000 15.266 -62.143 -133.000 25.046 -0.837 -5.554 -0.611 -5.450 -1.002 -5.326
3 16 -67.846 -133.000 20.928 -70.207 -133.000 10.582 -65.238 -133.000 15.266 -0.837 -5.554 -0.423 -5.648 -0.611 -5.450
3 16 -70.207 -133.000 10.582 -66.803 -133.000 5.129 -65.238 -133.000 15.266 -0.423 -5.648 -0.205 -5.512 -0.611 -5.450
3 16 -70.207 -133.000 10.582 -71.000 -133.000 0.000 -66.803 -133.000 5.129 -0.423 -5.648 0.000 -5.680 -0.205 -5.512
3 16 -71.000 -133.000 0.000 -66.803 -133.000 -5.129 -66.803 -133.000 5.129 0.000 -5.680 0.205 -5.512 -0.205 -5.512
3 16 -71.000 -133.000 0.000 -70.207 -133.000 -10.582 -66.803 -133.000 -5.129 0.000 -5.680 0.423 -5.648 0.205 -5.512
3 16 -70.207 -133.000 -10.582 -65.238 -133.000 -15.266 -66.803 -133.000 -5.129 0.423 -5.648 0.611 -5.450 0.205 -5.512
3 16 -70.207 -133.000 -10.582 -67.846 -133.000 -20.928 -65.238 -133.000 -15.266 0.423 -5.648 0.837 -5.554 0.611 -5.450
3 16 -67.846 -133.000 -20.928 -62.143 -133.000 -25.046 -65.238 -133.000 -15.266 0.837 -5.554 1.002 -5.326 0.611 -5.450
3 16 -67.846 -133.000 -20.928 -63.969 -133.000 -30.806 -62.143 -133.000 -25.046 0.837 -5.554 1.232 -5.399 1.002 -5.326
3 16 -63.969 -133.000 -30.806 -57.591 -133.000 -34.238 -62.143 -133.000 -25.046 1.232 -5.399 1.370 -5.144 1.002 -5.326
3 16 -63.969 -133.000 -30.806 -58.663 -133.000 -39.996 -57.591 -133.000 -34.238 1.232 -5.399 1.600 -5.187 1.370 -5.144
3 16 -58.663 -133.000 -39.996 -51.690 -133.000 -42.628 -57.591 -133.000 -34.238 1.600 -5.187 1.705 -4.908 1.370 -5.144
3 16 -58.663 -133.000 -39.996 -52.047 -133.000 -48.292 -51.690 -133.000 -42.628 1.600 -5.187 1.932 -4.922 1.705 -4.908
3 16 -52.047 -133.000 -48.292 -44.577 -133.000 -50.019 -51.690 -133.000 -42.628 1.932 -4.922 2.001 -4.623 1.705 -4.908
3 16 -52.047 -133.000 -48.292 -44.268 -133.000 -55.510 -44.577 -133.000 -50.019 1.932 -4.922 2.220 -4.611 2.001 -4.623
3 16 -44.268 -133.000 -55.510 -36.419 -133.000 -56.237 -44.577 -133.000 -50.019 2.220 -4.611 2.249 -4.297 2.001 -4.623
3 16 -44.268 -133.000 -55.510 -35.500 -133.000 -61.488 -36.419 -133.000 -56.237 2.220 -4.611 2.460 -4.260 2.249 -4.297
3 16 -35.500 -133.000 -61.488 -27.408 -133.000 -61.138 -36.419 -133.000 -56.237 2.460 -4.260 2.446 -3.936 2.249 -4.297
3 16 -35.500 -133.000 -61.488 -25.939 -133.000 -66.092 -27.408 -133.000 -61.138 2.460 -4.260 2.644 -3.878 2.446 -3.936
3 16 -25.939 -133.000 -66.092 -17.754 -133.000 -64.605 -27.408 -133.000 -61.138 2.644 -3.878 2.584 -3.550 2.446 -3.936
3 16 -25.939 -133.000 -66.092 -15.799 -133.000 -69.220 -17.754 -133.000 -64.605 2.644 -3.878 2.769 -3.472 2.584 -3.550
3 16 -15.799 -133.000 -69.220 -7.684 -133.000 -66.558 -17.754 -133.000 -64.605 2.769 -3.472 2.662 -3.147 2.584 -3.550
3 16 -15.799 -133.000 -69.220 -5.306 -133.000 -70.801 -7.684 -133.000 -66.558 2.769 -3.472 2.832 -3.052 2.662 -3.147
3 16 -5.306 -133.000 -70.801 2.566 -133.000 -66.951 -7.684 -133.000 -66.558 2.832 -3.052 2.678 -2.737 2.662 -3.147
3 16 -5.306 -133.000 -70.801 5.306 -133.000 -70.801 2.566 -133.000 -66.951 2.832 -3.052 2.832 -2.628 2.678 -2.737
3 16 5.306 -133.000 -70.801 12.756 -133.000 -65.774 2.566 -133.000 -66.951 2.832 -2.628 2.631 -2.330 2.678 -2.737
3 16 5.306 -133.000 -70.801 15.799 -133.000 -69.220 12.756 -133.000 -65.774 2.832 -2.628 2.769 -2.208 2.631 -2.330
3 16 15.799 -133.000 -69.220 22.647 -133.000 -63.056 12.756 -133.000 -65.774 2.769 -2.208 2.522 -1.934 2.631 -2.330
3 16 15.799 -133.000 -69.220 25.939 -133.000 -66.092 22.647 -133.000 -63.056 2.769 -2.208 2.644 -1.802 2.522 -1.934
3 16 25.939 -133.000 -66.092 32.007 -133.000 -58.860 22.647 -133.000 -63.056 2.644 -1.802 2.354 -1.560 2.522 -1.934
3 16 25.939 -133.000 -66.092 35.500 -133.000 -61.488 32.007 -133.000 -58.860 2.644 -1.802 2.460 -1.420 2.354 -1.560
3 16 35.500 -133.000 -61.488 40.617 -133.000 -53.285 32.007 -133.000 -58.860 2.460 -1.420 2.131 -1.215 2.354 -1.560
3 16 35.500 -133.000 -61.488 44.268 -133.000 -55.510 40.617 -133.000 -53.285 2.460 -1.420 2.220 -1.069 2.131 -1.215
3 16 44.268 -133.000 -55.510 48.275 -133.000 -46.460 40.617 -133.000 -53.285 2.220 -1.069 1.858 -0.909 2.131 -1.215
3 16 44.268 -133.000 -55.510 52.047 -133.000 -48.292 48.275 -133.000 -46.460 2.220 -1.069 1.932 -0.758 1.858 -0.909
3 16 52.047 -133.000 -48.292 54.801 -133.000 -38.546 48.275 -133.000 -46.460 1.932 -0.758 1.542 -0.648 1.858 -0.909
3 16 52.047 -133.000 -48.292 58.663 -133.000 -39.996 54.801 -133.000 -38.546 1.932 -0.758 1.600 -0.493 1.542 -0.648
3 16 58.663 -133.000 -39.996 60.043 -133.000 -29.729 54.801 -133.000 -38.546 1.600 -0.493 1.189 -0.438 1.542 -0.648
3 16 58.663 -133.000 -39.996 63.969 -133.000 -30.806 60.043 -133.000 -29.729 1.600 -0.493 1.232 -0.281 1.189 -0.438
3 16 63.969 -133.000 -30.806 63.878 -133.000 -20.215 60.043 -133.000 -29.729 1.232 -0.281 0.809 -0.285 1.189 -0.438
3 16 63.969 -133.000 -30.806 67.846 -133.000 -20.928 63.878 -133.000 -20.215 1.232 -0.281 0.837 -0.126 0.809 -0.285
3 16 67.846 -133.000 -20.928 66.215 -133.000 -10.228 63.878 -133.000 -20.215 0.837 -0.126 0.409 -0.191 0.809 -0.285
3 16 67.846 -133.000 -20.928 70.207 -133.000 -10.582 66.215 -133.000 -10.228 0.837 -0.126 0.423 -0.032 0.409 -0.191
3 16 70.207 -133.000 -10.582 67.000 -133.000 0.000 66.215 -133.000 -10.228 0.423 -0.032 0.000 -0.160 0.409 -0.191
3 16 70.207 -133.000 10.582 71.000 -128.508 0.000 70.207 -128.508 10.582 0.090 -0.425 -0.090 0.000 -0.090 -0.425
3 16 70.207 -133.000 10.582 71.000 -133.000 0.000 71.000 -128.508 0.000 0.090 -0.425 0.090 0.000 -0.090 0.000
3 16 71.000 -133.000 0.000 70.207 -128.508 -10.582 71.000 -128.508 0.000 0.090 0.000 -0.090 0.425 -0.090 0.000
3 16 71.000 -133.000 0.000 70.207 -133.000 -10.582 70.207 -128.508 -10.582 0.090 0.000 0.090 0.425 -0.090 0.425
3 16 70.207 -133.000 -10.582 67.846 -128.508 -20.928 70.207 -128.508 -10.582 0.090 0.425 -0.090 0.850 -0.090 0.425
3 16 70.207 -133.000 -10.582 67.846 -133.000 -20.928 67.846 -128.508 -20.928 0.090 0.425 0.090 0.850 -0.090 0.850
3 16 67.846 -133.000 -20.928 63.969 -128.508 -30.806 67.846 -128.508 -20.928 0.090 0.850 -0.090 1.275 -0.090 0.850
3 16 67.846 -133.000 -20.928 63.969 -133.000 -30.806 63.969 -128.508 -30.806 0.090 0.850 0.090 1.275 -0.090 1.275
3 16 63.969 -133.000 -30.806 58.663 -128.508 -39.996 63.969 -128.508 -30.806 0.090 1.275 -0.090 1.699 -0.090 1.275
3 16 63.969 -133.000 -30.806 58.663 -133.000 -39.996 58.663 -128.508 -39.996 0.090 1.275 0.090 1.699 -0.090 1.699
3 16 58.663 -133.000 -39.996 52.047 -128.508 -48.292 58.663 -128.508 -39.996 0.090 1.699 -0.090 2.124 -0.090 1.699
3 16 58.663 -133.000 -39.996 52.047 -133.000 -48.292 52.047 -128.508 -48.292 0.090 1.699 0.090 2.124 -0.090 2.124
3 16 52.047 -133.000 -48.292 44.268 -128.508 -55.510 52.047 -128.508 -48.292 0.090 2.124 -0.090 2.549 -0.090 2.124
3 16 52.047 -133.000 -48.292 44.268 -133.000 -55.510 44.268 -128.508 -55.510 0.090 2.124 0.090 2.549 -0.090 2.549
3 16 44.268 -133.000 -55.510 35.500 -128.508 -61.488 44.268 -128.508 -55.510 0.090 2.549 -0.090 2.974 -0.090 2.549
3 16 44.268 -133.000 -55.510 35.500 -133.000 -61.488 35.500 -128.508 -61.488 0.090 2.549 0.090 2.974 -0.090 2.974
3 16 35.500 -133.000 -61.488 25.939 -128.508 -66.092 35.500 -128.508 -61.488 0.090 2.974 -0.090 3.399 -0.090 2.974
3 16 35.500 -133.000 -61.488 25.939 -133.000 -66.092 25.939 -128.508 -66.092 0.090 2.974 0.090 3.399 -0.090 3.399
3 16 25.939 -133.000 -66.092 15.799 -128.508 -69.220 25.939 -128.508 -66.092 0.090 3.399 -0.090 3.824 -0.090 3.399
3 16 25.939 -133.000 -66.092 15.799 -133.000 -69.220 15.799 -128.508 -69.220 0.090 3.399 0.090 3.824 -0.090 3.824
3 16 15.799 -133.000 -69.220 5.306 -128.508 -70.801 15.799 -128.508 -69.220 0.090 3.824 -0.090 4.249 -0.090 3.824
3 16 15.799 -133.000 -69.220 5.306 -133.000 -70.801 5.306 -128.508 -70.801 0.090 3.824 0.090 4.249 -0.090 4.249
3 16 5.306 -133.000 -70.801 -5.306 -128.508 -70.801 5.306 -128.508 -70.801 0.090 4.249 -0.090 4.673 -0.090 4.249
3 16 5.306 -133.000 -70.801 -5.306 -133.000 -70.801 -5.306 -128.508 -70.801 0.090 4.249 0.090 4.673 -0.090 4.673
3 16 -5.306 -133.000 -70.801 -15.799 -128.508 -69.220 -5.306 -128.508 -70.801 0.090 4.673 -0.090 5.098 -0.090 4.673
3 16 -5.306 -133.000 -70.801 -15.799 -133.000 -69.220 -15.799 -128.508 -69.220 0.090 4.673 0.090 5.098 -0.090 5.098
3 16 -15.799 -133.000 -69.220 -25.939 -128.508 -66.092 -15.799 -128.508 -69.220 0.090 5.098 -0.090 5.523 -0.090 5.098
3 16 -15.799 -133.000 -69.220 -25.939 -133.000 -66.092 -25.939 -128.508 -66.092 0.090 5.098 0.090 5.523 -0.090 5.523
3 16 -25.939 -133.000 -66.092 -35.500 -128.508 -61.488 -25.939 -128.508 -66.092 0.090 5.523 -0.090 5.948 -0.090 5.523
3 16 -25.939 -133.000 -66.092 -35.500 -133.000 -61.488 -35.500 -128.508 -61.488 0.090 5.523 0.090 5.948 -0.090 5.948
3 16 -35.500 -133.000 -61.488 -44.268 -128.508 -55.510 -35.500 -128.508 -61.488 0.090 5.948 -0.090 6.373 -0.090 5.948
3 16 -35.500 -133.000 -61.488 -44.268 -133.000 -55.510 -44.268 -128.508 -55.510 0.090 5.948 0.090 6.373 -0.090 6.373
3 16 -44.268 -133.000 -55.510 -52.047 -128.508 -48.292 -44.268 -128.508 -55.510 0.090 6.373 -0.090 6.798 -0.090 6.373
3 16 -44.268 -133.000 -55.510 -52.047 -133.000 -48.292 -52.047 -128.508 -48.292 0.090 6.373 0.090 6.798 -0.090 6.798
3 16 -52.047 -133.000 -48.292 -58.663 -128.508 -39.996 -52.047 -128.508 -48.292 0.090 6.798 -0.090 7.223 -0.090 6.798
3 16 -52.047 -133.000 -48.292 -58.663 -133.000 -39.996 -58.663 -128.508 -39.996 0.090 6.798 0.090 7.223 -0.090 7.223
3 16 -58.663 -133.000 -39.996 -63.969 -128.508 -30.806 -58.663 -128.508 -39.996 0.090 7.223 -0.090 7.648 -0.090 7.223
3 16 -58.663 -133.000 -39.996 -63.969 -133.000 -30.806 -63.969 -128.508 -30.806 0.090 7.223 0.090 7.648 -0.090 7.648
3 16 -63.969 -133.000 -30.806 -67.846 -128.508 -20.928 -63.969 -128.508 -30.806 0.090 7.648 -0.090 8.072 -0.090 7.648
3 16 -63.969 -133.000 -30.806 -67.846 -133.000 -20.928 -67.846 -128.508 -20.928 0.090 7.648 0.090 8.072 -0.090 8.072
3 16 -67.846 -133.000 -20.928 -70.207 -128.508 -10.582 -67.846 -128.508 -20.928 0.090 8.072 -0.090 8.497 -0.090 8.072
3 16 -67.846 -133.000 -20.928 -70.207 -133.000 -10.582 -70.207 -128.508 -10.582 0.090 8.072 0.090 8.497 -0.090 8.497
3 16 -70.207 -133.000 -10.582 -71.000 -128.508 0.000 -70.207 -128.508 -10.582 0.090 8.497 -0.090 8.922 -0.090 8.497
3 16 -70.207 -133.000 -10.582 -71.000 -133.000 0.000 -71.000 -128.508 0.000 0.090 8.497 0.090 8.922 -0.090 8.922
3 16 -71.000 -133.000 0.000 -70.207 -128.508 10.582 -71.000 -128.508 0.000 0.090 -8.922 -0.090 -8.497 -0.090 -8.922
3 16 -71.000 -133.000 0.000 -70.207 -133.000 10.582 -70.207 -128.508 10.582 0.090 -8.922 0.090 -8.497 -0.090 -8.497
3 16 -70.207 -133.000 10.582 -67.846 -128.508 20.928 -70.207 -128.508 10.582 0.090 -8.497 -0.090 -8.072 -0.090 -8.497
3 16 -70.207 -133.000 10.582 -67.846 -133.000 20.928 -67.846 -128.508 20.928 0.090 -8.497 0.090 -8.072 -0.090 -8.072
3 16 -67.846 -133.000 20.928 -63.969 -128.508 30.806 -67.846 -128.508 20.928 0.090 -8.072 -0.090 -7.648 -0.090 -8.072
3 16 -67.846 -133.000 20.928 -63.969 -133.000 30.806 -63.969 -128.508 30.806 0.090 -8.072 0.090 -7.648 -0.090 -7.648
3 16 -63.969 -133.000 30.806 -58.663 -128.508 39.996 -63.969 -128.508 30.806 0.090 -7.648 -0.090 -7.223 -0.090 -7.648
3 16 -63.969 -133.000 30.806 -58.663 -133.000 39.996 -58.663 -128.508 39.996 0.090 -7.648 0.090 -7.223 -0.090 -7.223
3 16 -58.663 -133.000 39.996 -52.047 -128.508 48.292 -58.663 -128.508 39.996 0.090 -7.223 -0.090 -6.798 -0.090 -7.223
3 16 -58.663 -133.000 39.996 -52.047 -133.000 48.292 -52.047 -128.508 48.292 0.090 -7.223 0.090 -6.798 -0.090 -6.798
3 16 -52.047 -133.000 48.292 -44.268 -128.508 55.510 -52.047 -128.508 48.292 0.090 -6.798 -0.090 -6.373 -0.090 -6.798
3 16 -52.047 -133.000 48.292 -44.268 -133.000 55.510 -44.268 -128.508 55.510 0.090 -6.798 0.090 -6.373 -0.090 -6.373
3 16 -44.268 -133.000 55.510 -35.500 -128.508 61.488 -44.268 -128.508 55.510 0.090 -6.373 -0.090 -5.948 -0.090 -6.373
3 16 -44.268 -133.000 55.510 -35.500 -133.000 61.488 -35.500 -128.508 61.488 0.090 -6.373 0.090 -5.948 -0.090 -5.948
3 16 -35.500 -133.000 61.488 -25.939 -128.508 66.092 -35.500 -128.508 61.488 0.090 -5.948 -0.090 -5.523 -0.090 -5.948
3 16 -35.500 -133.000 61.488 -25.939 -133.000 66.092 -25.939 -128.508 66.092 0.090 -5.948 0.090 -5.523 -0.090 -5.523
3 16 -25.939 -133.000 66.092 -15.799 -128.508 69.220 -25.939 -128.508 66.092 0.090 -5.523 -0.090 -5.098 -0.090 -5.523
3 16 -25.939 -133.000 66.092 -15.799 -133.000 69.220 -15.799 -128.508 69.220 0.090 -5.523 0.090 -5.098 -0.090 -5.098
3 16 -15.799 -133.000 69.220 -5.306 -128.508 70.801 -15.799 -128.508 69.220 0.090 -5.098 -0.090 -4.673 -0.090 -5.098
3 16 -15.799 -133.000 69.220 -5.306 -133.000 70.801 -5.306 -128.508 70.801 0.090 -5.098 0.090 -4.673 -0.090 -4.673
3 16 -5.306 -133.000 70.801 5.306 -128.508 70.801 -5.306 -128.508 70.801 0.090 -4.673 -0.090 -4.249 -0.090 -4.673
3 16 -5.306 -133.000 70.801 5.306 -133.000 70.801 5.306 -128.508 70.801 0.090 -4.673 0.090 -4.249 -0.090 -4.249
3 16 5.306 -133.000 70.801 15.799 -128.508 69.220 5.306 -128.508 70.801 0.090 -4.249 -0.090 -3.824 -0.090 -4.249
3 16 5.306 -133.000 70.801 15.799 -133.000 69.220 15.799 -128.508 69.220 0.090 -4.249 0.090 -3.824 -0.090 -3.824
3 16 15.799 -133.000 69.220 25.939 -128.508 66.092 15.799 -128.508 69.220 0.090 -3.824 -0.090 -3.399 -0.090 -3.824
3 16 15.799 -133.000 69.220 25.939 -133.000 66.092 25.939 -128.508 66.092 0.090 -3.824 0.090 -3.399 -0.090 -3.399
3 16 25.939 -133.000 66.092 35.500 -128.508 61.488 25.939 -128.508 66.092 0.090 -3.399 -0.090 -2.974 -0.090 -3.399
3 16 25.939 -133.000 66.092 35.500 -133.000 61.488 35.500 -128.508 61.488 0.090 -3.399 0.090 -2.974 -0.090 -2.974
3 16 35.500 -133.000 61.488 44.268 -128.508 55.510 35.500 -128.508 61.488 0.090 -2.974 -0.090 -2.549 -0.090 -2.974
3 16 35.500 -133.000 61.488 44.268 -133.000 55.510 44.268 -128.508 55.510 0.090 -2.974 0.090 -2.549 -0.090 -2.549
3 16 44.268 -133.000 55.510 52.047 -128.508 48.292 44.268 -128.508 55.510 0.090 -2.549 -0.090 -2.124 -0.090 -2.549
3 16 44.268 -133.000 55.510 52.047 -133.000 48.292 52.047 -128.508 48.292 0.090 -2.549 0.090 -2.124 -0.090 -2.124
3 16 52.047 -133.000 48.292 58.663 -128.508 39.996 52.047 -128.508 48.292 0.090 -2.124 -0.090 -1.699 -0.090 -2.124
3 16 52.047 -133.000 48.292 58.663 -133.000 39.996 58.663 -128.508 39.996 0.090 -2.124 0.090 -1.699 -0.090 -1.699
3 16 58.663 -133.000 39.996 63.969 -128.508 30.806 58.663 -128.508 39.996 0.090 -1.699 -0.090 -1.275 -0.090 -1.699
3 16 58.663 -133.000 39.996 63.969 -133.000 30.806 63.969 -128.508 30.806 0.090 -1.699 0.090 -1.275 -0.090 -1.275
3 16 63.969 -133.000 30.806 67.846 -128.508 20.928 63.969 -128.508 30.806 0.090 -1.275 -0.090 -0.850 -0.090 -1.275
3 16 63.969 -133.000 30.806 67.846 -133.000 20.928 67.846 -128.508 20.928 0.090 -1.275 0.090 -0.850 -0.090 -0.850
3 16 67.846 -133.000 20.928 70.207 -128.508 10.582 67.846 -128.508 20.928 0.090 -0.850 -0.090 -0.425 -0.090 -0.850
3 16 67.846 -133.000 20.928 70.207 -133.000 10.582 70.207 -128.508 10.582 0.090 -0.850 0.090 -0.425 -0.090 -0.425
3 16 70.441 -126.777 5.279 71.000 -126.492 0.000 70.207 -126.492 10.582 0.110 4.249 0.091 4.461 0.091 4.036
3 16 70.441 -126.777 5.279 70.441 -126.777 -5.279 71.000 -126.492 0.000 0.110 4.249 0.110 4.673 0.091 4.461
3 16 70.441 -126.777 -5.279 70.207 -126.492 -10.582 71.000 -126.492 0.000 0.110 4.673 0.091 4.886 0.091 4.461
3 16 70.441 -126.777 -5.279 68.867 -126.777 -15.718 70.207 -126.492 -10.582 0.110 4.673 0.110 5.098 0.091 4.886
3 16 68.867 -126.777 -15.718 67.846 -126.492 -20.928 70.207 -126.492 -10.582 0.110 5.098 0.091 5.311 0.091 4.886
3 16 68.867 -126.777 -15.718 65.755 -126.777 -25.807 67.846 -126.492 -20.928 0.110 5.098 0.110 5.523 0.091 5.311
3 16 65.755 -126.777 -25.807 63.969 -126.492 -30.806 67.846 -126.492 -20.928 0.110 5.523 0.091 5.736 0.091 5.311
3 16 65.755 -126.777 -25.807 61.174 -126.777 -35.319 63.969 -126.492 -30.806 0.110 5.523 0.110 5.948 0.091 5.736
3 16 61.174 -126.777 -35.319 58.663 -126.492 -39.996 63.969 -126.492 -30.806 0.110 5.948 0.091 6.161 0.091 5.736
3 16 61.174 -126.777 -35.319 55.227 -126.777 -44.042 58.663 -126.492 -39.996 0.110 5.948 0.110 6.373 0.091 6.161
3 16 55.227 -126.777 -44.042 52.047 -126.492 -48.292 58.663 -126.492 -39.996 0.110 6.373 0.091 6.585 0.091 6.161
3 16 55.227 -126.777 -44.042 48.046 -126.777 -51.781 52.047 -126.492 -48.292 0.110 6.373 0.110 6.798 0.091 6.585
3 16 48.046 -126.777 -51.781 44.268 -126.492 -55.510 52.047 -126.492 -48.292 0.110 6.798 0.091 7.010 0.091 6.585
3 16 48.046 -126.777 -51.781 39.792 -126.777 -58.364 44.268 -126.492 -55.510 0.110 6.798 0.110 7.223 0.091 7.010
3 16 39.792 -126.777 -58.364 35.500 -126.492 -61.488 44.268 -126.492 -55.510 0.110 7.223 0.091 7.435 0.091 7.010
3 16 39.792 -126.777 -58.364 30.649 -126.777 -63.643 35.500 -126.492 -61.488 0.110 7.223 0.110 7.648 0.091 7.435
3 16 30.649 -126.777 -63.643 25.939 -126.492 -66.092 35.500 -126.492 -61.488 0.110 7.648 0.091 7.860 0.091 7.435
3 16 30.649 -126.777 -63.643 20.821 -126.777 -67.500 25.939 -126.492 -66.092 0.110 7.648 0.110 8.072 0.091 7.860
3 16 20.821 -126.777 -67.500 15.799 -126.492 -69.220 25.939 -126.492 -66.092 0.110 8.072 0.091 8.285 0.091 7.860
3 16 20.821 -126.777 -67.500 10.528 -126.777 -69.849 15.799 -126.492 -69.220 0.110 8.072 0.110 8.497 0.091 8.285
3 16 10.528 -126.777 -69.849 5.306 -126.492 -70.801 15.799 -126.492 -69.220 0.110 8.497 0.091 8.710 0.091 8.285
3 16 10.528 -126.777 -69.849 0.000 -126.777 -70.638 5.306 -126.492 -70.801 0.110 8.497 0.110 8.922 0.091 8.710
3 16 0.000 -126.777 -70.638 -5.306 -126.492 -70.801 5.306 -126.492 -70.801 0.110 8.922 0.091 9.135 0.091 8.710
3 16 0.000 -126.777 -70.638 -10.528 -126.777 -69.849 -5.306 -126.492 -70.801 0.110 -8.922 0.110 -8.497 0.091 -8.710
3 16 -10.528 -126.777 -69.849 -15.799 -126.492 -69.220 -5.306 -126.492 -70.801 0.110 -8.497 0.091 -8.285 0.091 -8.710
3 16 -10.528 -126.777 -69.849 -20.821 -126.777 -67.500 -15.799 -126.492 -69.220 0.110 -8.497 0.110 -8.072 0.091 -8.285
3 16 -20.821 -126.777 -67.500 -25.939 -126.492 -66.092 -15.799 -126.492 -69.220 0.110 -8.072 0.091 -7.860 0.091 -8.285
3 16 -20.821 -126.777 -67.500 -30.649 -126.777 -63.643 -25.939 -126.492 -66.092 0.110 -8.072 0.110 -7.648 0.091 -7.860
3 16 -30.649 -126.777 -63.643 -35.500 -126.492 -61.488 -25.939 -126.492 -66.092 0.110 -7.648 0.091 -7.435 0.091 -7.860
3 16 -30.649 -126.777 -63.643 -39.792 -126.777 -58.364 -35.500 -126.492 -61.488 0.110 -7.648 0.110 -7.223 0.091 -7.435
3 16 -39.792 -126.777 -58.364 -44.268 -126.492 -55.510 -35.500 -126.492 -61.488 0.110 -7.223 0.091 -7.010 0.091 -7.435
3 16 -39.792 -126.777 -58.364 -48.046 -126.777 -51.781 -44.268 -126.492 -55.510 0.110 -7.223 0.110 -6.798 0.091 -7.010
3 16 -48.046 -126.777 -51.781 -52.047 -126.492 -48.292 -44.268 -126.492 -55.510 0.110 -6.798 0.091 -6.585 0.091 -7.010
3 16 -48.046 -126.777 -51.781 -55.227 -126.777 -44.042 -52.047 -126.492 -48.292 0.110 -6.798 0.110 -6.373 0.091 -6.585
3 16 -55.227 -126.777 -44.042 -58.663 -126.492 -39.996 -52.047 -126.492 -48.292 0.110 -6.373 0.091 -6.161 0.091 -6.585
3 16 -55.227 -126.777 -44.042 -61.174 -126.777 -35.319 -58.663 -126.492 -39.996 0.110 -6.373 0.110 -5.948 0.091 -6.161
3 16 -61.174 -126.777 -35.319 -63.969 -126.492 -30.806 -58.663 -126.492 -39.996 0.110 -5.948 0.091 -5.736 0.091 -6.161
3 16 -61.174 -126.777 -35.319 -65.755 -126.777 -25.807 -63.969 -126.492 -30.806 0.110 -5.948 0.110 -5.523 0.091 -5.736
3 16 -65.755 -126.777 -25.807 -67.846 -126.492 -20.928 -63.969 -126.492 -30.806 0.110 -5.523 0.091 -5.311 0.091 -5.736
3 16 -65.755 -126.777 -25.807 -68.867 -126.777 -15.718 -67.846 -126.492 -20.928 0.110 -5.523 0.110 -5.098 0.091 -5.311
3 16 -68.867 -126.777 -15.718 -70.207 -126.492 -10.582 -67.846 -126.492 -20.928 0.110 -5.098 0.091 -4.886 0.091 -5.311
3 16 -68.867 -126.777 -15.718 -70.441 -126.777 -5.279 -70.207 -126.492 -10.582 0.110 -5.098 0.110 -4.673 0.091 -4.886
3 16 -70.441 -126.777 -5.279 -71.000 -126.492 0.000 -70.207 -126.492 -10.582 0.110 -4.673 0.091 -4.461 0.091 -4.886
3 16 -70.441 -126.777 -5.279 -70.441 -126.777 5.279 -71.000 -126.492 0.000 0.110 -4.673 0.110 -4.249 0.091 -4.461
3 16 -70.441 -126.777 5.279 -70.207 -126.492 10.582 -71.000 -126.492 0.000 0.110 -4.249 0.091 -4.036 0.091 -4.461
3 16 -70.441 -126.777 5.279 -68.867 -126.777 15.718 -70.207 -126.492 10.582 0.110 -4.249 0.110 -3.824 0.091 -4.036
3 16 -68.867 -126.777 15.718 -67.846 -126.492 20.928 -70.207 -126.492 10.582 0.110 -3.824 0.091 -3.611 0.091 -4.036
3 16 -68.867 -126.777 15.718 -65.755 -126.777 25.807 -67.846 -126.492 20.928 0.110 -3.824 0.110 -3.399 0.091 -3.611
3 16 -65.755 -126.777 25.807 -63.969 -126.492 30.806 -67.846 -126.492 20.928 0.110 -3.399 0.091 -3.186 0.091 -3.611
3 16 -65.755 -126.777 25.807 -61.174 -126.777 35.319 -63.969 -126.492 30.806 0.110 -3.399 0.110 -2.974 0.091 -3.186
3 16 -61.174 -126.777 35.319 -58.663 -126.492 39.996 -63.969 -126.492 30.806 0.110 -2.974 0.091 -2.762 0.091 -3.186
3 16 -61.174 -126.777 35.319 -55.227 -126.777 44.042 -58.663 -126.492 39.996 0.110 -2.974 0.110 -2.549 0.091 -2.762
3 16 -55.227 -126.777 44.042 -52.047 -126.492 48.292 -58.663 -126.492 39.996 0.110 -2.549 0.091 -2.337 0.091 -2.762
3 16 -55.227 -126.777 44.042 -48.046 -126.777 51.781 -52.047 -126.492 48.292 0.110 -2.549 0.110 -2.124 0.091 -2.337
3 16 -48.046 -126.777 51.781 -44.268 -126.492 55.510 -52.047 -126.492 48.292 0.110 -2.124 0.091 -1.912 0.091 -2.337
3 16 -48.046 -126.777 51.781 -39.792 -126.777 58.364 -44.268 -126.492 55.510 0.110 -2.124 0.110 -1.699 0.091 -1.912
3 16 -39.792 -126.777 58.364 -35.500 -126.492 61.488 -44.268 -126.492 55.510 0.110 -1.699 0.091 -1.487 0.091 -1.912
3 16 -39.792 -126.777 58.364 -30.649 -126.777 63.643 -35.500 -126.492 61.488 0.110 -1.699 0.110 -1.275 0.091 -1.487
3 16 -30.649 -126.777 63.643 -25.939 -126.492 66.092 -35.500 -126.492 61.488 0.110 -1.275 0.091 -1.062 0.091 -1.487
3 16 -30.649 -126.777 63.643 -20.821 -126.777 67.500 -25.939 -126.492 66.092 0.110 -1.275 0.110 -0.850 0.091 -1.062
3 16 -20.821 -126.777 67.500 -15.799 -126.492 69.220 -25.939 -126.492 66.092 0.110 -0.850 0.091 -0.637 0.091 -1.062
3 16 -20.821 -126.777 67.500 -10.528 -126.777 69.849 -15.799 -126.492 69.220 0.110 -0.850 0.110 -0.425 0.091 -0.637
3 16 -10.528 -126.777 69.849 -5.306 -126.492 70.801 -15.799 -126.492 69.220 0.110 -0.425 0.091 -0.212 0.091 -0.637
3 16 -10.528 -126.777 69.849 0.000 -126.777 70.638 -5.306 -126.492 70.801 0.110 -0.425 0.110 0.000 0.091 -0.212
3 16 0.000 -126.777 70.638 5.306 -126.492 70.801 -5.306 -126.492 70.801 0.110 0.000 0.091 0.212 0.091 -0.212
3 16 0.000 -126.777 70.638 10.528 -126.777 69.849 5.306 -126.492 70.801 0.110 0.000 0.110 0.425 0.091 0.212
3 16 10.528 -126.777 69.849 15.799 -126.492 69.220 5.306 -126.492 70.801 0.110 0.425 0.091 0.637 0.091 0.212
3 16 10.528 -126.777 69.849 20.821 -126.777 67.500 15.799 -126.492 69.220 0.110 0.425 0.110 0.850 0.091 0.637
3 16 20.821 -126.777 67.500 25.939 -126.492 66.092 15.799 -126.492 69.220 0.110 0.850 0.091 1.062 0.091 0.637
3 16 20.821 -126.777 67.500 30.649 -126.777 63.643 25.939 -126.492 66.092 0.110 0.850 0.110 1.275 0.091 1.062
3 16 30.649 -126.777 63.643 35.500 -126.492 61.488 25.939 -126.492 66.092 0.110 1.275 0.091 1.487 0.091 1.062
3 16 30.649 -126.777 63.643 39.792 -126.777 58.364 35.500 -126.492 61.488 0.110 1.275 0.110 1.699 0.091 1.487
3 16 39.792 -126.777 58.364 44.268 -126.492 55.510 35.500 -126.492 61.488 0.110 1.699 0.091 1.912 0.091 1.487
3 16 39.792 -126.777 58.364 48.046 -126.777 51.781 44.268 -126.492 55.510 0.110 1.699 0.110 2.124 0.091 1.912
3 16 48.046 -126.777 51.781 52.047 -126.492 48.292 44.268 -126.492 55.510 0.110 2.124 0.091 2.337 0.091 1.912
3 16 48.046 -126.777 51.781 55.227 -126.777 44.042 52.047 -126.492 48.292 0.110 2.124 0.110 2.549 0.091 2.337
3 16 55.227 -126.777 44.042 58.663 -126.492 39.996 52.047 -126.492 48.292 0.110 2.549 0.091 2.762 0.091 2.337
3 16 55.227 -126.777 44.042 61.174 -126.777 35.319 58.663 -126.492 39.996 0.110 2.549 0.110 2.974 0.091 2.762
3 16 61.174 -126.777 35.319 63.969 -126.492 30.806 58.663 -126.492 39.996 0.110 2.974 0.091 3.186 0.091 2.762
3 16 61.174 -126.777 35.319 65.755 -126.777 25.807 63.969 -126.492 30.806 0.110 2.974 0.110 3.399 0.091 3.186
3 16 65.755 -126.777 25.807 67.846 -126.492 20.928 63.969 -126.492 30.806 0.110 3.399 0.091 3.611 0.091 3.186
3 16 65.755 -126.777 25.807 68.867 -126.777 15.718 67.846 -126.492 20.928 0.110 3.399 0.110 3.824 0.091 3.611
3 16 68.867 -126.777 15.718 70.207 -126.492 10.582 67.846 -126.492 20.928 0.110 3.824 0.091 4.036 0.091 3.611
3 16 68.867 -126.777 15.718 70.441 -126.777 5.279 70.207 -126.492 10.582 0.110 3.824 0.110 4.249 0.091 4.036
3 16 70.441 -128.223 -5.279 71.000 -128.508 0.000 70.207 -128.508 -10.582 -0.110 4.673 -0.091 4.461 -0.091 4.886
3 16 70.441 -128.223 -5.279 70.441 -128.223 5.279 71.000 -128.508 0.000 -0.110 4.673 -0.110 4.249 -0.091 4.461
3 16 70.441 -128.223 5.279 70.207 -128.508 10.582 71.000 -128.508 0.000 -0.110 4.249 -0.091 4.036 -0.091 4.461
3 16 70.441 -128.223 5.279 68.867 -128.223 15.718 70.207 -128.508 10.582 -0.110 4.249 -0.110 3.824 -0.091 4.036
3 16 68.867 -128.223 15.718 67.846 -128.508 20.928 70.207 -128.508 10.582 -0.110 3.824 -0.091 3.611 -0.091 4.036
3 16 68.867 -128.223 15.718 65.755 -128.223 25.807 67.846 -128.508 20.928 -0.110 3.824 -0.110 3.399 -0.091 3.611
3 16 65.755 -128.223 25.807 63.969 -128.508 30.806 67.846 -128.508 20.928 -0.110 3.399 -0.091 3.186 -0.091 3.611
3 16 65.755 -128.223 25.807 61.174 -128.223 35.319 63.969 -128.508 30.806 -0.110 3.399 -0.110 2.974 -0.091 3.186
3 16 61.174 -128.223 35.319 58.663 -128.508 39.996 63.969 -128.508 30.806 -0.110 2.974 -0.091 2.762 -0.091 3.186
3 16 61.174 -128.223 35.319 55.227 -128.223 44.042 58.663 -128.508 39.996 -0.110 2.974 -0.110 2.549 -0.091 2.762
3 16 55.227 -128.223 44.042 52.047 -128.508 48.292 58.663 -128.508 39.996 -0.110 2.549 -0.091 2.337 -0.091 2.762
3 16 55.227 -128.223 44.042 48.046 -128.223 51.781 52.047 -128.508 48.292 -0.110 2.549 -0.110 2.124 -0.091 2.337
3 16 48.046 -128.223 51.781 44.268 -128.508 55.510 52.047 -128.508 48.292 -0.110 2.124 -0.091 1.912 -0.091 2.337
3 16 48.046 -128.223 51.781 39.792 -128.223 58.364 44.268 -128.508 55.510 -0.110 2.124 -0.110 1.699 -0.091 1.912
3 16 39.792 -128.223 58.364 35.500 -128.508 61.488 44.268 -128.508 55.510 -0.110 1.699 -0.091 1.487 -0.091 1.912
3 16 39.792 -128.223 58.364 30.649 -128.223 63.643 35.500 -128.508 61.488 -0.110 1.699 -0.110 1.275 -0.091 1.487
3 16 30.649 -128.223 63.643 25.939 -128.508 66.092 35.500 -128.508 61.488 -0.110 1.275 -0.091 1.062 -0.091 1.487
3 16 30.649 -128.223 63.643 20.821 -128.223 67.500 25.939 -128.508 66.092 -0.110 1.275 -0.110 0.850 -0.091 1.062
3 16 20.821 -128.223 67.500 15.799 -128.508 69.220 25.939 -128.508 66.092 -0.110 0.850 -0.091 0.637 -0.091 1.062
3 16 20.821 -128.223 67.500 10.528 -128.223 69.849 15.799 -128.508 69.220 -0.110 0.850 -0.110 0.425 -0.091 0.637
3 16 10.528 -128.223 69.849 5.306 -128.508 70.801 15.799 -128.508 69.220 -0.110 0.425 -0.091 0.212 -0.091 0.637
3 16 10.528 -128.223 69.849 0.000 -128.223 70.638 5.306 -128.508 70.801 -0.110 0.425 -0.110 0.000 -0.091 0.212
3 16 0.000 -128.223 70.638 -5.306 -128.508 70.801 5.306 -128.508 70.801 -0.110 0.000 -0.091 -0.212 -0.091 0.212
3 16 0.000 -128.223 70.638 -10.528 -128.223 69.849 -5.306 -128.508 70.801 -0.110 0.000 -0.110 -0.425 -0.091 -0.212
3 16 -10.528 -128.223 69.849 -15.799 -128.508 69.220 -5.306 -128.508 70.801 -0.110 -0.425 -0.091 -0.637 -0.091 -0.212
3 16 -10.528 -128.223 69.849 -20.821 -128.223 67.500 -15.799 -128.508 69.220 -0.110 -0.425 -0.110 -0.850 -0.091 -0.637
3 16 -20.821 -128.223 67.500 -25.939 -128.508 66.092 -15.799 -128.508 69.220 -0.110 -0.850 -0.091 -1.062 -0.091 -0.637
3 16 -20.821 -128.223 67.500 -30.649 -128.223 63.643 -25.939 -128.508 66.092 -0.110 -0.850 -0.110 -1.275 -0.091 -1.062
3 16 -30.649 -128.223 63.643 -35.500 -128.508 61.488 -25.939 -128.508 66.092 -0.110 -1.275 -0.091 -1.487 -0.091 -1.062
3 16 -30.649 -128.223 63.643 -39.792 -128.223 58.364 -35.500 -128.508 61.488 -0.110 -1.275 -0.110 -1.699 -0.091 -1.487
3 16 -39.792 -128.223 58.364 -44.268 -128.508 55.510 -35.500 -128.508 61.488 -0.110 -1.699 -0.091 -1.912 -0.091 -1.487
3 16 -39.792 -128.223 58.364 -48.046 -128.223 51.781 -44.268 -128.508 55.510 -0.110 -1.699 -0.110 -2.124 -0.091 -1.912
3 16 -48.046 -128.223 51.781 -52.047 -128.508 48.292 -44.268 -128.508 55.510 -0.110 -2.124 -0.091 -2.337 -0.091 -1.912
3 16 -48.046 -128.223 51.781 -55.227 -128.223 44.042 -52.047 -128.508 48.292 -0.110 -2.124 -0.110 -2.549 -0.091 -2.337
3 16 -55.227 -128.223 44.042 -58.663 -128.508 39.996 -52.047 -128.508 48.292 -0.110 -2.549 -0.091 -2.762 -0.091 -2.337
3 16 -55.227 -128.223 44.042 -61.174 -128.223 35.319 -58.663 -128.508 39.996 -0.110 -2.549 -0.110 -2.974 -0.091 -2.762
3 16 -61.174 -128.223 35.319 -63.969 -128.508 30.806 -58.663 -128.508 39.996 -0.110 -2.974 -0.091 -3.186 -0.091 -2.762
3 16 -61.174 -128.223 35.319 -65.755 -128.223 25.807 -63.969 -128.508 30.806 -0.110 -2.974 -0.110 -3.399 -0.091 -3.186
3 16 -65.755 -128.223 25.807 -67.846 -128.508 20.928 -63.969 -128.508 30.806 -0.110 -3.399 -0.091 -3.611 -0.091 -3.186
3 16 -65.755 -128.223 25.807 -68.867 -128.223 15.718 -67.846 -128.508 20.928 -0.110 -3.399 -0.110 -3.824 -0.091 -3.611
3 16 -68.867 -128.223 15.718 -70.207 -128.508 10.582 -67.846 -128.508 20.928 -0.110 -3.824 -0.091 -4.036 -0.091 -3.611
3 16 -68.867 -128.223 15.718 -70.441 -128.223 5.279 -70.207 -128.508 10.582 -0.110 -3.824 -0.110 -4.249 -0.091 -4.036
3 16 -70.441 -128.223 5.279 -71.000 -128.508 0.000 -70.207 -128.508 10.582 -0.110 -4.249 -0.091 -4.461 -0.091 -4.036
3 16 -70.441 -128.223 5.279 -70.441 -128.223 -5.279 -71.000 -128.508 0.000 -0.110 -4.249 -0.110 -4.673 -0.091 -4.461
3 16 -70.441 -128.223 -5.279 -70.207 -128.508 -10.582 -71.000 -128.508 0.000 -0.110 -4.673 -0.091 -4.886 -0.091 -4.461
3 16 -70.441 -128.223 -5.279 -68.867 -128.223 -15.718 -70.207 -128.508 -10.582 -0.110 -4.673 -0.110 -5.098 -0.091 -4.886
3 16 -68.867 -128.223 -15.718 -67.846 -128.508 -20.928 -70.207 -128.508 -10.582 -0.110 -5.098 -0.091 -5.311 -0.091 -4.886
3 16 -68.867 -128.223 -15.718 -65.755 -128.223 -25.807 -67.846 -128.508 -20.928 -0.110 -5.098 -0.110 -5.523 -0.091 -5.311
3 16 -65.755 -128.223 -25.807 -63.969 -128.508 -30.806 -67.846 -128.508 -20.928 -0.110 -5.523 -0.091 -5.736 -0.091 -5.311
3 16 -65.755 -128.223 -25.807 -61.174 -128.223 -35.319 -63.969 -128.508 -30.806 -0.110 -5.523 -0.110 -5.948 -0.091 -5.736
3 16 -61.174 -128.223 -35.319 -58.663 -128.508 -39.996 -63.969 -128.508 -30.806 -0.110 -5.948 -0.091 -6.161 -0.091 -5.736
3 16 -61.174 -128.223 -35.319 -55.227 -128.223 -44.042 -58.663 -128.508 -39.996 -0.110 -5.948 -0.110 -6.373 -0.091 -6.161
3 16 -55.227 -128.223 -44.042 -52.047 -128.508 -48.292 -58.663 -128.508 -39.996 -0.110 -6.373 -0.091 -6.585 -0.091 -6.161
3 16 -55.227 -128.223 -44.042 -48.046 -128.223 -51.781 -52.047 -128.508 -48.292 -0.110 -6.373 -0.110 -6.798 -0.091 -6.585
3 16 -48.046 -128.223 -51.781 -44.268 -128.508 -55.510 -52.047 -128.508 -48.292 -0.110 -6.798 -0.091 -7.010 -0.091 -6.585
3 16 -48.046 -128.223 -51.781 -39.792 -128.223 -58.364 -44.268 -128.508 -55.510 -0.110 -6.798 -0.110 -7.223 -0.091 -7.010
3 16 -39.792 -128.223 -58.364 -35.500 -128.508 -61.488 -44.268 -128.508 -55.510 -0.110 -7.223 -0.091 -7.435 -0.091 -7.010
3 16 -39.792 -128.223 -58.364 -30.649 -128.223 -63.643 -35.500 -128.508 -61.488 -0.110 -7.223 -0.110 -7.648 -0.091 -7.435
3 16 -30.649 -128.223 -63.643 -25.939 -128.508 -66.092 -35.500 -128.508 -61.488 -0.110 -7.648 -0.091 -7.860 -0.091 -7.435
3 16 -30.649 -128.223 -63.643 -20.821 -128.223 -67.500 -25.939 -128.508 -66.092 -0.110 -7.648 -0.110 -8.072 -0.091 -7.860
3 16 -20.821 -128.223 -67.500 -15.799 -128.508 -69.220 -25.939 -128.508 -66.092 -0.110 -8.072 -0.091 -8.285 -0.091 -7.860
3 16 -20.821 -128.223 -67.500 -10.528 -128.223 -69.849 -15.799 -128.508 -69.220 -0.110 -8.072 -0.110 -8.497 -0.091 -8.285
3 16 -10.528 -128.223 -69.849 -5.306 -128.508 -70.801 -15.799 -128.508 -69.220 -0.110 -8.497 -0.091 -8.710 -0.091 -8.285
3 16 -10.528 -128.223 -69.849 0.000 -128.223 -70.638 -5.306 -128.508 -70.801 -0.110 -8.497 -0.110 -8.922 -0.091 -8.710
3 16 0.000 -128.223 -70.638 5.306 -128.508 -70.801 -5.306 -128.508 -70.801 -0.110 -8.922 -0.091 -9.135 -0.091 -8.710
3 16 0.000 -128.223 -70.638 10.528 -128.223 -69.849 5.306 -128.508 -70.801 -0.110 8.922 -0.110 8.497 -0.091 8.710
3 16 10.528 -128.223 -69.849 15.799 -128.508 -69.220 5.306 -128.508 -70.801 -0.110 8.497 -0.091 8.285 -0.091 8.710
3 16 10.528 -128.223 -69.849 20.821 -128.223 -67.500 15.799 -128.508 -69.220 -0.110 8.497 -0.110 8.072 -0.091 8.285
3 16 20.821 -128.223 -67.500 25.939 -128.508 -66.092 15.799 -128.508 -69.220 -0.110 8.072 -0.091 7.860 -0.091 8.285
3 16 20.821 -128.223 -67.500 30.649 -128.223 -63.643 25.939 -128.508 -66.092 -0.110 8.072 -0.110 7.648 -0.091 7.860
3 16 30.649 -128.223 -63.643 35.500 -128.508 -61.488 25.939 -128.508 -66.092 -0.110 7.648 -0.091 7.435 -0.091 7.860
3 16 30.649 -128.223 -63.643 39.792 -128.223 -58.364 35.500 -128.508 -61.488 -0.110 7.648 -0.110 7.223 -0.091 7.435
3 16 39.792 -128.223 -58.364 44.268 -128.508 -55.510 35.500 -128.508 -61.488 -0.110 7.223 -0.091 7.010 -0.091 7.435
3 16 39.792 -128.223 -58.364 48.046 -128.223 -51.781 44.268 -128.508 -55.510 -0.110 7.223 -0.110 6.798 -0.091 7.010
3 16 48.046 -128.223 -51.781 52.047 -128.508 -48.292 44.268 -128.508 -55.510 -0.110 6.798 -0.091 6.585 -0.091 7.010
3 16 48.046 -128.223 -51.781 55.227 -128.223 -44.042 52.047 -128.508 -48.292 -0.110 6.798 -0.110 6.373 -0.091 6.585
3 16 55.227 -128.223 -44.042 58.663 -128.508 -39.996 52.047 -128.508 -48.292 -0.110 6.373 -0.091 6.161 -0.091 6.585
3 16 55.227 -128.223 -44.042 61.174 -128.223 -35.319 58.663 -128.508 -39.996 -0.110 6.373 -0.110 5.948 -0.091 6.161
3 16 61.174 -128.223 -35.319 63.969 -128.508 -30.806 58.663 -128.508 -39.996 -0.110 5.948 -0.091 5.736 -0.091 6.161
3 16 61.174 -128.223 -35.319 65.755 -128.223 -25.807 63.969 -128.508 -30.806 -0.110 5.948 -0.110 5.523 -0.091 5.736
3 16 65.755 -128.223 -25.807 67.846 -128.508 -20.928 63.969 -128.508 -30.806 -0.110 5.523 -0.091 5.311 -0.091 5.736
3 16 65.755 -128.223 -25.807 68.867 -128.223 -15.718 67.846 -128.508 -20.928 -0.110 5.523 -0.110 5.098 -0.091 5.311
3 16 68.867 -128.223 -15.718 70.207 -128.508 -10.582 67.846 -128.508 -20.928 -0.110 5.098 -0.091 4.886 -0.091 5.311
3 16 68.867 -128.223 -15.718 70.441 -128.223 -5.279 70.207 -128.508 -10.582 -0.110 5.098 -0.110 4.673 -0.091 4.886
3 16 0.000 -126.777 -70.638 10.489 -127.500 -69.589 0.000 -127.500 -70.375 0.110 8.922 0.141 8.497 0.141 8.922
3 16 0.000 -126.777 -70.638 10.528 -126.777 -69.849 10.489 -127.500 -69.589 0.110 8.922 0.110 8.497 0.141 8.497
3 16 10.528 -126.777 -69.849 20.743 -127.500 -67.248 10.489 -127.500 -69.589 0.110 8.497 0.141 8.072 0.141 8.497
3 16 10.528 -126.777 -69.849 20.821 -126.777 -67.500 20.743 -127.500 -67.248 0.110 8.497 0.110 8.072 0.141 8.072
3 16 20.821 -126.777 -67.500 30.535 -127.500 -63.406 20.743 -127.500 -67.248 0.110 8.072 0.141 7.648 0.141 8.072
3 16 20.821 -126.777 -67.500 30.649 -126.777 -63.643 30.535 -127.500 -63.406 0.110 8.072 0.110 7.648 0.141 7.648
3 16 30.649 -126.777 -63.643 39.644 -127.500 -58.147 30.535 -127.500 -63.406 0.110 7.648 0.141 7.223 0.141 7.648
3 16 30.649 -126.777 -63.643 39.792 -126.777 -58.364 39.644 -127.500 -58.147 0.110 7.648 0.110 7.223 0.141 7.223
3 16 39.792 -126.777 -58.364 47.867 -127.500 -51.589 39.644 -127.500 -58.147 0.110 7.223 0.141 6.798 0.141 7.223
3 16 39.792 -126.777 -58.364 48.046 -126.777 -51.781 47.867 -127.500 -51.589 0.110 7.223 0.110 6.798 0.141 6.798
3 16 48.046 -126.777 -51.781 55.021 -127.500 -43.878 47.867 -127.500 -51.589 0.110 6.798 0.141 6.373 0.141 6.798
3 16 48.046 -126.777 -51.781 55.227 -126.777 -44.042 55.021 -127.500 -43.878 0.110 6.798 0.110 6.373 0.141 6.373
3 16 55.227 -126.777 -44.042 60.947 -127.500 -35.188 55.021 -127.500 -43.878 0.110 6.373 0.141 5.948 0.141 6.373
3 16 55.227 -126.777 -44.042 61.174 -126.777 -35.319 60.947 -127.500 -35.188 0.110 6.373 0.110 5.948 0.141 5.948
3 16 61.174 -126.777 -35.319 65.510 -127.500 -25.711 60.947 -127.500 -35.188 0.110 5.948 0.141 5.523 0.141 5.948
3 16 61.174 -126.777 -35.319 65.755 -126.777 -25.807 65.510 -127.500 -25.711 0.110 5.948 0.110 5.523 0.141 5.523
3 16 65.755 -126.777 -25.807 68.611 -127.500 -15.660 65.510 -127.500 -25.711 0.110 5.523 0.141 5.098 0.141 5.523
3 16 65.755 -126.777 -25.807 68.867 -126.777 -15.718 68.611 -127.500 -15.660 0.110 5.523 0.110 5.098 0.141 5.098
3 16 68.867 -126.777 -15.718 70.178 -127.500 -5.259 68.611 -127.500 -15.660 0.110 5.098 0.141 4.673 0.141 5.098
3 16 68.867 -126.777 -15.718 70.441 -126.777 -5.279 70.178 -127.500 -5.259 0.110 5.098 0.110 4.673 0.141 4.673
3 16 70.441 -126.777 -5.279 70.178 -127.500 5.259 70.178 -127.500 -5.259 0.110 4.673 0.141 4.249 0.141 4.673
3 16 70.441 -126.777 -5.279 70.441 -126.777 5.279 70.178 -127.500 5.259 0.110 4.673 0.110 4.249 0.141 4.249
3 16 70.441 -126.777 5.279 68.611 -127.500 15.660 70.178 -127.500 5.259 0.110 4.249 0.141 3.824 0.141 4.249
3 16 70.441 -126.777 5.279 68.867 -126.777 15.718 68.611 -127.500 15.660 0.110 4.249 0.110 3.824 0.141 3.824
3 16 68.867 -126.777 15.718 65.510 -127.500 25.711 68.611 -127.500 15.660 0.110 3.824 0.141 3.399 0.141 3.824
3 16 68.867 -126.777 15.718 65.755 -126.777 25.807 65.510 -127.500 25.711 0.110 3.824 0.110 3.399 0.141 3.399
3 16 65.755 -126.777 25.807 60.947 -127.500 35.188 65.510 -127.500 25.711 0.110 3.399 0.141 2.974 0.141 3.399
3 16 65.755 -126.777 25.807 61.174 -126.777 35.319 60.947 -127.500 35.188 0.110 3.399 0.110 2.974 0.141 2.974
3 16 61.174 -126.777 35.319 55.021 -127.500 43.878 60.947 -127.500 35.188 0.110 2.974 0.141 2.549 0.141 2.974
3 16 61.174 -126.777 35.319 55.227 -126.777 44.042 55.021 -127.500 43.878 0.110 2.974 0.110 2.549 0.141 2.549
3 16 55.227 -126.777 44.042 47.867 -127.500 51.589 55.021 -127.500 43.878 0.110 2.549 0.141 2.124 0.141 2.549
3 16 55.227 -126.777 44.042 48.046 -126.777 51.781 47.867 -127.500 51.589 0.110 2.549 0.110 2.124 0.141 2.124
3 16 48.046 -126.777 51.781 39.644 -127.500 58.147 47.867 -127.500 51.589 0.110 2.124 0.141 1.699 0.141 2.124
3 16 48.046 -126.777 51.781 39.792 -126.777 58.364 39.644 -127.500 58.147 0.110 2.124 0.110 1.699 0.141 1.699
3 16 39.792 -126.777 58.364 30.535 -127.500 63.406 39.644 -127.500 58.147 0.110 1.699 0.141 1.275 0.141 1.699
3 16 39.792 -126.777 58.364 30.649 -126.777 63.643 30.535 -127.500 63.406 0.110 1.699 0.110 1.275 0.141 1.275
3 16 30.649 -126.777 63.643 20.743 -127.500 67.248 30.535 -127.500 63.406 0.110 1.275 0.141 0.850 0.141 1.275
3 16 30.649 -126.777 63.643 20.821 -126.777 67.500 20.743 -127.500 67.248 0.110 1.275 0.110 0.850 0.141 0.850
3 16 20.821 -126.777 67.500 10.489 -127.500 69.589 20.743 -127.500 67.248 0.110 0.850 0.141 0.425 0.141 0.850
3 16 20.821 -126.777 67.500 10.528 -126.777 69.849 10.489 -127.500 69.589 0.110 0.850 0.110 0.425 0.141 0.425
3 16 10.528 -126.777 69.849 0.000 -127.500 70.375 10.489 -127.500 69.589 0.110 0.425 0.141 0.000 0.141 0.425
3 16 10.528 -126.777 69.849 0.000 -126.777 70.638 0.000 -127.500 70.375 0.110 0.425 0.110 0.000 0.141 0.000
3 16 0.000 -126.777 70.638 -10.489 -127.500 69.589 0.000 -127.500 70.375 0.110 0.000 0.141 -0.425 0.141 0.000
3 16 0.000 -126.777 70.638 -10.528 -126.777 69.849 -10.489 -127.500 69.589 0.110 0.000 0.110 -0.425 0.141 -0.425
3 16 -10.528 -126.777 69.849 -20.743 -127.500 67.248 -10.489 -127.500 69.589 0.110 -0.425 0.141 -0.850 0.141 -0.425
3 16 -10.528 -126.777 69.849 -20.821 -126.777 67.500 -20.743 -127.500 67.248 0.110 -0.425 0.110 -0.850 0.141 -0.850
3 16 -20.821 -126.777 67.500 -30.535 -127.500 63.406 -20.743 -127.500 67.248 0.110 -0.850 0.141 -1.275 0.141 -0.850
3 16 -20.821 -126.777 67.500 -30.649 -126.777 63.643 -30.535 -127.500 63.406 0.110 -0.850 0.110 -1.275 0.141 -1.275
3 16 -30.649 -126.777 63.643 -39.644 -127.500 58.147 -30.535 -127.500 63.406 0.110 -1.275 0.141 -1.699 0.141 -1.275
3 16 -30.649 -126.777 63.643 -39.792 -126.777 58.364 -39.644 -127.500 58.147 0.110 -1.275 0.110 -1.699 0.141 -1.699
3 16 -39.792 -126.777 58.364 -47.867 -127.500 51.589 -39.644 -127.500 58.147 0.110 -1.699 0.141 -2.124 0.141 -1.699
3 16 -39.792 -126.777 58.364 -48.046 -126.777 51.781 -47.867 -127.500 51.589 0.110 -1.699 0.110 -2.124 0.141 -2.124
3 16 -48.046 -126.777 51.781 -55.021 -127.500 43.878 -47.867 -127.500 51.589 0.110 -2.124 0.141 -2.549 0.141 -2.124
3 16 -48.046 -126.777 51.781 -55.227 -126.777 44.042 -55.021 -127.500 43.878 0.110 -2.124 0.110 -2.549 0.141 -2.549
3 16 -55.227 -126.777 44.042 -60.947 -127.500 35.188 -55.021 -127.500 43.878 0.110 -2.549 0.141 -2.974 0.141 -2.549
3 16 -55.227 -126.777 44.042 -61.174 -126.777 35.319 -60.947 -127.500 35.188 0.110 -2.549 0.110 -2.974 0.141 -2.974
3 16 -61.174 -126.777 35.319 -65.510 -127.500 25.711 -60.947 -127.500 35.188 0.110 -2.974 0.141 -3.399 0.141 -2.974
3 16 -61.174 -126.777 35.319 -65.755 -126.777 25.807 -65.510 -127.500 25.711 0.110 -2.974 0.110 -3.399 0.141 -3.399
3 16 -65.755 -126.777 25.807 -68.611 -127.500 15.660 -65.510 -127.500 25.711 0.110 -3.399 0.141 -3.824 0.141 -3.399
3 16 -65.755 -126.777 25.807 -68.867 -126.777 15.718 -68.611 -127.500 15.660 0.110 -3.399 0.110 -3.824 0.141 -3.824
3 16 -68.867 -126.777 15.718 -70.178 -127.500 5.259 -68.611 -127.500 15.660 0.110 -3.824 0.141 -4.249 0.141 -3.824
3 16 -68.867 -126.777 15.718 -70.441 -126.777 5.279 -70.178 -127.500 5.259 0.110 -3.824 0.110 -4.249 0.141 -4.249
3 16 -70.441 -126.777 5.279 -70.178 -127.500 -5.259 -70.178 -127.500 5.259 0.110 -4.249 0.141 -4.673 0.141 -4.249
3 16 -70.441 -126.777 5.279 -70.441 -126.777 -5.279 -70.178 -127.500 -5.259 0.110 -4.249 0.110 -4.673 0.141 -4.673
3 16 -70.441 -126.777 -5.279 -68.611 -127.500 -15.660 -70.178 -127.500 -5.259 0.110 -4.673 0.141 -5.098 0.141 -4.673
3 16 -70.441 -126.777 -5.279 -68.867 -126.777 -15.718 -68.611 -127.500 -15.660 0.110 -4.673 0.110 -5.098 0.141 -5.098
3 16 -68.867 -126.777 -15.718 -65.510 -127.500 -25.711 -68.611 -127.500 -15.660 0.110 -5.098 0.141 -5.523 0.141 -5.098
3 16 -68.867 -126.777 -15.718 -65.755 -126.777 -25.807 -65.510 -127.500 -25.711 0.110 -5.098 0.110 -5.523 0.141 -5.523
3 16 -65.755 -126.777 -25.807 -60.947 -127.500 -35.188 -65.510 -127.500 -25.711 0.110 -5.523 0.141 -5.948 0.141 -5.523
3 16 -65.755 -126.777 -25.807 -61.174 -126.777 -35.319 -60.947 -127.500 -35.188 0.110 -5.523 0.110 -5.948 0.141 -5.948
3 16 -61.174 -126.777 -35.319 -55.021 -127.500 -43.878 -60.947 -127.500 -35.188 0.110 -5.948 0.141 -6.373 0.141 -5.948
3 16 -61.174 -126.777 -35.319 -55.227 -126.777 -44.042 -55.021 -127.500 -43.878 0.110 -5.948 0.110 -6.373 0.141 -6.373
3 16 -55.227 -126.777 -44.042 -47.867 -127.500 -51.589 -55.021 -127.500 -43.878 0.110 -6.373 0.141 -6.798 0.141 -6.373
3 16 -55.227 -126.777 -44.042 -48.046 -126.777 -51.781 -47.867 -127.500 -51.589 0.110 -6.373 0.110 -6.798 0.141 -6.798
3 16 -48.046 -126.777 -51.781 -39.644 -127.500 -58.147 -47.867 -127.500 -51.589 0.110 -6.798 0.141 -7.223 0.141 -6.798
3 16 -48.046 -126.777 -51.781 -39.792 -126.777 -58.364 -39.644 -127.500 -58.147 0.110 -6.798 0.110 -7.223 0.141 -7.223
3 16 -39.792 -126.777 -58.364 -30.535 -127.500 -63.406 -39.644 -127.500 -58.147 0.110 -7.223 0.141 -7.648 0.141 -7.223
3 16 -39.792 -126.777 -58.364 -30.649 -126.777 -63.643 -30.535 -127.500 -63.406 0.110 -7.223 0.110 -7.648 0.141 -7.648
3 16 -30.649 -126.777 -63.643 -20.743 -127.500 -67.248 -30.535 -127.500 -63.406 0.110 -7.648 0.141 -8.072 0.141 -7.648
3 16 -30.649 -126.777 -63.643 -20.821 -126.777 -67.500 -20.743 -127.500 -67.248 0.110 -7.648 0.110 -8.072 0.141 -8.072
3 16 -20.821 -126.777 -67.500 -10.489 -127.500 -69.589 -20.743 -127.500 -67.248 0.110 -8.072 0.141 -8.497 0.141 -8.072
3 16 -20.821 -126.777 -67.500 -10.528 -126.777 -69.849 -10.489 -127.500 -69.589 0.110 -8.072 0.110 -8.497 0.141 -8.497
3 16 -10.528 -126.777 -69.849 0.000 -127.500 -70.375 -10.489 -127.500 -69.589 0.110 -8.497 0.141 -8.922 0.141 -8.497
3 16 -10.528 -126.777 -69.849 0.000 -126.777 -70.638 0.000 -127.500 -70.375 0.110 -8.497 0.110 -8.922 0.141 -8.922
3 16 0.000 -128.223 -70.638 -10.489 -127.500 -69.589 0.000 -127.500 -70.375 -0.110 -8.922 -0.141 -8.497 -0.141 -8.922
3 16 0.000 -128.223 -70.638 -10.528 -128.223 -69.849 -10.489 -127.500 -69.589 -0.110 -8.922 -0.110 -8.497 -0.141 -8.497
3 16 -10.528 -128.223 -69.849 -20.743 -127.500 -67.248 -10.489 -127.500 -69.589 -0.110 -8.497 -0.141 -8.072 -0.141 -8.497
3 16 -10.528 -128.223 -69.849 -20.821 -128.223 -67.500 -20.743 -127.500 -67.248 -0.110 -8.497 -0.110 -8.072 -0.141 -8.072
3 16 -20.821 -128.223 -67.500 -30.535 -127.500 -63.406 -20.743 -127.500 -67.248 -0.110 -8.072 -0.141 -7.648 -0.141 -8.072
3 16 -20.821 -128.223 -67.500 -30.649 -128.223 -63.643 -30.535 -127.500 -63.406 -0.110 -8.072 -0.110 -7.648 -0.141 -7.648
3 16 -30.649 -128.223 -63.643 -39.644 -127.500 -58.147 -30.535 -127.500 -63.406 -0.110 -7.648 -0.141 -7.223 -0.141 -7.648
3 16 -30.649 -128.223 -63.643 -39.792 -128.223 -58.364 -39.644 -127.500 -58.147 -0.110 -7.648 -0.110 -7.223 -0.141 -7.223
3 16 -39.792 -128.223 -58.364 -47.867 -127.500 -51.589 -39.644 -127.500 -58.147 -0.110 -7.223 -0.141 -6.798 -0.141 -7.223
3 16 -39.792 -128.223 -58.364 -48.046 -128.223 -51.781 -47.867 -127.500 -51.589 -0.110 -7.223 -0.110 -6.798 -0.141 -6.798
3 16 -48.046 -128.223 -51.781 -55.021 -127.500 -43.878 -47.867 -127.500 -51.589 -0.110 -6.798 -0.141 -6.373 -0.141 -6.798
3 16 -48.046 -128.223 -51.781 -55.227 -128.223 -44.042 -55.021 -127.500 -43.878 -0.110 -6.798 -0.110 -6.373 -0.141 -6.373
3 16 -55.227 -128.223 -44.042 -60.947 -127.500 -35.188 -55.021 -127.500 -43.878 -0.110 -6.373 -0.141 -5.948 -0.141 -6.373
3 16 -55.227 -128.223 -44.042 -61.174 -128.223 -35.319 -60.947 -127.500 -35.188 -0.110 -6.373 -0.110 -5.948 -0.141 -5.948
3 16 -61.174 -128.223 -35.319 -65.510 -127.500 -25.711 -60.947 -127.500 -35.188 -0.110 -5.948 -0.141 -5.523 -0.141 -5.948
3 16 -61.174 -128.223 -35.319 -65.755 -128.223 -25.807 -65.510 -127.500 -25.711 -0.110 -5.948 -0.110 -5.523 -0.141 -5.523
3 16 -65.755 -128.223 -25.807 -68.611 -127.500 -15.660 -65.510 -127.500 -25.711 -0.110 -5.523 -0.141 -5.098 -0.141 -5.523
3 16 -65.755 -128.223 -25.807 -68.867 -128.223 -15.718 -68.611 -127.500 -15.660 -0.110 -5.523 -0.110 -5.098 -0.141 -5.098
3 16 -68.867 -128.223 -15.718 -70.178 -127.500 -5.259 -68.611 -127.500 -15.660 -0.110 -5.098 -0.141 -4.673 -0.141 -5.098
3 16 -68.867 -128.223 -15.718 -70.441 -128.223 -5.279 -70.178 -127.500 -5.259 -0.110 -5.098 -0.110 -4.673 -0.141 -4.673
3 16 -70.441 -128.223 -5.279 -70.178 -127.500 5.259 -70.178 -127.500 -5.259 -0.110 -4.673 -0.141 -4.249 -0.141 -4.673
3 16 -70.441 -128.223 -5.279 -70.441 -128.223 5.279 -70.178 -127.500 5.259 -0.110 -4.673 -0.110 -4.249 -0.141 -4.249
3 16 -70.441 -128.223 5.279 -68.611 -127.500 15.660 -70.178 -127.500 5.259 -0.110 -4.249 -0.141 -3.824 -0.141 -4.249
3 16 -70.441 -128.223 5.279 -68.867 -128.223 15.718 -68.611 -127.500 15.660 -0.110 -4.249 -0.110 -3.824 -0.141 -3.824
3 16 -68.867 -128.223 15.718 -65.510 -127.500 25.711 -68.611 -127.500 15.660 -0.110 -3.824 -0.141 -3.399 -0.141 -3.824
3 16 -68.867 -128.223 15.718 -65.755 -128.223 25.807 -65.510 -127.500 25.711 -0.110 -3.824 -0.110 -3.399 -0.141 -3.399
3 16 -65.755 -128.223 25.807 -60.947 -127.500 35.188 -65.510 -127.500 25.711 -0.110 -3.399 -0.141 -2.974 -0.141 -3.399
3 16 -65.755 -128.223 25.807 -61.174 -128.223 35.319 -60.947 -127.500 35.188 -0.110 -3.399 -0.110 -2.974 -0.141 -2.974
3 16 -61.174 -128.223 35.319 -55.021 -127.500 43.878 -60.947 -127.500 35.188 -0.110 -2.974 -0.141 -2.549 -0.141 -2.974
3 16 -61.174 -128.223 35.319 -55.227 -128.223 44.042 -55.021 -127.500 43.878 -0.110 -2.974 -0.110 -2.549 -0.141 -2.549
3 16 -55.227 -128.223 44.042 -47.867 -127.500 51.589 -55.021 -127.500 43.878 -0.110 -2.549 -0.141 -2.124 -0.141 -2.549
3 16 -55.227 -128.223 44.042 -48.046 -128.223 51.781 -47.867 -127.500 51.589 -0.110 -2.549 -0.110 -2.124 -0.141 -2.124
3 16 -48.046 -128.223 51.781 -39.644 -127.500 58.147 -47.867 -127.500 51.589 -0.110 -2.124 -0.141 -1.699 -0.141 -2.124
3 16 -48.046 -128.223 51.781 -39.792 -128.223 58.364 -39.644 -127.500 58.147 -0.110 -2.124 -0.110 -1.699 -0.141 -1.699
3 16 -39.792 -128.223 58.364 -30.535 -127.500 63.406 -39.644 -127.500 58.147 -0.110 -1.699 -0.141 -1.275 -0.141 -1.699
3 16 -39.792 -128.223 58.364 -30.649 -128.223 63.643 -30.535 -127.500 63.406 -0.110 -1.699 -0.110 -1.275 -0.141 -1.275
3 16 -30.649 -128.223 63.643 -20.743 -127.500 67.248 -30.535 -127.500 63.406 -0.110 -1.275 -0.141 -0.850 -0.141 -1.275
3 16 -30.649 -128.223 63.643 -20.821 -128.223 67.500 -20.743 -127.500 67.248 -0.110 -1.275 -0.110 -0.850 -0.141 -0.850
3 16 -20.821 -128.223 67.500 -10.489 -127.500 69.589 -20.743 -127.500 67.248 -0.110 -0.850 -0.141 -0.425 -0.141 -0.850
3 16 -20.821 -128.223 67.500 -10.528 -128.223 69.849 -10.489 -127.500 69.589 -0.110 -0.850 -0.110 -0.425 -0.141 -0.425
3 16 -10.528 -128.223 69.849 0.000 -127.500 70.375 -10.489 -127.500 69.589 -0.110 -0.425 -0.141 0.000 -0.141 -0.425
3 16 -10.528 -128.223 69.849 0.000 -128.223 70.638 0.000 -127.500 70.375 -0.110 -0.425 -0.110 0.000 -0.141 0.000
3 16 0.000 -128.223 70.638 10.489 -127.500 69.589 0.000 -127.500 70.375 -0.110 0.000 -0.141 0.425 -0.141 0.000
3 16 0.000 -128.223 70.638 10.528 -128.223 69.849 10.489 -127.500 69.589 -0.110 0.000 -0.110 0.425 -0.141 0.425
3 16 10.528 -128.223 69.849 20.743 -127.500 67.248 10.489 -127.500 69.589 -0.110 0.425 -0.141 0.850 -0.141 0.425
3 16 10.528 -128.223 69.849 20.821 -128.223 67.500 20.743 -127.500 67.248 -0.110 0.425 -0.110 0.850 -0.141 0.850
3 16 20.821 -128.223 67.500 30.535 -127.500 63.406 20.743 -127.500 67.248 -0.110 0.850 -0.141 1.275 -0.141 0.850
3 16 20.821 -128.223 67.500 30.649 -128.223 63.643 30.535 -127.500 63.406 -0.110 0.850 -0.110 1.275 -0.141 1.275
3 16 30.649 -128.223 63.643 39.644 -127.500 58.147 30.535 -127.500 63.406 -0.110 1.275 -0.141 1.699 -0.141 1.275
3 16 30.649 -128.223 63.643 39.792 -128.223 58.364 39.644 -127.500 58.147 -0.110 1.275 -0.110 1.699 -0.141 1.699
3 16 39.792 -128.223 58.364 47.867 -127.500 51.589 39.644 -127.500 58.147 -0.110 1.699 -0.141 2.124 -0.141 1.699
3 16 39.792 -128.223 58.364 48.046 -128.223 51.781 47.867 -127.500 51.589 -0.110 1.699 -0.110 2.124 -0.141 2.124
3 16 48.046 -128.223 51.781 55.021 -127.500 43.878 47.867 -127.500 51.589 -0.110 2.124 -0.141 2.549 -0.141 2.124
3 16 48.046 -128.223 51.781 55.227 -128.223 44.042 55.021 -127.500 43.878 -0.110 2.124 -0.110 2.549 -0.141 2.549
3 16 55.227 -128.223 44.042 60.947 -127.500 35.188 55.021 -127.500 43.878 -0.110 2.549 -0.141 2.974 -0.141 2.549
3 16 55.227 -128.223 44.042 61.174 -128.223 35.319 60.947 -127.500 35.188 -0.110 2.549 -0.110 2.974 -0.141 2.974
3 16 61.174 -128.223 35.319 65.510 -127.500 25.711 60.947 -127.500 35.188 -0.110 2.974 -0.141 3.399 -0.141 2.974
3 16 61.174 -128.223 35.319 65.755 -128.223 25.807 65.510 -127.500 25.711 -0.110 2.974 -0.110 3.399 -0.141 3.399
3 16 65.755 -128.223 25.807 68.611 -127.500 15.660 65.510 -127.500 25.711 -0.110 3.399 -0.141 3.824 -0.141 3.399
3 16 65.755 -128.223 25.807 68.867 -128.223 15.718 68.611 -127.500 15.660 -0.110 3.399 -0.110 3.824 -0.141 3.824
3 16 68.867 -128.223 15.718 70.178 -127.500 5.259 68.611 -127.500 15.660 -0.110 3.824 -0.141 4.249 -0.141 3.824
3 16 68.867 -128.223 15.718 70.441 -128.223 5.279 70.178 -127.500 5.259 -0.110 3.824 -0.110 4.249 -0.141 4.249
3 16 70.441 -128.223 5.279 70.178 -127.500 -5.259 70.178 -127.500 5.259 -0.110 4.249 -0.141 4.673 -0.141 4.249
3 16 70.441 -128.223 5.279 70.441 -128.223 -5.279 70.178 -127.500 -5.259 -0.110 4.249 -0.110 4.673 -0.141 4.673
3 16 70.441 -128.223 -5.279 68.611 -127.500 -15.660 70.178 -127.500 -5.259 -0.110 4.673 -0.141 5.098 -0.141 4.673
3 16 70.441 -128.223 -5.279 68.867 -128.223 -15.718 68.611 -127.500 -15.660 -0.110 4.673 -0.110 5.098 -0.141 5.098
3 16 68.867 -128.223 -15.718 65.510 -127.500 -25.711 68.611 -127.500 -15.660 -0.110 5.098 -0.141 5.523 -0.141 5.098
3 16 68.867 -128.223 -15.718 65.755 -128.223 -25.807 65.510 -127.500 -25.711 -0.110 5.098 -0.110 5.523 -0.141 5.523
3 16 65.755 -128.223 -25.807 60.947 -127.500 -35.188 65.510 -127.500 -25.711 -0.110 5.523 -0.141 5.948 -0.141 5.523
3 16 65.755 -128.223 -25.807 61.174 -128.223 -35.319 60.947 -127.500 -35.188 -0.110 5.523 -0.110 5.948 -0.141 5.948
3 16 61.174 -128.223 -35.319 55.021 -127.500 -43.878 60.947 -127.500 -35.188 -0.110 5.948 -0.141 6.373 -0.141 5.948
3 16 61.174 -128.223 -35.319 55.227 -128.223 -44.042 55.021 -127.500 -43.878 -0.110 5.948 -0.110 6.373 -0.141 6.373
3 16 55.227 -128.223 -44.042 47.867 -127.500 -51.589 55.021 -127.500 -43.878 -0.110 6.373 -0.141 6.798 -0.141 6.373
3 16 55.227 -128.223 -44.042 48.046 -128.223 -51.781 47.867 -127.500 -51.589 -0.110 6.373 -0.110 6.798 -0.141 6.798
3 16 48.046 -128.223 -51.781 39.644 -127.500 -58.147 47.867 -127.500 -51.589 -0.110 6.798 -0.141 7.223 -0.141 6.798
3 16 48.046 -128.223 -51.781 39.792 -128.223 -58.364 39.644 -127.500 -58.147 -0.110 6.798 -0.110 7.223 -0.141 7.223
3 16 39.792 -128.223 -58.364 30.535 -127.500 -63.406 39.644 -127.500 -58.147 -0.110 7.223 -0.141 7.648 -0.141 7.223
3 16 39.792 -128.223 -58.364 30.649 -128.223 -63.643 30.535 -127.500 -63.406 -0.110 7.223 -0.110 7.648 -0.141 7.648
3 16 30.649 -128.223 -63.643 20.743 -127.500 -67.248 30.535 -127.500 -63.406 -0.110 7.648 -0.141 8.072 -0.141 7.648
3 16 30.649 -128.223 -63.643 20.821 -128.223 -67.500 20.743 -127.500 -67.248 -0.110 7.648 -0.110 8.072 -0.141 8.072
3 16 20.821 -128.223 -67.500 10.489 -127.500 -69.589 20.743 -127.500 -67.248 -0.110 8.072 -0.141 8.497 -0.141 8.072
3 16 20.821 -128.223 -67.500 10.528 -128.223 -69.849 10.489 -127.500 -69.589 -0.110 8.072 -0.110 8.497 -0.141 8.497
3 16 10.528 -128.223 -69.849 0.000 -127.500 -70.375 10.489 -127.500 -69.589 -0.110 8.497 -0.141 8.922 -0.141 8.497
3 16 10.528 -128.223 -69.849 0.000 -128.223 -70.638 0.000 -127.500 -70.375 -0.110 8.497 -0.110 8.922 -0.141 8.922
3 16 70.207 -126.492 10.582 71.000 -15.500 0.000 70.207 -15.500 10.582 2.220 -0.425 -2.220 0.000 -2.220 -0.425
3 16 70.207 -126.492 10.582 71.000 -126.492 0.000 71.000 -15.500 0.000 2.220 -0.425 2.220 0.000 -2.220 0.000
3 16 71.000 -126.492 0.000 70.207 -15.500 -10.582 71.000 -15.500 0.000 2.220 0.000 -2.220 0.425 -2.220 0.000
3 16 71.000 -126.492 0.000 70.207 -126.492 -10.582 70.207 -15.500 -10.582 2.220 0.000 2.220 0.425 -2.220 0.425
3 16 70.207 -126.492 -10.582 67.846 -15.500 -20.928 70.207 -15.500 -10.582 2.220 0.425 -2.220 0.850 -2.220 0.425
3 16 70.207 -126.492 -10.582 67.846 -126.492 -20.928 67.846 -15.500 -20.928 2.220 0.425 2.220 0.850 -2.220 0.850
3 16 67.846 -126.492 -20.928 63.969 -15.500 -30.806 67.846 -15.500 -20.928 2.220 0.850 -2.220 1.275 -2.220 0.850
3 16 67.846 -126.492 -20.928 63.969 -126.492 -30.806 63.969 -15.500 -30.806 2.220 0.850 2.220 1.275 -2.220 1.275
3 16 63.969 -126.492 -30.806 58.663 -15.500 -39.996 63.969 -15.500 -30.806 2.220 1.275 -2.220 1.699 -2.220 1.275
3 16 63.969 -126.492 -30.806 58.663 -126.492 -39.996 58.663 -15.500 -39.996 2.220 1.275 2.220 1.699 -2.220 1.699
3 16 58.663 -126.492 -39.996 52.047 -15.500 -48.292 58.663 -15.500 -39.996 2.220 1.699 -2.220 2.124 -2.220 1.699
3 16 58.663 -126.492 -39.996 52.047 -126.492 -48.292 52.047 -15.500 -48.292 2.220 1.699 2.220 2.124 -2.220 2.124
3 16 52.047 -126.492 -48.292 44.268 -15.500 -55.510 52.047 -15.500 -48.292 2.220 2.124 -2.220 2.549 -2.220 2.124
3 16 52.047 -126.492 -48.292 44.268 -126.492 -55.510 44.268 -15.500 -55.510 2.220 2.124 2.220 2.549 -2.220 2.549
3 16 44.268 -126.492 -55.510 35.500 -15.500 -61.488 44.268 -15.500 -55.510 2.220 2.549 -2.220 2.974 -2.220 2.549
3 16 44.268 -126.492 -55.510 35.500 -126.492 -61.488 35.500 -15.500 -61.488 2.220 2.549 2.220 2.974 -2.220 2.974
3 16 35.500 -126.492 -61.488 25.939 -15.500 -66.092 35.500 -15.500 -61.488 2.220 2.974 -2.220 3.399 -2.220 2.974
3 16 35.500 -126.492 -61.488 25.939 -126.492 -66.092 25.939 -15.500 -66.092 2.220 2.974 2.220 3.399 -2.220 3.399
3 16 25.939 -126.492 -66.092 15.799 -15.500 -69.220 25.939 -15.500 -66.092 2.220 3.399 -2.220 3.824 -2.220 3.399
3 16 25.939 -126.492 -66.092 15.799 -126.492 -69.220 15.799 -15.500 -69.220 2.220 3.399 2.220 3.824 -2.220 3.824
3 16 15.799 -126.492 -69.220 5.306 -15.500 -70.801 15.799 -15.500 -69.220 2.220 3.824 -2.220 4.249 -2.220 3.824
3 16 15.799 -126.492 -69.220 5.306 -126.492 -70.801 5.306 -15.500 -70.801 2.220 3.824 2.220 4.249 -2.220 4.249
3 16 5.306 -126.492 -70.801 -5.306 -15.500 -70.801 5.306 -15.500 -70.801 2.220 4.249 -2.220 4.673 -2.220 4.249
3 16 5.306 -126.492 -70.801 -5.306 -126.492 -70.801 -5.306 -15.500 -70.801 2.220 4.249 2.220 4.673 -2.220 4.673
3 16 -5.306 -126.492 -70.801 -15.799 -15.500 -69.220 -5.306 -15.500 -70.801 2.220 4.673 -2.220 5.098 -2.220 4.673
3 16 -5.306 -126.492 -70.801 -15.799 -126.492 -69.220 -15.799 -15.500 -69.220 2.220 4.673 2.220 5.098 -2.220 5.098
3 16 -15.799 -126.492 -69.220 -25.939 -15.500 -66.092 -15.799 -15.500 -69.220 2.220 5.098 -2.220 5.523 -2.220 5.098
3 16 -15.799 -126.492 -69.220 -25.939 -126.492 -66.092 -25.939 -15.500 -66.092 2.220 5.098 2.220 5.523 -2.220 5.523
3 16 -25.939 -126.492 -66.092 -35.500 -15.500 -61.488 -25.939 -15.500 -66.092 2.220 5.523 -2.220 5.948 -2.220 5.523
3 16 -25.939 -126.492 -66.092 -35.500 -126.492 -61.488 -35.500 -15.500 -61.488 2.220 5.523 2.220 5.948 -2.220 5.948
3 16 -35.500 -126.492 -61.488 -44.268 -15.500 -55.510 -35.500 -15.500 -61.488 2.220 5.948 -2.220 6.373 -2.220 5.948
3 16 -35.500 -126.492 -61.488 -44.268 -126.492 -55.510 -44.268 -15.500 -55.510 2.220 5.948 2.220 6.373 -2.220 6.373
3 16 -44.268 -126.492 -55.510 -52.047 -15.500 -48.292 -44.268 -15.500 -55.510 2.220 6.373 -2.220 6.798 -2.220 6.373
3 16 -44.268 -126.492 -55.510 -52.047 -126.492 -48.292 -52.047 -15.500 -48.292 2.220 6.373 2.220 6.798 -2.220 6.798
3 16 -52.047 -126.492 -48.292 -58.663 -15.500 -39.996 -52.047 -15.500 -48.292 2.220 6.798 -2.220 7.223 -2.220 6.798
3 16 -52.047 -126.492 -48.292 -58.663 -126.492 -39.996 -58.663 -15.500 -39.996 2.220 6.798 2.220 7.223 -2.220 7.223
3 16 -58.663 -126.492 -39.996 -63.969 -15.500 -30.806 -58.663 -15.500 -39.996 2.220 7.223 -2.220 7.648 -2.220 7.223
3 16 -58.663 -126.492 -39.996 -63.969 -126.492 -30.806 -63.969 -15.500 -30.806 2.220 7.223 2.220 7.648 -2.220 7.648
3 16 -63.969 -126.492 -30.806 -67.846 -15.500 -20.928 -63.969 -15.500 -30.806 2.220 7.648 -2.220 8.072 -2.220 7.648
3 16 -63.969 -126.492 -30.806 -67.846 -126.492 -20.928 -67.846 -15.500 -20.928 2.220 7.648 2.220 8.072 -2.220 8.072
3 16 -67.846 -126.492 -20.928 -70.207 -15.500 -10.582 -67.846 -15.500 -20.928 2.220 8.072 -2.220 8.497 -2.220 8.072
3 16 -67.846 -126.492 -20.928 -70.207 -126.492 -10.582 -70.207 -15.500 -10.582 2.220 8.072 2.220 8.497 -2.220 8.497
3 16 -70.207 -126.492 -10.582 -71.000 -15.500 0.000 -70.207 -15.500 -10.582 2.220 8.497 -2.220 8.922 -2.220 8.497
3 16 -70.207 -126.492 -10.582 -71.000 -126.492 0.000 -71.000 -15.500 0.000 2.220 8.497 2.220 8.922 -2.220 8.922
3 16 -71.000 -126.492 0.000 -70.207 -15.500 10.582 -71.000 -15.500 0.000 2.220 -8.922 -2.220 -8.497 -2.220 -8.922
3 16 -71.000 -126.492 0.000 -70.207 -126.492 10.582 -70.207 -15.500 10.582 2.220 -8.922 2.220 -8.497 -2.220 -8.497
3 16 -70.207 -126.492 10.582 -67.846 -15.500 20.928 -70.207 -15.500 10.582 2.220 -8.497 -2.220 -8.072 -2.220 -8.497
3 16 -70.207 -126.492 10.582 -67.846 -126.492 20.928 -67.846 -15.500 20.928 2.220 -8.497 2.220 -8.072 -2.220 -8.072
3 16 -67.846 -126.492 20.928 -63.969 -15.500 30.806 -67.846 -15.500 20.928 2.220 -8.072 -2.220 -7.648 -2.220 -8.072
3 16 -67.846 -126.492 20.928 -63.969 -126.492 30.806 -63.969 -15.500 30.806 2.220 -8.072 2.220 -7.648 -2.220 -7.648
3 16 -63.969 -126.492 30.806 -58.663 -15.500 39.996 -63.969 -15.500 30.806 2.220 -7.648 -2.220 -7.223 -2.220 -7.648
3 16 -63.969 -126.492 30.806 -58.663 -126.492 39.996 -58.663 -15.500 39.996 2.220 -7.648 2.220 -7.223 -2.220 -7.223
3 16 -58.663 -126.492 39.996 -52.047 -15.500 48.292 -58.663 -15.500 39.996 2.220 -7.223 -2.220 -6.798 -2.220 -7.223
3 16 -58.663 -126.492 39.996 -52.047 -126.492 48.292 -52.047 -15.500 48.292 2.220 -7.223 2.220 -6.798 -2.220 -6.798
3 16 -52.047 -126.492 48.292 -44.268 -15.500 55.510 -52.047 -15.500 48.292 2.220 -6.798 -2.220 -6.373 -2.220 -6.798
3 16 -52.047 -126.492 48.292 -44.268 -126.492 55.510 -44.268 -15.500 55.510 2.220 -6.798 2.220 -6.373 -2.220 -6.373
3 16 -44.268 -126.492 55.510 -35.500 -15.500 61.488 -44.268 -15.500 55.510 2.220 -6.373 -2.220 -5.948 -2.220 -6.373
3 16 -44.268 -126.492 55.510 -35.500 -126.492 61.488 -35.500 -15.500 61.488 2.220 -6.373 2.220 -5.948 -2.220 -5.948
3 16 -35.500 -126.492 61.488 -25.939 -15.500 66.092 -35.500 -15.500 61.488 2.220 -5.948 -2.220 -5.523 -2.220 -5.948
3 16 -35.500 -126.492 61.488 -25.939 -126.492 66.092 -25.939 -15.500 66.092 2.220 -5.948 2.220 -5.523 -2.220 -5.523
3 16 -25.939 -126.492 66.092 -15.799 -15.500 69.220 -25.939 -15.500 66.092 2.220 -5.523 -2.220 -5.098 -2.220 -5.523
3 16 -25.939 -126.492 66.092 -15.799 -126.492 69.220 -15.799 -15.500 69.220 2.220 -5.523 2.220 -5.098 -2.220 -5.098
3 16 -15.799 -126.492 69.220 -5.306 -15.500 70.801 -15.799 -15.500 69.220 2.220 -5.098 -2.220 -4.673 -2.220 -5.098
3 16 -15.799 -126.492 69.220 -5.306 -126.492 70.801 -5.306 -15.500 70.801 2.220 -5.098 2.220 -4.673 -2.220 -4.673
3 16 -5.306 -126.492 70.801 5.306 -15.500 70.801 -5.306 -15.500 70.801 2.220 -4.673 -2.220 -4.249 -2.220 -4.673
3 16 -5.306 -126.492 70.801 5.306 -126.492 70.801 5.306 -15.500 70.801 2.220 -4.673 2.220 -4.249 -2.220 -4.249
3 16 5.306 -126.492 70.801 15.799 -15.500 69.220 5.306 -15.500 70.801 2.220 -4.249 -2.220 -3.824 -2.220 -4.249
3 16 5.306 -126.492 70.801 15.799 -126.492 69.220 15.799 -15.500 69.220 2.220 -4.249 2.220 -3.824 -2.220 -3.824
3 16 15.799 -126.492 69.220 25.939 -15.500 66.092 15.799 -15.500 69.220 2.220 -3.824 -2.220 -3.399 -2.220 -3.824
3 16 15.799 -126.492 69.220 25.939 -126.492 66.092 25.939 -15.500 66.092 2.220 -3.824 2.220 -3.399 -2.220 -3.399
3 16 25.939 -126.492 66.092 35.500 -15.500 61.488 25.939 -15.500 66.092 2.220 -3.399 -2.220 -2.974 -2.220 -3.399
3 16 25.939 -126.492 66.092 35.500 -126.492 61.488 35.500 -15.500 61.488 2.220 -3.399 2.220 -2.974 -2.220 -2.974
3 16 35.500 -126.492 61.488 44.268 -15.500 55.510 35.500 -15.500 61.488 2.220 -2.974 -2.220 -2.549 -2.220 -2.974
3 16 35.500 -126.492 61.488 44.268 -126.492 55.510 44.268 -15.500 55.510 2.220 -2.974 2.220 -2.549 -2.220 -2.549
3 16 44.268 -126.492 55.510 52.047 -15.500 48.292 44.268 -15.500 55.510 2.220 -2.549 -2.220 -2.124 -2.220 -2.549
3 16 44.268 -126.492 55.510 52.047 -126.492 48.292 52.047 -15.500 48.292 2.220 -2.549 2.220 -2.124 -2.220 -2.124
3 16 52.047 -126.492 48.292 58.663 -15.500 39.996 52.047 -15.500 48.292 2.220 -2.124 -2.220 -1.699 -2.220 -2.124
3 16 52.047 -126.492 48.292 58.663 -126.492 39.996 58.663 -15.500 39.996 2.220 -2.124 2.220 -1.699 -2.220 -1.699
3 16 58.663 -126.492 39.996 63.969 -15.500 30.806 58.663 -15.500 39.996 2.220 -1.699 -2.220 -1.275 -2.220 -1.699
3 16 58.663 -126.492 39.996 63.969 -126.492 30.806 63.969 -15.500 30.806 2.220 -1.699 2.220 -1.275 -2.220 -1.275
3 16 63.969 -126.492 30.806 67.846 -15.500 20.928 63.969 -15.500 30.806 2.220 -1.275 -2.220 -0.850 -2.220 -1.275
3 16 63.969 -126.492 30.806 67.846 -126.492 20.928 67.846 -15.500 20.928 2.220 -1.275 2.220 -0.850 -2.220 -0.850
3 16 67.846 -126.492 20.928 70.207 -15.500 10.582 67.846 -15.500 20.928 2.220 -0.850 -2.220 -0.425 -2.220 -0.850
3 16 67.846 -126.492 20.928 70.207 -126.492 10.582 70.207 -15.500 10.582 2.220 -0.850 2.220 -0.425 -2.220 -0.425
3 16 78.000 -15.500 0.000 71.000 -15.500 0.000 77.206 -15.500 -11.101 0.000 0.000 0.000 -0.280 0.444 -0.032
3 16 78.000 -15.500 0.000 77.206 -15.500 11.101 71.000 -15.500 0.000 0.000 0.000 -0.444 -0.032 0.000 -0.280
3 16 77.206 -15.500 11.101 70.207 -15.500 10.582 71.000 -15.500 0.000 -0.444 -0.032 -0.423 -0.312 0.000 -0.280
3 16 77.206 -15.500 11.101 74.840 -15.500 21.975 70.207 -15.500 10.582 -0.444 -0.032 -0.879 -0.126 -0.423 -0.312
3 16 74.840 -15.500 21.975 67.846 -15.500 20.928 70.207 -15.500 10.582 -0.879 -0.126 -0.837 -0.406 -0.423 -0.312
3 16 74.840 -15.500 21.975 70.951 -15.500 32.402 67.846 -15.500 20.928 -0.879 -0.126 -1.296 -0.282 -0.837 -0.406
3 16 70.951 -15.500 32.402 63.969 -15.500 30.806 67.846 -15.500 20.928 -1.296 -0.282 -1.232 -0.561 -0.837 -0.406
3 16 70.951 -15.500 32.402 65.618 -15.500 42.170 63.969 -15.500 30.806 -1.296 -0.282 -1.687 -0.495 -1.232 -0.561
3 16 65.618 -15.500 42.170 58.663 -15.500 39.996 63.969 -15.500 30.806 -1.687 -0.495 -1.600 -0.773 -1.232 -0.561
3 16 65.618 -15.500 42.170 58.948 -15.500 51.079 58.663 -15.500 39.996 -1.687 -0.495 -2.043 -0.762 -1.600 -0.773
3 16 58.948 -15.500 51.079 52.047 -15.500 48.292 58.663 -15.500 39.996 -2.043 -0.762 -1.932 -1.038 -1.600 -0.773
3 16 58.948 -15.500 51.079 51.079 -15.500 58.948 52.047 -15.500 48.292 -2.043 -0.762 -2.358 -1.077 -1.932 -1.038
3 16 51.079 -15.500 58.948 44.268 -15.500 55.510 52.047 -15.500 48.292 -2.358 -1.077 -2.220 -1.349 -1.932 -1.038
3 16 51.079 -15.500 58.948 42.170 -15.500 65.618 44.268 -15.500 55.510 -2.358 -1.077 -2.625 -1.433 -2.220 -1.349
3 16 42.170 -15.500 65.618 35.500 -15.500 61.488 44.268 -15.500 55.510 -2.625 -1.433 -2.460 -1.700 -2.220 -1.349
3 16 42.170 -15.500 65.618 32.402 -15.500 70.951 35.500 -15.500 61.488 -2.625 -1.433 -2.838 -1.824 -2.460 -1.700
3 16 32.402 -15.500 70.951 25.939 -15.500 66.092 35.500 -15.500 61.488 -2.838 -1.824 -2.644 -2.082 -2.460 -1.700
3 16 32.402 -15.500 70.951 21.975 -15.500 74.840 25.939 -15.500 66.092 -2.838 -1.824 -2.994 -2.241 -2.644 -2.082
3 16 21.975 -15.500 74.840 15.799 -15.500 69.220 25.939 -15.500 66.092 -2.994 -2.241 -2.769 -2.488 -2.644 -2.082
3 16 21.975 -15.500 74.840 11.101 -15.500 77.206 15.799 -15.500 69.220 -2.994 -2.241 -3.088 -2.676 -2.769 -2.488
3 16 11.101 -15.500 77.206 5.306 -15.500 70.801 15.799 -15.500 69.220 -3.088 -2.676 -2.832 -2.908 -2.769 -2.488
3 16 11.101 -15.500 77.206 0.000 -15.500 78.000 5.306 -15.500 70.801 -3.088 -2.676 -3.120 -3.120 -2.832 -2.908
3 16 0.000 -15.500 78.000 -5.306 -15.500 70.801 5.306 -15.500 70.801 -3.120 -3.120 -2.832 -3.332 -2.832 -2.908
3 16 0.000 -15.500 78.000 -11.101 -15.500 77.206 -5.306 -15.500 70.801 -3.120 -3.120 -3.088 -3.564 -2.832 -3.332
3 16 -11.101 -15.500 77.206 -15.799 -15.500 69.220 -5.306 -15.500 70.801 -3.088 -3.564 -2.769 -3.752 -2.832 -3.332
3 16 -11.101 -15.500 77.206 -21.975 -15.500 74.840 -15.799 -15.500 69.220 -3.088 -3.564 -2.994 -3.999 -2.769 -3.752
3 16 -21.975 -15.500 74.840 -25.939 -15.500 66.092 -15.799 -15.500 69.220 -2.994 -3.999 -2.644 -4.158 -2.769 -3.752
3 16 -21.975 -15.500 74.840 -32.402 -15.500 70.951 -25.939 -15.500 66.092 -2.994 -3.999 -2.838 -4.416 -2.644 -4.158
3 16 -32.402 -15.500 70.951 -35.500 -15.500 61.488 -25.939 -15.500 66.092 -2.838 -4.416 -2.460 -4.540 -2.644 -4.158
3 16 -32.402 -15.500 70.951 -42.170 -15.500 65.618 -35.500 -15.500 61.488 -2.838 -4.416 -2.625 -4.807 -2.460 -4.540
3 16 -42.170 -15.500 65.618 -44.268 -15.500 55.510 -35.500 -15.500 61.488 -2.625 -4.807 -2.220 -4.891 -2.460 -4.540
3 16 -42.170 -15.500 65.618 -51.079 -15.500 58.948 -44.268 -15.500 55.510 -2.625 -4.807 -2.358 -5.163 -2.220 -4.891
3 16 -51.079 -15.500 58.948 -52.047 -15.500 48.292 -44.268 -15.500 55.510 -2.358 -5.163 -1.932 -5.202 -2.220 -4.891
3 16 -51.079 -15.500 58.948 -58.948 -15.500 51.079 -52.047 -15.500 48.292 -2.358 -5.163 -2.043 -5.478 -1.932 -5.202
3 16 -58.948 -15.500 51.079 -58.663 -15.500 39.996 -52.047 -15.500 48.292 -2.043 -5.478 -1.600 -5.467 -1.932 -5.202
3 16 -58.948 -15.500 51.079 -65.618 -15.500 42.170 -58.663 -15.500 39.996 -2.043 -5.478 -1.687 -5.745 -1.600 -5.467
3 16 -65.618 -15.500 42.170 -63.969 -15.500 30.806 -58.663 -15.500 39.996 -1.687 -5.745 -1.232 -5.679 -1.600 -5.467
3 16 -65.618 -15.500 42.170 -70.951 -15.500 32.402 -63.969 -15.500 30.806 -1.687 -5.745 -1.296 -5.958 -1.232 -5.679
3 16 -70.951 -15.500 32.402 -67.846 -15.500 20.928 -63.969 -15.500 30.806 -1.296 -5.958 -0.837 -5.834 -1.232 -5.679
3 16 -70.951 -15.500 32.402 -74.840 -15.500 21.975 -67.846 -15.500 20.928 -1.296 -5.958 -0.879 -6.114 -0.837 -5.834
3 16 -74.840 -15.500 21.975 -70.207 -15.500 10.582 -67.846 -15.500 20.928 -0.879 -6.114 -0.423 -5.928 -0.837 -5.834
3 16 -74.840 -15.500 21.975 -77.206 -15.500 11.101 -70.207 -15.500 10.582 -0.879 -6.114 -0.444 -6.208 -0.423 -5.928
3 16 -77.206 -15.500 11.101 -71.000 -15.500 0.000 -70.207 -15.500 10.582 -0.444 -6.208 0.000 -5.960 -0.423 -5.928
3 16 -77.206 -15.500 11.101 -78.000 -15.500 0.000 -71.000 -15.500 0.000 -0.444 -6.208 0.000 -6.240 0.000 -5.960
3 16 -78.000 -15.500 0.000 -77.206 -15.500 -11.101 -71.000 -15.500 0.000 0.000 -6.240 0.444 -6.208 0.000 -5.960
3 16 -77.206 -15.500 -11.101 -70.207 -15.500 -10.582 -71.000 -15.500 0.000 0.444 -6.208 0.423 -5.928 0.000 -5.960
3 16 -77.206 -15.500 -11.101 -74.840 -15.500 -21.975 -70.207 -15.500 -10.582 0.444 -6.208 0.879 -6.114 0.423 -5.928
3 16 -74.840 -15.500 -21.975 -67.846 -15.500 -20.928 -70.207 -15.500 -10.582 0.879 -6.114 0.837 -5.834 0.423 -5.928
3 16 -74.840 -15.500 -21.975 -70.951 -15.500 -32.402 -67.846 -15.500 -20.928 0.879 -6.114 1.296 -5.958 0.837 -5.834
3 16 -70.951 -15.500 -32.402 -63.969 -15.500 -30.806 -67.846 -15.500 -20.928 1.296 -5.958 1.232 -5.679 0.837 -5.834
3 16 -70.951 -15.500 -32.402 -65.618 -15.500 -42.170 -63.969 -15.500 -30.806 1.296 -5.958 1.687 -5.745 1.232 -5.679
3 16 -65.618 -15.500 -42.170 -58.663 -15.500 -39.996 -63.969 -15.500 -30.806 1.687 -5.745 1.600 -5.467 1.232 -5.679
3 16 -65.618 -15.500 -42.170 -58.948 -15.500 -51.079 -58.663 -15.500 -39.996 1.687 -5.745 2.043 -5.478 1.600 -5.467
3 16 -58.948 -15.500 -51.079 -52.047 -15.500 -48.292 -58.663 -15.500 -39.996 2.043 -5.478 1.932 -5.202 1.600 -5.467
3 16 -58.948 -15.500 -51.079 -51.079 -15.500 -58.948 -52.047 -15.500 -48.292 2.043 -5.478 2.358 -5.163 1.932 -5.202
3 16 -51.079 -15.500 -58.948 -44.268 -15.500 -55.510 -52.047 -15.500 -48.292 2.358 -5.163 2.220 -4.891 1.932 -5.202
3 16 -51.079 -15.500 -58.948 -42.170 -15.500 -65.618 -44.268 -15.500 -55.510 2.358 -5.163 2.625 -4.807 2.220 -4.891
3 16 -42.170 -15.500 -65.618 -35.500 -15.500 -61.488 -44.268 -15.500 -55.510 2.625 -4.807 2.460 -4.540 2.220 -4.891
3 16 -42.170 -15.500 -65.618 -32.402 -15.500 -70.951 -35.500 -15.500 -61.488 2.625 -4.807 2.838 -4.416 2.460 -4.540
3 16 -32.402 -15.500 -70.951 -25.939 -15.500 -66.092 -35.500 -15.500 -61.488 2.838 -4.416 2.644 -4.158 2.460 -4.540
3 16 -32.402 -15.500 -70.951 -21.975 -15.500 -74.840 -25.939 -15.500 -66.092 2.838 -4.416 2.994 -3.999 2.644 -4.158
3 16 -21.975 -15.500 -74.840 -15.799 -15.500 -69.220 -25.939 -15.500 -66.092 2.994 -3.999 2.769 -3.752 2.644 -4.158
3 16 -21.975 -15.500 -74.840 -11.101 -15.500 -77.206 -15.799 -15.500 -69.220 2.994 -3.999 3.088 -3.564 2.769 -3.752
3 16 -11.101 -15.500 -77.206 -5.306 -15.500 -70.801 -15.799 -15.500 -69.220 3.088 -3.564 2.832 -3.332 2.769 -3.752
3 16 -11.101 -15.500 -77.206 0.000 -15.500 -78.000 -5.306 -15.500 -70.801 3.088 -3.564 3.120 -3.120 2.832 -3.332
3 16 0.000 -15.500 -78.000 5.306 -15.500 -70.801 -5.306 -15.500 -70.801 3.120 -3.120 2.832 -2.908 2.832 -3.332
3 16 0.000 -15.500 -78.000 11.101 -15.500 -77.206 5.306 -15.500 -70.801 3.120 -3.120 3.088 -2.676 2.832 -2.908
3 16 11.101 -15.500 -77.206 15.799 -15.500 -69.220 5.306 -15.500 -70.801 3.088 -2.676 2.769 -2.488 2.832 -2.908
3 16 11.101 -15.500 -77.206 21.975 -15.500 -74.840 15.799 -15.500 -69.220 3.088 -2.676 2.994 -2.241 2.769 -2.488
3 16 21.975 -15.500 -74.840 25.939 -15.500 -66.092 15.799 -15.500 -69.220 2.994 -2.241 2.644 -2.082 2.769 -2.488
3 16 21.975 -15.500 -74.840 32.402 -15.500 -70.951 25.939 -15.500 -66.092 2.994 -2.241 2.838 -1.824 2.644 -2.082
3 16 32.402 -15.500 -70.951 35.500 -15.500 -61.488 25.939 -15.500 -66.092 2.838 -1.824 2.460 -1.700 2.644 -2.082
3 16 32.402 -15.500 -70.951 42.170 -15.500 -65.618 35.500 -15.500 -61.488 2.838 -1.824 2.625 -1.433 2.460 -1.700
3 16 42.170 -15.500 -65.618 44.268 -15.500 -55.510 35.500 -15.500 -61.488 2.625 -1.433 2.220 -1.349 2.460 -1.700
3 16 42.170 -15.500 -65.618 51.079 -15.500 -58.948 44.268 -15.500 -55.510 2.625 -1.433 2.358 -1.077 2.220 -1.349
3 16 51.079 -15.500 -58.948 52.047 -15.500 -48.292 44.268 -15.500 -55.510 2.358 -1.077 1.932 -1.038 2.220 -1.349
3 16 51.079 -15.500 -58.948 58.948 -15.500 -51.079 52.047 -15.500 -48.292 2.358 -1.077 2.043 -0.762 1.932 -1.038
3 16 58.948 -15.500 -51.079 58.663 -15.500 -39.996 52.047 -15.500 -48.292 2.043 -0.762 1.600 -0.773 1.932 -1.038
3 16 58.948 -15.500 -51.079 65.618 -15.500 -42.170 58.663 -15.500 -39.996 2.043 -0.762 1.687 -0.495 1.600 -0.773
3 16 65.618 -15.500 -42.170 63.969 -15.500 -30.806 58.663 -15.500 -39.996 1.687 -0.495 1.232 -0.561 1.600 -0.773
3 16 65.618 -15.500 -42.170 70.951 -15.500 -32.402 63.969 -15.500 -30.806 1.687 -0.495 1.296 -0.282 1.232 -0.561
3 16 70.951 -15.500 -32.402 67.846 -15.500 -20.928 63.969 -15.500 -30.806 1.296 -0.282 0.837 -0.406 1.232 -0.561
3 16 70.951 -15.500 -32.402 74.840 -15.500 -21.975 67.846 -15.500 -20.928 1.296 -0.282 0.879 -0.126 0.837 -0.406
3 16 74.840 -15.500 -21.975 70.207 -15.500 -10.582 67.846 -15.500 -20.928 0.879 -0.126 0.423 -0.312 0.837 -0.406
3 16 74.840 -15.500 -21.975 77.206 -15.500 -11.101 70.207 -15.500 -10.582 0.879 -0.126 0.444 -0.032 0.423 -0.312
3 16 77.206 -15.500 -11.101 71.000 -15.500 0.000 70.207 -15.500 -10.582 0.444 -0.032 0.000 -0.280 0.423 -0.312
3 16 77.206 -15.500 11.101 78.000 -10.500 0.000 77.206 -10.500 11.101 0.100 -0.446 -0.100 0.000 -0.100 -0.446
3 16 77.206 -15.500 11.101 78.000 -15.500 0.000 78.000 -10.500 0.000 0.100 -0.446 0.100 0.000 -0.100 0.000
3 16 78.000 -15.500 0.000 77.206 -10.500 -11.101 78.000 -10.500 0.000 0.100 0.000 -0.100 0.446 -0.100 0.000
3 16 78.000 -15.500 0.000 77.206 -15.500 -11.101 77.206 -10.500 -11.101 0.100 0.000 0.100 0.446 -0.100 0.446
3 16 77.206 -15.500 -11.101 74.840 -10.500 -21.975 77.206 -10.500 -11.101 0.100 0.446 -0.100 0.891 -0.100 0.446
3 16 77.206 -15.500 -11.101 74.840 -15.500 -21.975 74.840 -10.500 -21.975 0.100 0.446 0.100 0.891 -0.100 0.891
3 16 74.840 -15.500 -21.975 70.951 -10.500 -32.402 74.840 -10.500 -21.975 0.100 0.891 -0.100 1.337 -0.100 0.891
3 16 74.840 -15.500 -21.975 70.951 -15.500 -32.402 70.951 -10.500 -32.402 0.100 0.891 0.100 1.337 -0.100 1.337
3 16 70.951 -15.500 -32.402 65.618 -10.500 -42.170 70.951 -10.500 -32.402 0.100 1.337 -0.100 1.782 -0.100 1.337
3 16 70.951 -15.500 -32.402 65.618 -15.500 -42.170 65.618 -10.500 -42.170 0.100 1.337 0.100 1.782 -0.100 1.782
3 16 65.618 -15.500 -42.170 58.948 -10.500 -51.079 65.618 -10.500 -42.170 0.100 1.782 -0.100 2.228 -0.100 1.782
3 16 65.618 -15.500 -42.170 58.948 -15.500 -51.079 58.948 -10.500 -51.079 0.100 1.782 0.100 2.228 -0.100 2.228
3 16 58.948 -15.500 -51.079 51.079 -10.500 -58.948 58.948 -10.500 -51.079 0.100 2.228 -0.100 2.673 -0.100 2.228
3 16 58.948 -15.500 -51.079 51.079 -15.500 -58.948 51.079 -10.500 -58.948 0.100 2.228 0.100 2.673 -0.100 2.673
3 16 51.079 -15.500 -58.948 42.170 -10.500 -65.618 51.079 -10.500 -58.948 0.100 2.673 -0.100 3.119 -0.100 2.673
3 16 51.079 -15.500 -58.948 42.170 -15.500 -65.618 42.170 -10.500 -65.618 0.100 2.673 0.100 3.119 -0.100 3.119
3 16 42.170 -15.500 -65.618 32.402 -10.500 -70.951 42.170 -10.500 -65.618 0.100 3.119 -0.100 3.564 -0.100 3.119
3 16 42.170 -15.500 -65.618 32.402 -15.500 -70.951 32.402 -10.500 -70.951 0.100 3.119 0.100 3.564 -0.100 3.564
3 16 32.402 -15.500 -70.951 21.975 -10.500 -74.840 32.402 -10.500 -70.951 0.100 3.564 -0.100 4.010 -0.100 3.564
3 16 32.402 -15.500 -70.951 21.975 -15.500 -74.840 21.975 -10.500 -74.840 0.100 3.564 0.100 4.010 -0.100 4.010
3 16 21.975 -15.500 -74.840 11.101 -10.500 -77.206 21.975 -10.500 -74.840 0.100 4.010 -0.100 4.455 -0.100 4.010
3 16 21.975 -15.500 -74.840 11.101 -15.500 -77.206 11.101 -10.500 -77.206 0.100 4.010 0.100 4.455 -0.100 4.455
3 16 11.101 -15.500 -77.206 0.000 -10.500 -78.000 11.101 -10.500 -77.206 0.100 4.455 -0.100 4.901 -0.100 4.455
3 16 11.101 -15.500 -77.206 0.000 -15.500 -78.000 0.000 -10.500 -78.000 0.100 4.455 0.100 4.901 -0.100 4.901
3 16 0.000 -15.500 -78.000 -11.101 -10.500 -77.206 0.000 -10.500 -78.000 0.100 4.901 -0.100 5.346 -0.100 4.901
3 16 0.000 -15.500 -78.000 -11.101 -15.500 -77.206 -11.101 -10.500 -77.206 0.100 4.901 0.100 5.346 -0.100 5.346
3 16 -11.101 -15.500 -77.206 -21.975 -10.500 -74.840 -11.101 -10.500 -77.206 0.100 5.346 -0.100 5.792 -0.100 5.346
3 16 -11.101 -15.500 -77.206 -21.975 -15.500 -74.840 -21.975 -10.500 -74.840 0.100 5.346 0.100 5.792 -0.100 5.792
3 16 -21.975 -15.500 -74.840 -32.402 -10.500 -70.951 -21.975 -10.500 -74.840 0.100 5.792 -0.100 6.237 -0.100 5.792
3 16 -21.975 -15.500 -74.840 -32.402 -15.500 -70.951 -32.402 -10.500 -70.951 0.100 5.792 0.100 6.237 -0.100 6.237
3 16 -32.402 -15.500 -70.951 -42.170 -10.500 -65.618 -32.402 -10.500 -70.951 0.100 6.237 -0.100 6.683 -0.100 6.237
3 16 -32.402 -15.500 -70.951 -42.170 -15.500 -65.618 -42.170 -10.500 -65.618 0.100 6.237 0.100 6.683 -0.100 6.683
3 16 -42.170 -15.500 -65.618 -51.079 -10.500 -58.948 -42.170 -10.500 -65.618 0.100 6.683 -0.100 7.129 -0.100 6.683
3 16 -42.170 -15.500 -65.618 -51.079 -15.500 -58.948 -51.079 -10.500 -58.948 0.100 6.683 0.100 7.129 -0.100 7.129
3 16 -51.079 -15.500 -58.948 -58.948 -10.500 -51.079 -51.079 -10.500 -58.948 0.100 7.129 -0.100 7.574 -0.100 7.129
3 16 -51.079 -15.500 -58.948 -58.948 -15.500 -51.079 -58.948 -10.500 -51.079 0.100 7.129 0.100 7.574 -0.100 7.574
3 16 -58.948 -15.500 -51.079 -65.618 -10.500 -42.170 -58.948 -10.500 -51.079 0.100 7.574 -0.100 8.020 -0.100 7.574
3 16 -58.948 -15.500 -51.079 -65.618 -15.500 -42.170 -65.618 -10.500 -42.170 0.100 7.574 0.100 8.020 -0.100 8.020
3 16 -65.618 -15.500 -42.170 -70.951 -10.500 -32.402 -65.618 -10.500 -42.170 0.100 8.020 -0.100 8.465 -0.100 8.020
3 16 -65.618 -15.500 -42.170 -70.951 -15.500 -32.402 -70.951 -10.500 -32.402 0.100 8.020 0.100 8.465 -0.100 8.465
3 16 -70.951 -15.500 -32.402 -74.840 -10.500 -21.975 -70.951 -10.500 -32.402 0.100 8.465 -0.100 8.911 -0.100 8.465
3 16 -70.951 -15.500 -32.402 -74.840 -15.500 -21.975 -74.840 -10.500 -21.975 0.100 8.465 0.100 8.911 -0.100 8.911
3 16 -74.840 -15.500 -21.975 -77.206 -10.500 -11.101 -74.840 -10.500 -21.975 0.100 8.911 -0.100 9.356 -0.100 8.911
3 16 -74.840 -15.500 -21.975 -77.206 -15.500 -11.101 -77.206 -10.500 -11.101 0.100 8.911 0.100 9.356 -0.100 9.356
3 16 -77.206 -15.500 -11.101 -78.000 -10.500 0.000 -77.206 -10.500 -11.101 0.100 9.356 -0.100 9.802 -0.100 9.356
3 16 -77.206 -15.500 -11.101 -78.000 -15.500 0.000 -78.000 -10.500 0.000 0.100 9.356 0.100 9.802 -0.100 9.802
3 16 -78.000 -15.500 0.000 -77.206 -10.500 11.101 -78.000 -10.500 0.000 0.100 -9.802 -0.100 -9.356 -0.100 -9.802
3 16 -78.000 -15.500 0.000 -77.206 -15.500 11.101 -77.206 -10.500 11.101 0.100 -9.802 0.100 -9.356 -0.100 -9.356
3 16 -77.206 -15.500 11.101 -74.840 -10.500 21.975 -77.206 -10.500 11.101 0.100 -9.356 -0.100 -8.911 -0.100 -9.356
3 16 -77.206 -15.500 11.101 -74.840 -15.500 21.975 -74.840 -10.500 21.975 0.100 -9.356 0.100 -8.911 -0.100 -8.911
3 16 -74.840 -15.500 21.975 -70.951 -10.500 32.402 -74.840 -10.500 21.975 0.100 -8.911 -0.100 -8.465 -0.100 -8.911
3 16 -74.840 -15.500 21.975 -70.951 -15.500 32.402 -70.951 -10.500 32.402 0.100 -8.911 0.100 -8.465 -0.100 -8.465
3 16 -70.951 -15.500 32.402 -65.618 -10.500 42.170 -70.951 -10.500 32.402 0.100 -8.465 -0.100 -8.020 -0.100 -8.465
3 16 -70.951 -15.500 32.402 -65.618 -15.500 42.170 -65.618 -10.500 42.170 0.100 -8.465 0.100 -8.020 -0.100 -8.020
3 16 -65.618 -15.500 42.170 -58.948 -10.500 51.079 -65.618 -10.500 42.170 0.100 -8.020 -0.100 -7.574 -0.100 -8.020
3 16 -65.618 -15.500 42.170 -58.948 -15.500 51.079 -58.948 -10.500 51.079 0.100 -8.020 0.100 -7.574 -0.100 -7.574
3 16 -58.948 -15.500 51.079 -51.079 -10.500 58.948 -58.948 -10.500 51.079 0.100 -7.574 -0.100 -7.129 -0.100 -7.574
3 16 -58.948 -15.500 51.079 -51.079 -15.500 58.948 -51.079 -10.500 58.948 0.100 -7.574 0.100 -7.129 -0.100 -7.129
3 16 -51.079 -15.500 58.948 -42.170 -10.500 65.618 -51.079 -10.500 58.948 0.100 -7.129 -0.100 -6.683 -0.100 -7.129
3 16 -51.079 -15.500 58.948 -42.170 -15.500 65.618 -42.170 -10.500 65.618 0.100 -7.129 0.100 -6.683 -0.100 -6.683
3 16 -42.170 -15.500 65.618 -32.402 -10.500 70.951 -42.170 -10.500 65.618 0.100 -6.683 -0.100 -6.237 -0.100 -6.683
3 16 -42.170 -15.500 65.618 -32.402 -15.500 70.951 -32.402 -10.500 70.951 0.100 -6.683 0.100 -6.237 -0.100 -6.237
3 16 -32.402 -15.500 70.951 -21.975 -10.500 74.840 -32.402 -10.500 70.951 0.100 -6.237 -0.100 -5.792 -0.100 -6.237
3 16 -32.402 -15.500 70.951 -21.975 -15.500 74.840 -21.975 -10.500 74.840 0.100 -6.237 0.100 -5.792 -0.100 -5.792
3 16 -21.975 -15.500 74.840 -11.101 -10.500 77.206 -21.975 -10.500 74.840 0.100 -5.792 -0.100 -5.346 -0.100 -5.792
3 16 -21.975 -15.500 74.840 -11.101 -15.500 77.206 -11.101 -10.500 77.206 0.100 -5.792 0.100 -5.346 -0.100 -5.346
3 16 -11.101 -15.500 77.206 0.000 -10.500 78.000 -11.101 -10.500 77.206 0.100 -5.346 -0.100 -4.901 -0.100 -5.346
3 16 -11.101 -15.500 77.206 0.000 -15.500 78.000 0.000 -10.500 78.000 0.100 -5.346 0.100 -4.901 -0.100 -4.901
3 16 0.000 -15.500 78.000 11.101 -10.500 77.206 0.000 -10.500 78.000 0.100 -4.901 -0.100 -4.455 -0.100 -4.901
3 16 0.000 -15.500 78.000 11.101 -15.500 77.206 11.101 -10.500 77.206 0.100 -4.901 0.100 -4.455 -0.100 -4.455
3 16 11.101 -15.500 77.206 21.975 -10.500 74.840 11.101 -10.500 77.206 0.100 -4.455 -0.100 -4.010 -0.100 -4.455
3 16 11.101 -15.500 77.206 21.975 -15.500 74.840 21.975 -10.500 74.840 0.100 -4.455 0.100 -4.010 -0.100 -4.010
3 16 21.975 -15.500 74.840 32.402 -10.500 70.951 21.975 -10.500 74.840 0.100 -4.010 -0.100 -3.564 -0.100 -4.010
3 16 21.975 -15.500 74.840 32.402 -15.500 70.951 32.402 -10.500 70.951 0.100 -4.010 0.100 -3.564 -0.100 -3.564
3 16 32.402 -15.500 70.951 42.170 -10.500 65.618 32.402 -10.500 70.951 0.100 -3.564 -0.100 -3.119 -0.100 -3.564
3 16 32.402 -15.500 70.951 42.170 -15.500 65.618 42.170 -10.500 65.618 0.100 -3.564 0.100 -3.119 -0.100 -3.119
3 16 42.170 -15.500 65.618 51.079 -10.500 58.948 42.170 -10.500 65.618 0.100 -3.119 -0.100 -2.673 -0.100 -3.119
3 16 42.170 -15.500 65.618 51.079 -15.500 58.948 51.079 -10.500 58.948 0.100 -3.119 0.100 -2.673 -0.100 -2.673
3 16 51.079 -15.500 58.948 58.948 -10.500 51.079 51.079 -10.500 58.948 0.100 -2.673 -0.100 -2.228 -0.100 -2.673
3 16 51.079 -15.500 58.948 58.948 -15.500 51.079 58.948 -10.500 51.079 0.100 -2.673 0.100 -2.228 -0.100 -2.228
3 16 58.948 -15.500 51.079 65.618 -10.500 42.170 58.948 -10.500 51.079 0.100 -2.228 -0.100 -1.782 -0.100 -2.228
3 16 58.948 -15.500 51.079 65.618 -15.500 42.170 65.618 -10.500 42.170 0.100 -2.228 0.100 -1.782 -0.100 -1.782
3 16 65.618 -15.500 42.170 70.951 -10.500 32.402 65.618 -10.500 42.170 0.100 -1.782 -0.100 -1.337 -0.100 -1.782
3 16 65.618 -15.500 42.170 70.951 -15.500 32.402 70.951 -10.500 32.402 0.100 -1.782 0.100 -1.337 -0.100 -1.337
3 16 70.951 -15.500 32.402 74.840 -10.500 21.975 70.951 -10.500 32.402 0.100 -1.337 -0.100 -0.891 -0.100 -1.337
3 16 70.951 -15.500 32.402 74.840 -15.500 21.975 74.840 -10.500 21.975 0.100 -1.337 0.100 -0.891 -0.100 -0.891
3 16 74.840 -15.500 21.975 77.206 -10.500 11.101 74.840 -10.500 21.975 0.100 -0.891 -0.100 -0.446 -0.100 -0.891
3 16 74.840 -15.500 21.975 77.206 -15.500 11.101 77.206 -10.500 11.101 0.100 -0.891 0.100 -0.446 -0.100 -0.446
3 16 77.206 -10.500 11.101 75.000 -10.500 0.000 74.201 -10.500 10.920 0.444 0.088 0.000 0.000 0.437 -0.032
3 16 77.206 -10.500 11.101 78.000 -10.500 0.000 75.000 -10.500 0.000 0.444 0.088 0.000 0.120 0.000 0.000
3 16 78.000 -10.500 0.000 77.206 -10.500 -11.101 75.000 -10.500 0.000 0.000 0.120 -0.444 0.088 0.000 0.000
3 16 74.201 -10.500 10.920 74.840 -10.500 21.975 77.206 -10.500 11.101 0.437 -0.032 0.879 -0.006 0.444 0.088
3 16 74.201 -10.500 10.920 71.820 -10.500 21.607 74.840 -10.500 21.975 0.437 -0.032 0.864 -0.127 0.879 -0.006
3 16 71.820 -10.500 21.607 70.951 -10.500 32.402 74.840 -10.500 21.975 0.864 -0.127 1.296 -0.162 0.879 -0.006
3 16 71.820 -10.500 21.607 67.909 -10.500 31.834 70.951 -10.500 32.402 0.864 -0.127 1.273 -0.284 1.296 -0.162
3 16 67.909 -10.500 31.834 65.618 -10.500 42.170 70.951 -10.500 32.402 1.273 -0.284 1.687 -0.375 1.296 -0.162
3 16 67.909 -10.500 31.834 62.550 -10.500 41.383 65.618 -10.500 42.170 1.273 -0.284 1.655 -0.498 1.687 -0.375
3 16 62.550 -10.500 41.383 58.948 -10.500 51.079 65.618 -10.500 42.170 1.655 -0.498 2.043 -0.642 1.687 -0.375
3 16 62.550 -10.500 41.383 55.858 -10.500 50.049 58.948 -10.500 51.079 1.655 -0.498 2.002 -0.766 2.043 -0.642
3 16 55.858 -10.500 50.049 51.079 -10.500 58.948 58.948 -10.500 51.079 2.002 -0.766 2.358 -0.957 2.043 -0.642
3 16 55.858 -10.500 50.049 47.975 -10.500 57.649 51.079 -10.500 58.948 2.002 -0.766 2.306 -1.081 2.358 -0.957
3 16 47.975 -10.500 57.649 42.170 -10.500 65.618 51.079 -10.500 58.948 2.306 -1.081 2.625 -1.313 2.358 -0.957
3 16 47.975 -10.500 57.649 39.071 -10.500 64.019 42.170 -10.500 65.618 2.306 -1.081 2.561 -1.437 2.625 -1.313
3 16 39.071 -10.500 64.019 32.402 -10.500 70.951 42.170 -10.500 65.618 2.561 -1.437 2.838 -1.704 2.625 -1.313
3 16 39.071 -10.500 64.019 29.333 -10.500 69.026 32.402 -10.500 70.951 2.561 -1.437 2.761 -1.827 2.838 -1.704
3 16 29.333 -10.500 69.026 21.975 -10.500 74.840 32.402 -10.500 70.951 2.761 -1.827 2.994 -2.121 2.838 -1.704
3 16 29.333 -10.500 69.026 18.970 -10.500 72.561 21.975 -10.500 74.840 2.761 -1.827 2.902 -2.241 2.994 -2.121
3 16 18.970 -10.500 72.561 11.101 -10.500 77.206 21.975 -10.500 74.840 2.902 -2.241 3.088 -2.556 2.994 -2.121
3 16 18.970 -10.500 72.561 8.203 -10.500 74.550 11.101 -10.500 77.206 2.902 -2.241 2.982 -2.672 3.088 -2.556
3 16 8.203 -10.500 74.550 0.000 -10.500 78.000 11.101 -10.500 77.206 2.982 -2.672 3.120 -3.000 3.088 -2.556
3 16 8.203 -10.500 74.550 -2.739 -10.500 74.950 0.000 -10.500 78.000 2.982 -2.672 2.998 -3.110 3.120 -3.000
3 16 -2.739 -10.500 74.950 -11.101 -10.500 77.206 0.000 -10.500 78.000 2.998 -3.110 3.088 -3.444 3.120 -3.000
3 16 -2.739 -10.500 74.950 -13.623 -10.500 73.752 -11.101 -10.500 77.206 2.998 -3.110 2.950 -3.545 3.088 -3.444
3 16 -13.623 -10.500 73.752 -21.975 -10.500 74.840 -11.101 -10.500 77.206 2.950 -3.545 2.994 -3.879 3.088 -3.444
3 16 -13.623 -10.500 73.752 -24.216 -10.500 70.983 -21.975 -10.500 74.840 2.950 -3.545 2.839 -3.969 2.994 -3.879
3 16 -24.216 -10.500 70.983 -32.402 -10.500 70.951 -21.975 -10.500 74.840 2.839 -3.969 2.838 -4.296 2.994 -3.879
3 16 -24.216 -10.500 70.983 -34.293 -10.500 66.701 -32.402 -10.500 70.951 2.839 -3.969 2.668 -4.372 2.838 -4.296
3 16 -34.293 -10.500 66.701 -42.170 -10.500 65.618 -32.402 -10.500 70.951 2.668 -4.372 2.625 -4.687 2.838 -4.296
3 16 -34.293 -10.500 66.701 -43.639 -10.500 60.997 -42.170 -10.500 65.618 2.668 -4.372 2.440 -4.746 2.625 -4.687
3 16 -43.639 -10.500 60.997 -51.079 -10.500 58.948 -42.170 -10.500 65.618 2.440 -4.746 2.358 -5.043 2.625 -4.687
3 16 -43.639 -10.500 60.997 -52.056 -10.500 53.993 -51.079 -10.500 58.948 2.440 -4.746 2.160 -5.082 2.358 -5.043
3 16 -52.056 -10.500 53.993 -58.948 -10.500 51.079 -51.079 -10.500 58.948 2.160 -5.082 2.043 -5.358 2.358 -5.043
3 16 -52.056 -10.500 53.993 -59.362 -10.500 45.838 -58.948 -10.500 51.079 2.160 -5.082 1.834 -5.374 2.043 -5.358
3 16 -59.362 -10.500 45.838 -65.618 -10.500 42.170 -58.948 -10.500 51.079 1.834 -5.374 1.687 -5.625 2.043 -5.358
3 16 -59.362 -10.500 45.838 -65.404 -10.500 36.706 -65.618 -10.500 42.170 1.834 -5.374 1.468 -5.616 1.687 -5.625
3 16 -65.404 -10.500 36.706 -70.951 -10.500 32.402 -65.618 -10.500 42.170 1.468 -5.616 1.296 -5.838 1.687 -5.625
3 16 -65.404 -10.500 36.706 -70.051 -10.500 26.792 -70.951 -10.500 32.402 1.468 -5.616 1.072 -5.802 1.296 -5.838
3 16 -70.051 -10.500 26.792 -74.840 -10.500 21.975 -70.951 -10.500 32.402 1.072 -5.802 0.879 -5.994 1.296 -5.838
3 16 -70.051 -10.500 26.792 -73.206 -10.500 16.307 -74.840 -10.500 21.975 1.072 -5.802 0.652 -5.928 0.879 -5.994
3 16 -73.206 -10.500 16.307 -77.206 -10.500 11.101 -74.840 -10.500 21.975 0.652 -5.928 0.444 -6.088 0.879 -5.994
3 16 -73.206 -10.500 16.307 -74.800 -10.500 5.475 -77.206 -10.500 11.101 0.652 -5.928 0.219 -5.992 0.444 -6.088
3 16 -74.800 -10.500 5.475 -78.000 -10.500 0.000 -77.206 -10.500 11.101 0.219 -5.992 0.000 -6.120 0.444 -6.088
3 16 -74.800 -10.500 5.475 -74.800 -10.500 -5.475 -78.000 -10.500 0.000 0.219 -5.992 -0.219 -5.992 0.000 -6.120
3 16 -74.800 -10.500 -5.475 -77.206 -10.500 -11.101 -78.000 -10.500 0.000 -0.219 -5.992 -0.444 -6.088 0.000 -6.120
3 16 -74.800 -10.500 -5.475 -73.206 -10.500 -16.307 -77.206 -10.500 -11.101 -0.219 -5.992 -0.652 -5.928 -0.444 -6.088
3 16 -73.206 -10.500 -16.307 -74.840 -10.500 -21.975 -77.206 -10.500 -11.101 -0.652 -5.928 -0.879 -5.994 -0.444 -6.088
3 16 -73.206 -10.500 -16.307 -70.051 -10.500 -26.792 -74.840 -10.500 -21.975 -0.652 -5.928 -1.072 -5.802 -0.879 -5.994
3 16 -70.051 -10.500 -26.792 -70.951 -10.500 -32.402 -74.840 -10.500 -21.975 -1.072 -5.802 -1.296 -5.838 -0.879 -5.994
3 16 -70.051 -10.500 -26.792 -65.404 -10.500 -36.706 -70.951 -10.500 -32.402 -1.072 -5.802 -1.468 -5.616 -1.296 -5.838
3 16 -65.404 -10.500 -36.706 -65.618 -10.500 -42.170 -70.951 -10.500 -32.402 -1.468 -5.616 -1.687 -5.625 -1.296 -5.838
3 16 -65.404 -10.500 -36.706 -59.362 -10.500 -45.838 -65.618 -10.500 -42.170 -1.468 -5.616 -1.834 -5.374 -1.687 -5.625
3 16 -59.362 -10.500 -45.838 -58.948 -10.500 -51.079 -65.618 -10.500 -42.170 -1.834 -5.374 -2.043 -5.358 -1.687 -5.625
3 16 -59.362 -10.500 -45.838 -52.056 -10.500 -53.993 -58.948 -10.500 -51.079 -1.834 -5.374 -2.160 -5.082 -2.043 -5.358
3 16 -52.056 -10.500 -53.993 -51.079 -10.500 -58.948 -58.948 -10.500 -51.079 -2.160 -5.082 -2.358 -5.043 -2.043 -5.358
3 16 -52.056 -10.500 -53.993 -43.639 -10.500 -60.997 -51.079 -10.500 -58.948 -2.160 -5.082 -2.440 -4.746 -2.358 -5.043
3 16 -43.639 -10.500 -60.997 -42.170 -10.500 -65.618 -51.079 -10.500 -58.948 -2.440 -4.746 -2.625 -4.687 -2.358 -5.043
3 16 -43.639 -10.500 -60.997 -34.293 -10.500 -66.701 -42.170 -10.500 -65.618 -2.440 -4.746 -2.668 -4.372 -2.625 -4.687
3 16 -34.293 -10.500 -66.701 -32.402 -10.500 -70.951 -42.170 -10.500 -65.618 -2.668 -4.372 -2.838 -4.296 -2.625 -4.687
3 16 -34.293 -10.500 -66.701 -24.216 -10.500 -70.983 -32.402 -10.500 -70.951 -2.668 -4.372 -2.839 -3.969 -2.838 -4.296
3 16 -24.216 -10.500 -70.983 -21.975 -10.500 -74.840 -32.402 -10.500 -70.951 -2.839 -3.969 -2.994 -3.879 -2.838 -4.296
3 16 -24.216 -10.500 -70.983 -13.623 -10.500 -73.752 -21.975 -10.500 -74.840 -2.839 -3.969 -2.950 -3.545 -2.994 -3.879
3 16 -13.623 -10.500 -73.752 -11.101 -10.500 -77.206 -21.975 -10.500 -74.840 -2.950 -3.545 -3.088 -3.444 -2.994 -3.879
3 16 -13.623 -10.500 -73.752 -2.739 -10.500 -74.950 -11.101 -10.500 -77.206 -2.950 -3.545 -2.998 -3.110 -3.088 -3.444
3 16 -2.739 -10.500 -74.950 0.000 -10.500 -78.000 -11.101 -10.500 -77.206 -2.998 -3.110 -3.120 -3.000 -3.088 -3.444
3 16 -2.739 -10.500 -74.950 8.203 -10.500 -74.550 0.000 -10.500 -78.000 -2.998 -3.110 -2.982 -2.672 -3.120 -3.000
3 16 8.203 -10.500 -74.550 11.101 -10.500 -77.206 0.000 -10.500 -78.000 -2.982 -2.672 -3.088 -2.556 -3.120 -3.000
3 16 8.203 -10.500 -74.550 18.970 -10.500 -72.561 11.101 -10.500 -77.206 -2.982 -2.672 -2.902 -2.241 -3.088 -2.556
3 16 18.970 -10.500 -72.561 21.975 -10.500 -74.840 11.101 -10.500 -77.206 -2.902 -2.241 -2.994 -2.121 -3.088 -2.556
3 16 18.970 -10.500 -72.561 29.333 -10.500 -69.026 21.975 -10.500 -74.840 -2.902 -2.241 -2.761 -1.827 -2.994 -2.121
3 16 29.333 -10.500 -69.026 32.402 -10.500 -70.951 21.975 -10.500 -74.840 -2.761 -1.827 -2.838 -1.704 -2.994 -2.121
3 16 29.333 -10.500 -69.026 39.071 -10.500 -64.019 32.402 -10.500 -70.951 -2.761 -1.827 -2.561 -1.437 -2.838 -1.704
3 16 39.071 -10.500 -64.019 42.170 -10.500 -65.618 32.402 -10.500 -70.951 -2.561 -1.437 -2.625 -1.313 -2.838 -1.704
3 16 39.071 -10.500 -64.019 47.975 -10.500 -57.649 42.170 -10.500 -65.618 -2.561 -1.437 -2.306 -1.081 -2.625 -1.313
3 16 47.975 -10.500 -57.649 51.079 -10.500 -58.948 42.170 -10.500 -65.618 -2.306 -1.081 -2.358 -0.957 -2.625 -1.313
3 16 47.975 -10.500 -57.649 55.858 -10.500 -50.049 51.079 -10.500 -58.948 -2.306 -1.081 -2.002 -0.766 -2.358 -0.957
3 16 55.858 -10.500 -50.049 58.948 -10.500 -51.079 51.079 -10.500 -58.948 -2.002 -0.766 -2.043 -0.642 -2.358 -0.957
3 16 55.858 -10.500 -50.049 62.550 -10.500 -41.383 58.948 -10.500 -51.079 -2.002 -0.766 -1.655 -0.498 -2.043 -0.642
3 16 62.550 -10.500 -41.383 65.618 -10.500 -42.170 58.948 -10.500 -51.079 -1.655 -0.498 -1.687 -0.375 -2.043 -0.642
3 16 62.550 -10.500 -41.383 67.909 -10.500 -31.834 65.618 -10.500 -42.170 -1.655 -0.498 -1.273 -0.284 -1.687 -0.375
3 16 67.909 -10.500 -31.834 70.951 -10.500 -32.402 65.618 -10.500 -42.170 -1.273 -0.284 -1.296 -0.162 -1.687 -0.375
3 16 67.909 -10.500 -31.834 71.820 -10.500 -21.607 70.951 -10.500 -32.402 -1.273 -0.284 -0.864 -0.127 -1.296 -0.162
3 16 71.820 -10.500 -21.607 74.840 -10.500 -21.975 70.951 -10.500 -32.402 -0.864 -0.127 -0.879 -0.006 -1.296 -0.162
3 16 71.820 -10.500 -21.607 74.201 -10.500 -10.920 74.840 -10.500 -21.975 -0.864 -0.127 -0.437 -0.032 -0.879 -0.006
3 16 74.201 -10.500 -10.920 77.206 -10.500 -11.101 74.840 -10.500 -21.975 -0.437 -0.032 -0.444 0.088 -0.879 -0.006
3 16 74.201 -10.500 -10.920 75.000 -10.500 0.000 77.206 -10.500 -11.101 -0.437 -0.032 0.000 0.000 -0.444 0.088
3 16 -52.056 -10.500 53.993 -49.733 -7.695 56.140 -49.733 -7.305 56.140 0.067 -7.014 -0.046 -6.887 -0.061 -6.887
3 16 -52.056 -10.500 53.993 -43.639 -10.500 60.997 -49.733 -7.695 56.140 0.067 -7.014 0.067 -6.575 -0.046 -6.887
3 16 -43.639 -10.500 60.997 -43.838 -7.165 60.854 -49.733 -7.695 56.140 0.067 -6.575 -0.067 -6.585 -0.046 -6.887
3 16 -43.639 -10.500 60.997 -37.500 -7.165 64.952 -43.838 -7.165 60.854 0.067 -6.575 -0.067 -6.283 -0.067 -6.585
3 16 -43.639 -10.500 60.997 -34.293 -10.500 66.701 -37.500 -7.165 64.952 0.067 -6.575 0.067 -6.137 -0.067 -6.283
3 16 -34.293 -10.500 66.701 -30.782 -7.165 68.392 -37.500 -7.165 64.952 0.067 -6.137 -0.067 -5.981 -0.067 -6.283
3 16 -34.293 -10.500 66.701 -24.216 -10.500 70.983 -30.782 -7.165 68.392 0.067 -6.137 0.067 -5.699 -0.067 -5.981
3 16 -24.216 -10.500 70.983 -23.825 -7.500 71.115 -30.782 -7.165 68.392 0.067 -5.699 -0.053 -5.682 -0.067 -5.981
3 16 -24.216 -10.500 70.983 -23.752 -7.695 71.140 -23.825 -7.500 71.115 0.067 -5.699 -0.046 -5.679 -0.053 -5.682
3 16 -24.216 -10.500 70.983 -16.112 -7.165 73.249 -23.752 -7.695 71.140 0.067 -5.699 -0.067 -5.362 -0.046 -5.679
3 16 -16.112 -7.165 73.249 -23.752 -7.305 71.140 -23.752 -7.695 71.140 -0.067 -5.362 -0.061 -5.679 -0.046 -5.679
3 16 -16.112 -7.165 73.249 -23.752 -7.165 71.140 -23.752 -7.305 71.140 -0.067 -5.362 -0.067 -5.679 -0.061 -5.679
3 16 -23.752 -7.165 71.140 -23.825 -7.500 71.115 -23.752 -7.305 71.140 -0.067 -5.679 -0.053 -5.682 -0.061 -5.679
3 16 -23.752 -7.165 71.140 -30.782 -7.165 68.392 -23.825 -7.500 71.115 -0.067 -5.679 -0.067 -5.981 -0.053 -5.682
3 16 -49.733 -7.305 56.140 -49.733 -7.165 56.140 -52.056 -10.500 53.993 -0.061 -6.887 -0.067 -6.887 0.067 -7.014
3 16 -49.733 -7.305 56.140 -49.675 -7.500 56.190 -49.733 -7.165 56.140 -0.061 -6.887 -0.053 -6.884 -0.067 -6.887
3 16 -49.675 -7.500 56.190 -43.838 -7.165 60.854 -49.733 -7.165 56.140 -0.053 -6.884 -0.067 -6.585 -0.067 -6.887
3 16 -49.675 -7.500 56.190 -49.733 -7.695 56.140 -43.838 -7.165 60.854 -0.053 -6.884 -0.046 -6.887 -0.067 -6.585
3 16 -16.112 -7.165 -73.249 -23.752 -7.695 -71.140 -23.752 -7.305 -71.140 -0.067 5.362 -0.046 5.679 -0.061 5.679
3 16 -16.112 -7.165 -73.249 -24.216 -10.500 -70.983 -23.752 -7.695 -71.140 -0.067 5.362 0.067 5.699 -0.046 5.679
3 16 -24.216 -10.500 -70.983 -23.825 -7.500 -71.115 -23.752 -7.695 -71.140 0.067 5.699 -0.053 5.682 -0.046 5.679
3 16 -24.216 -10.500 -70.983 -30.782 -7.165 -68.392 -23.825 -7.500 -71.115 0.067 5.699 -0.067 5.981 -0.053 5.682
3 16 -30.782 -7.165 -68.392 -23.752 -7.165 -71.140 -23.825 -7.500 -71.115 -0.067 5.981 -0.067 5.679 -0.053 5.682
3 16 -23.752 -7.305 -71.140 -23.752 -7.165 -71.140 -16.112 -7.165 -73.249 -0.061 5.679 -0.067 5.679 -0.067 5.362
3 16 -23.752 -7.305 -71.140 -23.825 -7.500 -71.115 -23.752 -7.165 -71.140 -0.061 5.679 -0.053 5.682 -0.067 5.679
3 16 -43.838 -7.165 -60.854 -49.733 -7.695 -56.140 -49.675 -7.500 -56.190 -0.067 6.585 -0.046 6.887 -0.053 6.884
3 16 -43.838 -7.165 -60.854 -43.639 -10.500 -60.997 -49.733 -7.695 -56.140 -0.067 6.585 0.067 6.575 -0.046 6.887
3 16 -43.639 -10.500 -60.997 -52.056 -10.500 -53.993 -49.733 -7.695 -56.140 0.067 6.575 0.067 7.014 -0.046 6.887
3 16 -49.675 -7.500 -56.190 -49.733 -7.165 -56.140 -43.838 -7.165 -60.854 -0.053 6.884 -0.067 6.887 -0.067 6.585
3 16 -49.675 -7.500 -56.190 -49.733 -7.305 -56.140 -49.733 -7.165 -56.140 -0.053 6.884 -0.061 6.887 -0.067 6.887
3 16 -49.733 -7.305 -56.140 -52.056 -10.500 -53.993 -49.733 -7.165 -56.140 -0.061 6.887 0.067 7.014 -0.067 6.887
3 16 -49.733 -7.305 -56.140 -49.733 -7.695 -56.140 -52.056 -10.500 -53.993 -0.061 6.887 -0.046 6.887 0.067 7.014
3 16 71.820 -10.500 21.607 73.485 -7.695 15.000 73.485 -7.305 15.000 0.067 -0.877 -0.046 -0.604 -0.061 -0.604
3 16 71.820 -10.500 21.607 74.201 -10.500 10.920 73.485 -7.695 15.000 0.067 -0.877 0.067 -0.438 -0.046 -0.604
3 16 74.201 -10.500 10.920 74.146 -7.165 11.283 73.485 -7.695 15.000 0.067 -0.438 -0.067 -0.453 -0.046 -0.604
3 16 74.201 -10.500 10.920 74.620 -7.165 7.538 74.146 -7.165 11.283 0.067 -0.438 -0.067 -0.302 -0.067 -0.453
3 16 74.201 -10.500 10.920 74.905 -7.165 3.774 74.620 -7.165 7.538 0.067 -0.438 -0.067 -0.151 -0.067 -0.302
3 16 74.201 -10.500 10.920 75.000 -10.500 0.000 74.905 -7.165 3.774 0.067 -0.438 0.067 0.000 -0.067 -0.151
3 16 75.000 -10.500 0.000 75.000 -7.165 0.000 74.905 -7.165 3.774 0.067 0.000 -0.067 0.000 -0.067 -0.151
3 16 75.000 -10.500 0.000 74.620 -7.165 -7.538 75.000 -7.165 0.000 0.067 0.000 -0.067 0.302 -0.067 0.000
3 16 75.000 -10.500 0.000 74.201 -10.500 -10.920 74.620 -7.165 -7.538 0.067 0.000 0.067 0.438 -0.067 0.302
3 16 74.201 -10.500 -10.920 73.485 -7.165 -15.000 74.620 -7.165 -7.538 0.067 0.438 -0.067 0.604 -0.067 0.302
3 16 74.201 -10.500 -10.920 73.500 -7.500 -14.925 73.485 -7.165 -15.000 0.067 0.438 -0.053 0.601 -0.067 0.604
3 16 73.500 -7.500 -14.925 73.485 -7.305 -15.000 73.485 -7.165 -15.000 -0.053 0.601 -0.061 0.604 -0.067 0.604
3 16 73.485 -7.305 15.000 73.485 -7.165 15.000 71.820 -10.500 21.607 -0.061 -0.604 -0.067 -0.604 0.067 -0.877
3 16 73.485 -7.305 15.000 73.500 -7.500 14.925 73.485 -7.165 15.000 -0.061 -0.604 -0.053 -0.601 -0.067 -0.604
3 16 73.500 -7.500 14.925 74.146 -7.165 11.283 73.485 -7.165 15.000 -0.053 -0.601 -0.067 -0.453 -0.067 -0.604
3 16 73.500 -7.500 14.925 73.485 -7.695 15.000 74.146 -7.165 11.283 -0.053 -0.601 -0.046 -0.604 -0.067 -0.453
3 16 74.201 -10.500 -10.920 73.485 -7.695 -15.000 73.500 -7.500 -14.925 0.067 0.438 -0.046 0.604 -0.053 0.601
3 16 74.201 -10.500 -10.920 71.820 -10.500 -21.607 73.485 -7.695 -15.000 0.067 0.438 0.067 0.877 -0.046 0.604
3 16 71.820 -10.500 -21.607 73.485 -7.305 -15.000 73.485 -7.695 -15.000 0.067 0.877 -0.061 0.604 -0.046 0.604
3 16 71.820 -10.500 -21.607 73.485 -7.165 -15.000 73.485 -7.305 -15.000 0.067 0.877 -0.067 0.604 -0.061 0.604
3 16 71.491 -7.165 22.671 71.820 -10.500 21.607 73.485 -7.165 15.000 -0.067 -0.921 0.067 -0.877 -0.067 -0.604
3 16 71.491 -7.165 22.671 68.700 -7.165 30.089 71.820 -10.500 21.607 -0.067 -0.921 -0.067 -1.238 0.067 -0.877
3 16 68.700 -7.165 30.089 67.909 -10.500 31.834 71.820 -10.500 21.607 -0.067 -1.238 0.067 -1.315 0.067 -0.877
3 16 68.700 -7.165 30.089 65.140 -7.165 37.171 67.909 -10.500 31.834 -0.067 -1.238 -0.067 -1.556 0.067 -1.315
3 16 65.140 -7.165 37.171 62.550 -10.500 41.383 67.909 -10.500 31.834 -0.067 -1.556 0.067 -1.753 0.067 -1.315
3 16 65.140 -7.165 37.171 60.854 -7.165 43.838 62.550 -10.500 41.383 -0.067 -1.556 -0.067 -1.873 0.067 -1.753
3 16 60.854 -7.165 43.838 55.858 -10.500 50.049 62.550 -10.500 41.383 -0.067 -1.873 0.067 -2.192 0.067 -1.753
3 16 60.854 -7.165 43.838 55.888 -7.165 50.016 55.858 -10.500 50.049 -0.067 -1.873 -0.067 -2.190 0.067 -2.192
3 16 55.888 -7.165 50.016 50.297 -7.165 55.634 55.858 -10.500 50.049 -0.067 -2.190 -0.067 -2.507 0.067 -2.192
3 16 50.297 -7.165 55.634 47.975 -10.500 57.649 55.858 -10.500 50.049 -0.067 -2.507 0.067 -2.630 0.067 -2.192
3 16 50.297 -7.165 55.634 44.145 -7.165 60.632 47.975 -10.500 57.649 -0.067 -2.507 -0.067 -2.824 0.067 -2.630
3 16 44.145 -7.165 60.632 39.071 -10.500 64.019 47.975 -10.500 57.649 -0.067 -2.824 0.067 -3.069 0.067 -2.630
3 16 44.145 -7.165 60.632 37.500 -7.165 64.952 39.071 -10.500 64.019 -0.067 -2.824 -0.067 -3.142 0.067 -3.069
3 16 37.500 -7.165 64.952 29.333 -10.500 69.026 39.071 -10.500 64.019 -0.067 -3.142 0.067 -3.507 0.067 -3.069
3 16 37.500 -7.165 64.952 30.436 -7.165 68.547 29.333 -10.500 69.026 -0.067 -3.142 -0.067 -3.459 0.067 -3.507
3 16 30.436 -7.165 68.547 23.032 -7.165 71.376 29.333 -10.500 69.026 -0.067 -3.459 -0.067 -3.776 0.067 -3.507
3 16 23.032 -7.165 71.376 18.970 -10.500 72.561 29.333 -10.500 69.026 -0.067 -3.776 0.067 -3.945 0.067 -3.507
3 16 23.032 -7.165 71.376 15.371 -7.165 73.408 18.970 -10.500 72.561 -0.067 -3.776 -0.067 -4.093 0.067 -3.945
3 16 15.371 -7.165 73.408 8.203 -10.500 74.550 18.970 -10.500 72.561 -0.067 -4.093 0.067 -4.384 0.067 -3.945
3 16 15.371 -7.165 73.408 7.538 -7.165 74.620 8.203 -10.500 74.550 -0.067 -4.093 -0.067 -4.410 0.067 -4.384
3 16 7.538 -7.165 74.620 -0.379 -7.165 74.999 8.203 -10.500 74.550 -0.067 -4.410 -0.067 -4.728 0.067 -4.384
3 16 -0.379 -7.165 74.999 -2.739 -10.500 74.950 8.203 -10.500 74.550 -0.067 -4.728 0.067 -4.822 0.067 -4.384
3 16 -0.379 -7.165 74.999 -8.292 -7.165 74.540 -2.739 -10.500 74.950 -0.067 -4.728 -0.067 -5.045 0.067 -4.822
3 16 -8.292 -7.165 74.540 -13.623 -10.500 73.752 -2.739 -10.500 74.950 -0.067 -5.045 0.067 -5.260 0.067 -4.822
3 16 -8.292 -7.165 74.540 -16.112 -7.165 73.249 -13.623 -10.500 73.752 -0.067 -5.045 -0.067 -5.362 0.067 -5.260
3 16 -16.112 -7.165 73.249 -24.216 -10.500 70.983 -13.623 -10.500 73.752 -0.067 -5.362 0.067 -5.699 0.067 -5.260
3 16 -55.380 -7.165 50.578 -52.056 -10.500 53.993 -49.733 -7.165 56.140 -0.067 -7.204 0.067 -7.014 -0.067 -6.887
3 16 -55.380 -7.165 50.578 -59.362 -10.500 45.838 -52.056 -10.500 53.993 -0.067 -7.204 0.067 -7.452 0.067 -7.014
3 16 -55.380 -7.165 50.578 -60.408 -7.165 44.451 -59.362 -10.500 45.838 -0.067 -7.204 -0.067 -7.522 0.067 -7.452
3 16 -60.408 -7.165 44.451 -65.404 -10.500 36.706 -59.362 -10.500 45.838 -0.067 -7.522 0.067 -7.891 0.067 -7.452
3 16 -60.408 -7.165 44.451 -64.762 -7.165 37.828 -65.404 -10.500 36.706 -0.067 -7.522 -0.067 -7.839 0.067 -7.891
3 16 -64.762 -7.165 37.828 -68.392 -7.165 30.782 -65.404 -10.500 36.706 -0.067 -7.839 -0.067 -8.156 0.067 -7.891
3 16 -68.392 -7.165 30.782 -70.051 -10.500 26.792 -65.404 -10.500 36.706 -0.067 -8.156 0.067 -8.329 0.067 -7.891
3 16 -68.392 -7.165 30.782 -71.259 -7.165 23.392 -70.051 -10.500 26.792 -0.067 -8.156 -0.067 -8.473 0.067 -8.329
3 16 -71.259 -7.165 23.392 -73.206 -10.500 16.307 -70.051 -10.500 26.792 -0.067 -8.473 0.067 -8.767 0.067 -8.329
3 16 -71.259 -7.165 23.392 -73.329 -7.165 15.742 -73.206 -10.500 16.307 -0.067 -8.473 -0.067 -8.790 0.067 -8.767
3 16 -73.329 -7.165 15.742 -74.581 -7.165 7.915 -73.206 -10.500 16.307 -0.067 -8.790 -0.067 -9.108 0.067 -8.767
3 16 -74.581 -7.165 7.915 -74.800 -10.500 5.475 -73.206 -10.500 16.307 -0.067 -9.108 0.067 -9.206 0.067 -8.767
3 16 -74.581 -7.165 7.915 -75.000 -7.165 0.000 -74.800 -10.500 5.475 -0.067 -9.108 -0.067 -9.425 0.067 -9.206
3 16 -75.000 -7.165 0.000 -74.800 -10.500 -5.475 -74.800 -10.500 5.475 -0.067 -9.425 0.067 -9.644 0.067 -9.206
3 16 -75.000 -7.165 0.000 -74.581 -7.165 -7.915 -74.800 -10.500 -5.475 -0.067 9.425 -0.067 9.108 0.067 9.206
3 16 -74.581 -7.165 -7.915 -73.206 -10.500 -16.307 -74.800 -10.500 -5.475 -0.067 9.108 0.067 8.767 0.067 9.206
3 16 -74.581 -7.165 -7.915 -73.329 -7.165 -15.742 -73.206 -10.500 -16.307 -0.067 9.108 -0.067 8.790 0.067 8.767
3 16 -73.329 -7.165 -15.742 -71.259 -7.165 -23.392 -73.206 -10.500 -16.307 -0.067 8.790 -0.067 8.473 0.067 8.767
3 16 -71.259 -7.165 -23.392 -70.051 -10.500 -26.792 -73.206 -10.500 -16.307 -0.067 8.473 0.067 8.329 0.067 8.767
3 16 -71.259 -7.165 -23.392 -68.392 -7.165 -30.782 -70.051 -10.500 -26.792 -0.067 8.473 -0.067 8.156 0.067 8.329
3 16 -68.392 -7.165 -30.782 -65.404 -10.500 -36.706 -70.051 -10.500 -26.792 -0.067 8.156 0.067 7.891 0.067 8.329
3 16 -68.392 -7.165 -30.782 -64.762 -7.165 -37.828 -65.404 -10.500 -36.706 -0.067 8.156 -0.067 7.839 0.067 7.891
3 16 -64.762 -7.165 -37.828 -60.408 -7.165 -44.451 -65.404 -10.500 -36.706 -0.067 7.839 -0.067 7.522 0.067 7.891
3 16 -60.408 -7.165 -44.451 -59.362 -10.500 -45.838 -65.404 -10.500 -36.706 -0.067 7.522 0.067 7.452 0.067 7.891
3 16 -60.408 -7.165 -44.451 -55.380 -7.165 -50.578 -59.362 -10.500 -45.838 -0.067 7.522 -0.067 7.204 0.067 7.452
3 16 -55.380 -7.165 -50.578 -52.056 -10.500 -53.993 -59.362 -10.500 -45.838 -0.067 7.204 0.067 7.014 0.067 7.452
3 16 -55.380 -7.165 -50.578 -49.733 -7.165 -56.140 -52.056 -10.500 -53.993 -0.067 7.204 -0.067 6.887 0.067 7.014
3 16 -37.500 -7.165 -64.952 -43.639 -10.500 -60.997 -43.838 -7.165 -60.854 -0.067 6.283 0.067 6.575 -0.067 6.585
3 16 -37.500 -7.165 -64.952 -34.293 -10.500 -66.701 -43.639 -10.500 -60.997 -0.067 6.283 0.067 6.137 0.067 6.575
3 16 -37.500 -7.165 -64.952 -30.782 -7.165 -68.392 -34.293 -10.500 -66.701 -0.067 6.283 -0.067 5.981 0.067 6.137
3 16 -30.782 -7.165 -68.392 -24.216 -10.500 -70.983 -34.293 -10.500 -66.701 -0.067 5.981 0.067 5.699 0.067 6.137
3 16 -16.112 -7.165 -73.249 -13.623 -10.500 -73.752 -24.216 -10.500 -70.983 -0.067 5.362 0.067 5.260 0.067 5.699
3 16 -16.112 -7.165 -73.249 -8.292 -7.165 -74.540 -13.623 -10.500 -73.752 -0.067 5.362 -0.067 5.045 0.067 5.260
3 16 -8.292 -7.165 -74.540 -2.739 -10.500 -74.950 -13.623 -10.500 -73.752 -0.067 5.045 0.067 4.822 0.067 5.260
3 16 -8.292 -7.165 -74.540 -0.379 -7.165 -74.999 -2.739 -10.500 -74.950 -0.067 5.045 -0.067 4.728 0.067 4.822
3 16 -0.379 -7.165 -74.999 8.203 -10.500 -74.550 -2.739 -10.500 -74.950 -0.067 4.728 0.067 4.384 0.067 4.822
3 16 -0.379 -7.165 -74.999 7.538 -7.165 -74.620 8.203 -10.500 -74.550 -0.067 4.728 -0.067 4.410 0.067 4.384
3 16 7.538 -7.165 -74.620 15.371 -7.165 -73.408 8.203 -10.500 -74.550 -0.067 4.410 -0.067 4.093 0.067 4.384
3 16 15.371 -7.165 -73.408 18.970 -10.500 -72.561 8.203 -10.500 -74.550 -0.067 4.093 0.067 3.945 0.067 4.384
3 16 15.371 -7.165 -73.408 23.032 -7.165 -71.376 18.970 -10.500 -72.561 -0.067 4.093 -0.067 3.776 0.067 3.945
3 16 23.032 -7.165 -71.376 29.333 -10.500 -69.026 18.970 -10.500 -72.561 -0.067 3.776 0.067 3.507 0.067 3.945
3 16 23.032 -7.165 -71.376 30.436 -7.165 -68.547 29.333 -10.500 -69.026 -0.067 3.776 -0.067 3.459 0.067 3.507
3 16 30.436 -7.165 -68.547 37.500 -7.165 -64.952 29.333 -10.500 -69.026 -0.067 3.459 -0.067 3.142 0.067 3.507
3 16 37.500 -7.165 -64.952 39.071 -10.500 -64.019 29.333 -10.500 -69.026 -0.067 3.142 0.067 3.069 0.067 3.507
3 16 37.500 -7.165 -64.952 44.145 -7.165 -60.632 39.071 -10.500 -64.019 -0.067 3.142 -0.067 2.824 0.067 3.069
3 16 44.145 -7.165 -60.632 47.975 -10.500 -57.649 39.071 -10.500 -64.019 -0.067 2.824 0.067 2.630 0.067 3.069
3 16 44.145 -7.165 -60.632 50.297 -7.165 -55.634 47.975 -10.500 -57.649 -0.067 2.824 -0.067 2.507 0.067 2.630
3 16 50.297 -7.165 -55.634 55.858 -10.500 -50.049 47.975 -10.500 -57.649 -0.067 2.507 0.067 2.192 0.067 2.630
3 16 50.297 -7.165 -55.634 55.888 -7.165 -50.016 55.858 -10.500 -50.049 -0.067 2.507 -0.067 2.190 0.067 2.192
3 16 55.888 -7.165 -50.016 60.854 -7.165 -43.838 55.858 -10.500 -50.049 -0.067 2.190 -0.067 1.873 0.067 2.192
3 16 60.854 -7.165 -43.838 62.550 -10.500 -41.383 55.858 -10.500 -50.049 -0.067 1.873 0.067 1.753 0.067 2.192
3 16 60.854 -7.165 -43.838 65.140 -7.165 -37.171 62.550 -10.500 -41.383 -0.067 1.873 -0.067 1.556 0.067 1.753
3 16 65.140 -7.165 -37.171 67.909 -10.500 -31.834 62.550 -10.500 -41.383 -0.067 1.556 0.067 1.315 0.067 1.753
3 16 65.140 -7.165 -37.171 68.700 -7.165 -30.089 67.909 -10.500 -31.834 -0.067 1.556 -0.067 1.238 0.067 1.315
3 16 68.700 -7.165 -30.089 71.820 -10.500 -21.607 67.909 -10.500 -31.834 -0.067 1.238 0.067 0.877 0.067 1.315
3 16 68.700 -7.165 -30.089 71.491 -7.165 -22.671 71.820 -10.500 -21.607 -0.067 1.238 -0.067 0.921 0.067 0.877
3 16 71.491 -7.165 -22.671 73.485 -7.165 -15.000 71.820 -10.500 -21.607 -0.067 0.921 -0.067 0.604 0.067 0.877
3 16 76.048 -4.145 2.779 75.000 -2.835 0.000 74.201 -2.835 10.920 -0.035 4.680 -0.105 4.791 -0.105 4.345
3 16 76.048 -4.145 2.779 75.643 -4.145 -8.323 75.000 -2.835 0.000 -0.035 4.680 -0.035 5.125 -0.105 4.791
3 16 75.643 -4.145 -8.323 74.201 -2.835 -10.920 75.000 -2.835 0.000 -0.035 5.125 -0.105 5.237 -0.105 4.791
3 16 75.643 -4.145 -8.323 73.625 -4.145 -19.248 74.201 -2.835 -10.920 -0.035 5.125 -0.035 5.571 -0.105 5.237
3 16 73.625 -4.145 -19.248 71.820 -2.835 -21.607 74.201 -2.835 -10.920 -0.035 5.571 -0.105 5.682 -0.105 5.237
3 16 73.625 -4.145 -19.248 70.038 -4.145 -29.763 71.820 -2.835 -21.607 -0.035 5.571 -0.035 6.017 -0.105 5.682
3 16 70.038 -4.145 -29.763 67.909 -2.835 -31.834 71.820 -2.835 -21.607 -0.035 6.017 -0.105 6.128 -0.105 5.682
3 16 70.038 -4.145 -29.763 64.958 -4.145 -39.643 67.909 -2.835 -31.834 -0.035 6.017 -0.035 6.462 -0.105 6.128
3 16 64.958 -4.145 -39.643 62.550 -2.835 -41.383 67.909 -2.835 -31.834 -0.035 6.462 -0.105 6.574 -0.105 6.128
3 16 64.958 -4.145 -39.643 58.493 -4.145 -48.679 62.550 -2.835 -41.383 -0.035 6.462 -0.035 6.908 -0.105 6.574
3 16 58.493 -4.145 -48.679 55.858 -2.835 -50.049 62.550 -2.835 -41.383 -0.035 6.908 -0.105 7.019 -0.105 6.574
3 16 58.493 -4.145 -48.679 50.782 -4.145 -56.677 55.858 -2.835 -50.049 -0.035 6.908 -0.035 7.354 -0.105 7.019
3 16 50.782 -4.145 -56.677 47.975 -2.835 -57.649 55.858 -2.835 -50.049 -0.035 7.354 -0.105 7.465 -0.105 7.019
3 16 50.782 -4.145 -56.677 41.989 -4.145 -63.467 47.975 -2.835 -57.649 -0.035 7.354 -0.035 7.799 -0.105 7.465
3 16 41.989 -4.145 -63.467 39.071 -2.835 -64.019 47.975 -2.835 -57.649 -0.035 7.799 -0.105 7.911 -0.105 7.465
3 16 41.989 -4.145 -63.467 32.301 -4.145 -68.904 39.071 -2.835 -64.019 -0.035 7.799 -0.035 8.245 -0.105 7.911
3 16 32.301 -4.145 -68.904 29.333 -2.835 -69.026 39.071 -2.835 -64.019 -0.035 8.245 -0.105 8.356 -0.105 7.911
3 16 32.301 -4.145 -68.904 21.924 -4.145 -72.873 29.333 -2.835 -69.026 -0.035 8.245 -0.035 8.691 -0.105 8.356
3 16 21.924 -4.145 -72.873 18.970 -2.835 -72.561 29.333 -2.835 -69.026 -0.035 8.691 -0.105 8.802 -0.105 8.356
3 16 21.924 -4.145 -72.873 11.080 -4.145 -75.288 18.970 -2.835 -72.561 -0.035 8.691 -0.035 9.136 -0.105 8.802
3 16 11.080 -4.145 -75.288 8.203 -2.835 -74.550 18.970 -2.835 -72.561 -0.035 9.136 -0.105 9.248 -0.105 8.802
3 16 11.080 -4.145 -75.288 0.000 -4.145 -76.099 8.203 -2.835 -74.550 -0.035 9.136 -0.035 9.582 -0.105 9.248
3 16 0.000 -4.145 -76.099 -2.739 -2.835 -74.950 8.203 -2.835 -74.550 -0.035 9.582 -0.105 9.693 -0.105 9.248
3 16 0.000 -4.145 -76.099 -11.080 -4.145 -75.288 -2.739 -2.835 -74.950 -0.035 -9.582 -0.035 -9.136 -0.105 -9.470
3 16 -11.080 -4.145 -75.288 -13.623 -2.835 -73.752 -2.739 -2.835 -74.950 -0.035 -9.136 -0.105 -9.025 -0.105 -9.470
3 16 -11.080 -4.145 -75.288 -21.924 -4.145 -72.873 -13.623 -2.835 -73.752 -0.035 -9.136 -0.035 -8.691 -0.105 -9.025
3 16 -21.924 -4.145 -72.873 -24.216 -2.835 -70.983 -13.623 -2.835 -73.752 -0.035 -8.691 -0.105 -8.579 -0.105 -9.025
3 16 -21.924 -4.145 -72.873 -32.301 -4.145 -68.904 -24.216 -2.835 -70.983 -0.035 -8.691 -0.035 -8.245 -0.105 -8.579
3 16 -32.301 -4.145 -68.904 -34.293 -2.835 -66.701 -24.216 -2.835 -70.983 -0.035 -8.245 -0.105 -8.133 -0.105 -8.579
3 16 -32.301 -4.145 -68.904 -41.989 -4.145 -63.467 -34.293 -2.835 -66.701 -0.035 -8.245 -0.035 -7.799 -0.105 -8.133
3 16 -41.989 -4.145 -63.467 -43.639 -2.835 -60.997 -34.293 -2.835 -66.701 -0.035 -7.799 -0.105 -7.688 -0.105 -8.133
3 16 -41.989 -4.145 -63.467 -50.782 -4.145 -56.677 -43.639 -2.835 -60.997 -0.035 -7.799 -0.035 -7.354 -0.105 -7.688
3 16 -50.782 -4.145 -56.677 -52.056 -2.835 -53.993 -43.639 -2.835 -60.997 -0.035 -7.354 -0.105 -7.242 -0.105 -7.688
3 16 -50.782 -4.145 -56.677 -58.493 -4.145 -48.679 -52.056 -2.835 -53.993 -0.035 -7.354 -0.035 -6.908 -0.105 -7.242
3 16 -58.493 -4.145 -48.679 -59.362 -2.835 -45.838 -52.056 -2.835 -53.993 -0.035 -6.908 -0.105 -6.796 -0.105 -7.242
3 16 -58.493 -4.145 -48.679 -64.958 -4.145 -39.643 -59.362 -2.835 -45.838 -0.035 -6.908 -0.035 -6.462 -0.105 -6.796
3 16 -64.958 -4.145 -39.643 -65.404 -2.835 -36.706 -59.362 -2.835 -45.838 -0.035 -6.462 -0.105 -6.351 -0.105 -6.796
3 16 -64.958 -4.145 -39.643 -70.038 -4.145 -29.763 -65.404 -2.835 -36.706 -0.035 -6.462 -0.035 -6.017 -0.105 -6.351
3 16 -70.038 -4.145 -29.763 -70.051 -2.835 -26.792 -65.404 -2.835 -36.706 -0.035 -6.017 -0.105 -5.905 -0.105 -6.351
3 16 -70.038 -4.145 -29.763 -73.625 -4.145 -19.248 -70.051 -2.835 -26.792 -0.035 -6.017 -0.035 -5.571 -0.105 -5.905
3 16 -73.625 -4.145 -19.248 -73.206 -2.835 -16.307 -70.051 -2.835 -26.792 -0.035 -5.571 -0.105 -5.459 -0.105 -5.905
3 16 -73.625 -4.145 -19.248 -75.643 -4.145 -8.323 -73.206 -2.835 -16.307 -0.035 -5.571 -0.035 -5.125 -0.105 -5.459
3 16 -75.643 -4.145 -8.323 -74.800 -2.835 -5.475 -73.206 -2.835 -16.307 -0.035 -5.125 -0.105 -5.014 -0.105 -5.459
3 16 -75.643 -4.145 -8.323 -76.048 -4.145 2.779 -74.800 -2.835 -5.475 -0.035 -5.125 -0.035 -4.680 -0.105 -5.014
3 16 -76.048 -4.145 2.779 -74.800 -2.835 5.475 -74.800 -2.835 -5.475 -0.035 -4.680 -0.105 -4.568 -0.105 -5.014
3 16 -76.048 -4.145 2.779 -74.833 -4.145 13.822 -74.800 -2.835 5.475 -0.035 -4.680 -0.035 -4.234 -0.105 -4.568
3 16 -74.833 -4.145 13.822 -73.206 -2.835 16.307 -74.800 -2.835 5.475 -0.035 -4.234 -0.105 -4.122 -0.105 -4.568
3 16 -74.833 -4.145 13.822 -72.023 -4.145 24.571 -73.206 -2.835 16.307 -0.035 -4.234 -0.035 -3.788 -0.105 -4.122
3 16 -72.023 -4.145 24.571 -70.051 -2.835 26.792 -73.206 -2.835 16.307 -0.035 -3.788 -0.105 -3.677 -0.105 -4.122
3 16 -72.023 -4.145 24.571 -67.678 -4.145 34.796 -70.051 -2.835 26.792 -0.035 -3.788 -0.035 -3.343 -0.105 -3.677
3 16 -67.678 -4.145 34.796 -65.404 -2.835 36.706 -70.051 -2.835 26.792 -0.035 -3.343 -0.105 -3.231 -0.105 -3.677
3 16 -67.678 -4.145 34.796 -61.891 -4.145 44.279 -65.404 -2.835 36.706 -0.035 -3.343 -0.035 -2.897 -0.105 -3.231
3 16 -61.891 -4.145 44.279 -59.362 -2.835 45.838 -65.404 -2.835 36.706 -0.035 -2.897 -0.105 -2.785 -0.105 -3.231
3 16 -61.891 -4.145 44.279 -54.784 -4.145 52.819 -59.362 -2.835 45.838 -0.035 -2.897 -0.035 -2.451 -0.105 -2.785
3 16 -54.784 -4.145 52.819 -52.056 -2.835 53.993 -59.362 -2.835 45.838 -0.035 -2.451 -0.105 -2.340 -0.105 -2.785
3 16 -54.784 -4.145 52.819 -46.510 -4.145 60.232 -52.056 -2.835 53.993 -0.035 -2.451 -0.035 -2.006 -0.105 -2.340
3 16 -46.510 -4.145 60.232 -43.639 -2.835 60.997 -52.056 -2.835 53.993 -0.035 -2.006 -0.105 -1.894 -0.105 -2.340
3 16 -46.510 -4.145 60.232 -37.244 -4.145 66.362 -43.639 -2.835 60.997 -0.035 -2.006 -0.035 -1.560 -0.105 -1.894
3 16 -37.244 -4.145 66.362 -34.293 -2.835 66.701 -43.639 -2.835 60.997 -0.035 -1.560 -0.105 -1.448 -0.105 -1.894
3 16 -37.244 -4.145 66.362 -27.185 -4.145 71.078 -34.293 -2.835 66.701 -0.035 -1.560 -0.035 -1.114 -0.105 -1.448
3 16 -27.185 -4.145 71.078 -24.216 -2.835 70.983 -34.293 -2.835 66.701 -0.035 -1.114 -0.105 -1.003 -0.105 -1.448
3 16 -27.185 -4.145 71.078 -16.546 -4.145 74.279 -24.216 -2.835 70.983 -0.035 -1.114 -0.035 -0.669 -0.105 -1.003
3 16 -16.546 -4.145 74.279 -13.623 -2.835 73.752 -24.216 -2.835 70.983 -0.035 -0.669 -0.105 -0.557 -0.105 -1.003
3 16 -16.546 -4.145 74.279 -5.555 -4.145 75.896 -13.623 -2.835 73.752 -0.035 -0.669 -0.035 -0.223 -0.105 -0.557
3 16 -5.555 -4.145 75.896 -2.739 -2.835 74.950 -13.623 -2.835 73.752 -0.035 -0.223 -0.105 -0.111 -0.105 -0.557
3 16 -5.555 -4.145 75.896 5.555 -4.145 75.896 -2.739 -2.835 74.950 -0.035 -0.223 -0.035 0.223 -0.105 -0.111
3 16 5.555 -4.145 75.896 8.203 -2.835 74.550 -2.739 -2.835 74.950 -0.035 0.223 -0.105 0.334 -0.105 -0.111
3 16 5.555 -4.145 75.896 16.546 -4.145 74.279 8.203 -2.835 74.550 -0.035 0.223 -0.035 0.669 -0.105 0.334
3 16 16.546 -4.145 74.279 18.970 -2.835 72.561 8.203 -2.835 74.550 -0.035 0.669 -0.105 0.780 -0.105 0.334
3 16 16.546 -4.145 74.279 27.185 -4.145 71.078 18.970 -2.835 72.561 -0.035 0.669 -0.035 1.114 -0.105 0.780
3 16 27.185 -4.145 71.078 29.333 -2.835 69.026 18.970 -2.835 72.561 -0.035 1.114 -0.105 1.226 -0.105 0.780
3 16 27.185 -4.145 71.078 37.244 -4.145 66.362 29.333 -2.835 69.026 -0.035 1.114 -0.035 1.560 -0.105 1.226
3 16 37.244 -4.145 66.362 39.071 -2.835 64.019 29.333 -2.835 69.026 -0.035 1.560 -0.105 1.671 -0.105 1.226
3 16 37.244 -4.145 66.362 46.510 -4.145 60.232 39.071 -2.835 64.019 -0.035 1.560 -0.035 2.006 -0.105 1.671
3 16 46.510 -4.145 60.232 47.975 -2.835 57.649 39.071 -2.835 64.019 -0.035 2.006 -0.105 2.117 -0.105 1.671
3 16 46.510 -4.145 60.232 54.784 -4.145 52.819 47.975 -2.835 57.649 -0.035 2.006 -0.035 2.451 -0.105 2.117
3 16 54.784 -4.145 52.819 55.858 -2.835 50.049 47.975 -2.835 57.649 -0.035 2.451 -0.105 2.563 -0.105 2.117
3 16 54.784 -4.145 52.819 61.891 -4.145 44.279 55.858 -2.835 50.049 -0.035 2.451 -0.035 2.897 -0.105 2.563
3 16 61.891 -4.145 44.279 62.550 -2.835 41.383 55.858 -2.835 50.049 -0.035 2.897 -0.105 3.008 -0.105 2.563
3 16 61.891 -4.145 44.279 67.678 -4.145 34.796 62.550 -2.835 41.383 -0.035 2.897 -0.035 3.343 -0.105 3.008
3 16 67.678 -4.145 34.796 67.909 -2.835 31.834 62.550 -2.835 41.383 -0.035 3.343 -0.105 3.454 -0.105 3.008
3 16 67.678 -4.145 34.796 72.023 -4.145 24.571 67.909 -2.835 31.834 -0.035 3.343 -0.035 3.788 -0.105 3.454
3 16 72.023 -4.145 24.571 71.820 -2.835 21.607 67.909 -2.835 31.834 -0.035 3.788 -0.105 3.900 -0.105 3.454
3 16 72.023 -4.145 24.571 74.833 -4.145 13.822 71.820 -2.835 21.607 -0.035 3.788 -0.035 4.234 -0.105 3.900
3 16 74.833 -4.145 13.822 74.201 -2.835 10.920 71.820 -2.835 21.607 -0.035 4.234 -0.105 4.345 -0.105 3.900
3 16 74.833 -4.145 13.822 76.048 -4.145 2.779 74.201 -2.835 10.920 -0.035 4.234 -0.035 4.680 -0.105 4.345
3 16 75.643 -5.855 -8.323 75.000 -7.165 0.000 74.620 -7.165 -7.538 0.035 5.125 0.105 4.791 0.105 5.098
3 16 75.643 -5.855 -8.323 76.048 -5.855 2.779 75.000 -7.165 0.000 0.035 5.125 0.035 4.680 0.105 4.791
3 16 76.048 -5.855 2.779 74.905 -7.165 3.774 75.000 -7.165 0.000 0.035 4.680 0.105 4.637 0.105 4.791
3 16 76.048 -5.855 2.779 74.620 -7.165 7.538 74.905 -7.165 3.774 0.035 4.680 0.105 4.484 0.105 4.637
3 16 76.048 -5.855 2.779 74.833 -5.855 13.822 74.620 -7.165 7.538 0.035 4.680 0.035 4.234 0.105 4.484
3 16 74.833 -5.855 13.822 74.146 -7.165 11.283 74.620 -7.165 7.538 0.035 4.234 0.105 4.330 0.105 4.484
3 16 74.833 -5.855 13.822 73.485 -7.165 15.000 74.146 -7.165 11.283 0.035 4.234 0.105 4.177 0.105 4.330
3 16 74.833 -5.855 13.822 71.491 -7.165 22.671 73.485 -7.165 15.000 0.035 4.234 0.105 3.854 0.105 4.177
3 16 74.833 -5.855 13.822 72.023 -5.855 24.571 71.491 -7.165 22.671 0.035 4.234 0.035 3.788 0.105 3.854
3 16 72.023 -5.855 24.571 68.700 -7.165 30.089 71.491 -7.165 22.671 0.035 3.788 0.105 3.532 0.105 3.854
3 16 72.023 -5.855 24.571 67.678 -5.855 34.796 68.700 -7.165 30.089 0.035 3.788 0.035 3.343 0.105 3.532
3 16 67.678 -5.855 34.796 65.140 -7.165 37.171 68.700 -7.165 30.089 0.035 3.343 0.105 3.209 0.105 3.532
3 16 67.678 -5.855 34.796 61.891 -5.855 44.279 65.140 -7.165 37.171 0.035 3.343 0.035 2.897 0.105 3.209
3 16 61.891 -5.855 44.279 60.854 -7.165 43.838 65.140 -7.165 37.171 0.035 2.897 0.105 2.887 0.105 3.209
3 16 61.891 -5.855 44.279 55.888 -7.165 50.016 60.854 -7.165 43.838 0.035 2.897 0.105 2.564 0.105 2.887
3 16 61.891 -5.855 44.279 54.784 -5.855 52.819 55.888 -7.165 50.016 0.035 2.897 0.035 2.451 0.105 2.564
3 16 54.784 -5.855 52.819 50.297 -7.165 55.634 55.888 -7.165 50.016 0.035 2.451 0.105 2.242 0.105 2.564
3 16 54.784 -5.855 52.819 46.510 -5.855 60.232 50.297 -7.165 55.634 0.035 2.451 0.035 2.006 0.105 2.242
3 16 46.510 -5.855 60.232 44.145 -7.165 60.632 50.297 -7.165 55.634 0.035 2.006 0.105 1.919 0.105 2.242
3 16 46.510 -5.855 60.232 37.244 -5.855 66.362 44.145 -7.165 60.632 0.035 2.006 0.035 1.560 0.105 1.919
3 16 37.244 -5.855 66.362 37.500 -7.165 64.952 44.145 -7.165 60.632 0.035 1.560 0.105 1.597 0.105 1.919
3 16 37.244 -5.855 66.362 30.436 -7.165 68.547 37.500 -7.165 64.952 0.035 1.560 0.105 1.275 0.105 1.597
3 16 37.244 -5.855 66.362 27.185 -5.855 71.078 30.436 -7.165 68.547 0.035 1.560 0.035 1.114 0.105 1.275
3 16 27.185 -5.855 71.078 23.032 -7.165 71.376 30.436 -7.165 68.547 0.035 1.114 0.105 0.952 0.105 1.275
3 16 27.185 -5.855 71.078 16.546 -5.855 74.279 23.032 -7.165 71.376 0.035 1.114 0.035 0.669 0.105 0.952
3 16 16.546 -5.855 74.279 15.371 -7.165 73.408 23.032 -7.165 71.376 0.035 0.669 0.105 0.630 0.105 0.952
3 16 16.546 -5.855 74.279 7.538 -7.165 74.620 15.371 -7.165 73.408 0.035 0.669 0.105 0.307 0.105 0.630
3 16 16.546 -5.855 74.279 5.555 -5.855 75.896 7.538 -7.165 74.620 0.035 0.669 0.035 0.223 0.105 0.307
3 16 5.555 -5.855 75.896 -0.379 -7.165 74.999 7.538 -7.165 74.620 0.035 0.223 0.105 -0.015 0.105 0.307
3 16 5.555 -5.855 75.896 -5.555 -5.855 75.896 -0.379 -7.165 74.999 0.035 0.223 0.035 -0.223 0.105 -0.015
3 16 -5.555 -5.855 75.896 -8.292 -7.165 74.540 -0.379 -7.165 74.999 0.035 -0.223 0.105 -0.338 0.105 -0.015
3 16 -5.555 -5.855 75.896 -16.546 -5.855 74.279 -8.292 -7.165 74.540 0.035 -0.223 0.035 -0.669 0.105 -0.338
3 16 -16.546 -5.855 74.279 -16.112 -7.165 73.249 -8.292 -7.165 74.540 0.035 -0.669 0.105 -0.660 0.105 -0.338
3 16 -16.546 -5.855 74.279 -23.752 -7.165 71.140 -16.112 -7.165 73.249 0.035 -0.669 0.105 -0.983 0.105 -0.660
3 16 -16.546 -5.855 74.279 -27.185 -5.855 71.078 -23.752 -7.165 71.140 0.035 -0.669 0.035 -1.114 0.105 -0.983
3 16 -27.185 -5.855 71.078 -30.782 -7.165 68.392 -23.752 -7.165 71.140 0.035 -1.114 0.105 -1.290 0.105 -0.983
3 16 -27.185 -5.855 71.078 -37.244 -5.855 66.362 -30.782 -7.165 68.392 0.035 -1.114 0.035 -1.560 0.105 -1.290
3 16 -37.244 -5.855 66.362 -37.500 -7.165 64.952 -30.782 -7.165 68.392 0.035 -1.560 0.105 -1.597 0.105 -1.290
3 16 -37.244 -5.855 66.362 -43.838 -7.165 60.854 -37.500 -7.165 64.952 0.035 -1.560 0.105 -1.904 0.105 -1.597
3 16 -37.244 -5.855 66.362 -46.510 -5.855 60.232 -43.838 -7.165 60.854 0.035 -1.560 0.035 -2.006 0.105 -1.904
3 16 -46.510 -5.855 60.232 -49.733 -7.165 56.140 -43.838 -7.165 60.854 0.035 -2.006 0.105 -2.211 0.105 -1.904
3 16 -46.510 -5.855 60.232 -54.784 -5.855 52.819 -49.733 -7.165 56.140 0.035 -2.006 0.035 -2.451 0.105 -2.211
3 16 -54.784 -5.855 52.819 -55.380 -7.165 50.578 -49.733 -7.165 56.140 0.035 -2.451 0.105 -2.534 0.105 -2.211
3 16 -54.784 -5.855 52.819 -61.891 -5.855 44.279 -55.380 -7.165 50.578 0.035 -2.451 0.035 -2.897 0.105 -2.534
3 16 -61.891 -5.855 44.279 -60.408 -7.165 44.451 -55.380 -7.165 50.578 0.035 -2.897 0.105 -2.856 0.105 -2.534
3 16 -61.891 -5.855 44.279 -64.762 -7.165 37.828 -60.408 -7.165 44.451 0.035 -2.897 0.105 -3.179 0.105 -2.856
3 16 -61.891 -5.855 44.279 -67.678 -5.855 34.796 -64.762 -7.165 37.828 0.035 -2.897 0.035 -3.343 0.105 -3.179
3 16 -67.678 -5.855 34.796 -68.392 -7.165 30.782 -64.762 -7.165 37.828 0.035 -3.343 0.105 -3.501 0.105 -3.179
3 16 -67.678 -5.855 34.796 -72.023 -5.855 24.571 -68.392 -7.165 30.782 0.035 -3.343 0.035 -3.788 0.105 -3.501
3 16 -72.023 -5.855 24.571 -71.259 -7.165 23.392 -68.392 -7.165 30.782 0.035 -3.788 0.105 -3.824 0.105 -3.501
3 16 -72.023 -5.855 24.571 -73.329 -7.165 15.742 -71.259 -7.165 23.392 0.035 -3.788 0.105 -4.146 0.105 -3.824
3 16 -72.023 -5.855 24.571 -74.833 -5.855 13.822 -73.329 -7.165 15.742 0.035 -3.788 0.035 -4.234 0.105 -4.146
3 16 -74.833 -5.855 13.822 -74.581 -7.165 7.915 -73.329 -7.165 15.742 0.035 -4.234 0.105 -4.468 0.105 -4.146
3 16 -74.833 -5.855 13.822 -76.048 -5.855 2.779 -74.581 -7.165 7.915 0.035 -4.234 0.035 -4.680 0.105 -4.468
3 16 -76.048 -5.855 2.779 -75.000 -7.165 0.000 -74.581 -7.165 7.915 0.035 -4.680 0.105 -4.791 0.105 -4.468
3 16 -76.048 -5.855 2.779 -75.643 -5.855 -8.323 -75.000 -7.165 0.000 0.035 -4.680 0.035 -5.125 0.105 -4.791
3 16 -75.643 -5.855 -8.323 -74.581 -7.165 -7.915 -75.000 -7.165 0.000 0.035 -5.125 0.105 -5.113 0.105 -4.791
3 16 -75.643 -5.855 -8.323 -73.329 -7.165 -15.742 -74.581 -7.165 -7.915 0.035 -5.125 0.105 -5.436 0.105 -5.113
3 16 -75.643 -5.855 -8.323 -73.625 -5.855 -19.248 -73.329 -7.165 -15.742 0.035 -5.125 0.035 -5.571 0.105 -5.436
3 16 -73.625 -5.855 -19.248 -71.259 -7.165 -23.392 -73.329 -7.165 -15.742 0.035 -5.571 0.105 -5.758 0.105 -5.436
3 16 -73.625 -5.855 -19.248 -70.038 -5.855 -29.763 -71.259 -7.165 -23.392 0.035 -5.571 0.035 -6.017 0.105 -5.758
3 16 -70.038 -5.855 -29.763 -68.392 -7.165 -30.782 -71.259 -7.165 -23.392 0.035 -6.017 0.105 -6.081 0.105 -5.758
3 16 -70.038 -5.855 -29.763 -64.958 -5.855 -39.643 -68.392 -7.165 -30.782 0.035 -6.017 0.035 -6.462 0.105 -6.081
3 16 -64.958 -5.855 -39.643 -64.762 -7.165 -37.828 -68.392 -7.165 -30.782 0.035 -6.462 0.105 -6.403 0.105 -6.081
3 16 -64.958 -5.855 -39.643 -60.408 -7.165 -44.451 -64.762 -7.165 -37.828 0.035 -6.462 0.105 -6.726 0.105 -6.403
3 16 -64.958 -5.855 -39.643 -58.493 -5.855 -48.679 -60.408 -7.165 -44.451 0.035 -6.462 0.035 -6.908 0.105 -6.726
3 16 -58.493 -5.855 -48.679 -55.380 -7.165 -50.578 -60.408 -7.165 -44.451 0.035 -6.908 0.105 -7.048 0.105 -6.726
3 16 -58.493 -5.855 -48.679 -50.782 -5.855 -56.677 -55.380 -7.165 -50.578 0.035 -6.908 0.035 -7.354 0.105 -7.048
3 16 -50.782 -5.855 -56.677 -49.733 -7.165 -56.140 -55.380 -7.165 -50.578 0.035 -7.354 0.105 -7.371 0.105 -7.048
3 16 -50.782 -5.855 -56.677 -43.838 -7.165 -60.854 -49.733 -7.165 -56.140 0.035 -7.354 0.105 -7.678 0.105 -7.371
3 16 -50.782 -5.855 -56.677 -41.989 -5.855 -63.467 -43.838 -7.165 -60.854 0.035 -7.354 0.035 -7.799 0.105 -7.678
3 16 -41.989 -5.855 -63.467 -37.500 -7.165 -64.952 -43.838 -7.165 -60.854 0.035 -7.799 0.105 -7.985 0.105 -7.678
3 16 -41.989 -5.855 -63.467 -32.301 -5.855 -68.904 -37.500 -7.165 -64.952 0.035 -7.799 0.035 -8.245 0.105 -7.985
3 16 -32.301 -5.855 -68.904 -30.782 -7.165 -68.392 -37.500 -7.165 -64.952 0.035 -8.245 0.105 -8.292 0.105 -7.985
3 16 -32.301 -5.855 -68.904 -23.752 -7.165 -71.140 -30.782 -7.165 -68.392 0.035 -8.245 0.105 -8.599 0.105 -8.292
3 16 -32.301 -5.855 -68.904 -21.924 -5.855 -72.873 -23.752 -7.165 -71.140 0.035 -8.245 0.035 -8.691 0.105 -8.599
3 16 -21.924 -5.855 -72.873 -16.112 -7.165 -73.249 -23.752 -7.165 -71.140 0.035 -8.691 0.105 -8.921 0.105 -8.599
3 16 -21.924 -5.855 -72.873 -11.080 -5.855 -75.288 -16.112 -7.165 -73.249 0.035 -8.691 0.035 -9.136 0.105 -8.921
3 16 -11.080 -5.855 -75.288 -8.292 -7.165 -74.540 -16.112 -7.165 -73.249 0.035 -9.136 0.105 -9.244 0.105 -8.921
3 16 -11.080 -5.855 -75.288 0.000 -5.855 -76.099 -8.292 -7.165 -74.540 0.035 -9.136 0.035 -9.582 0.105 -9.244
3 16 0.000 -5.855 -76.099 -0.379 -7.165 -74.999 -8.292 -7.165 -74.540 0.035 -9.582 0.105 -9.566 0.105 -9.244
3 16 0.000 -5.855 -76.099 7.538 -7.165 -74.620 -0.379 -7.165 -74.999 0.035 -9.582 0.105 -9.889 0.105 -9.566
3 16 0.000 -5.855 -76.099 11.080 -5.855 -75.288 7.538 -7.165 -74.620 0.035 9.582 0.035 9.136 0.105 9.275
3 16 11.080 -5.855 -75.288 15.371 -7.165 -73.408 7.538 -7.165 -74.620 0.035 9.136 0.105 8.952 0.105 9.275
3 16 11.080 -5.855 -75.288 21.924 -5.855 -72.873 15.371 -7.165 -73.408 0.035 9.136 0.035 8.691 0.105 8.952
3 16 21.924 -5.855 -72.873 23.032 -7.165 -71.376 15.371 -7.165 -73.408 0.035 8.691 0.105 8.630 0.105 8.952
3 16 21.924 -5.855 -72.873 30.436 -7.165 -68.547 23.032 -7.165 -71.376 0.035 8.691 0.105 8.307 0.105 8.630
3 16 21.924 -5.855 -72.873 32.301 -5.855 -68.904 30.436 -7.165 -68.547 0.035 8.691 0.035 8.245 0.105 8.307
3 16 32.301 -5.855 -68.904 37.500 -7.165 -64.952 30.436 -7.165 -68.547 0.035 8.245 0.105 7.985 0.105 8.307
3 16 32.301 -5.855 -68.904 41.989 -5.855 -63.467 37.500 -7.165 -64.952 0.035 8.245 0.035 7.799 0.105 7.985
3 16 41.989 -5.855 -63.467 44.145 -7.165 -60.632 37.500 -7.165 -64.952 0.035 7.799 0.105 7.662 0.105 7.985
3 16 41.989 -5.855 -63.467 50.782 -5.855 -56.677 44.145 -7.165 -60.632 0.035 7.799 0.035 7.354 0.105 7.662
3 16 50.782 -5.855 -56.677 50.297 -7.165 -55.634 44.145 -7.165 -60.632 0.035 7.354 0.105 7.340 0.105 7.662
3 16 50.782 -5.855 -56.677 55.888 -7.165 -50.016 50.297 -7.165 -55.634 0.035 7.354 0.105 7.017 0.105 7.340
3 16 50.782 -5.855 -56.677 58.493 -5.855 -48.679 55.888 -7.165 -50.016 0.035 7.354 0.035 6.908 0.105 7.017
3 16 58.493 -5.855 -48.679 60.854 -7.165 -43.838 55.888 -7.165 -50.016 0.035 6.908 0.105 6.695 0.105 7.017
3 16 58.493 -5.855 -48.679 64.958 -5.855 -39.643 60.854 -7.165 -43.838 0.035 6.908 0.035 6.462 0.105 6.695
3 16 64.958 -5.855 -39.643 65.140 -7.165 -37.171 60.854 -7.165 -43.838 0.035 6.462 0.105 6.373 0.105 6.695
3 16 64.958 -5.855 -39.643 70.038 -5.855 -29.763 65.140 -7.165 -37.171 0.035 6.462 0.035 6.017 0.105 6.373
3 16 70.038 -5.855 -29.763 68.700 -7.165 -30.089 65.140 -7.165 -37.171 0.035 6.017 0.105 6.050 0.105 6.373
3 16 70.038 -5.855 -29.763 71.491 -7.165 -22.671 68.700 -7.165 -30.089 0.035 6.017 0.105 5.728 0.105 6.050
3 16 70.038 -5.855 -29.763 73.625 -5.855 -19.248 71.491 -7.165 -22.671 0.035 6.017 0.035 5.571 0.105 5.728
3 16 73.625 -5.855 -19.248 73.485 -7.165 -15.000 71.491 -7.165 -22.671 0.035 5.571 0.105 5.405 0.105 5.728
3 16 73.625 -5.855 -19.248 75.643 -5.855 -8.323 73.485 -7.165 -15.000 0.035 5.571 0.035 5.125 0.105 5.405
3 16 75.643 -5.855 -8.323 74.620 -7.165 -7.538 73.485 -7.165 -15.000 0.035 5.125 0.105 5.098 0.105 5.405
3 16 0.000 -5.855 -76.099 -11.080 -4.145 -75.288 0.000 -4.145 -76.099 0.035 -9.582 -0.035 -9.136 -0.035 -9.582
3 16 0.000 -5.855 -76.099 -11.080 -5.855 -75.288 -11.080 -4.145 -75.288 0.035 -9.582 0.035 -9.136 -0.035 -9.136
3 16 -11.080 -5.855 -75.288 -21.924 -4.145 -72.873 -11.080 -4.145 -75.288 0.035 -9.136 -0.035 -8.691 -0.035 -9.136
3 16 -11.080 -5.855 -75.288 -21.924 -5.855 -72.873 -21.924 -4.145 -72.873 0.035 -9.136 0.035 -8.691 -0.035 -8.691
3 16 -21.924 -5.855 -72.873 -32.301 -4.145 -68.904 -21.924 -4.145 -72.873 0.035 -8.691 -0.035 -8.245 -0.035 -8.691
3 16 -21.924 -5.855 -72.873 -32.301 -5.855 -68.904 -32.301 -4.145 -68.904 0.035 -8.691 0.035 -8.245 -0.035 -8.245
3 16 -32.301 -5.855 -68.904 -41.989 -4.145 -63.467 -32.301 -4.145 -68.904 0.035 -8.245 -0.035 -7.799 -0.035 -8.245
3 16 -32.301 -5.855 -68.904 -41.989 -5.855 -63.467 -41.989 -4.145 -63.467 0.035 -8.245 0.035 -7.799 -0.035 -7.799
3 16 -41.989 -5.855 -63.467 -50.782 -4.145 -56.677 -41.989 -4.145 -63.467 0.035 -7.799 -0.035 -7.354 -0.035 -7.799
3 16 -41.989 -5.855 -63.467 -50.782 -5.855 -56.677 -50.782 -4.145 -56.677 0.035 -7.799 0.035 -7.354 -0.035 -7.354
3 16 -50.782 -5.855 -56.677 -58.493 -4.145 -48.679 -50.782 -4.145 -56.677 0.035 -7.354 -0.035 -6.908 -0.035 -7.354
3 16 -50.782 -5.855 -56.677 -58.493 -5.855 -48.679 -58.493 -4.145 -48.679 0.035 -7.354 0.035 -6.908 -0.035 -6.908
3 16 -58.493 -5.855 -48.679 -64.958 -4.145 -39.643 -58.493 -4.145 -48.679 0.035 -6.908 -0.035 -6.462 -0.035 -6.908
3 16 -58.493 -5.855 -48.679 -64.958 -5.855 -39.643 -64.958 -4.145 -39.643 0.035 -6.908 0.035 -6.462 -0.035 -6.462
3 16 -64.958 -5.855 -39.643 -70.038 -4.145 -29.763 -64.958 -4.145 -39.643 0.035 -6.462 -0.035 -6.017 -0.035 -6.462
3 16 -64.958 -5.855 -39.643 -70.038 -5.855 -29.763 -70.038 -4.145 -29.763 0.035 -6.462 0.035 -6.017 -0.035 -6.017
3 16 -70.038 -5.855 -29.763 -73.625 -4.145 -19.248 -70.038 -4.145 -29.763 0.035 -6.017 -0.035 -5.571 -0.035 -6.017
3 16 -70.038 -5.855 -29.763 -73.625 -5.855 -19.248 -73.625 -4.145 -19.248 0.035 -6.017 0.035 -5.571 -0.035 -5.571
3 16 -73.625 -5.855 -19.248 -75.643 -4.145 -8.323 -73.625 -4.145 -19.248 0.035 -5.571 -0.035 -5.125 -0.035 -5.571
3 16 -73.625 -5.855 -19.248 -75.643 -5.855 -8.323 -75.643 -4.145 -8.323 0.035 -5.571 0.035 -5.125 -0.035 -5.125
3 16 -75.643 -5.855 -8.323 -76.048 -4.145 2.779 -75.643 -4.145 -8.323 0.035 -5.125 -0.035 -4.680 -0.035 -5.125
3 16 -75.643 -5.855 -8.323 -76.048 -5.855 2.779 -76.048 -4.145 2.779 0.035 -5.125 0.035 -4.680 -0.035 -4.680
3 16 -76.048 -5.855 2.779 -74.833 -4.145 13.822 -76.048 -4.145 2.779 0.035 -4.680 -0.035 -4.234 -0.035 -4.680
3 16 -76.048 -5.855 2.779 -74.833 -5.855 13.822 -74.833 -4.145 13.822 0.035 -4.680 0.035 -4.234 -0.035 -4.234
3 16 -74.833 -5.855 13.822 -72.023 -4.145 24.571 -74.833 -4.145 13.822 0.035 -4.234 -0.035 -3.788 -0.035 -4.234
3 16 -74.833 -5.855 13.822 -72.023 -5.855 24.571 -72.023 -4.145 24.571 0.035 -4.234 0.035 -3.788 -0.035 -3.788
3 16 -72.023 -5.855 24.571 -67.678 -4.145 34.796 -72.023 -4.145 24.571 0.035 -3.788 -0.035 -3.343 -0.035 -3.788
3 16 -72.023 -5.855 24.571 -67.678 -5.855 34.796 -67.678 -4.145 34.796 0.035 -3.788 0.035 -3.343 -0.035 -3.343
3 16 -67.678 -5.855 34.796 -61.891 -4.145 44.279 -67.678 -4.145 34.796 0.035 -3.343 -0.035 -2.897 -0.035 -3.343
3 16 -67.678 -5.855 34.796 -61.891 -5.855 44.279 -61.891 -4.145 44.279 0.035 -3.343 0.035 -2.897 -0.035 -2.897
3 16 -61.891 -5.855 44.279 -54.784 -4.145 52.819 -61.891 -4.145 44.279 0.035 -2.897 -0.035 -2.451 -0.035 -2.897
3 16 -61.891 -5.855 44.279 -54.784 -5.855 52.819 -54.784 -4.145 52.819 0.035 -2.897 0.035 -2.451 -0.035 -2.451
3 16 -54.784 -5.855 52.819 -46.510 -4.145 60.232 -54.784 -4.145 52.819 0.035 -2.451 -0.035 -2.006 -0.035 -2.451
3 16 -54.784 -5.855 52.819 -46.510 -5.855 60.232 -46.510 -4.145 60.232 0.035 -2.451 0.035 -2.006 -0.035 -2.006
3 16 -46.510 -5.855 60.232 -37.244 -4.145 66.362 -46.510 -4.145 60.232 0.035 -2.006 -0.035 -1.560 -0.035 -2.006
3 16 -46.510 -5.855 60.232 -37.244 -5.855 66.362 -37.244 -4.145 66.362 0.035 -2.006 0.035 -1.560 -0.035 -1.560
3 16 -37.244 -5.855 66.362 -27.185 -4.145 71.078 -37.244 -4.145 66.362 0.035 -1.560 -0.035 -1.114 -0.035 -1.560
3 16 -37.244 -5.855 66.362 -27.185 -5.855 71.078 -27.185 -4.145 71.078 0.035 -1.560 0.035 -1.114 -0.035 -1.114
3 16 -27.185 -5.855 71.078 -16.546 -4.145 74.279 -27.185 -4.145 71.078 0.035 -1.114 -0.035 -0.669 -0.035 -1.114
3 16 -27.185 -5.855 71.078 -16.546 -5.855 74.279 -16.546 -4.145 74.279 0.035 -1.114 0.035 -0.669 -0.035 -0.669
3 16 -16.546 -5.855 74.279 -5.555 -4.145 75.896 -16.546 -4.145 74.279 0.035 -0.669 -0.035 -0.223 -0.035 -0.669
3 16 -16.546 -5.855 74.279 -5.555 -5.855 75.896 -5.555 -4.145 75.896 0.035 -0.669 0.035 -0.223 -0.035 -0.223
3 16 -5.555 -5.855 75.896 5.555 -4.145 75.896 -5.555 -4.145 75.896 0.035 -0.223 -0.035 0.223 -0.035 -0.223
3 16 -5.555 -5.855 75.896 5.555 -5.855 75.896 5.555 -4.145 75.896 0.035 -0.223 0.035 0.223 -0.035 0.223
3 16 5.555 -5.855 75.896 16.546 -4.145 74.279 5.555 -4.145 75.896 0.035 0.223 -0.035 0.669 -0.035 0.223
3 16 5.555 -5.855 75.896 16.546 -5.855 74.279 16.546 -4.145 74.279 0.035 0.223 0.035 0.669 -0.035 0.669
3 16 16.546 -5.855 74.279 27.185 -4.145 71.078 16.546 -4.145 74.279 0.035 0.669 -0.035 1.114 -0.035 0.669
3 16 16.546 -5.855 74.279 27.185 -5.855 71.078 27.185 -4.145 71.078 0.035 0.669 0.035 1.114 -0.035 1.114
3 16 27.185 -5.855 71.078 37.244 -4.145 66.362 27.185 -4.145 71.078 0.035 1.114 -0.035 1.560 -0.035 1.114
3 16 27.185 -5.855 71.078 37.244 -5.855 66.362 37.244 -4.145 66.362 0.035 1.114 0.035 1.560 -0.035 1.560
3 16 37.244 -5.855 66.362 46.510 -4.145 60.232 37.244 -4.145 66.362 0.035 1.560 -0.035 2.006 -0.035 1.560
3 16 37.244 -5.855 66.362 46.510 -5.855 60.232 46.510 -4.145 60.232 0.035 1.560 0.035 2.006 -0.035 2.006
3 16 46.510 -5.855 60.232 54.784 -4.145 52.819 46.510 -4.145 60.232 0.035 2.006 -0.035 2.451 -0.035 2.006
3 16 46.510 -5.855 60.232 54.784 -5.855 52.819 54.784 -4.145 52.819 0.035 2.006 0.035 2.451 -0.035 2.451
3 16 54.784 -5.855 52.819 61.891 -4.145 44.279 54.784 -4.145 52.819 0.035 2.451 -0.035 2.897 -0.035 2.451
3 16 54.784 -5.855 52.819 61.891 -5.855 44.279 61.891 -4.145 44.279 0.035 2.451 0.035 2.897 -0.035 2.897
3 16 61.891 -5.855 44.279 67.678 -4.145 34.796 61.891 -4.145 44.279 0.035 2.897 -0.035 3.343 -0.035 2.897
3 16 61.891 -5.855 44.279 67.678 -5.855 34.796 67.678 -4.145 34.796 0.035 2.897 0.035 3.343 -0.035 3.343
3 16 67.678 -5.855 34.796 72.023 -4.145 24.571 67.678 -4.145 34.796 0.035 3.343 -0.035 3.788 -0.035 3.343
3 16 67.678 -5.855 34.796 72.023 -5.855 24.571 72.023 -4.145 24.571 0.035 3.343 0.035 3.788 -0.035 3.788
3 16 72.023 -5.855 24.571 74.833 -4.145 13.822 72.023 -4.145 24.571 0.035 3.788 -0.035 4.234 -0.035 3.788
3 16 72.023 -5.855 24.571 74.833 -5.855 13.822 74.833 -4.145 13.822 0.035 3.788 0.035 4.234 -0.035 4.234
3 16 74.833 -5.855 13.822 76.048 -4.145 2.779 74.833 -4.145 13.822 0.035 4.234 -0.035 4.680 -0.035 4.234
3 16 74.833 -5.855 13.822 76.048 -5.855 2.779 76.048 -4.145 2.779 0.035 4.234 0.035 4.680 -0.035 4.680
3 16 76.048 -5.855 2.779 75.643 -4.145 -8.323 76.048 -4.145 2.779 0.035 4.680 -0.035 5.125 -0.035 4.680
3 16 76.048 -5.855 2.779 75.643 -5.855 -8.323 75.643 -4.145 -8.323 0.035 4.680 0.035 5.125 -0.035 5.125
3 16 75.643 -5.855 -8.323 73.625 -4.145 -19.248 75.643 -4.145 -8.323 0.035 5.125 -0.035 5.571 -0.035 5.125
3 16 75.643 -5.855 -8.323 73.625 -5.855 -19.248 73.625 -4.145 -19.248 0.035 5.125 0.035 5.571 -0.035 5.571
3 16 73.625 -5.855 -19.248 70.038 -4.145 -29.763 73.625 -4.145 -19.248 0.035 5.571 -0.035 6.017 -0.035 5.571
3 16 73.625 -5.855 -19.248 70.038 -5.855 -29.763 70.038 -4.145 -29.763 0.035 5.571 0.035 6.017 -0.035 6.017
3 16 70.038 -5.855 -29.763 64.958 -4.145 -39.643 70.038 -4.145 -29.763 0.035 6.017 -0.035 6.462 -0.035 6.017
3 16 70.038 -5.855 -29.763 64.958 -5.855 -39.643 64.958 -4.145 -39.643 0.035 6.017 0.035 6.462 -0.035 6.462
3 16 64.958 -5.855 -39.643 58.493 -4.145 -48.679 64.958 -4.145 -39.643 0.035 6.462 -0.035 6.908 -0.035 6.462
3 16 64.958 -5.855 -39.643 58.493 -5.855 -48.679 58.493 -4.145 -48.679 0.035 6.462 0.035 6.908 -0.035 6.908
3 16 58.493 -5.855 -48.679 50.782 -4.145 -56.677 58.493 -4.145 -48.679 0.035 6.908 -0.035 7.354 -0.035 6.908
3 16 58.493 -5.855 -48.679 50.782 -5.855 -56.677 50.782 -4.145 -56.677 0.035 6.908 0.035 7.354 -0.035 7.354
3 16 50.782 -5.855 -56.677 41.989 -4.145 -63.467 50.782 -4.145 -56.677 0.035 7.354 -0.035 7.799 -0.035 7.354
3 16 50.782 -5.855 -56.677 41.989 -5.855 -63.467 41.989 -4.145 -63.467 0.035 7.354 0.035 7.799 -0.035 7.799
3 16 41.989 -5.855 -63.467 32.301 -4.145 -68.904 41.989 -4.145 -63.467 0.035 7.799 -0.035 8.245 -0.035 7.799
3 16 41.989 -5.855 -63.467 32.301 -5.855 -68.904 32.301 -4.145 -68.904 0.035 7.799 0.035 8.245 -0.035 8.245
3 16 32.301 -5.855 -68.904 21.924 -4.145 -72.873 32.301 -4.145 -68.904 0.035 8.245 -0.035 8.691 -0.035 8.245
3 16 32.301 -5.855 -68.904 21.924 -5.855 -72.873 21.924 -4.145 -72.873 0.035 8.245 0.035 8.691 -0.035 8.691
3 16 21.924 -5.855 -72.873 11.080 -4.145 -75.288 21.924 -4.145 -72.873 0.035 8.691 -0.035 9.136 -0.035 8.691
3 16 21.924 -5.855 -72.873 11.080 -5.855 -75.288 11.080 -4.145 -75.288 0.035 8.691 0.035 9.136 -0.035 9.136
3 16 11.080 -5.855 -75.288 0.000 -4.145 -76.099 11.080 -4.145 -75.288 0.035 9.136 -0.035 9.582 -0.035 9.136
3 16 11.080 -5.855 -75.288 0.000 -5.855 -76.099 0.000 -4.145 -76.099 0.035 9.136 0.035 9.582 -0.035 9.582
3 16 75.000 -2.835 0.000 75.000 0.000 0.000 74.201 0.000 10.920 0.057 0.000 -0.057 0.000 -0.057 -0.438
3 16 75.000 -2.835 0.000 74.201 -2.835 -10.920 75.000 0.000 0.000 0.057 0.000 0.057 0.438 -0.057 0.000
3 16 74.201 -2.835 -10.920 74.201 0.000 -10.920 75.000 0.000 0.000 0.057 0.438 -0.057 0.438 -0.057 0.000
3 16 74.201 -2.835 -10.920 71.820 -2.835 -21.607 74.201 0.000 -10.920 0.057 0.438 0.057 0.877 -0.057 0.438
3 16 71.820 -2.835 -21.607 71.820 0.000 -21.607 74.201 0.000 -10.920 0.057 0.877 -0.057 0.877 -0.057 0.438
3 16 71.820 -2.835 -21.607 67.909 -2.835 -31.834 71.820 0.000 -21.607 0.057 0.877 0.057 1.315 -0.057 0.877
3 16 67.909 -2.835 -31.834 67.909 0.000 -31.834 71.820 0.000 -21.607 0.057 1.315 -0.057 1.315 -0.057 0.877
3 16 67.909 -2.835 -31.834 62.550 -2.835 -41.383 67.909 0.000 -31.834 0.057 1.315 0.057 1.753 -0.057 1.315
3 16 62.550 -2.835 -41.383 62.550 0.000 -41.383 67.909 0.000 -31.834 0.057 1.753 -0.057 1.753 -0.057 1.315
3 16 62.550 -2.835 -41.383 55.858 -2.835 -50.049 62.550 0.000 -41.383 0.057 1.753 0.057 2.192 -0.057 1.753
3 16 55.858 -2.835 -50.049 55.858 0.000 -50.049 62.550 0.000 -41.383 0.057 2.192 -0.057 2.192 -0.057 1.753
3 16 55.858 -2.835 -50.049 47.975 -2.835 -57.649 55.858 0.000 -50.049 0.057 2.192 0.057 2.630 -0.057 2.192
3 16 47.975 -2.835 -57.649 47.975 0.000 -57.649 55.858 0.000 -50.049 0.057 2.630 -0.057 2.630 -0.057 2.192
3 16 47.975 -2.835 -57.649 39.071 -2.835 -64.019 47.975 0.000 -57.649 0.057 2.630 0.057 3.069 -0.057 2.630
3 16 39.071 -2.835 -64.019 39.071 0.000 -64.019 47.975 0.000 -57.649 0.057 3.069 -0.057 3.069 -0.057 2.630
3 16 39.071 -2.835 -64.019 29.333 -2.835 -69.026 39.071 0.000 -64.019 0.057 3.069 0.057 3.507 -0.057 3.069
3 16 29.333 -2.835 -69.026 29.333 0.000 -69.026 39.071 0.000 -64.019 0.057 3.507 -0.057 3.507 -0.057 3.069
3 16 29.333 -2.835 -69.026 18.970 -2.835 -72.561 29.333 0.000 -69.026 0.057 3.507 0.057 3.945 -0.057 3.507
3 16 18.970 -2.835 -72.561 18.970 0.000 -72.561 29.333 0.000 -69.026 0.057 3.945 -0.057 3.945 -0.057 3.507
3 16 18.970 -2.835 -72.561 8.203 -2.835 -74.550 18.970 0.000 -72.561 0.057 3.945 0.057 4.384 -0.057 3.945
3 16 8.203 -2.835 -74.550 8.203 0.000 -74.550 18.970 0.000 -72.561 0.057 4.384 -0.057 4.384 -0.057 3.945
3 16 8.203 -2.835 -74.550 -2.739 -2.835 -74.950 8.203 0.000 -74.550 0.057 4.384 0.057 4.822 -0.057 4.384
3 16 -2.739 -2.835 -74.950 -2.739 0.000 -74.950 8.203 0.000 -74.550 0.057 4.822 -0.057 4.822 -0.057 4.384
3 16 -2.739 -2.835 -74.950 -13.623 -2.835 -73.752 -2.739 0.000 -74.950 0.057 4.822 0.057 5.260 -0.057 4.822
3 16 -13.623 -2.835 -73.752 -13.623 0.000 -73.752 -2.739 0.000 -74.950 0.057 5.260 -0.057 5.260 -0.057 4.822
3 16 -13.623 -2.835 -73.752 -24.216 -2.835 -70.983 -13.623 0.000 -73.752 0.057 5.260 0.057 5.699 -0.057 5.260
3 16 -24.216 -2.835 -70.983 -24.216 0.000 -70.983 -13.623 0.000 -73.752 0.057 5.699 -0.057 5.699 -0.057 5.260
3 16 -24.216 -2.835 -70.983 -34.293 -2.835 -66.701 -24.216 0.000 -70.983 0.057 5.699 0.057 6.137 -0.057 5.699
3 16 -34.293 -2.835 -66.701 -34.293 0.000 -66.701 -24.216 0.000 -70.983 0.057 6.137 -0.057 6.137 -0.057 5.699
3 16 -34.293 -2.835 -66.701 -43.639 -2.835 -60.997 -34.293 0.000 -66.701 0.057 6.137 0.057 6.575 -0.057 6.137
3 16 -43.639 -2.835 -60.997 -43.639 0.000 -60.997 -34.293 0.000 -66.701 0.057 6.575 -0.057 6.575 -0.057 6.137
3 16 -43.639 -2.835 -60.997 -52.056 -2.835 -53.993 -43.639 0.000 -60.997 0.057 6.575 0.057 7.014 -0.057 6.575
3 16 -52.056 -2.835 -53.993 -52.056 0.000 -53.993 -43.639 0.000 -60.997 0.057 7.014 -0.057 7.014 -0.057 6.575
3 16 -52.056 -2.835 -53.993 -59.362 -2.835 -45.838 -52.056 0.000 -53.993 0.057 7.014 0.057 7.452 -0.057 7.014
3 16 -59.362 -2.835 -45.838 -59.362 0.000 -45.838 -52.056 0.000 -53.993 0.057 7.452 -0.057 7.452 -0.057 7.014
3 16 -59.362 -2.835 -45.838 -65.404 -2.835 -36.706 -59.362 0.000 -45.838 0.057 7.452 0.057 7.891 -0.057 7.452
3 16 -65.404 -2.835 -36.706 -65.404 0.000 -36.706 -59.362 0.000 -45.838 0.057 7.891 -0.057 7.891 -0.057 7.452
3 16 -65.404 -2.835 -36.706 -70.051 -2.835 -26.792 -65.404 0.000 -36.706 0.057 7.891 0.057 8.329 -0.057 7.891
3 16 -70.051 -2.835 -26.792 -70.051 0.000 -26.792 -65.404 0.000 -36.706 0.057 8.329 -0.057 8.329 -0.057 7.891
3 16 -70.051 -2.835 -26.792 -73.206 -2.835 -16.307 -70.051 0.000 -26.792 0.057 8.329 0.057 8.767 -0.057 8.329
3 16 -73.206 -2.835 -16.307 -73.206 0.000 -16.307 -70.051 0.000 -26.792 0.057 8.767 -0.057 8.767 -0.057 8.329
3 16 -73.206 -2.835 -16.307 -74.800 -2.835 -5.475 -73.206 0.000 -16.307 0.057 8.767 0.057 9.206 -0.057 8.767
3 16 -74.800 -2.835 -5.475 -74.800 0.000 -5.475 -73.206 0.000 -16.307 0.057 9.206 -0.057 9.206 -0.057 8.767
3 16 -74.800 -2.835 -5.475 -74.800 -2.835 5.475 -74.800 0.000 -5.475 0.057 -9.644 0.057 -9.206 -0.057 -9.644
3 16 -74.800 -2.835 5.475 -74.800 0.000 5.475 -74.800 0.000 -5.475 0.057 -9.206 -0.057 -9.206 -0.057 -9.644
3 16 -74.800 -2.835 5.475 -73.206 -2.835 16.307 -74.800 0.000 5.475 0.057 -9.206 0.057 -8.767 -0.057 -9.206
3 16 -73.206 -2.835 16.307 -73.206 0.000 16.307 -74.800 0.000 5.475 0.057 -8.767 -0.057 -8.767 -0.057 -9.206
3 16 -73.206 -2.835 16.307 -70.051 -2.835 26.792 -73.206 0.000 16.307 0.057 -8.767 0.057 -8.329 -0.057 -8.767
3 16 -70.051 -2.835 26.792 -70.051 0.000 26.792 -73.206 0.000 16.307 0.057 -8.329 -0.057 -8.329 -0.057 -8.767
3 16 -70.051 -2.835 26.792 -65.404 -2.835 36.706 -70.051 0.000 26.792 0.057 -8.329 0.057 -7.891 -0.057 -8.329
3 16 -65.404 -2.835 36.706 -65.404 0.000 36.706 -70.051 0.000 26.792 0.057 -7.891 -0.057 -7.891 -0.057 -8.329
3 16 -65.404 -2.835 36.706 -59.362 -2.835 45.838 -65.404 0.000 36.706 0.057 -7.891 0.057 -7.452 -0.057 -7.891
3 16 -59.362 -2.835 45.838 -59.362 0.000 45.838 -65.404 0.000 36.706 0.057 -7.452 -0.057 -7.452 -0.057 -7.891
3 16 -59.362 -2.835 45.838 -52.056 -2.835 53.993 -59.362 0.000 45.838 0.057 -7.452 0.057 -7.014 -0.057 -7.452
3 16 -52.056 -2.835 53.993 -52.056 0.000 53.993 -59.362 0.000 45.838 0.057 -7.014 -0.057 -7.014 -0.057 -7.452
3 16 -52.056 -2.835 53.993 -43.639 -2.835 60.997 -52.056 0.000 53.993 0.057 -7.014 0.057 -6.575 -0.057 -7.014
3 16 -43.639 -2.835 60.997 -43.639 0.000 60.997 -52.056 0.000 53.993 0.057 -6.575 -0.057 -6.575 -0.057 -7.014
3 16 -43.639 -2.835 60.997 -34.293 -2.835 66.701 -43.639 0.000 60.997 0.057 -6.575 0.057 -6.137 -0.057 -6.575
3 16 -34.293 -2.835 66.701 -34.293 0.000 66.701 -43.639 0.000 60.997 0.057 -6.137 -0.057 -6.137 -0.057 -6.575
3 16 -34.293 -2.835 66.701 -24.216 -2.835 70.983 -34.293 0.000 66.701 0.057 -6.137 0.057 -5.699 -0.057 -6.137
3 16 -24.216 -2.835 70.983 -24.216 0.000 70.983 -34.293 0.000 66.701 0.057 -5.699 -0.057 -5.699 -0.057 -6.137
3 16 -24.216 -2.835 70.983 -13.623 -2.835 73.752 -24.216 0.000 70.983 0.057 -5.699 0.057 -5.260 -0.057 -5.699
3 16 -13.623 -2.835 73.752 -13.623 0.000 73.752 -24.216 0.000 70.983 0.057 -5.260 -0.057 -5.260 -0.057 -5.699
3 16 -13.623 -2.835 73.752 -2.739 -2.835 74.950 -13.623 0.000 73.752 0.057 -5.260 0.057 -4.822 -0.057 -5.260
3 16 -2.739 -2.835 74.950 -2.739 0.000 74.950 -13.623 0.000 73.752 0.057 -4.822 -0.057 -4.822 -0.057 -5.260
3 16 -2.739 -2.835 74.950 8.203 -2.835 74.550 -2.739 0.000 74.950 0.057 -4.822 0.057 -4.384 -0.057 -4.822
3 16 8.203 -2.835 74.550 8.203 0.000 74.550 -2.739 0.000 74.950 0.057 -4.384 -0.057 -4.384 -0.057 -4.822
3 16 8.203 -2.835 74.550 18.970 -2.835 72.561 8.203 0.000 74.550 0.057 -4.384 0.057 -3.945 -0.057 -4.384
3 16 18.970 -2.835 72.561 18.970 0.000 72.561 8.203 0.000 74.550 0.057 -3.945 -0.057 -3.945 -0.057 -4.384
3 16 18.970 -2.835 72.561 29.333 -2.835 69.026 18.970 0.000 72.561 0.057 -3.945 0.057 -3.507 -0.057 -3.945
3 16 29.333 -2.835 69.026 29.333 0.000 69.026 18.970 0.000 72.561 0.057 -3.507 -0.057 -3.507 -0.057 -3.945
3 16 29.333 -2.835 69.026 39.071 -2.835 64.019 29.333 0.000 69.026 0.057 -3.507 0.057 -3.069 -0.057 -3.507
3 16 39.071 -2.835 64.019 39.071 0.000 64.019 29.333 0.000 69.026 0.057 -3.069 -0.057 -3.069 -0.057 -3.507
3 16 39.071 -2.835 64.019 47.975 -2.835 57.649 39.071 0.000 64.019 0.057 -3.069 0.057 -2.630 -0.057 -3.069
3 16 47.975 -2.835 57.649 47.975 0.000 57.649 39.071 0.000 64.019 0.057 -2.630 -0.057 -2.630 -0.057 -3.069
3 16 47.975 -2.835 57.649 55.858 -2.835 50.049 47.975 0.000 57.649 0.057 -2.630 0.057 -2.192 -0.057 -2.630
3 16 55.858 -2.835 50.049 55.858 0.000 50.049 47.975 0.000 57.649 0.057 -2.192 -0.057 -2.192 -0.057 -2.630
3 16 55.858 -2.835 50.049 62.550 -2.835 41.383 55.858 0.000 50.049 0.057 -2.192 0.057 -1.753 -0.057 -2.192
3 16 62.550 -2.835 41.383 62.550 0.000 41.383 55.858 0.000 50.049 0.057 -1.753 -0.057 -1.753 -0.057 -2.192
3 16 62.550 -2.835 41.383 67.909 -2.835 31.834 62.550 0.000 41.383 0.057 -1.753 0.057 -1.315 -0.057 -1.753
3 16 67.909 -2.835 31.834 67.909 0.000 31.834 62.550 0.000 41.383 0.057 -1.315 -0.057 -1.315 -0.057 -1.753
3 16 67.909 -2.835 31.834 71.820 -2.835 21.607 67.909 0.000 31.834 0.057 -1.315 0.057 -0.877 -0.057 -1.315
3 16 71.820 -2.835 21.607 71.820 0.000 21.607 67.909 0.000 31.834 0.057 -0.877 -0.057 -0.877 -0.057 -1.315
3 16 71.820 -2.835 21.607 74.201 -2.835 10.920 71.820 0.000 21.607 0.057 -0.877 0.057 -0.438 -0.057 -0.877
3 16 74.201 -2.835 10.920 74.201 0.000 10.920 71.820 0.000 21.607 0.057 -0.438 -0.057 -0.438 -0.057 -0.877
3 16 74.201 -2.835 10.920 75.000 -2.835 0.000 74.201 0.000 10.920 0.057 -0.438 0.057 0.000 -0.057 -0.438
3 16 -74.800 0.000 -5.475 -72.818 0.000 0.000 -72.004 0.000 -10.853 -0.219 -5.882 0.000 -5.803 -0.434 -5.770
3 16 -74.800 0.000 -5.475 -74.800 0.000 5.475 -72.818 0.000 0.000 -0.219 -5.882 0.219 -5.882 0.000 -5.803
3 16 -74.800 0.000 5.475 -72.004 0.000 10.853 -72.818 0.000 0.000 0.219 -5.882 0.434 -5.770 0.000 -5.803
3 16 -74.800 0.000 5.475 -73.206 0.000 16.307 -72.004 0.000 10.853 0.219 -5.882 0.652 -5.818 0.434 -5.770
3 16 -73.206 0.000 16.307 -69.583 0.000 21.463 -72.004 0.000 10.853 0.652 -5.818 0.859 -5.673 0.434 -5.770
3 16 -73.206 0.000 16.307 -70.051 0.000 26.792 -69.583 0.000 21.463 0.652 -5.818 1.072 -5.692 0.859 -5.673
3 16 -70.051 0.000 26.792 -65.606 0.000 31.594 -69.583 0.000 21.463 1.072 -5.692 1.264 -5.514 0.859 -5.673
3 16 -70.051 0.000 26.792 -65.404 0.000 36.706 -65.606 0.000 31.594 1.072 -5.692 1.468 -5.506 1.264 -5.514
3 16 -65.404 0.000 36.706 -60.165 0.000 41.020 -65.606 0.000 31.594 1.468 -5.506 1.641 -5.297 1.264 -5.514
3 16 -65.404 0.000 36.706 -59.362 0.000 45.838 -60.165 0.000 41.020 1.468 -5.506 1.834 -5.264 1.641 -5.297
3 16 -59.362 0.000 45.838 -53.379 0.000 49.529 -60.165 0.000 41.020 1.834 -5.264 1.981 -5.025 1.641 -5.297
3 16 -59.362 0.000 45.838 -52.056 0.000 53.993 -53.379 0.000 49.529 1.834 -5.264 2.160 -4.972 1.981 -5.025
3 16 -52.056 0.000 53.993 -45.401 0.000 56.931 -53.379 0.000 49.529 2.160 -4.972 2.277 -4.706 1.981 -5.025
3 16 -52.056 0.000 53.993 -43.639 0.000 60.997 -45.401 0.000 56.931 2.160 -4.972 2.440 -4.636 2.277 -4.706
3 16 -43.639 0.000 60.997 -36.409 0.000 63.062 -45.401 0.000 56.931 2.440 -4.636 2.522 -4.346 2.277 -4.706
3 16 -43.639 0.000 60.997 -34.293 0.000 66.701 -36.409 0.000 63.062 2.440 -4.636 2.668 -4.262 2.522 -4.346
3 16 -34.293 0.000 66.701 -26.603 0.000 67.784 -36.409 0.000 63.062 2.668 -4.262 2.711 -3.954 2.522 -4.346
3 16 -34.293 0.000 66.701 -24.216 0.000 70.983 -26.603 0.000 67.784 2.668 -4.262 2.839 -3.859 2.711 -3.954
3 16 -24.216 0.000 70.983 -16.203 0.000 70.992 -26.603 0.000 67.784 2.839 -3.859 2.840 -3.538 2.711 -3.954
3 16 -24.216 0.000 70.983 -13.623 0.000 73.752 -16.203 0.000 70.992 2.839 -3.859 2.950 -3.435 2.840 -3.538
3 16 -13.623 0.000 73.752 -5.442 0.000 72.614 -16.203 0.000 70.992 2.950 -3.435 2.905 -3.108 2.840 -3.538
3 16 -13.623 0.000 73.752 -2.739 0.000 74.950 -5.442 0.000 72.614 2.950 -3.435 2.998 -3.000 2.905 -3.108
3 16 -2.739 0.000 74.950 5.442 0.000 72.614 -5.442 0.000 72.614 2.998 -3.000 2.905 -2.672 2.905 -3.108
3 16 -2.739 0.000 74.950 8.203 0.000 74.550 5.442 0.000 72.614 2.998 -3.000 2.982 -2.562 2.905 -2.672
3 16 8.203 0.000 74.550 16.203 0.000 70.992 5.442 0.000 72.614 2.982 -2.562 2.840 -2.242 2.905 -2.672
3 16 8.203 0.000 74.550 18.970 0.000 72.561 16.203 0.000 70.992 2.982 -2.562 2.902 -2.131 2.840 -2.242
3 16 18.970 0.000 72.561 26.603 0.000 67.784 16.203 0.000 70.992 2.902 -2.131 2.711 -1.826 2.840 -2.242
3 16 18.970 0.000 72.561 29.333 0.000 69.026 26.603 0.000 67.784 2.902 -2.131 2.761 -1.717 2.711 -1.826
3 16 29.333 0.000 69.026 36.409 0.000 63.062 26.603 0.000 67.784 2.761 -1.717 2.522 -1.434 2.711 -1.826
3 16 29.333 0.000 69.026 39.071 0.000 64.019 36.409 0.000 63.062 2.761 -1.717 2.561 -1.327 2.522 -1.434
3 16 39.071 0.000 64.019 45.401 0.000 56.931 36.409 0.000 63.062 2.561 -1.327 2.277 -1.074 2.522 -1.434
3 16 39.071 0.000 64.019 47.975 0.000 57.649 45.401 0.000 56.931 2.561 -1.327 2.306 -0.971 2.277 -1.074
3 16 47.975 0.000 57.649 53.379 0.000 49.529 45.401 0.000 56.931 2.306 -0.971 1.981 -0.755 2.277 -1.074
3 16 47.975 0.000 57.649 55.858 0.000 50.049 53.379 0.000 49.529 2.306 -0.971 2.002 -0.656 1.981 -0.755
3 16 55.858 0.000 50.049 60.165 0.000 41.020 53.379 0.000 49.529 2.002 -0.656 1.641 -0.483 1.981 -0.755
3 16 55.858 0.000 50.049 62.550 0.000 41.383 60.165 0.000 41.020 2.002 -0.656 1.655 -0.388 1.641 -0.483
3 16 62.550 0.000 41.383 65.606 0.000 31.594 60.165 0.000 41.020 1.655 -0.388 1.264 -0.266 1.641 -0.483
3 16 62.550 0.000 41.383 67.909 0.000 31.834 65.606 0.000 31.594 1.655 -0.388 1.273 -0.174 1.264 -0.266
3 16 67.909 0.000 31.834 69.583 0.000 21.463 65.606 0.000 31.594 1.273 -0.174 0.859 -0.107 1.264 -0.266
3 16 67.909 0.000 31.834 71.820 0.000 21.607 69.583 0.000 21.463 1.273 -0.174 0.864 -0.017 0.859 -0.107
3 16 71.820 0.000 21.607 72.004 0.000 10.853 69.583 0.000 21.463 0.864 -0.017 0.434 -0.010 0.859 -0.107
3 16 71.820 0.000 21.607 74.201 0.000 10.920 72.004 0.000 10.853 0.864 -0.017 0.437 0.078 0.434 -0.010
3 16 74.201 0.000 10.920 72.818 0.000 0.000 72.004 0.000 10.853 0.437 0.078 0.000 0.023 0.434 -0.010
3 16 74.201 0.000 10.920 75.000 0.000 0.000 72.818 0.000 0.000 0.437 0.078 0.000 0.110 0.000 0.023
3 16 75.000 0.000 0.000 74.201 0.000 -10.920 72.818 0.000 0.000 0.000 0.110 -0.437 0.078 0.000 0.023
3 16 -72.004 0.000 -10.853 -73.206 0.000 -16.307 -74.800 0.000 -5.475 -0.434 -5.770 -0.652 -5.818 -0.219 -5.882
3 16 -72.004 0.000 -10.853 -69.583 0.000 -21.463 -73.206 0.000 -16.307 -0.434 -5.770 -0.859 -5.673 -0.652 -5.818
3 16 -69.583 0.000 -21.463 -70.051 0.000 -26.792 -73.206 0.000 -16.307 -0.859 -5.673 -1.072 -5.692 -0.652 -5.818
3 16 -69.583 0.000 -21.463 -65.606 0.000 -31.594 -70.051 0.000 -26.792 -0.859 -5.673 -1.264 -5.514 -1.072 -5.692
3 16 -65.606 0.000 -31.594 -65.404 0.000 -36.706 -70.051 0.000 -26.792 -1.264 -5.514 -1.468 -5.506 -1.072 -5.692
3 16 -65.606 0.000 -31.594 -60.165 0.000 -41.020 -65.404 0.000 -36.706 -1.264 -5.514 -1.641 -5.297 -1.468 -5.506
3 16 -60.165 0.000 -41.020 -59.362 0.000 -45.838 -65.404 0.000 -36.706 -1.641 -5.297 -1.834 -5.264 -1.468 -5.506
3 16 -60.165 0.000 -41.020 -53.379 0.000 -49.529 -59.362 0.000 -45.838 -1.641 -5.297 -1.981 -5.025 -1.834 -5.264
3 16 -53.379 0.000 -49.529 -52.056 0.000 -53.993 -59.362 0.000 -45.838 -1.981 -5.025 -2.160 -4.972 -1.834 -5.264
3 16 -53.379 0.000 -49.529 -45.401 0.000 -56.931 -52.056 0.000 -53.993 -1.981 -5.025 -2.277 -4.706 -2.160 -4.972
3 16 -45.401 0.000 -56.931 -43.639 0.000 -60.997 -52.056 0.000 -53.993 -2.277 -4.706 -2.440 -4.636 -2.160 -4.972
3 16 -45.401 0.000 -56.931 -36.409 0.000 -63.062 -43.639 0.000 -60.997 -2.277 -4.706 -2.522 -4.346 -2.440 -4.636
3 16 -36.409 0.000 -63.062 -34.293 0.000 -66.701 -43.639 0.000 -60.997 -2.522 -4.346 -2.668 -4.262 -2.440 -4.636
3 16 -36.409 0.000 -63.062 -26.603 0.000 -67.784 -34.293 0.000 -66.701 -2.522 -4.346 -2.711 -3.954 -2.668 -4.262
3 16 -26.603 0.000 -67.784 -24.216 0.000 -70.983 -34.293 0.000 -66.701 -2.711 -3.954 -2.839 -3.859 -2.668 -4.262
3 16 -26.603 0.000 -67.784 -16.203 0.000 -70.992 -24.216 0.000 -70.983 -2.711 -3.954 -2.840 -3.538 -2.839 -3.859
3 16 -16.203 0.000 -70.992 -13.623 0.000 -73.752 -24.216 0.000 -70.983 -2.840 -3.538 -2.950 -3.435 -2.839 -3.859
3 16 -16.203 0.000 -70.992 -5.442 0.000 -72.614 -13.623 0.000 -73.752 -2.840 -3.538 -2.905 -3.108 -2.950 -3.435
3 16 -5.442 0.000 -72.614 -2.739 0.000 -74.950 -13.623 0.000 -73.752 -2.905 -3.108 -2.998 -3.000 -2.950 -3.435
3 16 -5.442 0.000 -72.614 5.442 0.000 -72.614 -2.739 0.000 -74.950 -2.905 -3.108 -2.905 -2.672 -2.998 -3.000
3 16 5.442 0.000 -72.614 8.203 0.000 -74.550 -2.739 0.000 -74.950 -2.905 -2.672 -2.982 -2.562 -2.998 -3.000
3 16 5.442 0.000 -72.614 16.203 0.000 -70.992 8.203 0.000 -74.550 -2.905 -2.672 -2.840 -2.242 -2.982 -2.562
3 16 16.203 0.000 -70.992 18.970 0.000 -72.561 8.203 0.000 -74.550 -2.840 -2.242 -2.902 -2.131 -2.982 -2.562
3 16 16.203 0.000 -70.992 26.603 0.000 -67.784 18.970 0.000 -72.561 -2.840 -2.242 -2.711 -1.826 -2.902 -2.131
3 16 26.603 0.000 -67.784 29.333 0.000 -69.026 18.970 0.000 -72.561 -2.711 -1.826 -2.761 -1.717 -2.902 -2.131
3 16 26.603 0.000 -67.784 36.409 0.000 -63.062 29.333 0.000 -69.026 -2.711 -1.826 -2.522 -1.434 -2.761 -1.717
3 16 36.409 0.000 -63.062 39.071 0.000 -64.019 29.333 0.000 -69.026 -2.522 -1.434 -2.561 -1.327 -2.761 -1.717
3 16 36.409 0.000 -63.062 45.401 0.000 -56.931 39.071 0.000 -64.019 -2.522 -1.434 -2.277 -1.074 -2.561 -1.327
3 16 45.401 0.000 -56.931 47.975 0.000 -57.649 39.071 0.000 -64.019 -2.277 -1.074 -2.306 -0.971 -2.561 -1.327
3 16 45.401 0.000 -56.931 53.379 0.000 -49.529 47.975 0.000 -57.649 -2.277 -1.074 -1.981 -0.755 -2.306 -0.971
3 16 53.379 0.000 -49.529 55.858 0.000 -50.049 47.975 0.000 -57.649 -1.981 -0.755 -2.002 -0.656 -2.306 -0.971
3 16 53.379 0.000 -49.529 60.165 0.000 -41.020 55.858 0.000 -50.049 -1.981 -0.755 -1.641 -0.483 -2.002 -0.656
3 16 60.165 0.000 -41.020 62.550 0.000 -41.383 55.858 0.000 -50.049 -1.641 -0.483 -1.655 -0.388 -2.002 -0.656
3 16 60.165 0.000 -41.020 65.606 0.000 -31.594 62.550 0.000 -41.383 -1.641 -0.483 -1.264 -0.266 -1.655 -0.388
3 16 65.606 0.000 -31.594 67.909 0.000 -31.834 62.550 0.000 -41.383 -1.264 -0.266 -1.273 -0.174 -1.655 -0.388
3 16 65.606 0.000 -31.594 69.583 0.000 -21.463 67.909 0.000 -31.834 -1.264 -0.266 -0.859 -0.107 -1.273 -0.174
3 16 69.583 0.000 -21.463 71.820 0.000 -21.607 67.909 0.000 -31.834 -0.859 -0.107 -0.864 -0.017 -1.273 -0.174
3 16 69.583 0.000 -21.463 72.004 0.000 -10.853 71.820 0.000 -21.607 -0.859 -0.107 -0.434 -0.010 -0.864 -0.017
3 16 72.004 0.000 -10.853 74.201 0.000 -10.920 71.820 0.000 -21.607 -0.434 -0.010 -0.437 0.078 -0.864 -0.017
3 16 72.004 0.000 -10.853 72.818 0.000 0.000 74.201 0.000 -10.920 -0.434 -0.010 0.000 0.023 -0.437 0.078
3 16 -16.203 0.000 70.992 -22.832 -7.447 68.803 -22.912 -7.245 68.786 0.520 -5.208 0.222 -5.487 0.230 -5.490
3 16 -16.203 0.000 70.992 -16.077 -13.000 70.439 -22.832 -7.447 68.803 0.520 -5.208 0.000 -5.208 0.222 -5.487
3 16 -16.077 -13.000 70.439 -22.906 -7.649 68.769 -22.832 -7.447 68.803 0.000 -5.208 0.214 -5.490 0.222 -5.487
3 16 -16.077 -13.000 70.439 -26.396 -13.000 67.256 -22.906 -7.649 68.769 0.000 -5.208 0.000 -5.643 0.214 -5.490
3 16 -26.396 -13.000 67.256 -23.066 -7.800 68.709 -22.906 -7.649 68.769 0.000 -5.643 0.208 -5.497 0.214 -5.490
3 16 -26.396 -13.000 67.256 -23.457 -8.010 68.567 -23.066 -7.800 68.709 0.000 -5.643 0.200 -5.514 0.208 -5.497
3 16 -26.396 -13.000 67.256 -24.304 -8.271 68.259 -23.457 -8.010 68.567 0.000 -5.643 0.189 -5.550 0.200 -5.514
3 16 -26.396 -13.000 67.256 -26.063 -8.549 67.593 -24.304 -8.271 68.259 0.000 -5.643 0.178 -5.625 0.189 -5.550
3 16 -26.396 -13.000 67.256 -29.464 -8.733 66.172 -26.063 -8.549 67.593 0.000 -5.643 0.171 -5.773 0.178 -5.625
3 16 -26.396 -13.000 67.256 -36.125 -13.000 62.570 -29.464 -8.733 66.172 0.000 -5.643 0.000 -6.077 0.171 -5.773
3 16 -36.125 -13.000 62.570 -36.220 -8.736 62.731 -29.464 -8.733 66.172 0.000 -6.077 0.171 -6.077 0.171 -5.773
3 16 -36.125 -13.000 62.570 -42.579 -8.733 58.600 -36.220 -8.736 62.731 0.000 -6.077 0.171 -6.381 0.171 -6.077
3 16 -36.125 -13.000 62.570 -45.047 -13.000 56.487 -42.579 -8.733 58.600 0.000 -6.077 0.000 -6.511 0.171 -6.381
3 16 -45.047 -13.000 56.487 -45.509 -8.548 56.365 -42.579 -8.733 58.600 0.000 -6.511 0.178 -6.528 0.171 -6.381
3 16 -45.047 -13.000 56.487 -46.965 -8.270 55.174 -45.509 -8.548 56.365 0.000 -6.511 0.189 -6.603 0.178 -6.528
3 16 -45.047 -13.000 56.487 -47.655 -8.008 54.595 -46.965 -8.270 55.174 0.000 -6.511 0.200 -6.640 0.189 -6.603
3 16 -45.047 -13.000 56.487 -47.973 -7.797 54.328 -47.655 -8.008 54.595 0.000 -6.511 0.208 -6.656 0.200 -6.640
3 16 -45.047 -13.000 56.487 -52.963 -13.000 49.142 -47.973 -7.797 54.328 0.000 -6.511 0.000 -6.945 0.208 -6.656
3 16 -52.963 -13.000 49.142 -48.105 -7.645 54.220 -47.973 -7.797 54.328 0.000 -6.945 0.214 -6.663 0.208 -6.656
3 16 -52.963 -13.000 49.142 -48.169 -7.443 54.175 -48.105 -7.645 54.220 0.000 -6.945 0.223 -6.666 0.214 -6.663
3 16 -52.963 -13.000 49.142 -53.379 0.000 49.529 -48.169 -7.443 54.175 0.000 -6.945 0.520 -6.945 0.223 -6.666
3 16 -53.379 0.000 49.529 -48.112 -7.242 54.237 -48.169 -7.443 54.175 0.520 -6.945 0.231 -6.663 0.223 -6.666
3 16 -53.379 0.000 49.529 -45.401 0.000 56.931 -48.112 -7.242 54.237 0.520 -6.945 0.520 -6.511 0.231 -6.663
3 16 -45.401 0.000 56.931 -47.986 -7.094 54.357 -48.112 -7.242 54.237 0.520 -6.511 0.236 -6.656 0.231 -6.663
3 16 -45.401 0.000 56.931 -47.677 -6.891 54.640 -47.986 -7.094 54.357 0.520 -6.511 0.245 -6.639 0.236 -6.656
3 16 -45.401 0.000 56.931 -46.999 -6.645 55.239 -47.677 -6.891 54.640 0.520 -6.511 0.254 -6.603 0.245 -6.639
3 16 -45.401 0.000 56.931 -45.553 -6.395 56.450 -46.999 -6.645 55.239 0.520 -6.511 0.264 -6.527 0.254 -6.603
3 16 -45.401 0.000 56.931 -42.629 -6.254 58.697 -45.553 -6.395 56.450 0.520 -6.511 0.270 -6.380 0.264 -6.527
3 16 -45.401 0.000 56.931 -36.409 0.000 63.062 -42.629 -6.254 58.697 0.520 -6.511 0.520 -6.077 0.270 -6.380
3 16 -36.409 0.000 63.062 -36.270 -6.285 62.825 -42.629 -6.254 58.697 0.520 -6.077 0.269 -6.076 0.270 -6.380
3 16 -36.409 0.000 63.062 -29.515 -6.254 66.268 -36.270 -6.285 62.825 0.520 -6.077 0.270 -5.773 0.269 -6.076
3 16 -36.409 0.000 63.062 -26.603 0.000 67.784 -29.515 -6.254 66.268 0.520 -6.077 0.520 -5.643 0.270 -5.773
3 16 -26.603 0.000 67.784 -26.107 -6.396 67.677 -29.515 -6.254 66.268 0.520 -5.643 0.264 -5.626 0.270 -5.773
3 16 -26.603 0.000 67.784 -24.335 -6.646 68.323 -26.107 -6.396 67.677 0.520 -5.643 0.254 -5.550 0.264 -5.626
3 16 -26.603 0.000 67.784 -23.477 -6.892 68.611 -24.335 -6.646 68.323 0.520 -5.643 0.245 -5.514 0.254 -5.550
3 16 -26.603 0.000 67.784 -23.078 -7.096 68.737 -23.477 -6.892 68.611 0.520 -5.643 0.236 -5.497 0.245 -5.514
3 16 -26.603 0.000 67.784 -22.912 -7.245 68.786 -23.078 -7.096 68.737 0.520 -5.643 0.230 -5.490 0.236 -5.497
3 16 -26.603 0.000 67.784 -16.203 0.000 70.992 -22.912 -7.245 68.786 0.520 -5.643 0.520 -5.208 0.230 -5.490
3 16 -53.379 0.000 -49.529 -48.169 -7.447 -54.175 -48.114 -7.245 -54.235 0.520 6.945 0.222 6.666 0.230 6.663
3 16 -53.379 0.000 -49.529 -52.963 -13.000 -49.142 -48.169 -7.447 -54.175 0.520 6.945 0.000 6.945 0.222 6.666
3 16 -52.963 -13.000 -49.142 -48.103 -7.649 -54.222 -48.169 -7.447 -54.175 0.000 6.945 0.214 6.663 0.222 6.666
3 16 -52.963 -13.000 -49.142 -45.047 -13.000 -56.487 -48.103 -7.649 -54.222 0.000 6.945 0.000 6.511 0.214 6.663
3 16 -45.047 -13.000 -56.487 -47.970 -7.800 -54.330 -48.103 -7.649 -54.222 0.000 6.511 0.208 6.656 0.214 6.663
3 16 -45.047 -13.000 -56.487 -47.652 -8.010 -54.597 -47.970 -7.800 -54.330 0.000 6.511 0.200 6.639 0.208 6.656
3 16 -45.047 -13.000 -56.487 -46.962 -8.271 -55.177 -47.652 -8.010 -54.597 0.000 6.511 0.189 6.603 0.200 6.639
3 16 -45.047 -13.000 -56.487 -45.506 -8.549 -56.368 -46.962 -8.271 -55.177 0.000 6.511 0.178 6.528 0.189 6.603
3 16 -45.047 -13.000 -56.487 -42.575 -8.733 -58.603 -45.506 -8.549 -56.368 0.000 6.511 0.171 6.380 0.178 6.528
3 16 -45.047 -13.000 -56.487 -36.125 -13.000 -62.570 -42.575 -8.733 -58.603 0.000 6.511 0.000 6.077 0.171 6.380
3 16 -36.125 -13.000 -62.570 -36.216 -8.736 -62.733 -42.575 -8.733 -58.603 0.000 6.077 0.171 6.076 0.171 6.380
3 16 -36.125 -13.000 -62.570 -29.460 -8.733 -66.174 -36.216 -8.736 -62.733 0.000 6.077 0.171 5.773 0.171 6.076
3 16 -36.125 -13.000 -62.570 -26.396 -13.000 -67.256 -29.460 -8.733 -66.174 0.000 6.077 0.000 5.643 0.171 5.773
3 16 -26.396 -13.000 -67.256 -26.059 -8.548 -67.595 -29.460 -8.733 -66.174 0.000 5.643 0.178 5.625 0.171 5.773
3 16 -26.396 -13.000 -67.256 -24.300 -8.270 -68.260 -26.059 -8.548 -67.595 0.000 5.643 0.189 5.550 0.178 5.625
3 16 -26.396 -13.000 -67.256 -23.453 -8.008 -68.568 -24.300 -8.270 -68.260 0.000 5.643 0.200 5.514 0.189 5.550
3 16 -26.396 -13.000 -67.256 -23.063 -7.797 -68.710 -23.453 -8.008 -68.568 0.000 5.643 0.208 5.497 0.200 5.514
3 16 -26.396 -13.000 -67.256 -16.077 -13.000 -70.439 -23.063 -7.797 -68.710 0.000 5.643 0.000 5.208 0.208 5.497
3 16 -16.077 -13.000 -70.439 -22.904 -7.645 -68.770 -23.063 -7.797 -68.710 0.000 5.208 0.214 5.490 0.208 5.497
3 16 -16.077 -13.000 -70.439 -22.832 -7.443 -68.803 -22.904 -7.645 -68.770 0.000 5.208 0.223 5.487 0.214 5.490
3 16 -16.077 -13.000 -70.439 -16.203 0.000 -70.992 -22.832 -7.443 -68.803 0.000 5.208 0.520 5.208 0.223 5.487
3 16 -16.203 0.000 -70.992 -22.915 -7.242 -68.785 -22.832 -7.443 -68.803 0.520 5.208 0.231 5.490 0.223 5.487
3 16 -16.203 0.000 -70.992 -26.603 0.000 -67.784 -22.915 -7.242 -68.785 0.520 5.208 0.520 5.643 0.231 5.490
3 16 -26.603 0.000 -67.784 -23.081 -7.094 -68.736 -22.915 -7.242 -68.785 0.520 5.643 0.236 5.497 0.231 5.490
3 16 -26.603 0.000 -67.784 -23.481 -6.891 -68.610 -23.081 -7.094 -68.736 0.520 5.643 0.245 5.514 0.236 5.497
3 16 -26.603 0.000 -67.784 -24.339 -6.645 -68.322 -23.481 -6.891 -68.610 0.520 5.643 0.254 5.550 0.245 5.514
3 16 -26.603 0.000 -67.784 -26.111 -6.395 -67.675 -24.339 -6.645 -68.322 0.520 5.643 0.264 5.626 0.254 5.550
3 16 -26.603 0.000 -67.784 -29.519 -6.254 -66.267 -26.111 -6.395 -67.675 0.520 5.643 0.270 5.773 0.264 5.626
3 16 -26.603 0.000 -67.784 -36.409 0.000 -63.062 -29.519 -6.254 -66.267 0.520 5.643 0.520 6.077 0.270 5.773
3 16 -36.409 0.000 -63.062 -36.273 -6.285 -62.823 -29.519 -6.254 -66.267 0.520 6.077 0.269 6.077 0.270 5.773
3 16 -36.409 0.000 -63.062 -42.633 -6.254 -58.695 -36.273 -6.285 -62.823 0.520 6.077 0.270 6.380 0.269 6.077
3 16 -36.409 0.000 -63.062 -45.401 0.000 -56.931 -42.633 -6.254 -58.695 0.520 6.077 0.520 6.511 0.270 6.380
3 16 -45.401 0.000 -56.931 -45.557 -6.396 -56.447 -42.633 -6.254 -58.695 0.520 6.511 0.264 6.528 0.270 6.380
3 16 -45.401 0.000 -56.931 -47.002 -6.646 -55.236 -45.557 -6.396 -56.447 0.520 6.511 0.254 6.603 0.264 6.528
3 16 -45.401 0.000 -56.931 -47.680 -6.892 -54.638 -47.002 -6.646 -55.236 0.520 6.511 0.245 6.639 0.254 6.603
3 16 -45.401 0.000 -56.931 -47.989 -7.096 -54.355 -47.680 -6.892 -54.638 0.520 6.511 0.236 6.656 0.245 6.639
3 16 -45.401 0.000 -56.931 -48.114 -7.245 -54.235 -47.989 -7.096 -54.355 0.520 6.511 0.230 6.663 0.236 6.656
3 16 -45.401 0.000 -56.931 -53.379 0.000 -49.529 -48.114 -7.245 -54.235 0.520 6.511 0.520 6.945 0.230 6.663
3 16 69.583 0.000 -21.463 71.001 -7.447 -14.629 71.026 -7.245 -14.550 0.520 0.868 0.222 0.590 0.230 0.586
3 16 69.583 0.000 -21.463 69.040 -13.000 -21.296 71.001 -7.447 -14.629 0.520 0.868 0.000 0.868 0.222 0.590
3 16 69.040 -13.000 -21.296 71.009 -7.649 -14.547 71.001 -7.447 -14.629 0.000 0.868 0.214 0.586 0.222 0.590
3 16 69.040 -13.000 -21.296 71.443 -13.000 -10.768 71.009 -7.649 -14.547 0.000 0.868 0.000 0.434 0.214 0.586
3 16 71.443 -13.000 -10.768 71.036 -7.800 -14.379 71.009 -7.649 -14.547 0.000 0.434 0.208 0.579 0.214 0.586
3 16 71.443 -13.000 -10.768 71.109 -8.010 -13.969 71.036 -7.800 -14.379 0.000 0.434 0.200 0.563 0.208 0.579
3 16 71.443 -13.000 -10.768 71.266 -8.271 -13.082 71.109 -8.010 -13.969 0.000 0.434 0.189 0.527 0.200 0.563
3 16 71.443 -13.000 -10.768 71.569 -8.549 -11.225 71.266 -8.271 -13.082 0.000 0.434 0.178 0.451 0.189 0.527
3 16 71.443 -13.000 -10.768 72.039 -8.733 -7.570 71.569 -8.549 -11.225 0.000 0.434 0.171 0.304 0.178 0.451
3 16 71.443 -13.000 -10.768 72.250 -13.000 0.000 72.039 -8.733 -7.570 0.000 0.434 0.000 0.000 0.171 0.304
3 16 72.250 -13.000 0.000 72.436 -8.736 0.002 72.039 -8.733 -7.570 0.000 0.000 0.171 0.000 0.171 0.304
3 16 72.250 -13.000 0.000 72.039 -8.733 7.574 72.436 -8.736 0.002 0.000 0.000 0.171 -0.304 0.171 0.000
3 16 72.250 -13.000 0.000 71.443 -13.000 10.768 72.039 -8.733 7.574 0.000 0.000 0.000 -0.434 0.171 -0.304
3 16 71.443 -13.000 10.768 71.568 -8.548 11.230 72.039 -8.733 7.574 0.000 -0.434 0.178 -0.452 0.171 -0.304
3 16 71.443 -13.000 10.768 71.265 -8.270 13.086 71.568 -8.548 11.230 0.000 -0.434 0.189 -0.527 0.178 -0.452
3 16 71.443 -13.000 10.768 71.108 -8.008 13.973 71.265 -8.270 13.086 0.000 -0.434 0.200 -0.563 0.189 -0.527
3 16 71.443 -13.000 10.768 71.036 -7.797 14.382 71.108 -8.008 13.973 0.000 -0.434 0.208 -0.580 0.200 -0.563
3 16 71.443 -13.000 10.768 69.040 -13.000 21.296 71.036 -7.797 14.382 0.000 -0.434 0.000 -0.868 0.208 -0.580
3 16 69.040 -13.000 21.296 71.008 -7.645 14.550 71.036 -7.797 14.382 0.000 -0.868 0.214 -0.586 0.208 -0.580
3 16 69.040 -13.000 21.296 71.001 -7.443 14.629 71.008 -7.645 14.550 0.000 -0.868 0.223 -0.590 0.214 -0.586
3 16 69.040 -13.000 21.296 69.583 0.000 21.463 71.001 -7.443 14.629 0.000 -0.868 0.520 -0.868 0.223 -0.590
3 16 69.583 0.000 21.463 71.027 -7.242 14.547 71.001 -7.443 14.629 0.520 -0.868 0.231 -0.586 0.223 -0.590
3 16 69.583 0.000 21.463 72.004 0.000 10.853 71.027 -7.242 14.547 0.520 -0.868 0.520 -0.434 0.231 -0.586
3 16 72.004 0.000 10.853 71.068 -7.094 14.379 71.027 -7.242 14.547 0.520 -0.434 0.236 -0.579 0.231 -0.586
3 16 72.004 0.000 10.853 71.158 -6.891 13.970 71.068 -7.094 14.379 0.520 -0.434 0.245 -0.562 0.236 -0.579
3 16 72.004 0.000 10.853 71.338 -6.645 13.083 71.158 -6.891 13.970 0.520 -0.434 0.254 -0.526 0.245 -0.562
3 16 72.004 0.000 10.853 71.664 -6.395 11.225 71.338 -6.645 13.083 0.520 -0.434 0.264 -0.451 0.254 -0.526
3 16 72.004 0.000 10.853 72.148 -6.254 7.570 71.664 -6.395 11.225 0.520 -0.434 0.270 -0.303 0.264 -0.451
3 16 72.004 0.000 10.853 72.818 0.000 0.000 72.148 -6.254 7.570 0.520 -0.434 0.520 0.000 0.270 -0.303
3 16 72.818 0.000 0.000 72.543 -6.285 -0.002 72.148 -6.254 7.570 0.520 0.000 0.269 0.000 0.270 -0.303
3 16 72.818 0.000 0.000 72.147 -6.254 -7.574 72.543 -6.285 -0.002 0.520 0.000 0.270 0.303 0.269 0.000
3 16 72.818 0.000 0.000 72.004 0.000 -10.853 72.147 -6.254 -7.574 0.520 0.000 0.520 0.434 0.270 0.303
3 16 72.004 0.000 -10.853 71.663 -6.396 -11.229 72.147 -6.254 -7.574 0.520 0.434 0.264 0.451 0.270 0.303
3 16 72.004 0.000 -10.853 71.337 -6.646 -13.087 71.663 -6.396 -11.229 0.520 0.434 0.254 0.526 0.264 0.451
3 16 72.004 0.000 -10.853 71.158 -6.892 -13.974 71.337 -6.646 -13.087 0.520 0.434 0.245 0.563 0.254 0.526
3 16 72.004 0.000 -10.853 71.067 -7.096 -14.382 71.158 -6.892 -13.974 0.520 0.434 0.236 0.579 0.245 0.563
3 16 72.004 0.000 -10.853 71.026 -7.245 -14.550 71.067 -7.096 -14.382 0.520 0.434 0.230 0.586 0.236 0.579
3 16 72.004 0.000 -10.853 69.583 0.000 -21.463 71.026 -7.245 -14.550 0.520 0.434 0.520 0.868 0.230 0.586
3 16 69.040 -13.000 21.296 65.606 0.000 31.594 69.583 0.000 21.463 0.000 -0.868 0.520 -1.302 0.520 -0.868
3 16 69.040 -13.000 21.296 65.095 -13.000 31.348 65.606 0.000 31.594 0.000 -0.868 0.000 -1.302 0.520 -1.302
3 16 65.095 -13.000 31.348 60.165 0.000 41.020 65.606 0.000 31.594 0.000 -1.302 0.520 -1.736 0.520 -1.302
3 16 65.095 -13.000 31.348 59.696 -13.000 40.700 60.165 0.000 41.020 0.000 -1.302 0.000 -1.736 0.520 -1.736
3 16 59.696 -13.000 40.700 53.379 0.000 49.529 60.165 0.000 41.020 0.000 -1.736 0.520 -2.170 0.520 -1.736
3 16 59.696 -13.000 40.700 52.963 -13.000 49.142 53.379 0.000 49.529 0.000 -1.736 0.000 -2.170 0.520 -2.170
3 16 52.963 -13.000 49.142 45.401 0.000 56.931 53.379 0.000 49.529 0.000 -2.170 0.520 -2.604 0.520 -2.170
3 16 52.963 -13.000 49.142 45.047 -13.000 56.487 45.401 0.000 56.931 0.000 -2.170 0.000 -2.604 0.520 -2.604
3 16 45.047 -13.000 56.487 36.409 0.000 63.062 45.401 0.000 56.931 0.000 -2.604 0.520 -3.038 0.520 -2.604
3 16 45.047 -13.000 56.487 36.125 -13.000 62.570 36.409 0.000 63.062 0.000 -2.604 0.000 -3.038 0.520 -3.038
3 16 36.125 -13.000 62.570 26.603 0.000 67.784 36.409 0.000 63.062 0.000 -3.038 0.520 -3.472 0.520 -3.038
3 16 36.125 -13.000 62.570 26.396 -13.000 67.256 26.603 0.000 67.784 0.000 -3.038 0.000 -3.472 0.520 -3.472
3 16 26.396 -13.000 67.256 16.203 0.000 70.992 26.603 0.000 67.784 0.000 -3.472 0.520 -3.906 0.520 -3.472
3 16 26.396 -13.000 67.256 16.077 -13.000 70.439 16.203 0.000 70.992 0.000 -3.472 0.000 -3.906 0.520 -3.906
3 16 16.077 -13.000 70.439 5.442 0.000 72.614 16.203 0.000 70.992 0.000 -3.906 0.520 -4.340 0.520 -3.906
3 16 16.077 -13.000 70.439 5.399 -13.000 72.048 5.442 0.000 72.614 0.000 -3.906 0.000 -4.340 0.520 -4.340
3 16 5.399 -13.000 72.048 -5.442 0.000 72.614 5.442 0.000 72.614 0.000 -4.340 0.520 -4.774 0.520 -4.340
3 16 5.399 -13.000 72.048 -5.399 -13.000 72.048 -5.442 0.000 72.614 0.000 -4.340 0.000 -4.774 0.520 -4.774
3 16 -5.399 -13.000 72.048 -16.203 0.000 70.992 -5.442 0.000 72.614 0.000 -4.774 0.520 -5.208 0.520 -4.774
3 16 -5.399 -13.000 72.048 -16.077 -13.000 70.439 -16.203 0.000 70.992 0.000 -4.774 0.000 -5.208 0.520 -5.208
3 16 -52.963 -13.000 49.142 -60.165 0.000 41.020 -53.379 0.000 49.529 0.000 -6.945 0.520 -7.379 0.520 -6.945
3 16 -52.963 -13.000 49.142 -59.696 -13.000 40.700 -60.165 0.000 41.020 0.000 -6.945 0.000 -7.379 0.520 -7.379
3 16 -59.696 -13.000 40.700 -65.606 0.000 31.594 -60.165 0.000 41.020 0.000 -7.379 0.520 -7.813 0.520 -7.379
3 16 -59.696 -13.000 40.700 -65.095 -13.000 31.348 -65.606 0.000 31.594 0.000 -7.379 0.000 -7.813 0.520 -7.813
3 16 -65.095 -13.000 31.348 -69.583 0.000 21.463 -65.606 0.000 31.594 0.000 -7.813 0.520 -8.247 0.520 -7.813
3 16 -65.095 -13.000 31.348 -69.040 -13.000 21.296 -69.583 0.000 21.463 0.000 -7.813 0.000 -8.247 0.520 -8.247
3 16 -69.040 -13.000 21.296 -72.004 0.000 10.853 -69.583 0.000 21.463 0.000 -8.247 0.520 -8.681 0.520 -8.247
3 16 -69.040 -13.000 21.296 -71.443 -13.000 10.768 -72.004 0.000 10.853 0.000 -8.247 0.000 -8.681 0.520 -8.681
3 16 -71.443 -13.000 10.768 -72.818 0.000 0.000 -72.004 0.000 10.853 0.000 -8.681 0.520 -9.115 0.520 -8.681
3 16 -71.443 -13.000 10.768 -72.250 -13.000 0.000 -72.818 0.000 0.000 0.000 -8.681 0.000 -9.115 0.520 -9.115
3 16 -72.250 -13.000 0.000 -72.004 0.000 -10.853 -72.818 0.000 0.000 0.000 9.115 0.520 8.681 0.520 9.115
3 16 -72.250 -13.000 0.000 -71.443 -13.000 -10.768 -72.004 0.000 -10.853 0.000 9.115 0.000 8.681 0.520 8.681
3 16 -71.443 -13.000 -10.768 -69.583 0.000 -21.463 -72.004 0.000 -10.853 0.000 8.681 0.520 8.247 0.520 8.681
3 16 -71.443 -13.000 -10.768 -69.040 -13.000 -21.296 -69.583 0.000 -21.463 0.000 8.681 0.000 8.247 0.520 8.247
3 16 -69.040 -13.000 -21.296 -65.606 0.000 -31.594 -69.583 0.000 -21.463 0.000 8.247 0.520 7.813 0.520 8.247
3 16 -69.040 -13.000 -21.296 -65.095 -13.000 -31.348 -65.606 0.000 -31.594 0.000 8.247 0.000 7.813 0.520 7.813
3 16 -65.095 -13.000 -31.348 -60.165 0.000 -41.020 -65.606 0.000 -31.594 0.000 7.813 0.520 7.379 0.520 7.813
3 16 -65.095 -13.000 -31.348 -59.696 -13.000 -40.700 -60.165 0.000 -41.020 0.000 7.813 0.000 7.379 0.520 7.379
3 16 -59.696 -13.000 -40.700 -53.379 0.000 -49.529 -60.165 0.000 -41.020 0.000 7.379 0.520 6.945 0.520 7.379
3 16 -59.696 -13.000 -40.700 -52.963 -13.000 -49.142 -53.379 0.000 -49.529 0.000 7.379 0.000 6.945 0.520 6.945
3 16 -16.077 -13.000 -70.439 -5.442 0.000 -72.614 -16.203 0.000 -70.992 0.000 5.208 0.520 4.774 0.520 5.208
3 16 -16.077 -13.000 -70.439 -5.399 -13.000 -72.048 -5.442 0.000 -72.614 0.000 5.208 0.000 4.774 0.520 4.774
3 16 -5.399 -13.000 -72.048 5.442 0.000 -72.614 -5.442 0.000 -72.614 0.000 4.774 0.520 4.340 0.520 4.774
3 16 -5.399 -13.000 -72.048 5.399 -13.000 -72.048 5.442 0.000 -72.614 0.000 4.774 0.000 4.340 0.520 4.340
3 16 5.399 -13.000 -72.048 16.203 0.000 -70.992 5.442 0.000 -72.614 0.000 4.340 0.520 3.906 0.520 4.340
3 16 5.399 -13.000 -72.048 16.077 -13.000 -70.439 16.203 0.000 -70.992 0.000 4.340 0.000 3.906 0.520 3.906
3 16 16.077 -13.000 -70.439 26.603 0.000 -67.784 16.203 0.000 -70.992 0.000 3.906 0.520 3.472 0.520 3.906
3 16 16.077 -13.000 -70.439 26.396 -13.000 -67.256 26.603 0.000 -67.784 0.000 3.906 0.000 3.472 0.520 3.472
3 16 26.396 -13.000 -67.256 36.409 0.000 -63.062 26.603 0.000 -67.784 0.000 3.472 0.520 3.038 0.520 3.472
3 16 26.396 -13.000 -67.256 36.125 -13.000 -62.570 36.409 0.000 -63.062 0.000 3.472 0.000 3.038 0.520 3.038
3 16 36.125 -13.000 -62.570 45.401 0.000 -56.931 36.409 0.000 -63.062 0.000 3.038 0.520 2.604 0.520 3.038
3 16 36.125 -13.000 -62.570 45.047 -13.000 -56.487 45.401 0.000 -56.931 0.000 3.038 0.000 2.604 0.520 2.604
3 16 45.047 -13.000 -56.487 53.379 0.000 -49.529 45.401 0.000 -56.931 0.000 2.604 0.520 2.170 0.520 2.604
3 16 45.047 -13.000 -56.487 52.963 -13.000 -49.142 53.379 0.000 -49.529 0.000 2.604 0.000 2.170 0.520 2.170
3 16 52.963 -13.000 -49.142 60.165 0.000 -41.020 53.379 0.000 -49.529 0.000 2.170 0.520 1.736 0.520 2.170
3 16 52.963 -13.000 -49.142 59.696 -13.000 -40.700 60.165 0.000 -41.020 0.000 2.170 0.000 1.736 0.520 1.736
3 16 59.696 -13.000 -40.700 65.606 0.000 -31.594 60.165 0.000 -41.020 0.000 1.736 0.520 1.302 0.520 1.736
3 16 59.696 -13.000 -40.700 65.095 -13.000 -31.348 65.606 0.000 -31.594 0.000 1.736 0.000 1.302 0.520 1.302
3 16 65.095 -13.000 -31.348 69.583 0.000 -21.463 65.606 0.000 -31.594 0.000 1.302 0.520 0.868 0.520 1.302
3 16 65.095 -13.000 -31.348 69.040 -13.000 -21.296 69.583 0.000 -21.463 0.000 1.302 0.000 0.868 0.520 0.868
3 16 -69.186 -13.000 13.461 -68.507 -13.000 13.052 -69.186 -13.000 13.052 0.538 -5.447 0.522 -5.420 0.522 -5.447
3 16 -69.186 -13.000 13.461 -68.507 -13.000 13.461 -68.507 -13.000 13.052 0.538 -5.447 0.538 -5.420 0.522 -5.420
3 16 66.215 -13.000 10.228 67.000 -133.000 0.000 66.215 -133.000 10.228 2.400 -0.411 -2.400 0.000 -2.400 -0.411
3 16 66.215 -13.000 10.228 67.000 -13.000 0.000 67.000 -133.000 0.000 2.400 -0.411 2.400 0.000 -2.400 0.000
3 16 67.000 -13.000 0.000 66.215 -133.000 -10.228 67.000 -133.000 0.000 2.400 0.000 -2.400 0.411 -2.400 0.000
3 16 67.000 -13.000 0.000 66.215 -13.000 -10.228 66.215 -133.000 -10.228 2.400 0.000 2.400 0.411 -2.400 0.411
3 16 66.215 -13.000 -10.228 63.878 -13.000 -20.215 66.215 -133.000 -10.228 2.400 0.411 2.400 0.821 -2.400 0.411
3 16 63.878 -133.000 20.215 66.215 -13.000 10.228 66.215 -133.000 10.228 -2.400 -0.821 2.400 -0.411 -2.400 -0.411
3 16 63.878 -133.000 20.215 63.878 -13.000 20.215 66.215 -13.000 10.228 -2.400 -0.821 2.400 -0.821 2.400 -0.411
3 16 63.878 -133.000 20.215 60.043 -133.000 29.729 63.878 -13.000 20.215 -2.400 -0.821 -2.400 -1.232 2.400 -0.821
3 16 60.043 -133.000 29.729 60.043 -13.000 29.729 63.878 -13.000 20.215 -2.400 -1.232 2.400 -1.232 2.400 -0.821
3 16 60.043 -133.000 29.729 54.801 -133.000 38.546 60.043 -13.000 29.729 -2.400 -1.232 -2.400 -1.643 2.400 -1.232
3 16 54.801 -133.000 38.546 54.801 -13.000 38.546 60.043 -13.000 29.729 -2.400 -1.643 2.400 -1.643 2.400 -1.232
3 16 54.801 -133.000 38.546 48.275 -133.000 46.460 54.801 -13.000 38.546 -2.400 -1.643 -2.400 -2.054 2.400 -1.643
3 16 48.275 -133.000 46.460 48.275 -13.000 46.460 54.801 -13.000 38.546 -2.400 -2.054 2.400 -2.054 2.400 -1.643
3 16 48.275 -133.000 46.460 40.617 -133.000 53.285 48.275 -13.000 46.460 -2.400 -2.054 -2.400 -2.464 2.400 -2.054
3 16 40.617 -133.000 53.285 40.617 -13.000 53.285 48.275 -13.000 46.460 -2.400 -2.464 2.400 -2.464 2.400 -2.054
3 16 40.617 -133.000 53.285 32.007 -133.000 58.860 40.617 -13.000 53.285 -2.400 -2.464 -2.400 -2.875 2.400 -2.464
3 16 32.007 -133.000 58.860 32.007 -13.000 58.860 40.617 -13.000 53.285 -2.400 -2.875 2.400 -2.875 2.400 -2.464
3 16 32.007 -133.000 58.860 22.647 -133.000 63.056 32.007 -13.000 58.860 -2.400 -2.875 -2.400 -3.286 2.400 -2.875
3 16 22.647 -133.000 63.056 22.647 -13.000 63.056 32.007 -13.000 58.860 -2.400 -3.286 2.400 -3.286 2.400 -2.875
3 16 22.647 -133.000 63.056 12.756 -133.000 65.774 22.647 -13.000 63.056 -2.400 -3.286 -2.400 -3.696 2.400 -3.286
3 16 12.756 -133.000 65.774 12.756 -13.000 65.774 22.647 -13.000 63.056 -2.400 -3.696 2.400 -3.696 2.400 -3.286
3 16 12.756 -133.000 65.774 2.566 -133.000 66.951 12.756 -13.000 65.774 -2.400 -3.696 -2.400 -4.107 2.400 -3.696
3 16 2.566 -133.000 66.951 2.566 -13.000 66.951 12.756 -13.000 65.774 -2.400 -4.107 2.400 -4.107 2.400 -3.696
3 16 2.566 -133.000 66.951 -7.684 -133.000 66.558 2.566 -13.000 66.951 -2.400 -4.107 -2.400 -4.518 2.400 -4.107
3 16 -7.684 -133.000 66.558 -7.684 -13.000 66.558 2.566 -13.000 66.951 -2.400 -4.518 2.400 -4.518 2.400 -4.107
3 16 -7.684 -133.000 66.558 -17.754 -133.000 64.605 -7.684 -13.000 66.558 -2.400 -4.518 -2.400 -4.928 2.400 -4.518
3 16 -17.754 -133.000 64.605 -17.754 -13.000 64.605 -7.684 -13.000 66.558 -2.400 -4.928 2.400 -4.928 2.400 -4.518
3 16 -17.754 -133.000 64.605 -27.408 -133.000 61.138 -17.754 -13.000 64.605 -2.400 -4.928 -2.400 -5.339 2.400 -4.928
3 16 -27.408 -133.000 61.138 -27.408 -13.000 61.138 -17.754 -13.000 64.605 -2.400 -5.339 2.400 -5.339 2.400 -4.928
3 16 -27.408 -133.000 61.138 -36.419 -133.000 56.237 -27.408 -13.000 61.138 -2.400 -5.339 -2.400 -5.750 2.400 -5.339
3 16 -36.419 -133.000 56.237 -36.419 -13.000 56.237 -27.408 -13.000 61.138 -2.400 -5.750 2.400 -5.750 2.400 -5.339
3 16 -36.419 -133.000 56.237 -44.577 -133.000 50.019 -36.419 -13.000 56.237 -2.400 -5.750 -2.400 -6.161 2.400 -5.750
3 16 -44.577 -133.000 50.019 -44.577 -13.000 50.019 -36.419 -13.000 56.237 -2.400 -6.161 2.400 -6.161 2.400 -5.750
3 16 -44.577 -133.000 50.019 -51.690 -133.000 42.628 -44.577 -13.000 50.019 -2.400 -6.161 -2.400 -6.571 2.400 -6.161
3 16 -51.690 -133.000 42.628 -51.690 -13.000 42.628 -44.577 -13.000 50.019 -2.400 -6.571 2.400 -6.571 2.400 -6.161
3 16 -51.690 -133.000 42.628 -57.591 -133.000 34.238 -51.690 -13.000 42.628 -2.400 -6.571 -2.400 -6.982 2.400 -6.571
3 16 -57.591 -133.000 34.238 -57.591 -13.000 34.238 -51.690 -13.000 42.628 -2.400 -6.982 2.400 -6.982 2.400 -6.571
3 16 -57.591 -133.000 34.238 -62.143 -133.000 25.046 -57.591 -13.000 34.238 -2.400 -6.982 -2.400 -7.393 2.400 -6.982
3 16 -62.143 -133.000 25.046 -62.143 -13.000 25.046 -57.591 -13.000 34.238 -2.400 -7.393 2.400 -7.393 2.400 -6.982
3 16 -62.143 -133.000 25.046 -65.238 -133.000 15.266 -62.143 -13.000 25.046 -2.400 -7.393 -2.400 -7.803 2.400 -7.393
3 16 -65.238 -133.000 15.266 -65.238 -13.000 15.266 -62.143 -13.000 25.046 -2.400 -7.803 2.400 -7.803 2.400 -7.393
3 16 -65.238 -133.000 15.266 -66.803 -133.000 5.129 -65.238 -13.000 15.266 -2.400 -7.803 -2.400 -8.214 2.400 -7.803
3 16 -66.803 -133.000 5.129 -66.803 -13.000 5.129 -65.238 -13.000 15.266 -2.400 -8.214 2.400 -8.214 2.400 -7.803
3 16 -66.803 -133.000 5.129 -66.803 -133.000 -5.129 -66.803 -13.000 5.129 -2.400 -8.214 -2.400 -8.625 2.400 -8.214
3 16 -66.803 -133.000 -5.129 -66.803 -13.000 -5.129 -66.803 -13.000 5.129 -2.400 -8.625 2.400 -8.625 2.400 -8.214
3 16 -66.803 -133.000 -5.129 -65.238 -133.000 -15.266 -66.803 -13.000 -5.129 -2.400 8.214 -2.400 7.803 2.400 8.214
3 16 -65.238 -133.000 -15.266 -65.238 -13.000 -15.266 -66.803 -13.000 -5.129 -2.400 7.803 2.400 7.803 2.400 8.214
3 16 -65.238 -133.000 -15.266 -62.143 -133.000 -25.046 -65.238 -13.000 -15.266 -2.400 7.803 -2.400 7.393 2.400 7.803
3 16 -62.143 -133.000 -25.046 -62.143 -13.000 -25.046 -65.238 -13.000 -15.266 -2.400 7.393 2.400 7.393 2.400 7.803
3 16 -62.143 -133.000 -25.046 -57.591 -133.000 -34.238 -62.143 -13.000 -25.046 -2.400 7.393 -2.400 6.982 2.400 7.393
3 16 -57.591 -133.000 -34.238 -57.591 -13.000 -34.238 -62.143 -13.000 -25.046 -2.400 6.982 2.400 6.982 2.400 7.393
3 16 -57.591 -133.000 -34.238 -51.690 -133.000 -42.628 -57.591 -13.000 -34.238 -2.400 6.982 -2.400 6.571 2.400 6.982
3 16 -51.690 -133.000 -42.628 -51.690 -13.000 -42.628 -57.591 -13.000 -34.238 -2.400 6.571 2.400 6.571 2.400 6.982
3 16 -51.690 -133.000 -42.628 -44.577 -133.000 -50.019 -51.690 -13.000 -42.628 -2.400 6.571 -2.400 6.161 2.400 6.571
3 16 -44.577 -133.000 -50.019 -44.577 -13.000 -50.019 -51.690 -13.000 -42.628 -2.400 6.161 2.400 6.161 2.400 6.571
3 16 -44.577 -133.000 -50.019 -36.419 -133.000 -56.237 -44.577 -13.000 -50.019 -2.400 6.161 -2.400 5.750 2.400 6.161
3 16 -36.419 -133.000 -56.237 -36.419 -13.000 -56.237 -44.577 -13.000 -50.019 -2.400 5.750 2.400 5.750 2.400 6.161
3 16 -36.419 -133.000 -56.237 -27.408 -133.000 -61.138 -36.419 -13.000 -56.237 -2.400 5.750 -2.400 5.339 2.400 5.750
3 16 -27.408 -133.000 -61.138 -27.408 -13.000 -61.138 -36.419 -13.000 -56.237 -2.400 5.339 2.400 5.339 2.400 5.750
3 16 -27.408 -133.000 -61.138 -17.754 -133.000 -64.605 -27.408 -13.000 -61.138 -2.400 5.339 -2.400 4.928 2.400 5.339
3 16 -17.754 -133.000 -64.605 -17.754 -13.000 -64.605 -27.408 -13.000 -61.138 -2.400 4.928 2.400 4.928 2.400 5.339
3 16 -17.754 -133.000 -64.605 -7.684 -133.000 -66.558 -17.754 -13.000 -64.605 -2.400 4.928 -2.400 4.518 2.400 4.928
3 16 -7.684 -133.000 -66.558 -7.684 -13.000 -66.558 -17.754 -13.000 -64.605 -2.400 4.518 2.400 4.518 2.400 4.928
3 16 -7.684 -133.000 -66.558 2.566 -133.000 -66.951 -7.684 -13.000 -66.558 -2.400 4.518 -2.400 4.107 2.400 4.518
3 16 2.566 -133.000 -66.951 2.566 -13.000 -66.951 -7.684 -13.000 -66.558 -2.400 4.107 2.400 4.107 2.400 4.518
3 16 2.566 -133.000 -66.951 12.756 -133.000 -65.774 2.566 -13.000 -66.951 -2.400 4.107 -2.400 3.696 2.400 4.107
3 16 12.756 -133.000 -65.774 12.756 -13.000 -65.774 2.566 -13.000 -66.951 -2.400 3.696 2.400 3.696 2.400 4.107
3 16 12.756 -133.000 -65.774 22.647 -133.000 -63.056 12.756 -13.000 -65.774 -2.400 3.696 -2.400 3.286 2.400 3.696
3 16 22.647 -133.000 -63.056 22.647 -13.000 -63.056 12.756 -13.000 -65.774 -2.400 3.286 2.400 3.286 2.400 3.696
3 16 22.647 -133.000 -63.056 32.007 -133.000 -58.860 22.647 -13.000 -63.056 -2.400 3.286 -2.400 2.875 2.400 3.286
3 16 32.007 -133.000 -58.860 32.007 -13.000 -58.860 22.647 -13.000 -63.056 -2.400 2.875 2.400 2.875 2.400 3.286
3 16 32.007 -133.000 -58.860 40.617 -133.000 -53.285 32.007 -13.000 -58.860 -2.400 2.875 -2.400 2.464 2.400 2.875
3 16 40.617 -133.000 -53.285 40.617 -13.000 -53.285 32.007 -13.000 -58.860 -2.400 2.464 2.400 2.464 2.400 2.875
3 16 40.617 -133.000 -53.285 48.275 -133.000 -46.460 40.617 -13.000 -53.285 -2.400 2.464 -2.400 2.054 2.400 2.464
3 16 48.275 -133.000 -46.460 48.275 -13.000 -46.460 40.617 -13.000 -53.285 -2.400 2.054 2.400 2.054 2.400 2.464
3 16 48.275 -133.000 -46.460 54.801 -133.000 -38.546 48.275 -13.000 -46.460 -2.400 2.054 -2.400 1.643 2.400 2.054
3 16 54.801 -133.000 -38.546 54.801 -13.000 -38.546 48.275 -13.000 -46.460 -2.400 1.643 2.400 1.643 2.400 2.054
3 16 54.801 -133.000 -38.546 60.043 -133.000 -29.729 54.801 -13.000 -38.546 -2.400 1.643 -2.400 1.232 2.400 1.643
3 16 60.043 -133.000 -29.729 60.043 -13.000 -29.729 54.801 -13.000 -38.546 -2.400 1.232 2.400 1.232 2.400 1.643
3 16 60.043 -133.000 -29.729 63.878 -133.000 -20.215 60.043 -13.000 -29.729 -2.400 1.232 -2.400 0.821 2.400 1.232
3 16 63.878 -133.000 -20.215 63.878 -13.000 -20.215 60.043 -13.000 -29.729 -2.400 0.821 2.400 0.821 2.400 1.232
3 16 63.878 -133.000 -20.215 66.215 -133.000 -10.228 63.878 -13.000 -20.215 -2.400 0.821 -2.400 0.411 2.400 0.821
2 24 -67.782 -13.500 -12.989 -68.165 -13.500 -12.989
2 24 -67.782 -13.500 -12.668 -68.165 -13.500 -12.668
2 24 -67.782 -13.000 -12.668 -68.165 -13.000 -12.668
2 24 -67.927 -13.500 1.489 -68.040 -13.500 1.531
2 24 -67.513 -13.500 0.514 -67.782 -13.500 0.607
2 24 -68.782 -13.500 -6.696 -69.393 -13.500 -6.623
2 24 -69.260 -13.000 -8.102 -69.339 -13.000 -8.096
2 24 -68.429 -13.000 -8.976 -68.587 -13.000 -8.966
2 24 -69.482 -13.000 -12.315 -69.782 -13.000 -12.315
2 24 -68.072 -13.000 -13.773 -68.154 -13.000 -13.717
2 24 -36.419 -13.000 -56.237 -44.577 -13.000 -50.019
2 24 -67.572 -13.000 11.297 -67.794 -13.000 11.473
2 24 -67.629 -13.500 11.339 -67.686 -13.500 11.382
2 24 -68.086 -13.000 10.525 -68.332 -13.000 10.595
2 24 -68.086 -13.500 10.525 -68.332 -13.500 10.595
2 24 -68.730 -13.000 -0.481 -68.928 -13.000 -0.317
2 24 -68.730 -13.500 -0.481 -68.928 -13.500 -0.317
2 24 -68.590 -13.000 -6.692 -68.782 -13.000 -6.696
2 24 -67.782 -13.000 -5.456 -68.014 -13.000 -5.456
2 24 -68.424 -13.000 -9.681 -68.590 -13.000 -9.693
2 24 -67.572 -13.500 11.297 -67.629 -13.500 11.339
2 24 -67.502 -13.500 12.701 -67.794 -13.500 12.806
2 24 -68.165 -13.500 -12.989 -68.165 -13.500 -12.668
2 24 -68.165 -13.500 -10.655 -68.165 -13.500 -10.334
2 24 -68.133 -13.500 -2.621 -68.133 -13.500 -2.106
2 24 -68.145 -13.500 0.584 -68.145 -13.500 0.841
2 24 -68.192 -13.500 12.829 -68.192 -13.500 13.052
2 24 -67.782 -13.500 -12.989 -67.782 -13.500 -12.668
2 24 -67.782 -13.500 -11.449 -67.782 -13.500 -11.164
2 24 -67.782 -13.500 -10.655 -67.782 -13.500 -10.334
2 24 -67.782 -13.500 -8.457 -67.782 -13.500 -7.224
2 24 -67.782 -13.500 -5.456 -67.782 -13.500 -4.222
2 24 -67.771 -13.500 2.291 -67.771 -13.500 2.537
2 24 -68.940 -13.000 9.028 -68.940 -13.000 10.057
2 24 -68.940 -13.000 10.291 -68.940 -13.000 11.098
2 24 -68.110 -13.500 13.461 -68.110 -13.500 13.683
2 24 -68.332 -13.500 -2.609 -68.332 -13.500 -2.106
2 24 -68.309 -13.500 13.052 -68.309 -13.500 13.461
2 24 -68.507 -13.000 1.309 -68.507 -13.000 1.683
2 24 -68.507 -13.000 1.929 -68.507 -13.000 2.291
2 24 -68.507 -13.000 13.052 -68.507 -13.000 13.461
2 24 -68.332 -13.000 -2.609 -68.332 -13.000 -2.106
2 24 -68.309 -13.000 13.052 -68.309 -13.000 13.461
2 24 -67.773 -13.000 7.544 -67.771 -13.000 7.753
2 24 -68.695 -13.000 1.052 -68.695 -13.000 1.683
2 24 -68.695 -13.000 1.929 -68.695 -13.000 2.537
2 24 -67.864 -13.500 3.449 -67.864 -13.500 4.151
2 24 -67.864 -13.500 4.397 -67.864 -13.500 5.133
2 24 -68.566 -13.000 3.788 -68.566 -13.000 4.151
2 24 -68.566 -13.000 4.397 -68.566 -13.000 4.829
2 24 -68.776 -13.000 3.788 -68.776 -13.000 4.151
2 24 -68.776 -13.000 4.397 -68.776 -13.000 4.829
2 24 -68.145 -13.000 0.584 -68.145 -13.500 0.584
2 24 -68.145 -13.000 0.841 -68.145 -13.500 0.841
2 24 -67.785 -13.000 0.440 -67.782 -13.000 0.607
2 24 -67.782 -13.000 0.607 -67.782 -13.500 0.607
2 24 -70.098 -13.000 -1.311 -70.098 -13.500 -1.311
2 24 -68.928 -13.000 -0.317 -68.928 -13.500 -0.317
2 24 -69.186 -13.000 -0.796 -69.186 -13.500 -0.796
2 24 -70.262 -13.000 -1.826 -70.262 -13.500 -1.826
2 24 -68.858 -13.000 -2.586 -68.858 -13.000 -2.106
2 24 -68.014 -13.500 -8.457 -68.014 -13.500 -7.475
2 24 -68.014 -13.500 -5.456 -68.014 -13.500 -4.474
2 24 -69.818 -13.000 -14.321 -69.820 -13.000 -14.256
2 24 -68.165 -13.000 -12.989 -68.165 -13.000 -12.668
2 24 -68.165 -13.000 -10.655 -68.165 -13.000 -10.334
2 24 -68.133 -13.000 -2.621 -68.133 -13.000 -2.106
2 24 -68.145 -13.000 0.584 -68.145 -13.000 0.841
2 24 -68.192 -13.000 12.829 -68.192 -13.000 13.052
2 24 -67.782 -13.000 -12.989 -67.782 -13.000 -12.668
2 24 -67.782 -13.000 -11.449 -67.782 -13.000 -11.164
2 24 -67.782 -13.000 -10.655 -67.782 -13.000 -10.334
2 24 -67.782 -13.000 -8.457 -67.782 -13.000 -7.224
2 24 -67.782 -13.000 -5.456 -67.782 -13.000 -4.222
2 24 -67.771 -13.000 2.291 -67.771 -13.000 2.537
2 24 -67.502 -13.500 -1.054 -67.502 -13.500 -0.785
2 24 -67.525 -13.500 1.671 -67.525 -13.500 1.940
2 24 -67.537 -13.500 14.046 -67.537 -13.500 14.291
2 24 -68.110 -13.000 13.461 -68.110 -13.000 13.683
2 24 -69.981 -13.500 13.332 -69.993 -13.500 13.765
2 24 -69.525 -13.500 1.087 -69.537 -13.500 1.496
2 24 -69.291 -13.500 3.215 -69.303 -13.500 3.636
2 24 -67.665 -13.500 3.449 -67.665 -13.500 5.133
2 24 -67.864 -13.000 3.449 -67.864 -13.000 4.151
2 24 -67.864 -13.000 4.397 -67.864 -13.000 5.133
2 24 -67.513 -13.000 0.514 -67.513 -13.500 0.514
2 24 -68.730 -13.000 -0.481 -68.730 -13.500 -0.481
2 24 -69.502 -13.500 -3.054 -69.513 -13.500 -2.644
2 24 -67.466 -13.500 -2.118 -67.466 -13.500 -1.872
2 24 -69.139 -13.000 -1.206 -69.139 -13.500 -1.206
2 24 -70.145 -13.000 -2.130 -70.145 -13.500 -2.130
2 24 -69.700 -13.000 -1.872 -69.700 -13.500 -1.872
2 24 -68.014 -13.000 -8.457 -68.014 -13.000 -7.475
2 24 -68.014 -13.000 -5.456 -68.014 -13.000 -4.474
2 24 -70.207 -15.500 -10.582 -71.000 -15.500 0.000
2 24 -68.782 -13.000 -6.968 -69.238 -13.000 -6.929
2 24 -69.494 -13.500 -8.338 -69.676 -13.500 -8.217
2 24 -69.502 -13.000 -8.335 -69.676 -13.000 -8.217
2 24 -69.482 -13.500 -12.315 -69.782 -13.500 -12.315
2 24 -43.639 -10.500 -60.997 -52.056 -10.500 -53.993
2 24 -68.165 -13.000 -12.989 -68.165 -13.500 -12.989
2 24 -68.165 -13.000 -12.668 -68.165 -13.500 -12.668
2 24 -67.782 -13.000 -12.989 -67.782 -13.500 -12.989
2 24 -67.782 -13.000 -12.668 -67.782 -13.500 -12.668
2 24 -67.613 -13.500 9.180 -68.040 -13.500 8.946
2 24 -69.139 -13.500 -1.206 -69.607 -13.500 -1.545
2 24 -69.766 -13.500 -9.600 -69.823 -13.500 -9.331
2 24 -69.792 -13.000 -14.483 -69.792 -13.500 -14.483
2 24 -68.727 -13.000 -13.636 -68.727 -13.500 -13.636
2 24 -68.920 -13.000 -13.636 -68.920 -13.500 -13.636
2 24 -69.534 -13.500 -14.472 -69.588 -13.500 -14.221
2 24 -69.534 -13.000 -14.472 -69.534 -13.500 -14.472
2 24 71.000 -133.000 0.000 70.207 -133.000 10.582
2 24 -69.758 -13.000 -6.615 -69.823 -13.000 -6.329
2 24 -68.964 -13.500 5.671 -69.414 -13.500 5.397
2 24 -68.533 -13.000 -8.004 -68.616 -13.000 -8.079
2 24 -67.959 -13.500 -14.023 -67.984 -13.500 -13.892
2 24 -65.238 -13.000 -15.266 -66.803 -13.000 -5.129
2 24 2.566 -133.000 -66.951 -7.684 -133.000 -66.558
2 24 -67.846 -15.500 -20.928 -70.207 -15.500 -10.582
2 24 -67.613 -13.000 9.180 -68.040 -13.000 8.946
2 24 -69.766 -13.500 -6.598 -69.823 -13.500 -6.329
2 24 -69.040 -13.000 -21.296 -71.443 -13.000 -10.768
2 24 -69.665 -13.000 14.057 -70.110 -13.000 13.812
2 24 -67.803 -13.000 -6.613 -67.992 -13.000 -6.811
2 24 -69.482 -13.000 -6.081 -69.548 -13.000 -6.145
2 24 -68.066 -13.000 -7.224 -68.188 -13.000 -7.353
2 24 -68.014 -13.000 -7.475 -68.115 -13.000 -7.583
2 24 -68.115 -13.000 -7.583 -68.247 -13.000 -7.722
2 24 -69.572 -13.000 -8.847 -69.760 -13.000 -9.046
2 24 -69.497 -13.500 -13.579 -69.734 -13.500 -13.859
2 24 -74.800 0.000 -5.475 -74.800 0.000 5.475
2 24 -67.782 -13.000 -12.989 -68.165 -13.000 -12.989
2 24 -67.927 -13.000 1.489 -68.040 -13.000 1.531
2 24 -67.513 -13.000 0.514 -67.782 -13.000 0.607
2 24 -69.275 -13.500 -5.373 -69.494 -13.500 -5.337
2 24 -69.260 -13.500 -5.101 -69.408 -13.500 -5.075
2 24 -68.321 -13.000 -8.729 -68.781 -13.000 -8.691
2 24 65.618 -15.500 42.170 58.948 -15.500 51.079
2 24 -42.170 -15.500 -65.618 -51.079 -15.500 -58.948
2 24 -69.817 -13.500 0.268 -70.157 -13.500 0.280
2 24 -69.817 -13.000 0.268 -70.157 -13.000 0.280
2 24 -67.502 -13.500 -1.054 -68.098 -13.500 -1.042
2 24 -67.911 -13.500 -2.106 -68.133 -13.500 -2.106
2 24 -68.332 -13.500 -2.106 -68.858 -13.500 -2.106
2 24 -69.057 -13.500 -2.106 -69.513 -13.500 -2.106
2 24 -67.911 -13.000 -2.106 -68.133 -13.000 -2.106
2 24 -68.332 -13.000 -2.106 -68.858 -13.000 -2.106
2 24 -69.057 -13.000 -2.106 -69.513 -13.000 -2.106
2 24 -67.817 -13.000 -1.884 -69.513 -13.000 -1.884
2 24 -68.967 -13.000 -5.965 -69.132 -13.000 -5.976
2 24 -68.424 -13.000 -6.679 -68.590 -13.000 -6.692
2 24 -68.018 -13.000 -6.140 -68.086 -13.000 -6.077
2 24 -68.018 -13.000 -9.142 -68.086 -13.000 -9.078
2 24 -68.703 -13.000 -14.310 -68.768 -13.000 -14.248
2 24 -51.079 -10.500 -58.948 -58.948 -10.500 -51.079
2 24 58.948 -10.500 51.079 51.079 -10.500 58.948
2 24 -67.502 -13.000 -1.054 -68.098 -13.000 -1.042
2 24 -69.502 -13.500 -3.054 -69.712 -13.500 -3.054
2 24 -68.121 -13.500 -2.995 -68.344 -13.500 -2.995
2 24 -68.847 -13.500 -2.913 -69.069 -13.500 -2.913
2 24 -68.146 -13.500 -14.606 -68.431 -13.500 -14.657
2 24 -68.344 -13.000 -2.995 -68.344 -13.500 -2.995
2 24 -68.121 -13.000 -2.995 -68.121 -13.500 -2.995
2 24 -67.466 -13.000 -2.118 -67.466 -13.500 -2.118
2 24 -69.572 -13.000 -5.846 -69.760 -13.000 -6.045
2 24 -69.419 -13.000 -4.264 -69.419 -13.500 -4.264
2 24 -69.704 -13.000 -4.264 -69.704 -13.500 -4.264
2 24 -69.588 -13.000 -7.830 -69.593 -13.000 -7.759
2 24 -67.788 -13.500 -14.268 -67.928 -13.500 -14.469
2 24 -67.547 -13.500 9.285 -67.554 -13.500 9.461
2 24 -69.759 -13.500 11.894 -69.782 -13.500 12.233
2 24 -68.014 -13.000 -4.474 -68.115 -13.000 -4.582
2 24 -68.115 -13.000 -4.582 -68.247 -13.000 -4.721
2 24 -69.588 -13.000 -4.828 -69.593 -13.000 -4.757
2 24 -68.066 -13.000 -4.222 -68.188 -13.000 -4.352
2 24 -67.502 -13.000 -1.054 -67.502 -13.000 -0.785
2 24 -67.525 -13.000 1.671 -67.525 -13.000 1.940
2 24 -67.537 -13.000 14.046 -67.537 -13.000 14.291
2 24 -69.981 -13.000 13.332 -69.993 -13.000 13.765
2 24 -69.525 -13.000 1.087 -69.537 -13.000 1.496
2 24 -69.197 -13.500 2.303 -69.209 -13.500 2.666
2 24 -67.665 -13.000 3.449 -67.665 -13.000 5.133
2 24 -69.291 -13.000 3.215 -69.303 -13.000 3.636
2 24 -67.466 -13.000 -2.118 -67.466 -13.000 -1.872
2 24 -69.513 -13.000 -1.884 -69.513 -13.500 -1.884
2 24 -69.513 -13.000 -1.767 -69.513 -13.500 -1.767
2 24 -68.987 -13.000 -1.428 -68.987 -13.500 -1.428
2 24 -69.513 -13.000 -2.106 -69.513 -13.500 -2.106
2 24 -69.502 -13.000 -3.054 -69.513 -13.000 -2.644
2 24 -7.684 -133.000 -66.558 -17.754 -133.000 -64.605
2 24 -67.537 -13.500 14.046 -68.110 -13.500 14.057
2 24 -68.192 -13.000 13.052 -68.309 -13.000 13.052
2 24 -68.507 -13.000 13.052 -69.186 -13.000 13.052
2 24 -68.110 -13.000 13.461 -68.309 -13.000 13.461
2 24 -68.507 -13.000 13.461 -69.186 -13.000 13.461
2 24 -67.946 -13.500 12.443 -69.782 -13.500 12.443
2 24 -69.275 -13.000 -8.999 -69.390 -13.000 -9.033
2 24 -67.537 -13.000 14.046 -68.110 -13.000 14.057
2 24 -68.800 -13.500 13.671 -69.385 -13.500 13.683
2 24 -67.852 -13.500 12.233 -69.782 -13.500 12.233
2 24 -69.759 -13.500 11.894 -69.993 -13.500 11.894
2 24 -67.946 -13.000 12.443 -69.782 -13.000 12.443
2 24 -67.838 -13.000 0.285 -67.946 -13.000 0.268
2 24 -68.949 -13.500 -8.019 -69.260 -13.500 -8.102
2 24 -68.173 -13.000 -9.626 -68.285 -13.000 -9.659
2 24 -69.132 -13.000 -13.414 -69.328 -13.000 -13.482
2 24 -67.537 -13.500 14.291 -68.133 -13.500 14.268
2 24 -67.661 -13.000 0.065 -67.794 -13.000 0.034
2 24 -68.963 -13.000 -8.314 -69.058 -13.000 -8.347
2 24 -67.962 -13.000 -6.329 -67.976 -13.000 -6.224
2 24 -69.787 -13.000 -5.026 -69.824 -13.000 -4.777
2 24 -68.533 -13.000 -5.002 -68.616 -13.000 -5.078
2 24 -67.782 -13.000 -8.457 -67.782 -13.500 -8.457
2 24 -69.787 -13.000 -8.028 -69.824 -13.000 -7.778
2 24 -67.962 -13.000 -9.331 -67.976 -13.000 -9.225
2 24 -67.803 -13.000 -9.614 -67.992 -13.000 -9.813
2 24 -68.824 -13.000 -14.128 -68.834 -13.000 -14.061
2 24 12.756 -13.000 65.774 2.566 -13.000 66.951
2 24 8.203 0.000 74.550 -2.739 0.000 74.950
2 24 -68.133 -13.500 14.268 -69.291 -13.500 14.268
2 24 -68.765 -13.500 12.841 -69.385 -13.500 12.829
2 24 -68.110 -13.000 13.683 -68.800 -13.000 13.671
2 24 -68.987 -13.000 -1.428 -69.139 -13.000 -1.206
2 24 -68.875 -13.500 -5.269 -69.275 -13.500 -5.373
2 24 -69.512 -13.000 -5.002 -69.547 -13.000 -4.951
2 24 47.975 -10.500 57.649 39.071 -10.500 64.019
2 24 -68.110 -13.500 14.057 -69.665 -13.500 14.057
2 24 -68.133 -13.000 14.268 -69.291 -13.000 14.268
2 24 -68.765 -13.000 12.841 -69.385 -13.000 12.829
2 24 -69.759 -13.500 13.765 -69.993 -13.500 13.765
2 24 -67.864 -13.500 1.683 -68.507 -13.500 1.683
2 24 -68.695 -13.500 1.683 -69.010 -13.500 1.683
2 24 -69.197 -13.500 1.683 -69.537 -13.500 1.683
2 24 -68.238 -13.500 1.309 -68.507 -13.500 1.309
2 24 -67.864 -13.000 1.929 -68.507 -13.000 1.929
2 24 -68.695 -13.000 1.929 -69.010 -13.000 1.929
2 24 -69.197 -13.000 1.929 -69.537 -13.000 1.929
2 24 -67.864 -13.500 1.929 -68.507 -13.500 1.929
2 24 -68.695 -13.500 1.929 -69.010 -13.500 1.929
2 24 -69.197 -13.500 1.929 -69.537 -13.500 1.929
2 24 -67.771 -13.000 2.291 -68.507 -13.000 2.291
2 24 -69.923 -13.500 4.397 -70.215 -13.500 4.408
2 24 -68.443 -13.500 0.819 -68.542 -13.500 0.818
2 24 -69.817 -13.000 0.034 -70.157 -13.000 0.022
2 24 -68.781 -13.500 -5.961 -69.390 -13.500 -6.031
2 24 -68.173 -13.500 -6.624 -68.782 -13.500 -6.696
2 24 -44.577 -13.000 -50.019 -51.690 -13.000 -42.628
2 24 -68.882 -13.000 14.502 -69.291 -13.000 14.268
2 24 -68.066 -13.500 -4.222 -68.547 -13.500 -4.705
2 24 -68.247 -13.000 -4.721 -68.392 -13.000 -4.868
2 24 -67.988 -13.000 -14.169 -68.074 -13.000 -14.285
2 24 -72.004 0.000 10.853 -72.818 0.000 0.000
2 24 -69.246 -13.000 8.113 -69.455 -13.000 8.057
2 24 -67.899 -13.000 1.109 -67.975 -13.000 1.081
2 24 -67.900 -13.500 1.108 -67.975 -13.500 1.081
2 24 -69.548 -13.000 -9.513 -69.588 -13.000 -9.432
2 24 -69.210 -13.000 -13.696 -69.419 -13.000 -13.818
2 24 25.939 -133.000 -66.092 15.799 -133.000 -69.220
2 24 32.007 -133.000 -58.860 22.647 -133.000 -63.056
2 24 -68.940 -13.500 9.028 -69.186 -13.500 9.028
2 24 -69.747 -13.500 7.133 -70.192 -13.500 7.122
2 24 -68.781 -13.500 -5.689 -69.572 -13.500 -5.846
2 24 -69.058 -13.000 -5.346 -69.162 -13.000 -5.366
2 24 -70.110 -13.500 13.812 -70.250 -13.500 14.092
2 24 -67.809 -13.000 9.405 -67.882 -13.000 9.554
2 24 -69.665 -13.500 14.057 -70.110 -13.500 13.812
2 24 -68.964 -13.000 5.671 -69.146 -13.000 5.538
2 24 -67.802 -13.500 -6.610 -67.992 -13.500 -6.811
2 24 -68.014 -13.000 -5.456 -68.014 -13.500 -5.456
2 24 -67.782 -13.000 -5.456 -67.782 -13.500 -5.456
2 24 -68.307 -13.000 -4.474 -68.425 -13.000 -4.591
2 24 -69.704 -13.000 -7.266 -69.704 -13.500 -7.266
2 24 -69.572 -13.500 -8.847 -69.761 -13.500 -9.049
2 24 -67.740 -13.000 -14.021 -67.751 -13.000 -13.893
2 24 -69.792 -13.500 -14.483 -69.820 -13.500 -14.256
2 24 -67.959 -13.000 -14.023 -67.965 -13.000 -13.955
2 24 -69.419 -13.000 -7.281 -69.419 -13.500 -7.281
2 24 15.799 -15.500 69.220 5.306 -15.500 70.801
2 24 21.975 -15.500 74.840 11.101 -15.500 77.206
2 24 -74.840 -15.500 -21.975 -77.206 -15.500 -11.101
2 24 -67.992 -13.000 -6.811 -68.316 -13.000 -6.929
2 24 -68.941 -13.000 -14.440 -69.000 -13.000 -14.346
2 24 44.268 -133.000 -55.510 35.500 -133.000 -61.488
2 24 36.409 0.000 63.062 26.603 0.000 67.784
2 24 -69.388 -13.500 14.439 -70.250 -13.500 14.092
2 24 -67.632 -13.500 7.192 -67.699 -13.500 7.156
2 24 -68.250 -13.000 8.525 -68.600 -13.000 8.347
2 24 -67.740 -13.000 -6.329 -67.804 -13.000 -6.043
2 24 -68.701 -13.000 -5.150 -68.788 -13.000 -5.215
2 24 -69.497 -13.000 -13.579 -69.633 -13.000 -13.703
2 24 -68.882 -13.500 14.502 -69.291 -13.500 14.268
2 24 -69.759 -13.000 11.894 -69.782 -13.000 12.233
2 24 -68.014 -13.500 -4.474 -68.533 -13.500 -5.002
2 24 -68.014 -13.000 -4.474 -68.014 -13.500 -4.474
2 24 -68.188 -13.000 -4.352 -68.307 -13.000 -4.474
2 24 -68.066 -13.000 -4.222 -68.066 -13.500 -4.222
2 24 -67.782 -13.000 -4.222 -67.782 -13.500 -4.222
2 24 -67.987 -13.500 -14.167 -68.074 -13.500 -14.285
2 24 -70.110 -13.000 13.812 -70.250 -13.000 14.092
2 24 -69.850 -13.000 2.470 -70.028 -13.000 2.420
2 24 -67.686 -13.500 11.382 -67.741 -13.500 11.426
2 24 -69.513 -13.500 0.818 -69.806 -13.500 0.841
2 24 -67.466 -13.000 -2.118 -67.911 -13.000 -2.106
2 24 -67.782 -13.500 -4.222 -68.066 -13.500 -4.222
2 24 -69.419 -13.500 -4.264 -69.704 -13.500 -4.264
2 24 -68.946 -13.500 8.209 -69.455 -13.500 8.057
2 24 -68.081 -13.000 -6.576 -68.173 -13.000 -6.624
2 24 -69.547 -13.000 -7.953 -69.572 -13.000 -7.895
2 24 -67.882 -13.500 9.309 -68.215 -13.500 9.215
2 24 -69.472 -13.500 -0.685 -70.250 -13.500 -1.007
2 24 -69.607 -13.500 -1.545 -70.262 -13.500 -1.826
2 24 -68.875 -13.000 -5.269 -68.963 -13.000 -5.313
2 24 -69.547 -13.000 -4.951 -69.572 -13.000 -4.893
2 24 36.125 -13.000 62.570 26.396 -13.000 67.256
2 24 32.007 -13.000 58.860 22.647 -13.000 63.056
2 24 42.170 -15.500 65.618 32.402 -15.500 70.951
2 24 -65.618 -15.500 -42.170 -70.951 -15.500 -32.402
2 24 -65.404 -10.500 -36.706 -70.051 -10.500 -26.792
2 24 29.333 0.000 69.026 18.970 0.000 72.561
2 24 -67.525 -13.000 1.671 -67.864 -13.000 1.683
2 24 -68.145 -13.500 0.584 -68.542 -13.500 0.595
2 24 -68.098 -13.000 -1.042 -69.595 -13.000 -1.042
2 24 -68.098 -13.500 -1.042 -69.595 -13.500 -1.042
2 24 -68.086 -13.000 -0.796 -69.186 -13.000 -0.796
2 24 -69.483 -13.000 -6.575 -69.548 -13.000 -6.512
2 24 -68.781 -13.500 -8.963 -69.390 -13.500 -9.033
2 24 -69.483 -13.000 -9.576 -69.548 -13.000 -9.513
2 24 -44.268 -15.500 -55.510 -52.047 -15.500 -48.292
2 24 -53.379 0.000 -49.529 -60.165 0.000 -41.020
2 24 -69.946 -13.500 2.151 -70.028 -13.500 2.420
2 24 -69.753 -13.000 5.005 -69.866 -13.000 4.952
2 24 -69.700 -13.500 -1.872 -70.145 -13.500 -2.130
2 24 -69.700 -13.000 -1.872 -70.145 -13.000 -2.130
2 24 -69.310 -13.000 10.101 -69.461 -13.000 10.116
2 24 -68.999 -13.500 2.666 -69.209 -13.500 2.666
2 24 -68.086 -13.500 2.525 -68.344 -13.500 2.525
2 24 -67.771 -13.500 2.291 -68.507 -13.500 2.291
2 24 -67.654 -13.000 3.016 -67.876 -13.000 3.016
2 24 -68.554 -13.000 3.391 -68.788 -13.000 3.391
2 24 -69.291 -13.000 3.215 -69.525 -13.000 3.215
2 24 -69.513 -13.000 0.595 -69.806 -13.000 0.584
2 24 -69.817 -13.500 0.034 -70.157 -13.500 0.022
2 24 -69.563 -13.500 -6.813 -69.766 -13.500 -6.598
2 24 -69.563 -13.500 -9.815 -69.766 -13.500 -9.600
2 24 58.948 -15.500 51.079 51.079 -15.500 58.948
2 24 -51.079 -15.500 -58.948 -58.948 -15.500 -51.079
2 24 -68.999 -13.000 2.666 -69.209 -13.000 2.666
2 24 -68.086 -13.000 2.525 -68.344 -13.000 2.525
2 24 -68.928 -13.000 -0.317 -69.146 -13.000 -0.485
2 24 -68.425 -13.000 -7.592 -68.547 -13.000 -7.707
2 24 -68.392 -13.000 -7.870 -68.533 -13.000 -8.004
2 24 -69.547 -13.000 -12.078 -69.547 -13.500 -12.078
2 24 -69.782 -13.000 -12.315 -69.782 -13.500 -12.315
2 24 -68.165 -13.000 -10.655 -68.165 -13.500 -10.655
2 24 -68.165 -13.000 -10.334 -68.165 -13.500 -10.334
2 24 -67.782 -13.000 -10.334 -67.782 -13.500 -10.334
2 24 -69.571 -13.000 -14.367 -69.584 -13.000 -14.296
2 24 18.970 -10.500 72.561 8.203 -10.500 74.550
2 24 -67.782 -13.000 -10.655 -67.782 -13.500 -10.655
2 24 -74.840 -10.500 -21.975 -77.206 -10.500 -11.101
2 24 21.975 -10.500 74.840 11.101 -10.500 77.206
2 24 -69.431 -13.000 10.350 -69.794 -13.000 10.361
2 24 -67.864 -13.500 7.133 -69.747 -13.500 7.133
2 24 -67.923 -13.000 7.367 -69.747 -13.000 7.367
2 24 -67.923 -13.500 7.367 -69.747 -13.500 7.367
2 24 -69.923 -13.500 4.151 -70.215 -13.500 4.139
2 24 -67.992 -13.500 -6.811 -68.782 -13.500 -6.968
2 24 -69.045 -13.500 14.666 -69.388 -13.500 14.439
2 24 -69.197 -13.500 1.391 -69.197 -13.500 1.683
2 24 -69.197 -13.500 1.929 -69.197 -13.500 2.303
2 24 -69.174 -13.500 9.473 -69.174 -13.500 10.081
2 24 -69.174 -13.500 10.315 -69.174 -13.500 11.098
2 24 -69.186 -13.500 13.052 -69.186 -13.500 13.461
2 24 -68.940 -13.500 9.028 -68.940 -13.500 10.057
2 24 -68.940 -13.500 10.291 -68.940 -13.500 11.098
2 24 -67.824 -13.500 9.355 -67.882 -13.500 9.309
2 24 -69.385 -13.500 12.829 -69.385 -13.500 13.683
2 24 -69.385 -13.000 12.829 -69.385 -13.000 13.683
2 24 -67.583 -13.000 7.250 -67.683 -13.000 7.163
2 24 -69.782 -13.000 -12.315 -69.782 -13.000 -11.046
2 24 -69.806 -13.000 0.584 -69.806 -13.000 0.841
2 24 -69.782 -13.000 12.443 -69.782 -13.000 13.297
2 24 -69.981 -13.000 12.186 -69.981 -13.000 13.332
2 24 -69.700 -13.000 -2.644 -69.700 -13.000 -1.872
2 24 -69.724 -13.000 1.508 -69.724 -13.000 1.683
2 24 -69.724 -13.000 1.929 -69.724 -13.000 2.268
2 24 -69.547 -13.000 -12.078 -69.547 -13.000 -11.046
2 24 -69.513 -13.000 -2.644 -69.513 -13.000 -2.106
2 24 -69.513 -13.000 -1.884 -69.513 -13.000 -1.767
2 24 -69.537 -13.000 1.496 -69.537 -13.000 1.683
2 24 -69.537 -13.000 1.929 -69.537 -13.000 2.338
2 24 -69.513 -13.000 3.636 -69.513 -13.000 4.151
2 24 -69.513 -13.000 4.397 -69.513 -13.000 5.098
2 24 -69.057 -13.500 -2.586 -69.057 -13.500 -2.106
2 24 -69.010 -13.500 1.016 -69.010 -13.500 1.683
2 24 -69.010 -13.500 1.929 -69.010 -13.500 2.303
2 24 -68.695 -13.000 1.052 -68.695 -13.500 1.052
2 24 -68.040 -13.000 1.531 -68.040 -13.500 1.531
2 24 -68.507 -13.000 1.309 -68.507 -13.500 1.309
2 24 -67.525 -13.000 1.940 -67.525 -13.500 1.940
2 24 -69.303 -13.500 3.636 -69.303 -13.500 4.151
2 24 -69.303 -13.500 4.397 -69.303 -13.500 5.180
2 24 -68.776 -13.500 3.788 -68.776 -13.500 4.151
2 24 -68.776 -13.500 4.397 -68.776 -13.500 4.829
2 24 -67.876 -13.000 3.016 -67.864 -13.000 3.449
2 24 -67.665 -13.000 5.133 -67.654 -13.000 5.543
2 24 -69.303 -13.000 3.636 -69.303 -13.000 4.151
2 24 -69.303 -13.000 4.397 -69.303 -13.000 5.180
2 24 -68.858 -13.500 -2.586 -68.858 -13.500 -2.106
2 24 -67.788 -13.000 -14.268 -67.847 -13.000 -14.374
2 24 -68.920 -13.000 -13.636 -68.979 -13.000 -13.732
2 24 2.566 -13.000 66.951 -7.684 -13.000 66.558
2 24 -77.206 -10.500 -11.101 -78.000 -10.500 0.000
2 24 11.101 -10.500 77.206 0.000 -10.500 78.000
2 24 8.203 -10.500 74.550 -2.739 -10.500 74.950
2 24 -2.739 0.000 74.950 -13.623 0.000 73.752
2 24 -5.442 0.000 72.614 -16.203 0.000 70.992
2 24 -70.110 -13.000 13.812 -70.110 -13.500 13.812
2 24 -70.250 -13.000 14.092 -70.250 -13.500 14.092
2 24 -67.641 -13.500 12.289 -67.595 -13.500 12.344
2 24 -69.993 -13.000 13.765 -69.993 -13.500 13.765
2 24 -68.215 -13.000 6.245 -68.320 -13.000 6.011
2 24 -69.045 -13.000 14.666 -69.045 -13.500 14.666
2 24 -68.882 -13.000 14.502 -68.882 -13.500 14.502
2 24 -69.291 -13.000 14.268 -69.291 -13.500 14.268
2 24 -69.759 -13.000 13.765 -69.759 -13.500 13.765
2 24 63.878 -133.000 20.215 60.043 -133.000 29.729
2 24 -77.206 -15.500 11.101 -78.000 -15.500 0.000
2 24 -26.603 0.000 67.784 -36.409 0.000 63.062
2 24 -67.993 -13.000 11.098 -68.061 -13.000 10.984
2 24 -67.572 -13.500 11.297 -68.086 -13.500 10.525
2 24 -67.829 -13.000 10.940 -67.981 -13.000 10.699
2 24 -67.981 -13.000 10.699 -68.086 -13.000 10.525
2 24 -67.993 -13.500 11.098 -68.332 -13.500 10.595
2 24 -67.827 -13.000 9.351 -67.809 -13.000 9.405
2 24 -67.542 -13.000 9.303 -67.613 -13.000 9.180
2 24 -67.547 -13.500 9.285 -67.613 -13.500 9.180
2 24 -68.215 -13.500 6.245 -68.320 -13.500 6.011
2 24 -69.338 -13.000 6.783 -69.466 -13.000 6.572
2 24 -69.040 -13.000 21.296 -71.443 -13.000 10.768
2 24 -65.404 0.000 36.706 -70.051 0.000 26.792
2 24 -24.216 0.000 70.983 -34.293 0.000 66.701
2 24 -60.165 0.000 41.020 -65.606 0.000 31.594
2 24 -36.125 -13.000 62.570 -45.047 -13.000 56.487
2 24 -67.537 -13.000 14.291 -67.537 -13.500 14.291
2 24 -69.186 -13.000 13.052 -69.186 -13.500 13.052
2 24 -68.309 -13.000 13.461 -68.309 -13.500 13.461
2 24 -68.110 -13.000 13.683 -68.110 -13.500 13.683
2 24 -69.385 -13.000 12.829 -69.385 -13.500 12.829
2 24 -68.507 -13.000 13.461 -68.507 -13.500 13.461
2 24 -67.502 -13.500 12.701 -67.595 -13.500 12.344
2 24 -69.782 -13.000 12.443 -69.782 -13.500 12.443
2 24 -69.782 -13.000 12.233 -69.782 -13.500 12.233
2 24 -69.993 -13.000 11.894 -69.993 -13.500 11.894
2 24 -5.399 -13.000 72.048 -16.077 -13.000 70.439
2 24 -62.143 -13.000 25.046 -65.238 -13.000 15.266
2 24 -69.545 -13.000 2.590 -69.689 -13.000 2.525
2 24 -68.110 -13.000 14.057 -69.665 -13.000 14.057
2 24 -68.110 -13.500 13.461 -68.309 -13.500 13.461
2 24 -68.507 -13.500 13.461 -69.186 -13.500 13.461
2 24 -69.759 -13.000 13.765 -69.993 -13.000 13.765
2 24 -68.920 -13.500 -13.636 -69.419 -13.500 -13.818
2 24 -52.047 -15.500 -48.292 -58.663 -15.500 -39.996
2 24 -60.165 0.000 -41.020 -65.606 0.000 -31.594
2 24 -67.537 -13.000 14.046 -67.537 -13.500 14.046
2 24 -70.075 -13.000 9.693 -70.038 -13.000 9.903
2 24 -69.958 -13.000 11.367 -69.958 -13.500 11.367
2 24 -68.507 -13.000 13.052 -68.507 -13.500 13.052
2 24 -68.110 -13.000 13.461 -68.110 -13.500 13.461
2 24 -68.309 -13.000 13.052 -68.309 -13.500 13.052
2 24 -69.759 -13.000 11.894 -69.759 -13.500 11.894
2 24 -69.785 -13.000 -4.495 -69.745 -13.000 -4.364
2 24 -69.745 -13.000 -4.364 -69.704 -13.000 -4.264
2 24 -69.555 -13.000 -4.542 -69.529 -13.000 -4.474
2 24 -67.771 -13.000 7.753 -67.771 -13.500 7.753
2 24 -67.595 -13.000 12.344 -67.689 -13.000 12.261
2 24 -70.075 -13.000 5.192 -70.075 -13.500 5.192
2 24 -67.740 -13.500 -6.329 -67.802 -13.500 -6.610
2 24 -67.740 -13.000 -6.329 -67.803 -13.000 -6.613
2 24 -68.015 -13.000 -9.513 -67.975 -13.000 -9.432
2 24 -69.601 -13.000 -9.331 -69.588 -13.000 -9.229
2 24 -67.788 -13.000 -14.268 -67.752 -13.000 -14.150
2 24 -68.727 -13.500 -13.636 -68.837 -13.500 -13.992
2 24 -69.023 -13.000 -13.832 -68.979 -13.000 -13.732
2 24 -67.987 -13.500 -14.167 -67.959 -13.500 -14.023
2 24 -71.443 -13.000 10.768 -72.250 -13.000 0.000
2 24 -68.028 -13.500 11.344 -69.572 -13.500 11.344
2 24 -68.800 -13.000 13.671 -69.385 -13.000 13.683
2 24 -67.852 -13.000 12.233 -69.782 -13.000 12.233
2 24 -69.759 -13.000 11.894 -69.993 -13.000 11.894
2 24 -52.963 -13.000 -49.142 -59.696 -13.000 -40.700
2 24 -69.993 -13.500 11.894 -69.981 -13.500 12.186
2 24 -69.782 -13.000 13.297 -69.759 -13.000 13.765
2 24 -67.876 -13.000 5.543 -67.876 -13.500 5.543
2 24 -68.554 -13.000 5.169 -68.554 -13.500 5.169
2 24 -68.788 -13.000 5.169 -68.788 -13.500 5.169
2 24 -69.303 -13.000 4.397 -69.303 -13.500 4.397
2 24 -69.303 -13.000 4.151 -69.303 -13.500 4.151
2 24 -69.513 -13.000 4.151 -69.513 -13.500 4.151
2 24 -69.513 -13.000 4.397 -69.513 -13.500 4.397
2 24 -67.589 -13.000 0.157 -67.661 -13.000 0.065
2 24 -69.593 -13.000 -4.757 -69.588 -13.000 -4.685
2 24 -69.824 -13.000 -7.778 -69.814 -13.000 -7.641
2 24 -15.799 -133.000 -69.220 -25.939 -133.000 -66.092
2 24 5.306 -15.500 70.801 -5.306 -15.500 70.801
2 24 -68.700 -13.000 8.034 -69.059 -13.000 7.902
2 24 -69.059 -13.000 7.902 -69.373 -13.000 7.788
2 24 -69.472 -13.000 -0.685 -69.857 -13.000 -0.874
2 24 -69.607 -13.000 -1.545 -69.923 -13.000 -1.703
2 24 -68.788 -13.000 -8.217 -68.875 -13.000 -8.271
2 24 -69.000 -13.000 -14.346 -69.036 -13.000 -14.256
2 24 15.799 -133.000 -69.220 5.306 -133.000 -70.801
2 24 -69.904 -13.000 14.196 -70.250 -13.000 14.092
2 24 -69.583 0.000 -21.463 -72.004 0.000 -10.853
2 24 -26.396 -13.000 67.256 -36.125 -13.000 62.570
2 24 -70.951 -10.500 32.402 -74.840 -10.500 21.975
2 24 -65.404 -10.500 36.706 -70.051 -10.500 26.792
2 24 -49.733 -7.305 56.140 -49.740 -7.435 56.151
2 24 -58.663 -15.500 39.996 -63.969 -15.500 30.806
2 24 -69.566 -13.000 14.344 -69.904 -13.000 14.196
2 24 -68.730 -13.500 -0.481 -69.186 -13.500 -0.796
2 24 -68.547 -13.500 -4.705 -68.949 -13.500 -5.017
2 24 -68.533 -13.500 -5.002 -68.875 -13.500 -5.269
2 24 -68.547 -13.000 -7.707 -68.773 -13.000 -7.899
2 24 -67.740 -13.500 -9.331 -67.796 -13.500 -9.060
2 24 -51.690 -13.000 42.628 -57.591 -13.000 34.238
2 24 -65.095 -13.000 31.348 -69.040 -13.000 21.296
2 24 -52.056 0.000 53.993 -59.362 0.000 45.838
2 24 -43.639 0.000 60.997 -52.056 0.000 53.993
2 24 -69.474 -13.000 14.392 -69.566 -13.000 14.344
2 24 -69.139 -13.000 -1.206 -69.338 -13.000 -1.372
2 24 -69.588 -13.000 -6.431 -69.601 -13.000 -6.329
2 24 -69.792 -13.500 -5.012 -69.824 -13.500 -4.777
2 24 -68.425 -13.000 -4.591 -68.547 -13.000 -4.705
2 24 -68.066 -13.500 -7.224 -68.547 -13.500 -7.707
2 24 -68.247 -13.000 -7.722 -68.392 -13.000 -7.870
2 24 -68.015 -13.000 -6.512 -68.081 -13.000 -6.576
2 24 -68.307 -13.000 -7.475 -68.425 -13.000 -7.592
2 24 -68.014 -13.000 -8.457 -68.014 -13.500 -8.457
2 24 -67.802 -13.500 -9.612 -67.992 -13.500 -9.813
2 24 5.442 0.000 72.614 -5.442 0.000 72.614
2 24 -69.198 -13.000 14.555 -69.388 -13.000 14.439
2 24 -67.791 -13.000 12.629 -67.794 -13.000 12.806
2 24 -67.864 -13.500 5.133 -67.876 -13.500 5.543
2 24 -67.654 -13.500 3.016 -67.665 -13.500 3.449
2 24 -67.864 -13.000 5.133 -67.876 -13.000 5.543
2 24 -68.776 -13.000 4.829 -68.788 -13.000 5.169
2 24 -68.554 -13.000 3.391 -68.566 -13.000 3.788
2 24 -67.502 -13.000 -1.054 -67.502 -13.500 -1.054
2 24 -68.121 -13.000 -2.995 -68.133 -13.000 -2.621
2 24 -68.133 -13.000 -2.106 -68.133 -13.500 -2.106
2 24 -68.332 -13.000 -2.106 -68.332 -13.500 -2.106
2 24 -68.847 -13.000 -2.913 -68.858 -13.000 -2.586
2 24 -68.847 -13.000 -2.913 -68.847 -13.500 -2.913
2 24 -69.069 -13.000 -2.913 -69.069 -13.500 -2.913
2 24 -69.502 -13.000 -3.054 -69.502 -13.500 -3.054
2 24 -69.054 -13.000 -14.162 -69.059 -13.000 -14.052
2 24 -69.419 -13.000 -13.818 -69.546 -13.000 -13.995
2 24 -69.584 -13.000 -14.296 -69.588 -13.000 -14.221
2 24 -68.834 -13.000 -14.061 -68.837 -13.000 -13.992
2 24 -67.654 -13.000 3.016 -67.665 -13.000 3.449
2 24 -67.466 -13.000 -1.872 -67.466 -13.500 -1.872
2 24 -69.572 -13.500 -5.846 -69.761 -13.500 -6.047
2 24 -45.509 -8.548 56.365 -46.965 -8.270 55.174
2 24 -42.579 -8.733 58.600 -45.509 -8.548 56.365
2 24 -25.939 -15.500 66.092 -35.500 -15.500 61.488
2 24 -69.045 -13.000 14.666 -69.198 -13.000 14.555
2 24 -69.987 -13.500 10.374 -69.958 -13.500 11.367
2 24 -70.028 -13.000 2.420 -70.028 -13.500 2.420
2 24 -67.864 -13.000 4.397 -67.864 -13.500 4.397
2 24 -68.566 -13.000 4.397 -68.566 -13.500 4.397
2 24 -68.566 -13.000 4.151 -68.566 -13.500 4.151
2 24 -68.776 -13.000 4.151 -68.776 -13.500 4.151
2 24 -69.291 -13.000 3.215 -69.291 -13.500 3.215
2 24 -69.525 -13.000 3.215 -69.525 -13.500 3.215
2 24 -68.774 -13.000 -13.722 -68.727 -13.000 -13.636
2 24 -68.837 -13.000 -13.992 -68.830 -13.000 -13.900
2 24 -69.059 -13.000 -14.052 -69.050 -13.000 -13.937
2 24 -74.800 -10.500 -5.475 -74.800 -10.500 5.475
2 24 -68.882 -13.000 14.502 -69.045 -13.000 14.666
2 24 -69.174 -13.000 10.315 -69.431 -13.000 10.350
2 24 -69.724 -13.500 1.929 -70.180 -13.500 1.940
2 24 -67.946 -13.000 0.268 -68.695 -13.000 2.537
2 24 -67.946 -13.500 0.268 -68.695 -13.500 2.537
2 24 -67.502 -13.000 -0.785 -68.086 -13.000 -0.796
2 24 -68.542 -13.000 0.595 -69.513 -13.000 0.595
2 24 -68.542 -13.000 0.818 -69.513 -13.000 0.818
2 24 -67.794 -13.500 0.034 -69.817 -13.500 0.034
2 24 -67.466 -13.500 -1.872 -67.817 -13.500 -1.884
2 24 -67.466 -13.000 -1.872 -67.817 -13.000 -1.884
2 24 -68.920 -13.000 -13.636 -69.210 -13.000 -13.696
2 24 -69.174 -13.000 10.081 -69.310 -13.000 10.101
2 24 -69.724 -13.000 1.929 -70.180 -13.000 1.940
2 24 -67.525 -13.500 1.671 -67.864 -13.500 1.683
2 24 -67.794 -13.000 0.034 -69.817 -13.000 0.034
2 24 -68.781 -13.000 -5.689 -69.249 -13.000 -5.728
2 24 55.858 -10.500 50.049 47.975 -10.500 57.649
2 24 -15.799 -15.500 69.220 -25.939 -15.500 66.092
2 24 -27.408 -13.000 61.138 -36.419 -13.000 56.237
2 24 -26.063 -8.549 67.593 -29.464 -8.733 66.172
2 24 -11.101 -10.500 77.206 -21.975 -10.500 74.840
2 24 -24.304 -8.271 68.259 -26.063 -8.549 67.593
2 24 -70.051 -10.500 26.792 -73.206 -10.500 16.307
2 24 -59.362 0.000 45.838 -65.404 0.000 36.706
2 24 -34.293 0.000 66.701 -43.639 0.000 60.997
2 24 -74.840 -10.500 21.975 -77.206 -10.500 11.101
2 24 -13.623 -10.500 73.752 -24.216 -10.500 70.983
2 24 -45.401 0.000 56.931 -53.379 0.000 49.529
2 24 -69.174 -13.500 10.081 -69.817 -13.500 10.128
2 24 -69.747 -13.000 7.367 -70.192 -13.000 7.379
2 24 -67.771 -13.000 2.537 -68.086 -13.000 2.525
2 24 -67.525 -13.500 1.940 -67.864 -13.500 1.929
2 24 -67.864 -13.500 4.397 -68.566 -13.500 4.397
2 24 -68.776 -13.500 4.397 -69.303 -13.500 4.397
2 24 -69.513 -13.500 4.397 -69.923 -13.500 4.397
2 24 -68.554 -13.000 5.169 -68.788 -13.000 5.169
2 24 -68.145 -13.000 0.841 -68.542 -13.000 0.818
2 24 -68.146 -13.000 -14.606 -68.282 -13.000 -14.644
2 24 -67.975 -13.500 1.081 -68.443 -13.500 0.819
2 24 -68.309 -13.000 1.069 -68.695 -13.000 1.052
2 24 -67.525 -13.000 1.940 -67.864 -13.000 1.929
2 24 -67.864 -13.500 4.151 -68.566 -13.500 4.151
2 24 -68.776 -13.500 4.151 -69.303 -13.500 4.151
2 24 -69.513 -13.500 4.151 -69.923 -13.500 4.151
2 24 -67.864 -13.000 4.397 -68.566 -13.000 4.397
2 24 -68.776 -13.000 4.397 -69.303 -13.000 4.397
2 24 -69.513 -13.000 4.397 -69.923 -13.000 4.397
2 24 -69.132 -13.000 -5.976 -69.275 -13.000 -5.997
2 24 -68.285 -13.000 -6.657 -68.424 -13.000 -6.679
2 24 -69.102 -13.000 -5.080 -69.260 -13.000 -5.101
2 24 -67.992 -13.500 -9.813 -68.782 -13.500 -9.969
2 24 47.975 0.000 57.649 39.071 0.000 64.019
2 24 -70.007 -13.500 10.143 -70.180 -13.500 9.367
2 24 -69.385 -13.000 13.683 -69.385 -13.500 13.683
2 24 -67.583 -13.000 7.250 -67.534 -13.000 7.408
2 24 -5.306 -15.500 70.801 -15.799 -15.500 69.220
2 24 -69.817 -13.500 10.128 -69.899 -13.500 9.227
2 24 -69.794 -13.500 10.361 -69.747 -13.500 11.098
2 24 -67.502 -13.000 7.648 -67.502 -13.500 7.648
2 24 -69.958 -13.000 4.888 -69.958 -13.500 4.888
2 24 -67.740 -13.500 -9.331 -67.802 -13.500 -9.612
2 24 -67.788 -13.500 -14.268 -67.740 -13.500 -14.021
2 24 -67.988 -13.000 -14.169 -67.959 -13.000 -14.023
2 24 -67.882 -13.000 9.554 -68.285 -13.000 9.853
2 24 -68.168 -13.000 10.052 -68.940 -13.000 10.291
2 24 -68.169 -13.500 10.051 -68.940 -13.500 10.291
2 24 -67.502 -13.000 12.701 -67.794 -13.000 12.806
2 24 -67.782 -13.500 -7.224 -68.066 -13.500 -7.224
2 24 -69.419 -13.500 -7.266 -69.704 -13.500 -7.266
2 24 -68.218 -13.000 -14.359 -68.419 -13.000 -14.384
2 24 -49.733 -7.305 -56.140 -49.740 -7.565 -56.151
2 24 -68.285 -13.000 9.853 -68.940 -13.000 10.057
2 24 -68.587 -13.000 -5.965 -68.781 -13.000 -5.961
2 24 -67.782 -13.000 -7.224 -68.066 -13.000 -7.224
2 24 -69.419 -13.000 -7.266 -69.704 -13.000 -7.266
2 24 -52.056 0.000 -53.993 -59.362 0.000 -45.838
2 24 -34.293 -10.500 66.701 -43.639 -10.500 60.997
2 24 -59.362 -10.500 45.838 -65.404 -10.500 36.706
2 24 -67.572 -13.000 11.297 -67.677 -13.000 11.167
2 24 -69.186 -13.000 13.461 -69.186 -13.500 13.461
2 24 -67.993 -13.500 11.098 -68.940 -13.500 11.098
2 24 -69.174 -13.500 11.098 -69.747 -13.500 11.098
2 24 -68.028 -13.000 11.344 -69.572 -13.000 11.344
2 24 -68.192 -13.500 12.829 -68.765 -13.500 12.841
2 24 -68.875 -13.500 -8.271 -69.275 -13.500 -8.375
2 24 -67.537 -13.000 14.291 -68.133 -13.000 14.268
2 24 -67.992 -13.000 -9.813 -68.316 -13.000 -9.930
2 24 -69.899 -13.000 9.227 -69.899 -13.500 9.227
2 24 -69.174 -13.000 10.081 -69.174 -13.500 10.081
2 24 -68.940 -13.000 10.057 -68.940 -13.500 10.057
2 24 -68.940 -13.000 10.291 -68.940 -13.500 10.291
2 24 -67.794 -13.000 11.473 -67.794 -13.500 11.473
2 24 -67.572 -13.000 11.297 -67.572 -13.500 11.297
2 24 -68.332 -13.000 10.595 -68.332 -13.500 10.595
2 24 -67.993 -13.000 11.098 -67.993 -13.500 11.098
2 24 -69.174 -13.000 10.315 -69.174 -13.500 10.315
2 24 -67.771 -13.000 1.449 -67.847 -13.000 1.180
2 24 -68.057 -13.000 1.344 -68.044 -13.000 1.408
2 24 -69.548 -13.500 -6.145 -69.601 -13.500 -6.329
2 24 -69.704 -13.500 -4.264 -69.824 -13.500 -4.777
2 24 -69.814 -13.000 -4.640 -69.785 -13.000 -4.495
2 24 -69.504 -13.000 -4.418 -69.474 -13.000 -4.364
2 24 -69.529 -13.000 -7.475 -69.504 -13.000 -7.419
2 24 -69.899 -13.000 9.227 -70.180 -13.000 9.367
2 24 -67.502 -13.000 7.648 -67.771 -13.000 7.753
2 24 -69.393 -13.500 -6.623 -69.548 -13.500 -6.512
2 24 -68.018 -13.500 -6.141 -68.178 -13.500 -6.029
2 24 -69.408 -13.500 -5.075 -69.512 -13.500 -5.002
2 24 -69.260 -13.000 -5.101 -69.339 -13.000 -5.094
2 24 -69.393 -13.500 -9.624 -69.548 -13.500 -9.513
2 24 -68.587 -13.000 -8.966 -68.781 -13.000 -8.963
2 24 -67.782 -13.500 -10.655 -68.165 -13.500 -10.655
2 24 -67.782 -13.500 -10.334 -68.165 -13.500 -10.334
2 24 -68.282 -13.000 -14.644 -68.431 -13.000 -14.657
2 24 -69.899 -13.500 9.227 -70.180 -13.500 9.367
2 24 -67.502 -13.500 7.648 -67.771 -13.500 7.753
2 24 -68.429 -13.000 -5.974 -68.587 -13.000 -5.965
2 24 -70.180 -13.000 9.367 -70.180 -13.500 9.367
2 24 -69.817 -13.000 10.128 -69.817 -13.500 10.128
2 24 -67.632 -13.500 7.192 -67.583 -13.500 7.250
2 24 -67.771 -13.500 1.449 -67.847 -13.500 1.180
2 24 -67.589 -13.000 0.157 -67.550 -13.000 0.307
2 24 -69.588 -13.000 -6.227 -69.548 -13.000 -6.145
2 24 -69.575 -13.000 -7.615 -69.555 -13.000 -7.543
2 24 -17.754 -133.000 -64.605 -27.408 -133.000 -61.138
2 24 -2.739 -10.500 74.950 -13.623 -10.500 73.752
2 24 -65.606 0.000 31.594 -69.583 0.000 21.463
2 24 -69.174 -13.000 11.098 -69.174 -13.500 11.098
2 24 -69.794 -13.000 10.361 -69.794 -13.500 10.361
2 24 -68.940 -13.000 11.098 -68.940 -13.500 11.098
2 24 -67.502 -13.000 12.701 -67.502 -13.500 12.701
2 24 -67.542 -13.000 12.489 -67.502 -13.000 12.701
2 24 -69.555 -13.000 -7.543 -69.529 -13.000 -7.475
2 24 -69.785 -13.000 -7.497 -69.745 -13.000 -7.365
2 24 -69.745 -13.000 -7.365 -69.704 -13.000 -7.266
2 24 67.846 -133.000 20.928 63.969 -133.000 30.806
2 24 -69.841 -13.000 9.929 -69.817 -13.000 10.128
2 24 -69.186 -13.000 9.028 -69.186 -13.500 9.028
2 24 -68.940 -13.000 9.028 -68.940 -13.500 9.028
2 24 -70.038 -13.000 9.903 -70.012 -13.000 10.143
2 24 -69.761 -13.500 -6.047 -69.823 -13.500 -6.329
2 24 -69.760 -13.000 -6.045 -69.823 -13.000 -6.329
2 24 -69.529 -13.500 -7.475 -69.593 -13.500 -7.759
2 24 -69.588 -13.000 -7.687 -69.575 -13.000 -7.615
2 24 -69.704 -13.500 -7.266 -69.824 -13.500 -7.778
2 24 -69.548 -13.500 -9.147 -69.601 -13.500 -9.331
2 24 -69.588 -13.000 -9.229 -69.548 -13.000 -9.147
2 24 -7.684 -13.000 66.558 -17.754 -13.000 64.605
2 24 -13.623 0.000 73.752 -24.216 0.000 70.983
2 24 -69.864 -13.000 9.707 -69.841 -13.000 9.929
2 24 -68.215 -13.000 9.215 -68.215 -13.500 9.215
2 24 -67.794 -13.000 11.473 -67.882 -13.000 11.388
2 24 -70.192 -13.000 7.122 -70.192 -13.500 7.122
2 24 -70.192 -13.000 7.379 -70.192 -13.500 7.379
2 24 -69.455 -13.000 8.057 -69.455 -13.500 8.057
2 24 -68.015 -13.000 -6.512 -67.975 -13.000 -6.430
2 24 -67.962 -13.500 -6.329 -68.015 -13.500 -6.512
2 24 -69.761 -13.500 -9.049 -69.823 -13.500 -9.331
2 24 -16.203 0.000 70.992 -26.603 0.000 67.784
2 24 -68.040 -13.000 8.946 -68.040 -13.500 8.946
2 24 -70.007 -13.500 10.143 -69.987 -13.500 10.374
2 24 -67.806 -13.000 12.519 -67.791 -13.000 12.629
2 24 -68.250 -13.000 8.525 -68.250 -13.500 8.525
2 24 -69.373 -13.000 7.788 -69.373 -13.500 7.788
2 24 -67.513 -13.500 0.514 -67.589 -13.500 0.157
2 24 -67.550 -13.000 0.307 -67.513 -13.000 0.514
2 24 -69.504 -13.000 -7.419 -69.474 -13.000 -7.366
2 24 -69.760 -13.000 -9.046 -69.823 -13.000 -9.331
2 24 -69.050 -13.000 -13.937 -69.023 -13.000 -13.832
2 24 -69.588 -13.500 -14.221 -69.547 -13.500 -13.999
2 24 -68.086 -13.000 10.525 -68.086 -13.500 10.525
2 24 -67.502 -13.500 7.648 -67.583 -13.500 7.250
2 24 -69.529 -13.500 -4.474 -69.593 -13.500 -4.757
2 24 -69.419 -13.500 -4.279 -69.529 -13.500 -4.474
2 24 -69.588 -13.000 -4.685 -69.575 -13.000 -4.613
2 24 -69.814 -13.000 -7.641 -69.785 -13.000 -7.497
2 24 -77.206 -10.500 11.101 -78.000 -10.500 0.000
2 24 -70.051 0.000 26.792 -73.206 0.000 16.307
2 24 -69.885 -13.000 9.470 -69.864 -13.000 9.707
2 24 -67.794 -13.500 11.473 -67.894 -13.500 11.382
2 24 -67.534 -13.000 7.408 -67.502 -13.000 7.648
2 24 -69.466 -13.000 6.572 -69.466 -13.500 6.572
2 24 -69.338 -13.000 6.783 -69.338 -13.500 6.783
2 24 -68.133 -13.000 8.280 -68.133 -13.500 8.280
2 24 -67.847 -13.000 1.180 -67.899 -13.000 1.109
2 24 -69.601 -13.000 -6.329 -69.588 -13.000 -6.227
2 24 -67.962 -13.500 -9.331 -68.015 -13.500 -9.513
2 24 -69.734 -13.500 -13.859 -69.820 -13.500 -14.256
2 24 -69.734 -13.000 -13.859 -69.798 -13.000 -14.044
2 24 -68.809 -13.000 -13.810 -68.774 -13.000 -13.722
2 24 -68.920 -13.500 -13.636 -69.059 -13.500 -14.052
2 24 -70.207 -15.500 10.582 -71.000 -15.500 0.000
2 24 -69.899 -13.000 9.227 -69.885 -13.000 9.470
2 24 -69.794 -13.000 10.361 -69.747 -13.000 11.098
2 24 -68.320 -13.000 6.011 -68.320 -13.500 6.011
2 24 -68.215 -13.000 6.245 -68.215 -13.500 6.245
2 24 -68.057 -13.500 1.344 -68.040 -13.500 1.531
2 24 -69.303 -13.000 5.180 -69.303 -13.500 5.180
2 24 -68.882 -13.000 5.391 -68.882 -13.500 5.391
2 24 -68.964 -13.000 5.671 -68.964 -13.500 5.671
2 24 -70.215 -13.000 4.139 -70.215 -13.500 4.139
2 24 -70.215 -13.000 4.408 -70.215 -13.500 4.408
2 24 -69.513 -13.000 5.098 -69.513 -13.500 5.098
2 24 -67.975 -13.000 -6.430 -67.962 -13.000 -6.329
2 24 -67.740 -13.000 -9.331 -67.803 -13.000 -9.614
2 24 -69.820 -13.000 -14.256 -69.798 -13.000 -14.044
2 24 -65.238 -13.000 15.266 -66.803 -13.000 5.129
2 24 11.101 -15.500 77.206 0.000 -15.500 78.000
2 24 -77.206 -15.500 -11.101 -78.000 -15.500 0.000
2 24 -69.782 -13.500 13.297 -69.759 -13.500 13.765
2 24 -67.975 -13.000 -9.432 -67.962 -13.000 -9.331
2 24 -68.086 -13.500 -0.796 -69.186 -13.500 -0.796
2 24 -67.810 -13.500 9.424 -67.882 -13.500 9.554
2 24 -69.249 -13.000 -5.728 -69.572 -13.000 -5.846
2 24 -69.676 -13.000 -5.215 -69.787 -13.000 -5.026
2 24 -68.026 -13.000 -14.546 -68.146 -13.000 -14.606
2 24 -68.701 -13.000 -8.152 -68.788 -13.000 -8.217
2 24 -69.548 -13.500 -9.513 -69.601 -13.500 -9.331
2 24 -69.553 -13.000 -14.427 -69.571 -13.000 -14.367
2 24 26.396 -13.000 67.256 16.077 -13.000 70.439
2 24 32.402 -15.500 70.951 21.975 -15.500 74.840
2 24 -70.951 -15.500 -32.402 -74.840 -15.500 -21.975
2 24 -70.051 -10.500 -26.792 -73.206 -10.500 -16.307
2 24 16.203 0.000 70.992 5.442 0.000 72.614
2 24 -69.461 -13.000 10.116 -69.629 -13.000 10.125
2 24 -69.747 -13.500 7.367 -70.192 -13.500 7.379
2 24 -68.111 -13.000 1.318 -68.238 -13.000 1.309
2 24 -67.654 -13.500 5.543 -67.876 -13.500 5.543
2 24 -69.058 -13.000 -8.347 -69.162 -13.000 -8.368
2 24 -68.781 -13.500 -8.691 -69.572 -13.500 -8.847
2 24 -67.842 -13.000 -13.671 -67.922 -13.000 -13.581
2 24 48.275 -13.000 46.460 40.617 -13.000 53.285
2 24 45.401 0.000 56.931 36.409 0.000 63.062
2 24 -69.629 -13.000 10.125 -69.817 -13.000 10.128
2 24 -68.940 -13.000 9.028 -69.186 -13.000 9.028
2 24 -69.747 -13.000 7.133 -70.192 -13.000 7.122
2 24 -68.145 -13.500 0.841 -68.244 -13.500 0.831
2 24 -69.431 -13.500 10.350 -69.794 -13.500 10.361
2 24 -59.362 0.000 -45.838 -65.404 0.000 -36.706
2 24 -69.197 -13.000 1.391 -69.197 -13.000 1.683
2 24 -69.197 -13.000 1.929 -69.197 -13.000 2.303
2 24 -69.174 -13.000 9.473 -69.174 -13.000 10.081
2 24 -69.174 -13.000 10.315 -69.174 -13.000 11.098
2 24 -69.186 -13.000 13.052 -69.186 -13.000 13.461
2 24 -68.507 -13.500 1.309 -68.507 -13.500 1.683
2 24 -68.507 -13.500 1.929 -68.507 -13.500 2.291
2 24 -68.507 -13.500 13.052 -68.507 -13.500 13.461
2 24 -69.057 -13.000 -2.586 -69.057 -13.000 -2.106
2 24 -69.010 -13.000 1.016 -69.010 -13.000 1.683
2 24 -69.010 -13.000 1.929 -69.010 -13.000 2.303
2 24 -68.695 -13.500 1.052 -68.695 -13.500 1.683
2 24 -68.695 -13.500 1.929 -68.695 -13.500 2.537
2 24 -67.771 -13.000 1.449 -67.771 -13.500 1.449
2 24 -67.525 -13.000 1.671 -67.525 -13.500 1.671
2 24 -68.566 -13.500 3.788 -68.566 -13.500 4.151
2 24 -68.566 -13.500 4.397 -68.566 -13.500 4.829
2 24 -70.250 -13.000 -1.007 -70.250 -13.500 -1.007
2 24 -69.633 -13.000 -13.703 -69.734 -13.000 -13.859
2 24 -69.186 -13.000 9.028 -69.174 -13.000 9.473
2 24 -69.958 -13.000 11.367 -70.010 -13.000 10.163
2 24 -67.782 -13.500 7.432 -67.771 -13.500 7.753
2 24 -67.806 -13.500 12.519 -67.794 -13.500 12.806
2 24 -69.724 -13.000 1.683 -69.724 -13.500 1.683
2 24 -69.735 -13.000 1.087 -69.735 -13.500 1.087
2 24 -69.537 -13.000 1.683 -69.537 -13.500 1.683
2 24 -69.197 -13.000 1.683 -69.197 -13.500 1.683
2 24 -69.209 -13.000 1.016 -69.197 -13.000 1.391
2 24 -69.537 -13.000 1.929 -69.537 -13.500 1.929
2 24 -69.197 -13.000 1.929 -69.197 -13.500 1.929
2 24 -69.010 -13.000 2.303 -68.999 -13.000 2.666
2 24 -69.010 -13.000 1.929 -69.010 -13.500 1.929
2 24 -68.695 -13.000 2.537 -68.695 -13.500 2.537
2 24 -68.507 -13.000 2.291 -68.507 -13.500 2.291
2 24 -68.566 -13.500 4.829 -68.554 -13.500 5.169
2 24 -68.788 -13.500 3.391 -68.776 -13.500 3.788
2 24 -67.876 -13.000 3.016 -67.876 -13.500 3.016
2 24 -68.566 -13.000 4.829 -68.554 -13.000 5.169
2 24 -68.788 -13.000 3.391 -68.776 -13.000 3.788
2 24 -69.525 -13.000 3.215 -69.513 -13.000 3.636
2 24 -67.794 -13.500 0.338 -67.782 -13.500 0.607
2 24 -69.069 -13.000 -2.913 -69.057 -13.000 -2.586
2 24 -69.186 -13.500 9.028 -69.174 -13.500 9.473
2 24 -69.724 -13.000 2.268 -69.724 -13.500 2.268
2 24 -69.724 -13.000 1.929 -69.724 -13.500 1.929
2 24 -70.180 -13.000 1.671 -70.180 -13.500 1.671
2 24 -69.735 -13.000 1.087 -69.724 -13.000 1.508
2 24 -69.209 -13.500 1.016 -69.197 -13.500 1.391
2 24 -69.303 -13.000 2.455 -69.303 -13.500 2.455
2 24 -69.537 -13.000 2.338 -69.537 -13.500 2.338
2 24 -69.209 -13.000 2.666 -69.209 -13.500 2.666
2 24 -68.999 -13.000 2.666 -68.999 -13.500 2.666
2 24 -69.010 -13.500 2.303 -68.999 -13.500 2.666
2 24 -69.525 -13.500 3.215 -69.513 -13.500 3.636
2 24 -68.554 -13.000 3.391 -68.554 -13.500 3.391
2 24 -69.069 -13.500 -2.913 -69.057 -13.500 -2.586
2 24 -69.712 -13.000 -3.054 -69.700 -13.000 -2.644
2 24 -67.752 -13.000 -14.150 -67.740 -13.000 -14.021
2 24 -67.827 -13.000 9.351 -67.882 -13.000 9.309
2 24 -69.197 -13.000 2.303 -69.209 -13.000 2.666
2 24 -68.554 -13.500 3.391 -68.566 -13.500 3.788
2 24 -68.847 -13.500 -2.913 -68.858 -13.500 -2.586
2 24 -68.858 -13.000 -2.106 -68.858 -13.500 -2.106
2 24 -69.057 -13.000 -2.106 -69.057 -13.500 -2.106
2 24 -69.419 -13.500 -13.818 -69.547 -13.500 -13.999
2 24 -66.803 -13.000 -5.129 -66.803 -13.000 5.129
2 24 70.207 -133.000 10.582 67.846 -133.000 20.928
2 24 -67.882 -13.000 9.309 -68.215 -13.000 9.215
2 24 70.207 -133.000 -10.582 67.846 -133.000 -20.928
2 24 -69.390 -13.000 -9.033 -69.482 -13.000 -9.082
2 24 -70.157 -13.500 0.022 -70.157 -13.500 0.280
2 24 -70.180 -13.500 1.671 -70.180 -13.500 1.940
2 24 -70.215 -13.500 4.139 -70.215 -13.500 4.408
2 24 -70.192 -13.500 7.122 -70.192 -13.500 7.379
2 24 -69.981 -13.500 12.186 -69.981 -13.500 13.332
2 24 -69.525 -13.000 1.087 -69.525 -13.500 1.087
2 24 -69.010 -13.000 1.683 -69.010 -13.500 1.683
2 24 -68.695 -13.000 1.683 -68.695 -13.500 1.683
2 24 -68.044 -13.000 1.408 -68.040 -13.000 1.531
2 24 -68.695 -13.000 1.929 -68.695 -13.500 1.929
2 24 -67.771 -13.000 2.537 -67.771 -13.500 2.537
2 24 -68.507 -13.000 1.929 -68.507 -13.500 1.929
2 24 -67.654 -13.000 3.016 -67.654 -13.500 3.016
2 24 -69.806 -13.000 0.584 -69.806 -13.500 0.584
2 24 -69.782 -13.500 -12.315 -69.782 -13.500 -11.046
2 24 -69.806 -13.500 0.584 -69.806 -13.500 0.841
2 24 -69.806 -13.000 0.841 -69.806 -13.500 0.841
2 24 -70.157 -13.000 0.280 -70.157 -13.500 0.280
2 24 -68.344 -13.500 -2.995 -68.332 -13.500 -2.609
2 24 66.215 -133.000 10.228 63.878 -133.000 20.215
2 24 -67.677 -13.000 11.167 -67.829 -13.000 10.940
2 24 -68.246 -13.000 10.718 -68.332 -13.000 10.595
2 24 -68.151 -13.000 10.853 -68.246 -13.000 10.718
2 24 -67.542 -13.000 12.489 -67.595 -13.000 12.344
2 24 -69.338 -13.500 6.783 -69.466 -13.500 6.572
2 24 -17.754 -13.000 64.605 -27.408 -13.000 61.138
2 24 -67.847 -13.500 1.180 -67.900 -13.500 1.108
2 24 -69.419 -13.500 -7.281 -69.529 -13.500 -7.475
2 24 -68.830 -13.000 -13.900 -68.809 -13.000 -13.810
2 24 -69.588 -13.000 -14.221 -69.546 -13.000 -13.995
2 24 -67.689 -13.000 12.261 -67.852 -13.000 12.233
2 24 -69.857 -13.000 -0.874 -70.250 -13.000 -1.007
2 24 -67.786 -13.000 -13.776 -67.842 -13.000 -13.671
2 24 -59.696 -13.000 -40.700 -65.095 -13.000 -31.348
2 24 40.617 -133.000 -53.285 32.007 -133.000 -58.860
2 24 67.846 -133.000 -20.928 63.969 -133.000 -30.806
2 24 -67.882 -13.500 9.554 -68.940 -13.500 10.057
2 24 -68.730 -13.500 -14.603 -68.941 -13.500 -14.440
2 24 54.801 -13.000 38.546 48.275 -13.000 46.460
2 24 53.379 0.000 49.529 45.401 0.000 56.931
2 24 -68.040 -13.000 8.946 -68.215 -13.000 9.215
2 24 -67.554 -13.000 9.461 -67.759 -13.000 9.777
2 24 -68.110 -13.500 13.683 -68.800 -13.500 13.671
2 24 -68.987 -13.500 -1.428 -69.139 -13.500 -1.206
2 24 -68.173 -13.000 -6.624 -68.285 -13.000 -6.657
2 24 -69.512 -13.000 -8.004 -69.547 -13.000 -7.953
2 24 -68.040 -13.500 8.946 -68.215 -13.500 9.215
2 24 -67.554 -13.500 9.461 -67.759 -13.500 9.777
2 24 -68.949 -13.500 -5.017 -69.260 -13.500 -5.101
2 24 -68.296 -13.000 -5.995 -68.429 -13.000 -5.974
2 24 -68.975 -13.000 -9.693 -69.140 -13.000 -9.681
2 24 -45.557 -6.396 -56.447 -47.002 -6.646 -55.236
2 24 -67.759 -13.000 9.777 -68.168 -13.000 10.052
2 24 -67.759 -13.500 9.777 -68.169 -13.500 10.051
2 24 -68.782 -13.000 -6.696 -68.975 -13.000 -6.692
2 24 -67.782 -13.500 -8.457 -68.014 -13.500 -8.457
2 24 -68.781 -13.000 -8.963 -68.967 -13.000 -8.967
2 24 -69.513 -13.000 5.098 -69.632 -13.000 5.052
2 24 -70.145 -13.500 -2.130 -70.262 -13.500 -1.826
2 24 -69.414 -13.000 5.397 -69.734 -13.000 5.272
2 24 -70.145 -13.000 -2.130 -70.262 -13.000 -1.826
2 24 -72.004 0.000 -10.853 -72.818 0.000 0.000
2 24 -69.747 -13.000 11.098 -69.747 -13.500 11.098
2 24 -67.794 -13.000 12.806 -67.794 -13.500 12.806
2 24 -67.619 -13.500 0.101 -67.589 -13.500 0.157
2 24 -69.529 -13.000 -4.474 -69.504 -13.000 -4.418
2 24 -69.575 -13.000 -4.613 -69.555 -13.000 -4.542
2 24 0.000 -10.500 78.000 -11.101 -10.500 77.206
2 24 -73.206 -10.500 16.307 -74.800 -10.500 5.475
2 24 -67.993 -13.000 11.098 -68.940 -13.000 11.098
2 24 -69.174 -13.000 11.098 -69.747 -13.000 11.098
2 24 -68.192 -13.000 12.829 -68.765 -13.000 12.841
2 24 -67.849 -13.500 0.281 -67.946 -13.500 0.268
2 24 -68.192 -13.000 13.052 -68.192 -13.500 13.052
2 24 -68.192 -13.000 12.829 -68.192 -13.500 12.829
2 24 -70.122 -13.000 9.515 -70.180 -13.000 9.367
2 24 -26.107 -6.396 67.677 -29.515 -6.254 66.268
2 24 -25.939 -133.000 -66.092 -35.500 -133.000 -61.488
2 24 -53.379 0.000 49.529 -60.165 0.000 41.020
2 24 -70.122 -13.000 9.515 -70.075 -13.000 9.693
2 24 -68.061 -13.000 10.984 -68.151 -13.000 10.853
2 24 -24.335 -6.646 68.323 -26.107 -6.396 67.677
2 24 -67.846 -15.500 20.928 -70.207 -15.500 10.582
2 24 0.000 -15.500 78.000 -11.101 -15.500 77.206
2 24 -67.782 -13.000 7.432 -67.773 -13.000 7.544
2 24 -69.993 -13.000 11.894 -69.981 -13.000 12.186
2 24 -67.654 -13.000 5.543 -67.654 -13.500 5.543
2 24 -68.776 -13.000 4.397 -68.776 -13.500 4.397
2 24 -67.794 -13.000 0.338 -67.785 -13.000 0.440
2 24 -69.593 -13.000 -7.759 -69.588 -13.000 -7.687
2 24 -69.249 -13.000 -8.730 -69.572 -13.000 -8.847
2 24 45.047 -13.000 56.487 36.125 -13.000 62.570
2 24 58.663 -133.000 -39.996 52.047 -133.000 -48.292
2 24 39.071 0.000 64.019 29.333 0.000 69.026
2 24 -69.572 -13.000 11.344 -69.958 -13.000 11.367
2 24 -68.244 -13.500 0.831 -68.344 -13.500 0.823
2 24 -68.074 -13.500 -14.285 -68.419 -13.500 -14.384
2 24 52.047 -15.500 48.292 44.268 -15.500 55.510
2 24 -69.572 -13.500 11.344 -69.958 -13.500 11.367
2 24 -67.864 -13.000 7.133 -69.747 -13.000 7.133
2 24 -69.923 -13.000 4.151 -70.215 -13.000 4.139
2 24 -67.894 -13.500 11.382 -68.028 -13.500 11.344
2 24 -69.958 -13.000 4.888 -70.075 -13.000 5.192
2 24 -69.390 -13.000 -6.031 -69.482 -13.000 -6.081
2 24 -68.946 -13.000 8.209 -69.246 -13.000 8.113
2 24 35.500 -15.500 61.488 25.939 -15.500 66.092
2 24 -67.882 -13.000 11.388 -68.028 -13.000 11.344
2 24 -69.958 -13.500 4.888 -70.075 -13.500 5.192
2 24 22.647 -133.000 -63.056 12.756 -133.000 -65.774
2 24 66.215 -133.000 -10.228 63.878 -133.000 -20.215
2 24 -70.051 0.000 -26.792 -73.206 0.000 -16.307
2 24 -68.781 -13.000 -5.961 -68.967 -13.000 -5.965
2 24 -67.782 -13.500 -5.456 -68.014 -13.500 -5.456
2 24 -68.967 -13.000 -8.967 -69.132 -13.000 -8.978
2 24 -68.316 -13.000 -9.930 -68.782 -13.000 -9.969
2 24 -23.752 -7.305 71.140 -23.759 -7.435 71.151
2 24 -36.409 0.000 63.062 -45.401 0.000 56.931
2 24 -68.616 -13.000 -5.078 -68.701 -13.000 -5.150
2 24 -68.547 -13.000 -4.705 -68.773 -13.000 -4.898
2 24 -68.015 -13.000 -9.513 -68.081 -13.000 -9.577
2 24 -67.782 -13.000 -11.449 -67.782 -13.500 -11.449
2 24 -67.782 -13.000 -11.164 -67.782 -13.500 -11.164
2 24 -69.036 -13.000 -14.256 -69.054 -13.000 -14.162
2 24 -69.513 -13.000 0.818 -69.806 -13.000 0.841
2 24 -67.782 -13.000 -4.222 -68.066 -13.000 -4.222
2 24 -69.419 -13.000 -4.264 -69.704 -13.000 -4.264
2 24 -69.162 -13.000 -8.368 -69.275 -13.000 -8.375
2 24 -67.741 -13.500 11.426 -67.794 -13.500 11.473
2 24 -68.121 -13.000 -2.995 -68.344 -13.000 -2.995
2 24 -68.847 -13.000 -2.913 -69.069 -13.000 -2.913
2 24 -69.502 -13.000 -3.054 -69.712 -13.000 -3.054
2 24 -45.553 -6.395 56.450 -46.999 -6.645 55.239
2 24 -36.220 -8.736 62.731 -42.579 -8.733 58.600
2 24 -23.752 -7.305 71.140 -23.759 -7.565 71.151
2 24 -11.101 -15.500 77.206 -21.975 -15.500 74.840
2 24 -24.216 -10.500 70.983 -34.293 -10.500 66.701
2 24 -57.591 -13.000 34.238 -62.143 -13.000 25.046
2 24 -68.963 -13.000 -5.313 -69.058 -13.000 -5.346
2 24 -68.768 -13.000 -14.248 -68.803 -13.000 -14.192
2 24 63.969 -133.000 -30.806 58.663 -133.000 -39.996
2 24 -69.174 -13.500 10.315 -69.431 -13.500 10.350
2 24 -69.525 -13.000 1.087 -69.735 -13.000 1.087
2 24 -69.010 -13.000 1.016 -69.209 -13.000 1.016
2 24 -68.238 -13.000 1.309 -68.507 -13.000 1.309
2 24 -67.502 -13.500 -0.785 -68.086 -13.500 -0.796
2 24 -68.542 -13.500 0.595 -69.513 -13.500 0.595
2 24 -68.542 -13.500 0.818 -69.513 -13.500 0.818
2 24 -69.563 -13.000 -6.813 -69.758 -13.000 -6.615
2 24 -68.285 -13.000 -9.659 -68.424 -13.000 -9.681
2 24 -69.102 -13.000 -8.082 -69.260 -13.000 -8.102
2 24 -69.563 -13.000 -9.815 -69.758 -13.000 -9.616
2 24 -69.132 -13.000 -8.978 -69.275 -13.000 -8.999
2 24 -68.847 -13.000 -14.536 -68.941 -13.000 -14.440
2 24 -69.525 -13.500 1.087 -69.735 -13.500 1.087
2 24 -67.864 -13.000 1.683 -68.507 -13.000 1.683
2 24 -68.695 -13.000 1.683 -69.010 -13.000 1.683
2 24 -69.197 -13.000 1.683 -69.537 -13.000 1.683
2 24 -69.010 -13.500 1.016 -69.209 -13.500 1.016
2 24 -69.923 -13.000 4.397 -70.215 -13.000 4.408
2 24 -67.804 -13.000 -6.043 -67.997 -13.000 -5.844
2 24 -67.804 -13.000 -9.044 -67.997 -13.000 -8.846
2 24 -49.740 -7.565 -56.151 -49.733 -7.695 -56.140
2 24 -67.975 -13.000 1.081 -68.309 -13.000 1.069
2 24 -69.724 -13.000 1.683 -70.180 -13.000 1.671
2 24 -69.291 -13.500 3.215 -69.525 -13.500 3.215
2 24 -67.654 -13.500 3.016 -67.876 -13.500 3.016
2 24 -68.554 -13.500 3.391 -68.788 -13.500 3.391
2 24 -69.513 -13.500 0.595 -69.806 -13.500 0.584
2 24 -67.796 -13.500 -6.059 -67.997 -13.500 -5.844
2 24 -67.796 -13.500 -9.060 -67.997 -13.500 -8.845
2 24 -68.019 -13.000 -13.831 -68.072 -13.000 -13.773
2 24 -52.056 -10.500 -53.993 -59.362 -10.500 -45.838
2 24 26.603 0.000 67.784 16.203 0.000 70.992
2 24 -67.740 -13.500 -14.021 -67.785 -13.500 -13.776
2 24 -69.420 -13.500 2.666 -70.028 -13.500 2.420
2 24 -69.420 -13.000 2.666 -69.545 -13.000 2.590
2 24 -69.572 -13.000 -7.895 -69.588 -13.000 -7.830
2 24 -67.740 -13.000 -9.331 -67.804 -13.000 -9.044
2 24 -69.572 -13.000 -4.893 -69.588 -13.000 -4.828
2 24 -67.683 -13.000 7.163 -67.864 -13.000 7.133
2 24 -67.823 -13.000 7.383 -67.923 -13.000 7.367
2 24 -69.303 -13.500 2.455 -69.376 -13.500 2.576
2 24 -67.782 -13.000 -8.457 -68.014 -13.000 -8.457
2 24 -68.590 -13.000 -9.693 -68.782 -13.000 -9.697
2 24 58.663 -15.500 39.996 52.047 -15.500 48.292
2 24 44.268 -15.500 55.510 35.500 -15.500 61.488
2 24 -69.676 -13.500 -5.215 -69.792 -13.500 -5.012
2 24 -69.676 -13.500 -8.217 -69.792 -13.500 -8.014
2 24 -68.074 -13.000 -14.285 -68.218 -13.000 -14.359
2 24 -67.984 -13.000 -13.892 -68.019 -13.000 -13.831
2 24 35.500 -133.000 -61.488 25.939 -133.000 -66.092
2 24 48.275 -133.000 -46.460 40.617 -133.000 -53.285
2 24 54.801 -133.000 -38.546 48.275 -133.000 -46.460
2 24 -65.095 -13.000 -31.348 -69.040 -13.000 -21.296
2 24 -70.157 -13.000 0.022 -70.157 -13.000 0.280
2 24 -70.180 -13.000 1.671 -70.180 -13.000 1.940
2 24 -70.215 -13.000 4.139 -70.215 -13.000 4.408
2 24 -70.192 -13.000 7.122 -70.192 -13.000 7.379
2 24 -69.700 -13.500 -2.644 -69.700 -13.500 -1.872
2 24 -69.724 -13.500 1.508 -69.724 -13.500 1.683
2 24 -69.724 -13.500 1.929 -69.724 -13.500 2.268
2 24 -69.782 -13.500 12.443 -69.782 -13.500 13.297
2 24 -69.547 -13.500 -12.078 -69.547 -13.500 -11.046
2 24 -69.513 -13.500 -2.644 -69.513 -13.500 -2.106
2 24 -69.513 -13.500 -1.884 -69.513 -13.500 -1.767
2 24 -69.537 -13.500 1.496 -69.537 -13.500 1.683
2 24 -69.537 -13.500 1.929 -69.537 -13.500 2.338
2 24 -69.513 -13.500 3.636 -69.513 -13.500 4.151
2 24 -69.513 -13.500 4.397 -69.513 -13.500 5.098
2 24 -69.209 -13.000 1.016 -69.209 -13.500 1.016
2 24 -69.010 -13.000 1.016 -69.010 -13.500 1.016
2 24 -68.507 -13.000 1.683 -68.507 -13.500 1.683
2 24 -67.771 -13.000 2.291 -67.771 -13.500 2.291
2 24 -67.665 -13.500 5.133 -67.654 -13.500 5.543
2 24 -67.876 -13.500 3.016 -67.864 -13.500 3.449
2 24 -70.157 -13.000 0.022 -70.157 -13.500 0.022
2 24 -68.344 -13.000 -2.995 -68.332 -13.000 -2.609
2 24 -73.206 0.000 16.307 -74.800 0.000 5.475
2 24 -69.724 -13.500 1.683 -70.180 -13.500 1.671
2 24 -67.864 -13.000 4.151 -68.566 -13.000 4.151
2 24 -68.776 -13.000 4.151 -69.303 -13.000 4.151
2 24 -69.513 -13.000 4.151 -69.923 -13.000 4.151
2 24 52.963 -13.000 49.142 45.047 -13.000 56.487
2 24 -68.066 -13.000 -7.224 -68.066 -13.500 -7.224
2 24 -68.188 -13.000 -7.353 -68.307 -13.000 -7.475
2 24 -69.866 -13.000 4.952 -69.958 -13.000 4.888
2 24 -68.392 -13.000 -4.868 -68.533 -13.000 -5.002
2 24 -67.782 -13.000 -7.224 -67.782 -13.500 -7.224
2 24 -68.014 -13.000 -7.475 -68.014 -13.500 -7.475
2 24 -68.014 -13.500 -7.475 -68.533 -13.500 -8.004
2 24 -69.792 -13.500 -8.014 -69.824 -13.500 -7.778
2 24 -69.588 -13.000 -9.432 -69.601 -13.000 -9.331
2 24 16.077 -13.000 70.439 5.399 -13.000 72.048
2 24 -5.306 -133.000 -70.801 -15.799 -133.000 -69.220
2 24 -73.206 -10.500 -16.307 -74.800 -10.500 -5.475
2 24 -68.192 -13.500 13.052 -68.309 -13.500 13.052
2 24 -68.507 -13.500 13.052 -69.186 -13.500 13.052
2 24 -67.984 -13.500 -13.892 -68.072 -13.500 -13.773
2 24 -58.948 -10.500 -51.079 -65.618 -10.500 -42.170
2 24 51.079 -10.500 58.948 42.170 -10.500 65.618
2 24 -68.949 -13.000 -8.019 -69.102 -13.000 -8.082
2 24 -65.404 0.000 -36.706 -70.051 0.000 -26.792
2 24 -42.629 -6.254 58.697 -45.553 -6.395 56.450
2 24 63.969 -133.000 30.806 58.663 -133.000 39.996
2 24 -69.376 -13.500 2.576 -69.420 -13.500 2.666
2 24 -70.098 -13.000 -1.311 -70.250 -13.000 -1.007
2 24 -67.976 -13.000 -6.224 -68.018 -13.000 -6.140
2 24 -67.782 -13.500 -11.164 -69.547 -13.500 -12.078
2 24 -58.663 -15.500 -39.996 -63.969 -15.500 -30.806
2 24 -65.618 -10.500 -42.170 -70.951 -10.500 -32.402
2 24 42.170 -10.500 65.618 32.402 -10.500 70.951
2 24 -65.606 0.000 -31.594 -69.583 0.000 -21.463
2 24 -69.303 -13.000 2.455 -69.376 -13.000 2.576
2 24 40.617 -13.000 53.285 32.007 -13.000 58.860
2 24 -67.699 -13.500 7.156 -67.864 -13.500 7.133
2 24 52.047 -133.000 -48.292 44.268 -133.000 -55.510
2 24 -59.362 -10.500 -45.838 -65.404 -10.500 -36.706
2 24 -67.834 -13.500 7.379 -67.923 -13.500 7.367
2 24 51.079 -15.500 58.948 42.170 -15.500 65.618
2 24 -58.948 -15.500 -51.079 -65.618 -15.500 -42.170
2 24 -68.131 -13.500 1.314 -68.238 -13.500 1.309
2 24 -67.771 -13.500 2.537 -68.086 -13.500 2.525
2 24 -68.554 -13.500 5.169 -68.788 -13.500 5.169
2 24 -67.654 -13.000 5.543 -67.876 -13.000 5.543
2 24 -68.661 -13.500 -13.360 -69.059 -13.500 -14.052
2 24 -69.946 -13.000 2.151 -69.946 -13.500 2.151
2 24 -70.180 -13.000 1.940 -70.180 -13.500 1.940
2 24 -69.735 -13.500 1.087 -69.724 -13.500 1.508
2 24 -69.420 -13.000 2.666 -69.420 -13.500 2.666
2 24 -67.864 -13.000 4.151 -67.864 -13.500 4.151
2 24 -68.788 -13.000 3.391 -68.788 -13.500 3.391
2 24 -69.712 -13.500 -3.054 -69.700 -13.500 -2.644
2 24 5.399 -13.000 72.048 -5.399 -13.000 72.048
2 24 -69.583 0.000 21.463 -72.004 0.000 10.853
2 24 -68.250 -13.500 8.525 -68.946 -13.500 8.209
2 24 -68.882 -13.500 5.391 -69.303 -13.500 5.180
2 24 -69.548 -13.500 -6.512 -69.601 -13.500 -6.329
2 24 -68.015 -13.500 -6.512 -68.173 -13.500 -6.624
2 24 -68.773 -13.000 -4.898 -68.949 -13.000 -5.017
2 24 -68.941 -13.500 -14.440 -69.059 -13.500 -14.052
2 24 -68.882 -13.000 5.391 -69.303 -13.000 5.180
2 24 -67.751 -13.000 -13.893 -67.786 -13.000 -13.776
2 24 -67.965 -13.000 -13.955 -67.984 -13.000 -13.892
2 24 22.647 -13.000 63.056 12.756 -13.000 65.774
2 24 18.970 0.000 72.561 8.203 0.000 74.550
2 24 -70.098 -13.500 -1.311 -70.250 -13.500 -1.007
2 24 -67.976 -13.000 -9.225 -68.018 -13.000 -9.142
2 24 -68.145 -13.000 0.584 -68.542 -13.000 0.595
2 24 -67.817 -13.500 -1.884 -69.513 -13.500 -1.884
2 24 -68.316 -13.000 -6.929 -68.782 -13.000 -6.968
2 24 -69.162 -13.000 -5.366 -69.275 -13.000 -5.373
2 24 -68.173 -13.500 -9.626 -68.782 -13.500 -9.697
2 24 -68.909 -13.000 -13.373 -69.132 -13.000 -13.414
2 24 -69.146 -13.000 5.538 -69.414 -13.000 5.397
2 24 -68.987 -13.500 -1.428 -69.513 -13.500 -1.767
2 24 -68.547 -13.500 -7.707 -68.949 -13.500 -8.019
2 24 -68.533 -13.500 -8.004 -68.875 -13.500 -8.271
2 24 -68.768 -13.500 -14.248 -68.837 -13.500 -13.992
2 24 -73.206 0.000 -16.307 -74.800 0.000 -5.475
2 24 -67.852 -13.000 12.462 -67.946 -13.000 12.443
2 24 -69.548 -13.000 -6.512 -69.588 -13.000 -6.431
2 24 -68.875 -13.000 -8.271 -68.963 -13.000 -8.314
2 24 39.071 -10.500 64.019 29.333 -10.500 69.026
2 24 -67.864 -13.500 12.457 -67.946 -13.500 12.443
2 24 -67.782 -13.000 -11.449 -69.482 -13.000 -12.315
2 24 60.043 -133.000 -29.729 54.801 -133.000 -38.546
2 24 -67.705 -13.500 12.254 -67.852 -13.500 12.233
2 24 -69.734 -13.000 5.272 -70.075 -13.000 5.192
2 24 -67.641 -13.500 12.289 -67.705 -13.500 12.254
2 24 -67.847 -13.000 -14.374 -67.928 -13.000 -14.469
2 24 -67.466 -13.500 -2.118 -67.911 -13.500 -2.106
2 24 -68.781 -13.000 -8.691 -69.249 -13.000 -8.730
2 24 -45.047 -13.000 -56.487 -52.963 -13.000 -49.142
2 24 -68.776 -13.500 4.829 -68.788 -13.500 5.169
2 24 -67.502 -13.000 -0.785 -67.502 -13.500 -0.785
2 24 -68.121 -13.500 -2.995 -68.133 -13.500 -2.621
2 24 -69.712 -13.000 -3.054 -69.712 -13.500 -3.054
2 24 -71.443 -13.000 -10.768 -72.250 -13.000 0.000
2 24 -69.946 -13.000 2.151 -70.028 -13.000 2.420
2 24 -69.303 -13.500 2.455 -69.537 -13.500 2.338
2 24 -68.882 -13.500 5.391 -68.964 -13.500 5.671
2 24 -69.512 -13.500 -8.004 -69.593 -13.500 -7.759
2 24 -68.803 -13.000 -14.192 -68.824 -13.000 -14.128
2 24 29.333 -10.500 69.026 18.970 -10.500 72.561
2 24 -68.320 -13.000 6.011 -69.466 -13.000 6.572
2 24 -68.215 -13.000 6.245 -69.338 -13.000 6.783
2 24 -67.771 -13.000 1.449 -67.927 -13.000 1.489
2 24 -68.975 -13.000 -6.692 -69.140 -13.000 -6.679
2 24 -69.494 -13.500 -5.337 -69.676 -13.500 -5.215
2 24 -69.502 -13.000 -5.334 -69.676 -13.000 -5.215
2 24 -68.018 -13.500 -9.142 -68.178 -13.500 -9.031
2 24 -68.782 -13.000 -9.697 -68.975 -13.000 -9.693
2 24 -69.547 -13.000 -11.046 -69.782 -13.000 -11.046
2 24 -69.547 -13.500 -11.046 -69.782 -13.500 -11.046
2 24 -67.782 -13.000 -10.655 -68.165 -13.000 -10.655
2 24 -67.922 -13.000 -13.581 -68.049 -13.000 -13.488
2 24 -68.601 -13.500 -13.631 -68.727 -13.500 -13.636
2 24 59.696 -13.000 40.700 52.963 -13.000 49.142
2 24 55.858 0.000 50.049 47.975 0.000 57.649
2 24 -68.320 -13.500 6.011 -69.466 -13.500 6.572
2 24 -68.215 -13.500 6.245 -69.338 -13.500 6.783
2 24 -67.771 -13.500 1.449 -67.927 -13.500 1.489
2 24 -68.321 -13.000 -5.728 -68.781 -13.000 -5.689
2 24 -69.408 -13.500 -8.076 -69.512 -13.500 -8.004
2 24 -67.782 -13.000 -10.334 -68.165 -13.000 -10.334
2 24 -68.626 -13.500 -14.352 -68.768 -13.500 -14.248
2 24 -68.213 -13.000 -13.418 -68.416 -13.000 -13.375
2 24 -68.154 -13.000 -13.717 -68.266 -13.000 -13.671
2 24 -68.266 -13.000 -13.671 -68.413 -13.000 -13.641
2 24 -68.431 -13.500 -14.657 -68.730 -13.500 -14.603
2 24 -69.373 -13.500 7.788 -69.455 -13.500 8.057
2 24 -69.303 -13.000 2.455 -69.537 -13.000 2.338
2 24 -69.512 -13.500 -5.002 -69.593 -13.500 -4.757
2 24 -68.773 -13.000 -7.899 -68.949 -13.000 -8.019
2 24 -68.015 -13.500 -9.513 -68.173 -13.500 -9.626
2 24 -62.143 -13.000 -25.046 -65.238 -13.000 -15.266
2 24 -70.951 -10.500 -32.402 -74.840 -10.500 -21.975
2 24 32.402 -10.500 70.951 21.975 -10.500 74.840
2 24 -69.373 -13.000 7.788 -69.455 -13.000 8.057
2 24 -69.595 -13.500 -1.042 -70.098 -13.500 -1.311
2 24 -68.788 -13.000 -5.215 -68.875 -13.000 -5.269
2 24 -63.969 -15.500 -30.806 -67.846 -15.500 -20.928
2 24 -68.133 -13.500 8.280 -69.373 -13.500 7.788
2 24 -68.600 -13.000 8.347 -68.946 -13.000 8.209
2 24 -69.595 -13.000 -1.042 -70.098 -13.000 -1.311
2 24 -68.133 -13.500 8.280 -68.250 -13.500 8.525
2 24 -69.376 -13.000 2.576 -69.420 -13.000 2.666
2 24 -69.923 -13.000 -1.703 -70.262 -13.000 -1.826
2 24 -67.782 -13.000 -11.164 -69.547 -13.000 -12.078
2 24 -69.724 -13.500 2.268 -69.946 -13.500 2.151
2 24 -67.962 -13.500 -9.331 -68.018 -13.500 -9.142
2 24 -69.390 -13.500 -9.033 -69.548 -13.500 -9.147
2 24 67.000 -133.000 0.000 66.215 -133.000 -10.228
2 24 -36.419 -13.000 56.237 -44.577 -13.000 50.019
2 24 -44.577 -13.000 50.019 -51.690 -13.000 42.628
2 24 -36.270 -6.285 62.825 -42.629 -6.254 58.697
2 24 -74.840 -15.500 21.975 -77.206 -15.500 11.101
2 24 -29.464 -8.733 66.172 -36.220 -8.736 62.731
2 24 -63.969 -15.500 30.806 -67.846 -15.500 20.928
2 24 -68.369 -13.000 8.166 -68.700 -13.000 8.034
2 24 -67.928 -13.000 -14.469 -68.026 -13.000 -14.546
2 24 71.000 -133.000 0.000 70.207 -133.000 -10.582
2 24 -27.408 -133.000 -61.138 -36.419 -133.000 -56.237
2 24 -68.133 -13.000 8.280 -68.250 -13.000 8.525
2 24 -68.949 -13.000 -5.017 -69.102 -13.000 -5.080
2 24 -67.782 -13.500 -11.449 -69.482 -13.500 -12.315
2 24 -68.133 -13.000 8.280 -68.369 -13.000 8.166
2 24 -68.987 -13.000 -1.428 -69.513 -13.000 -1.767
2 24 -69.338 -13.000 -1.372 -69.607 -13.000 -1.545
2 24 5.306 -133.000 -70.801 -5.306 -133.000 -70.801
2 24 -69.676 -13.000 -8.217 -69.787 -13.000 -8.028
2 24 -16.077 -13.000 70.439 -26.396 -13.000 67.256
2 24 -69.724 -13.000 2.268 -69.946 -13.000 2.151
2 24 -67.962 -13.500 -6.329 -68.018 -13.500 -6.141
2 24 12.756 -133.000 -65.774 2.566 -133.000 -66.951
2 24 -69.513 -13.500 5.098 -69.958 -13.500 4.888
2 24 -68.081 -13.000 -9.577 -68.173 -13.000 -9.626
2 24 -69.328 -13.000 -13.482 -69.497 -13.000 -13.579
2 24 -57.591 -13.000 -34.238 -62.143 -13.000 -25.046
2 24 -67.668 -13.500 0.060 -67.794 -13.500 0.034
2 24 -69.275 -13.000 -5.997 -69.390 -13.000 -6.031
2 24 -68.882 -13.000 5.391 -68.964 -13.000 5.671
2 24 -69.689 -13.000 2.525 -69.850 -13.000 2.470
2 24 63.878 -133.000 -20.215 60.043 -133.000 -29.729
2 24 -68.178 -13.500 -6.029 -68.781 -13.500 -5.961
2 24 -67.785 -13.500 -13.776 -67.922 -13.500 -13.581
2 24 -51.690 -13.000 -42.628 -57.591 -13.000 -34.238
2 24 -69.632 -13.000 5.052 -69.753 -13.000 5.005
2 24 -69.414 -13.500 5.397 -70.075 -13.500 5.192
2 24 -67.928 -13.500 -14.469 -68.146 -13.500 -14.606
2 24 -69.390 -13.500 -6.031 -69.548 -13.500 -6.145
2 24 25.939 -15.500 66.092 15.799 -15.500 69.220
2 24 -69.482 -13.000 -9.082 -69.548 -13.000 -9.147
2 24 -69.782 -13.000 -11.046 -69.782 -13.500 -11.046
2 24 -69.547 -13.000 -11.046 -69.547 -13.500 -11.046
2 24 67.000 -133.000 0.000 66.215 -133.000 10.228
2 24 -69.146 -13.000 -0.485 -69.472 -13.000 -0.685
2 24 -68.928 -13.500 -0.317 -69.472 -13.500 -0.685
2 24 -68.730 -13.000 -0.481 -69.186 -13.000 -0.796
2 24 -67.740 -13.500 -6.329 -67.796 -13.500 -6.059
2 24 -68.616 -13.000 -8.079 -68.701 -13.000 -8.152
2 24 -69.758 -13.000 -9.616 -69.823 -13.000 -9.331
2 24 -67.997 -13.500 -5.844 -68.781 -13.500 -5.689
2 24 -69.140 -13.000 -6.679 -69.279 -13.000 -6.657
2 24 -68.178 -13.500 -9.031 -68.781 -13.500 -8.963
2 24 -68.782 -13.000 -9.969 -69.238 -13.000 -9.931
2 24 -69.534 -13.000 -14.483 -69.792 -13.000 -14.483
2 24 -49.733 -7.305 -56.140 -49.740 -7.435 -56.151
2 24 -69.275 -13.000 -5.373 -69.502 -13.000 -5.334
2 24 -69.534 -13.500 -14.483 -69.792 -13.500 -14.483
2 24 -68.782 -13.500 -6.968 -69.563 -13.500 -6.813
2 24 -69.408 -13.000 -5.075 -69.465 -13.000 -5.044
2 24 -68.782 -13.500 -9.697 -69.393 -13.500 -9.624
2 24 -67.997 -13.000 -5.844 -68.321 -13.000 -5.728
2 24 -68.178 -13.000 -6.029 -68.296 -13.000 -5.995
2 24 -67.997 -13.500 -8.845 -68.781 -13.500 -8.691
2 24 -68.086 -13.000 -9.078 -68.178 -13.000 -9.031
2 24 -69.140 -13.000 -9.681 -69.279 -13.000 -9.659
2 24 -69.393 -13.000 -9.624 -69.483 -13.000 -9.576
2 24 -67.922 -13.500 -13.581 -68.213 -13.500 -13.418
2 24 -68.730 -13.000 -14.603 -68.847 -13.000 -14.536
2 24 -69.339 -13.000 -5.094 -69.408 -13.000 -5.075
2 24 -69.275 -13.000 -8.375 -69.502 -13.000 -8.335
2 24 -68.416 -13.000 -13.375 -68.661 -13.000 -13.360
2 24 -68.413 -13.000 -13.641 -68.601 -13.000 -13.631
2 24 -45.401 0.000 -56.931 -53.379 0.000 -49.529
2 24 -69.393 -13.000 -6.623 -69.483 -13.000 -6.575
2 24 -68.086 -13.000 -6.077 -68.178 -13.000 -6.029
2 24 -69.260 -13.500 -8.102 -69.408 -13.500 -8.076
2 24 -69.275 -13.500 -8.375 -69.494 -13.500 -8.338
2 24 -45.506 -8.549 -56.368 -46.962 -8.271 -55.177
2 24 -35.500 -15.500 -61.488 -44.268 -15.500 -55.510
2 24 62.550 -10.500 41.383 55.858 -10.500 50.049
2 24 -69.238 -13.000 -6.929 -69.563 -13.000 -6.813
2 24 -69.339 -13.000 -8.096 -69.408 -13.000 -8.076
2 24 -68.782 -13.500 -9.969 -69.563 -13.500 -9.815
2 24 -68.626 -13.000 -14.352 -68.703 -13.000 -14.310
2 24 -68.419 -13.000 -14.384 -68.532 -13.000 -14.376
2 24 -42.575 -8.733 -58.603 -45.506 -8.549 -56.368
2 24 -42.170 -10.500 -65.618 -51.079 -10.500 -58.948
2 24 65.618 -10.500 42.170 58.948 -10.500 51.079
2 24 -69.279 -13.000 -6.657 -69.393 -13.000 -6.623
2 24 -68.072 -13.500 -13.773 -68.266 -13.500 -13.671
2 24 -69.408 -13.000 -8.076 -69.465 -13.000 -8.045
2 24 -68.296 -13.000 -8.996 -68.429 -13.000 -8.976
2 24 -68.178 -13.000 -9.031 -68.296 -13.000 -8.996
2 24 -67.997 -13.000 -8.846 -68.321 -13.000 -8.729
2 24 -68.213 -13.500 -13.418 -68.661 -13.500 -13.360
2 24 -68.266 -13.500 -13.671 -68.601 -13.500 -13.631
2 24 -68.431 -13.000 -14.657 -68.591 -13.000 -14.643
2 24 -36.125 -13.000 -62.570 -45.047 -13.000 -56.487
2 24 -69.279 -13.000 -9.659 -69.393 -13.000 -9.624
2 24 -69.238 -13.000 -9.931 -69.563 -13.000 -9.815
2 24 -42.633 -6.254 -58.695 -45.557 -6.396 -56.447
2 24 -68.049 -13.000 -13.488 -68.213 -13.000 -13.418
2 24 -68.419 -13.500 -14.384 -68.626 -13.500 -14.352
2 24 -68.591 -13.000 -14.643 -68.730 -13.000 -14.603
2 24 -68.532 -13.000 -14.376 -68.626 -13.000 -14.352
2 24 -43.639 0.000 -60.997 -52.056 0.000 -53.993
2 24 67.000 -13.000 0.000 66.215 -13.000 10.228
2 24 16.077 -13.000 -70.439 5.399 -13.000 -72.048
2 24 22.647 -13.000 -63.056 12.756 -13.000 -65.774
2 24 66.215 -13.000 -10.228 63.878 -13.000 -20.215
2 24 72.436 -8.736 0.002 72.039 -8.733 -7.570
2 24 78.000 -15.500 0.000 77.206 -15.500 -11.101
2 24 75.000 0.000 0.000 74.201 0.000 10.920
2 24 72.250 -13.000 0.000 71.443 -13.000 10.768
2 24 73.485 -7.305 15.000 73.498 -7.435 15.000
2 24 -13.623 0.000 -73.752 -24.216 0.000 -70.983
2 24 -26.396 -13.000 -67.256 -36.125 -13.000 -62.570
2 24 -32.402 -10.500 -70.951 -42.170 -10.500 -65.618
2 24 70.951 -10.500 32.402 65.618 -10.500 42.170
2 24 72.250 -13.000 0.000 71.443 -13.000 -10.768
2 24 -2.739 0.000 -74.950 -13.623 0.000 -73.752
2 24 73.498 -7.565 -15.000 73.485 -7.695 -15.000
2 24 71.443 -13.000 10.768 69.040 -13.000 21.296
2 24 69.583 0.000 21.463 65.606 0.000 31.594
2 24 66.215 -13.000 10.228 63.878 -13.000 20.215
2 24 73.498 -7.565 15.000 73.485 -7.695 15.000
2 24 69.040 -13.000 21.296 65.095 -13.000 31.348
2 24 -17.754 -13.000 -64.605 -27.408 -13.000 -61.138
2 24 78.000 -15.500 0.000 77.206 -15.500 11.101
2 24 0.000 -15.500 -78.000 -11.101 -15.500 -77.206
2 24 74.201 0.000 10.920 71.820 0.000 21.607
2 24 63.878 -13.000 20.215 60.043 -13.000 29.729
2 24 67.846 -15.500 20.928 63.969 -15.500 30.806
2 24 65.095 -13.000 31.348 59.696 -13.000 40.700
2 24 62.550 0.000 41.383 55.858 0.000 50.049
2 24 -27.408 -13.000 -61.138 -36.419 -13.000 -56.237
2 24 74.201 -10.500 10.920 71.820 -10.500 21.607
2 24 60.043 -13.000 29.729 54.801 -13.000 38.546
2 24 63.969 -15.500 30.806 58.663 -15.500 39.996
2 24 65.606 0.000 31.594 60.165 0.000 41.020
2 24 -34.293 -10.500 -66.701 -43.639 -10.500 -60.997
2 24 -45.047 -13.000 56.487 -52.963 -13.000 49.142
2 24 -52.047 -15.500 48.292 -58.663 -15.500 39.996
2 24 -70.951 -15.500 32.402 -74.840 -15.500 21.975
2 24 -23.759 -7.565 71.151 -23.752 -7.695 71.140
2 24 -52.963 -13.000 49.142 -59.696 -13.000 40.700
2 24 -35.500 -15.500 61.488 -44.268 -15.500 55.510
2 24 -59.696 -13.000 40.700 -65.095 -13.000 31.348
2 24 60.043 -133.000 29.729 54.801 -133.000 38.546
2 24 -21.975 -10.500 74.840 -32.402 -10.500 70.951
2 24 -25.939 -15.500 -66.092 -35.500 -15.500 -61.488
2 24 -23.759 -7.565 -71.151 -23.752 -7.695 -71.140
2 24 -5.306 -15.500 -70.801 -15.799 -15.500 -69.220
2 24 77.206 -15.500 11.101 74.840 -15.500 21.975
2 24 -11.101 -15.500 -77.206 -21.975 -15.500 -74.840
2 24 2.566 -13.000 -66.951 -7.684 -13.000 -66.558
2 24 -16.077 -13.000 -70.439 -26.396 -13.000 -67.256
2 24 -23.752 -7.305 -71.140 -23.759 -7.565 -71.151
2 24 -7.684 -13.000 -66.558 -17.754 -13.000 -64.605
2 24 -24.216 0.000 -70.983 -34.293 0.000 -66.701
2 24 -5.399 -13.000 -72.048 -16.077 -13.000 -70.439
2 24 -16.203 0.000 -70.992 -26.603 0.000 -67.784
2 24 11.101 -15.500 -77.206 0.000 -15.500 -78.000
2 24 8.203 -10.500 -74.550 -2.739 -10.500 -74.950
2 24 71.664 -6.395 11.225 71.338 -6.645 13.083
2 24 5.399 -13.000 -72.048 -5.399 -13.000 -72.048
2 24 75.000 -10.500 0.000 74.201 -10.500 10.920
2 24 72.436 -8.736 0.002 72.039 -8.733 7.574
2 24 12.756 -13.000 -65.774 2.566 -13.000 -66.951
2 24 67.000 -13.000 0.000 66.215 -13.000 -10.228
2 24 -5.442 0.000 -72.614 -16.203 0.000 -70.992
2 24 78.000 -10.500 0.000 77.206 -10.500 11.101
2 24 0.000 -10.500 -78.000 -11.101 -10.500 -77.206
2 24 70.207 -15.500 -10.582 67.846 -15.500 -20.928
2 24 75.000 -10.500 0.000 74.201 -10.500 -10.920
2 24 26.396 -13.000 -67.256 16.077 -13.000 -70.439
2 24 72.147 -6.254 -7.574 71.663 -6.396 -11.229
2 24 21.975 -15.500 -74.840 11.101 -15.500 -77.206
2 24 8.203 0.000 -74.550 -2.739 0.000 -74.950
2 24 32.007 -13.000 -58.860 22.647 -13.000 -63.056
2 24 71.569 -8.549 -11.225 71.266 -8.271 -13.082
2 24 36.125 -13.000 -62.570 26.396 -13.000 -67.256
2 24 73.485 -7.305 -15.000 73.498 -7.435 -15.000
2 24 44.268 -15.500 -55.510 35.500 -15.500 -61.488
2 24 77.206 -10.500 -11.101 74.840 -10.500 -21.975
2 24 40.617 -13.000 -53.285 32.007 -13.000 -58.860
2 24 60.043 -13.000 -29.729 54.801 -13.000 -38.546
2 24 71.663 -6.396 -11.229 71.337 -6.646 -13.087
2 24 35.500 -15.500 -61.488 25.939 -15.500 -66.092
2 24 72.818 0.000 0.000 72.004 0.000 -10.853
2 24 74.201 -10.500 -10.920 71.820 -10.500 -21.607
2 24 45.047 -13.000 -56.487 36.125 -13.000 -62.570
2 24 71.820 -10.500 -21.607 67.909 -10.500 -31.834
2 24 48.275 -13.000 -46.460 40.617 -13.000 -53.285
2 24 54.801 -13.000 -38.546 48.275 -13.000 -46.460
2 24 69.040 -13.000 -21.296 65.095 -13.000 -31.348
2 24 75.000 0.000 0.000 74.201 0.000 -10.920
2 24 63.969 -15.500 -30.806 58.663 -15.500 -39.996
2 24 21.975 -10.500 -74.840 11.101 -10.500 -77.206
2 24 52.963 -13.000 -49.142 45.047 -13.000 -56.487
2 24 32.402 -10.500 -70.951 21.975 -10.500 -74.840
2 24 59.696 -13.000 -40.700 52.963 -13.000 -49.142
2 24 71.568 -8.548 11.230 71.265 -8.270 13.086
2 24 65.095 -13.000 -31.348 59.696 -13.000 -40.700
2 24 63.878 -13.000 -20.215 60.043 -13.000 -29.729
2 24 71.443 -13.000 -10.768 69.040 -13.000 -21.296
2 24 73.485 -7.305 -15.000 73.498 -7.565 -15.000
2 24 -15.799 -15.500 -69.220 -25.939 -15.500 -66.092
2 24 78.000 -10.500 0.000 77.206 -10.500 -11.101
2 24 -49.733 -7.305 56.140 -49.740 -7.565 56.151
2 24 -42.170 -10.500 65.618 -51.079 -10.500 58.948
2 24 -35.500 -133.000 -61.488 -44.268 -133.000 -55.510
2 24 -21.975 -15.500 74.840 -32.402 -15.500 70.951
2 24 -32.402 -10.500 70.951 -42.170 -10.500 65.618
2 24 -43.639 -10.500 60.997 -52.056 -10.500 53.993
2 24 -52.056 -10.500 53.993 -59.362 -10.500 45.838
2 24 -49.740 -7.565 56.151 -49.733 -7.695 56.140
2 24 54.801 -133.000 38.546 48.275 -133.000 46.460
2 24 -51.079 -15.500 58.948 -58.948 -15.500 51.079
2 24 -44.268 -15.500 55.510 -52.047 -15.500 48.292
2 24 -65.618 -10.500 42.170 -70.951 -10.500 32.402
2 24 -58.948 -10.500 51.079 -65.618 -10.500 42.170
2 24 -23.752 -7.305 -71.140 -23.759 -7.435 -71.151
2 24 -13.623 -10.500 -73.752 -24.216 -10.500 -70.983
2 24 67.909 -10.500 31.834 62.550 -10.500 41.383
2 24 -36.409 0.000 -63.062 -45.401 0.000 -56.931
2 24 70.951 -15.500 32.402 65.618 -15.500 42.170
2 24 -32.402 -15.500 -70.951 -42.170 -15.500 -65.618
2 24 -29.519 -6.254 -66.267 -36.273 -6.285 -62.823
2 24 -34.293 0.000 -66.701 -43.639 0.000 -60.997
2 24 -36.216 -8.736 -62.733 -42.575 -8.733 -58.603
2 24 -26.111 -6.395 -67.675 -29.519 -6.254 -66.267
2 24 -26.603 0.000 -67.784 -36.409 0.000 -63.062
2 24 -24.339 -6.645 -68.322 -26.111 -6.395 -67.675
2 24 70.207 -15.500 10.582 67.846 -15.500 20.928
2 24 67.909 0.000 31.834 62.550 0.000 41.383
2 24 -24.300 -8.270 -68.260 -26.059 -8.548 -67.595
2 24 71.820 -10.500 21.607 67.909 -10.500 31.834
2 24 -26.059 -8.548 -67.595 -29.460 -8.733 -66.174
2 24 74.840 -15.500 21.975 70.951 -15.500 32.402
2 24 -21.975 -15.500 -74.840 -32.402 -15.500 -70.951
2 24 -29.460 -8.733 -66.174 -36.216 -8.736 -62.733
2 24 73.485 -7.305 15.000 73.498 -7.565 15.000
2 24 71.000 -15.500 0.000 70.207 -15.500 10.582
2 24 15.799 -15.500 -69.220 5.306 -15.500 -70.801
2 24 11.101 -10.500 -77.206 0.000 -10.500 -78.000
2 24 5.442 0.000 -72.614 -5.442 0.000 -72.614
2 24 25.939 -15.500 -66.092 15.799 -15.500 -69.220
2 24 77.206 -15.500 -11.101 74.840 -15.500 -21.975
2 24 72.543 -6.285 -0.002 72.148 -6.254 7.570
2 24 71.000 -15.500 0.000 70.207 -15.500 -10.582
2 24 18.970 -10.500 -72.561 8.203 -10.500 -74.550
2 24 60.165 0.000 41.020 53.379 0.000 49.529
2 24 72.148 -6.254 7.570 71.664 -6.395 11.225
2 24 5.306 -15.500 -70.801 -5.306 -15.500 -70.801
2 24 -2.739 -10.500 -74.950 -13.623 -10.500 -73.752
2 24 72.039 -8.733 7.574 71.568 -8.548 11.230
2 24 72.004 0.000 10.853 69.583 0.000 21.463
2 24 72.039 -8.733 -7.570 71.569 -8.549 -11.225
2 24 72.818 0.000 0.000 72.004 0.000 10.853
2 24 16.203 0.000 -70.992 5.442 0.000 -72.614
2 24 67.846 -15.500 -20.928 63.969 -15.500 -30.806
2 24 -11.101 -10.500 -77.206 -21.975 -10.500 -74.840
2 24 77.206 -10.500 11.101 74.840 -10.500 21.975
2 24 58.663 -133.000 39.996 52.047 -133.000 48.292
2 24 52.047 -133.000 48.292 44.268 -133.000 55.510
2 24 48.275 -133.000 46.460 40.617 -133.000 53.285
2 24 35.500 -133.000 61.488 25.939 -133.000 66.092
2 24 44.268 -133.000 55.510 35.500 -133.000 61.488
2 24 40.617 -133.000 53.285 32.007 -133.000 58.860
2 24 32.007 -133.000 58.860 22.647 -133.000 63.056
2 24 25.939 -133.000 66.092 15.799 -133.000 69.220
2 24 22.647 -133.000 63.056 12.756 -133.000 65.774
2 24 15.799 -133.000 69.220 5.306 -133.000 70.801
2 24 12.756 -133.000 65.774 2.566 -133.000 66.951
2 24 5.306 -133.000 70.801 -5.306 -133.000 70.801
2 24 2.566 -133.000 66.951 -7.684 -133.000 66.558
2 24 -5.306 -133.000 70.801 -15.799 -133.000 69.220
2 24 -7.684 -133.000 66.558 -17.754 -133.000 64.605
2 24 -67.846 -133.000 -20.928 -70.207 -133.000 -10.582
2 24 -15.799 -133.000 69.220 -25.939 -133.000 66.092
2 24 -57.591 -133.000 34.238 -62.143 -133.000 25.046
2 24 -17.754 -133.000 64.605 -27.408 -133.000 61.138
2 24 -25.939 -133.000 66.092 -35.500 -133.000 61.488
2 24 -44.577 -133.000 50.019 -51.690 -133.000 42.628
2 24 -27.408 -133.000 61.138 -36.419 -133.000 56.237
2 24 -63.969 -133.000 30.806 -67.846 -133.000 20.928
2 24 -35.500 -133.000 61.488 -44.268 -133.000 55.510
2 24 -36.419 -133.000 56.237 -44.577 -133.000 50.019
2 24 -44.268 -133.000 55.510 -52.047 -133.000 48.292
2 24 -65.238 -133.000 15.266 -66.803 -133.000 5.129
2 24 -52.047 -133.000 48.292 -58.663 -133.000 39.996
2 24 -51.690 -133.000 42.628 -57.591 -133.000 34.238
2 24 -63.969 -133.000 -30.806 -67.846 -133.000 -20.928
2 24 -58.663 -133.000 39.996 -63.969 -133.000 30.806
2 24 -62.143 -133.000 25.046 -65.238 -133.000 15.266
2 24 -58.663 -133.000 -39.996 -63.969 -133.000 -30.806
2 24 -67.846 -133.000 20.928 -70.207 -133.000 10.582
2 24 -70.207 -133.000 10.582 -71.000 -133.000 0.000
2 24 -66.803 -133.000 -5.129 -66.803 -133.000 5.129
2 24 -70.207 -133.000 -10.582 -71.000 -133.000 0.000
2 24 -65.238 -133.000 -15.266 -66.803 -133.000 -5.129
2 24 -62.143 -133.000 -25.046 -65.238 -133.000 -15.266
2 24 -36.419 -133.000 -56.237 -44.577 -133.000 -50.019
2 24 -32.402 -15.500 70.951 -42.170 -15.500 65.618
2 24 -57.591 -133.000 -34.238 -62.143 -133.000 -25.046
2 24 -51.690 -133.000 -42.628 -57.591 -133.000 -34.238
2 24 -52.047 -133.000 -48.292 -58.663 -133.000 -39.996
2 24 -44.577 -133.000 -50.019 -51.690 -133.000 -42.628
2 24 -44.268 -133.000 -55.510 -52.047 -133.000 -48.292
2 24 -42.170 -15.500 65.618 -51.079 -15.500 58.948
2 24 -58.948 -15.500 51.079 -65.618 -15.500 42.170
2 24 58.663 -15.500 -39.996 52.047 -15.500 -48.292
2 24 52.047 -15.500 -48.292 44.268 -15.500 -55.510
2 24 74.840 -15.500 -21.975 70.951 -15.500 -32.402
2 24 18.970 0.000 -72.561 8.203 0.000 -74.550
2 24 72.004 0.000 -10.853 69.583 0.000 -21.463
2 24 42.170 -15.500 -65.618 32.402 -15.500 -70.951
2 24 32.402 -15.500 -70.951 21.975 -15.500 -74.840
2 24 29.333 -10.500 -69.026 18.970 -10.500 -72.561
2 24 -65.618 -15.500 42.170 -70.951 -15.500 32.402
2 24 -51.079 -10.500 58.948 -58.948 -10.500 51.079
2 24 71.820 0.000 21.607 67.909 0.000 31.834
2 24 74.840 -10.500 -21.975 70.951 -10.500 -32.402
2 24 39.071 -10.500 -64.019 29.333 -10.500 -69.026
2 24 74.201 0.000 -10.920 71.820 0.000 -21.607
2 24 26.603 0.000 -67.784 16.203 0.000 -70.992
2 24 51.079 -15.500 -58.948 42.170 -15.500 -65.618
2 24 65.618 -15.500 -42.170 58.948 -15.500 -51.079
2 24 47.975 -10.500 -57.649 39.071 -10.500 -64.019
2 24 58.948 -15.500 -51.079 51.079 -15.500 -58.948
2 24 42.170 -10.500 -65.618 32.402 -10.500 -70.951
2 24 62.550 -10.500 -41.383 55.858 -10.500 -50.049
2 24 29.333 0.000 -69.026 18.970 0.000 -72.561
2 24 69.583 0.000 -21.463 65.606 0.000 -31.594
2 24 55.858 -10.500 -50.049 47.975 -10.500 -57.649
2 24 70.951 -15.500 -32.402 65.618 -15.500 -42.170
2 24 70.951 -10.500 -32.402 65.618 -10.500 -42.170
2 24 65.618 -10.500 -42.170 58.948 -10.500 -51.079
2 24 51.079 -10.500 -58.948 42.170 -10.500 -65.618
2 24 36.409 0.000 -63.062 26.603 0.000 -67.784
2 24 71.820 0.000 -21.607 67.909 0.000 -31.834
2 24 58.948 -10.500 -51.079 51.079 -10.500 -58.948
2 24 65.606 0.000 -31.594 60.165 0.000 -41.020
2 24 -21.975 -10.500 -74.840 -32.402 -10.500 -70.951
2 24 74.840 -10.500 21.975 70.951 -10.500 32.402
2 24 -24.216 -10.500 -70.983 -34.293 -10.500 -66.701
2 24 67.909 -10.500 -31.834 62.550 -10.500 -41.383
2 24 67.909 0.000 -31.834 62.550 0.000 -41.383
2 24 53.379 0.000 -49.529 45.401 0.000 -56.931
2 24 60.165 0.000 -41.020 53.379 0.000 -49.529
2 24 62.550 0.000 -41.383 55.858 0.000 -50.049
2 24 55.858 0.000 -50.049 47.975 0.000 -57.649
2 24 39.071 0.000 -64.019 29.333 0.000 -69.026
2 24 45.401 0.000 -56.931 36.409 0.000 -63.062
2 24 47.975 0.000 -57.649 39.071 0.000 -64.019
