0 Duplo Plate 2 x 4 with Round Tube Holder
0 Name: 42029.dat
0 Author: Philippe Hurbain [Philo]
0 !LDRAW_ORG Unofficial_Part
0 !LICENSE Redistributable under CCAL version 2.0 : see CAreadme.txt

0 BFC CERTIFY CCW

0 !HISTORY 2026-06-30 {LEGO Instructions App} Original part shape
0 !HISTORY 2026-06-30 [<AuthorLDrawName>] File preparation for LDraw Parts Tracker
0 !HISTORY 2026-07-28 [STEAM Explore] Align origin with BrickLink Studio CustomParts

0 // Needs Work: Clean necessary

3 16 1.115 -12.263 124.695 1.224 -43.771 105.285 1.115 -12.256 105.285
3 16 1.115 -12.263 124.695 1.224 -43.771 124.695 1.224 -43.771 105.285
3 16 1.115 -12.256 105.285 -1.115 -12.263 124.695 1.115 -12.263 124.695
3 16 1.115 -12.256 105.285 -1.115 -12.256 105.285 -1.115 -12.263 124.695
3 16 -1.224 -43.771 124.695 -1.115 -12.256 105.285 -1.224 -43.771 105.285
3 16 -1.224 -43.771 124.695 -1.115 -12.263 124.695 -1.115 -12.256 105.285
3 16 -75.896 -0.131 110.622 -71.585 -0.131 108.009 -75.896 -0.131 108.009
3 16 -75.896 -0.131 110.622 -71.585 -0.131 110.622 -71.585 -0.131 108.009
3 16 -71.585 -44.999 110.622 -71.585 -0.131 108.009 -71.585 -0.131 110.622
3 16 -71.585 -44.999 110.622 -71.585 -44.999 108.009 -71.585 -0.131 108.009
3 16 -75.896 -44.999 108.009 -71.585 -0.131 108.009 -71.585 -44.999 108.009
3 16 -75.896 -44.999 108.009 -75.896 -0.131 108.009 -71.585 -0.131 108.009
3 16 -75.896 -44.999 110.622 -71.585 -0.131 110.622 -75.896 -0.131 110.622
3 16 -75.896 -44.999 110.622 -71.585 -44.999 110.622 -71.585 -0.131 110.622
3 16 -18.611 -0.131 124.523 -21.223 -0.131 120.212 -21.223 -0.131 124.523
3 16 -18.611 -0.131 124.523 -18.611 -0.131 120.212 -21.223 -0.131 120.212
3 16 -18.611 -44.999 120.212 -21.223 -0.131 120.212 -18.611 -0.131 120.212
3 16 -18.611 -44.999 120.212 -21.223 -44.999 120.212 -21.223 -0.131 120.212
3 16 -21.223 -44.999 124.523 -21.223 -0.131 120.212 -21.223 -44.999 120.212
3 16 -21.223 -44.999 124.523 -21.223 -0.131 124.523 -21.223 -0.131 120.212
3 16 -18.611 -44.999 124.523 -18.611 -0.131 120.212 -18.611 -0.131 124.523
3 16 -18.611 -44.999 124.523 -18.611 -44.999 120.212 -18.611 -0.131 120.212
3 16 -61.172 -0.131 52.731 -58.560 -0.131 57.907 -58.560 -0.131 52.731
3 16 -61.172 -0.131 52.731 -61.172 -0.131 57.907 -58.560 -0.131 57.907
3 16 -61.172 -44.999 57.907 -58.560 -0.131 57.907 -61.172 -0.131 57.907
3 16 -61.172 -44.999 57.907 -58.560 -44.999 57.907 -58.560 -0.131 57.907
3 16 -58.560 -44.999 52.731 -58.560 -0.131 57.907 -58.560 -44.999 57.907
3 16 -58.560 -44.999 52.731 -58.560 -0.131 52.731 -58.560 -0.131 57.907
3 16 -61.172 -44.999 52.731 -61.172 -0.131 57.907 -61.172 -0.131 52.731
3 16 -61.172 -44.999 52.731 -61.172 -44.999 57.907 -61.172 -0.131 57.907
3 16 -75.896 -0.131 70.662 -71.585 -0.131 68.049 -75.896 -0.131 68.049
3 16 -75.896 -0.131 70.662 -71.585 -0.131 70.662 -71.585 -0.131 68.049
3 16 -71.585 -44.999 70.662 -71.585 -0.131 68.049 -71.585 -0.131 70.662
3 16 -71.585 -44.999 70.662 -71.585 -44.999 68.049 -71.585 -0.131 68.049
3 16 -75.896 -44.999 68.049 -71.585 -0.131 68.049 -71.585 -44.999 68.049
3 16 -75.896 -44.999 68.049 -75.896 -0.131 68.049 -71.585 -0.131 68.049
3 16 -75.896 -44.999 70.662 -71.585 -0.131 70.662 -75.896 -0.131 70.662
3 16 -75.896 -44.999 70.662 -71.585 -44.999 70.662 -71.585 -0.131 70.662
3 16 -58.694 -0.131 124.523 -61.306 -0.131 120.212 -61.306 -0.131 124.523
3 16 -58.694 -0.131 124.523 -58.694 -0.131 120.212 -61.306 -0.131 120.212
3 16 -58.694 -44.999 120.212 -61.306 -0.131 120.212 -58.694 -0.131 120.212
3 16 -58.694 -44.999 120.212 -61.306 -44.999 120.212 -61.306 -0.131 120.212
3 16 -61.306 -44.999 124.523 -61.306 -0.131 120.212 -61.306 -44.999 120.212
3 16 -61.306 -44.999 124.523 -61.306 -0.131 124.523 -61.306 -0.131 120.212
3 16 -58.694 -44.999 124.523 -58.694 -0.131 120.212 -58.694 -0.131 124.523
3 16 -58.694 -44.999 124.523 -58.694 -44.999 120.212 -58.694 -0.131 120.212
3 16 -85.484 -32.369 7.843 -75.859 -24.745 3.520 -75.923 -32.369 3.385
3 16 -85.484 -32.369 7.843 -85.672 -24.751 8.096 -75.859 -24.745 3.520
3 16 -82.358 -34.945 6.408 -85.484 -32.369 7.843 -75.923 -32.369 3.385
3 16 -82.358 -34.945 6.408 -75.923 -32.369 3.385 -75.914 -34.945 3.403
3 16 -80.220 -44.151 5.434 -82.358 -34.945 6.408 -75.914 -34.945 3.403
3 16 -80.220 -44.151 5.434 -75.914 -34.945 3.403 -75.905 -44.151 3.422
3 16 -84.730 -24.751 10.118 -75.859 -24.745 3.520 -85.672 -24.751 8.096
3 16 -84.730 -24.751 10.118 -74.917 -24.745 5.542 -75.859 -24.745 3.520
3 16 -74.917 -24.745 5.542 -84.415 -32.369 10.136 -74.853 -32.369 5.678
3 16 -74.917 -24.745 5.542 -84.730 -24.751 10.118 -84.415 -32.369 10.136
3 16 -74.853 -32.369 5.678 -84.415 -32.369 10.136 -81.306 -34.945 8.664
3 16 -74.853 -32.369 5.678 -81.306 -34.945 8.664 -74.862 -34.945 5.659
3 16 -74.862 -34.945 5.659 -81.306 -34.945 8.664 -79.185 -44.151 7.652
3 16 -74.862 -34.945 5.659 -79.185 -44.151 7.652 -74.871 -44.151 5.640
3 16 -13.350 -32.646 -106.256 -28.655 -32.644 -105.479 -27.792 -32.646 -102.005
3 16 -13.350 -32.646 -106.256 -11.693 -32.646 -110.164 -28.655 -32.644 -105.479
3 16 -43.981 -32.646 -97.855 -27.792 -32.646 -102.005 -28.655 -32.644 -105.479
3 16 -43.981 -32.646 -97.855 -42.717 -32.646 -94.974 -27.792 -32.646 -102.005
3 16 -56.835 -32.644 -87.084 -42.717 -32.646 -94.974 -43.981 -32.646 -97.855
3 16 -56.835 -32.644 -87.084 -55.141 -32.646 -84.465 -42.717 -32.646 -94.974
3 16 -11.900 -32.646 -106.948 -11.693 -32.646 -110.164 -13.350 -32.646 -106.256
3 16 -11.091 -32.646 -107.952 -11.693 -32.646 -110.164 -11.900 -32.646 -106.948
3 16 -10.227 -32.646 -110.325 -11.693 -32.646 -110.164 -11.091 -32.646 -107.952
3 16 -55.141 -32.646 -84.465 -56.835 -32.644 -87.084 -67.684 -32.644 -73.433
3 16 -55.141 -32.646 -84.465 -67.684 -32.644 -73.433 -64.869 -32.646 -71.455
3 16 -64.869 -32.646 -71.455 -67.684 -32.644 -73.433 -75.099 -32.644 -57.996
3 16 -64.869 -32.646 -71.455 -75.099 -32.644 -57.996 -71.786 -32.646 -56.815
3 16 -71.786 -32.646 -56.815 -75.099 -32.644 -57.996 -79.457 -32.644 -41.495
3 16 -71.786 -32.646 -56.815 -79.457 -32.644 -41.495 -76.405 -32.646 -40.912
3 16 -79.776 -32.644 -24.397 -76.405 -32.646 -40.912 -79.457 -32.644 -41.495
3 16 -79.776 -32.644 -24.397 -76.742 -32.646 -24.670 -76.405 -32.646 -40.912
3 16 -79.776 -32.644 -24.397 -73.622 -32.646 -8.824 -76.742 -32.646 -24.670
3 16 -79.776 -32.644 -24.397 -76.840 -32.644 -7.465 -73.622 -32.646 -8.824
3 16 -76.840 -32.644 -7.465 -67.224 -32.646 6.786 -73.622 -32.646 -8.824
3 16 -76.840 -32.644 -7.465 -69.914 -32.644 8.267 -67.224 -32.646 6.786
3 16 -67.224 -32.646 6.786 -69.914 -32.644 8.267 -60.252 -32.644 22.357
3 16 -67.224 -32.646 6.786 -60.252 -32.644 22.357 -57.903 -32.646 20.389
3 16 -57.903 -32.646 20.389 -60.252 -32.644 22.357 -47.463 -32.644 33.800
3 16 -57.903 -32.646 20.389 -47.463 -32.644 33.800 -45.514 -32.646 31.145
3 16 -32.766 -32.644 42.591 -45.514 -32.646 31.145 -47.463 -32.644 33.800
3 16 -32.766 -32.644 42.591 -31.426 -32.646 39.866 -45.514 -32.646 31.145
3 16 -31.426 -32.646 39.866 -32.766 -32.644 42.591 -16.359 -32.644 47.724
3 16 -31.426 -32.646 39.866 -16.359 -32.644 47.724 -15.666 -32.646 44.548
3 16 -15.666 -32.646 44.548 -16.359 -32.644 47.724 0.000 -32.644 49.470
3 16 -15.666 -32.646 44.548 0.000 -32.644 49.470 0.000 -32.646 45.928
3 16 -28.694 -36.440 -105.076 -13.350 -36.440 -106.256 -27.792 -36.440 -102.005
3 16 -28.694 -36.440 -105.076 -11.726 -36.440 -110.258 -13.350 -36.440 -106.256
3 16 -44.001 -36.440 -97.883 -28.694 -36.440 -105.076 -27.792 -36.440 -102.005
3 16 -44.001 -36.440 -97.883 -27.792 -36.440 -102.005 -42.717 -36.440 -94.974
3 16 -57.103 -36.440 -86.860 -44.001 -36.440 -97.883 -42.717 -36.440 -94.974
3 16 -57.103 -36.440 -86.860 -42.717 -36.440 -94.974 -55.141 -36.440 -84.465
3 16 -66.945 -36.440 -73.144 -57.103 -36.440 -86.860 -55.141 -36.440 -84.465
3 16 -66.945 -36.440 -73.144 -55.141 -36.440 -84.465 -64.870 -36.440 -71.456
3 16 -74.263 -36.440 -57.870 -66.945 -36.440 -73.144 -64.870 -36.440 -71.456
3 16 -74.263 -36.440 -57.870 -64.870 -36.440 -71.456 -71.789 -36.440 -56.816
3 16 -74.263 -36.440 -57.870 -71.789 -36.440 -56.816 -76.405 -36.440 -40.912
3 16 -74.263 -36.440 -57.870 -76.405 -36.440 -40.912 -79.419 -36.440 -41.488
3 16 -79.784 -36.440 -24.386 -79.419 -36.440 -41.488 -76.405 -36.440 -40.912
3 16 -79.784 -36.440 -24.386 -76.405 -36.440 -40.912 -76.742 -36.440 -24.670
3 16 -79.784 -36.440 -24.386 -76.742 -36.440 -24.670 -73.622 -36.440 -8.824
3 16 -79.784 -36.440 -24.386 -73.622 -36.440 -8.824 -76.571 -36.440 -7.578
3 16 -76.571 -36.440 -7.578 -73.622 -36.440 -8.824 -67.224 -36.440 6.786
3 16 -76.571 -36.440 -7.578 -67.224 -36.440 6.786 -69.908 -36.440 8.267
3 16 -69.908 -36.440 8.267 -67.224 -36.440 6.786 -57.903 -36.440 20.389
3 16 -69.908 -36.440 8.267 -57.903 -36.440 20.389 -60.279 -36.440 22.379
3 16 -47.361 -36.440 33.668 -60.279 -36.440 22.379 -57.903 -36.440 20.389
3 16 -47.361 -36.440 33.668 -57.903 -36.440 20.389 -45.514 -36.440 31.145
3 16 -31.426 -36.440 39.866 -47.361 -36.440 33.668 -45.514 -36.440 31.145
3 16 -31.426 -36.440 39.866 -32.781 -36.440 42.622 -47.361 -36.440 33.668
3 16 -16.344 -36.440 47.603 -32.781 -36.440 42.622 -31.426 -36.440 39.866
3 16 -16.344 -36.440 47.603 -31.426 -36.440 39.866 -15.666 -36.440 44.548
3 16 -15.666 -36.440 44.548 0.000 -36.440 49.108 -16.344 -36.440 47.603
3 16 -15.666 -36.440 44.548 0.000 -36.440 45.928 0.000 -36.440 49.108
3 16 -13.350 -36.440 -106.256 -27.792 -32.646 -102.005 -27.792 -36.440 -102.005
3 16 -13.350 -36.440 -106.256 -13.350 -32.646 -106.256 -27.792 -32.646 -102.005
3 16 -27.792 -32.646 -102.005 -42.717 -36.440 -94.974 -27.792 -36.440 -102.005
3 16 -27.792 -32.646 -102.005 -42.717 -32.646 -94.974 -42.717 -36.440 -94.974
3 16 -42.717 -32.646 -94.974 -55.141 -36.440 -84.465 -42.717 -36.440 -94.974
3 16 -42.717 -32.646 -94.974 -55.141 -32.646 -84.465 -55.141 -36.440 -84.465
3 16 -64.870 -36.440 -71.456 -55.141 -36.440 -84.465 -55.141 -32.646 -84.465
3 16 -64.870 -36.440 -71.456 -55.141 -32.646 -84.465 -64.869 -32.646 -71.455
3 16 -64.870 -36.440 -71.456 -64.869 -32.646 -71.455 -71.786 -32.646 -56.815
3 16 -64.870 -36.440 -71.456 -71.786 -32.646 -56.815 -71.789 -36.440 -56.816
3 16 -76.405 -36.440 -40.912 -71.789 -36.440 -56.816 -71.786 -32.646 -56.815
3 16 -76.405 -36.440 -40.912 -71.786 -32.646 -56.815 -76.405 -32.646 -40.912
3 16 -76.742 -32.646 -24.670 -76.405 -36.440 -40.912 -76.405 -32.646 -40.912
3 16 -76.742 -32.646 -24.670 -76.742 -36.440 -24.670 -76.405 -36.440 -40.912
3 16 -73.622 -36.440 -8.824 -76.742 -36.440 -24.670 -76.742 -32.646 -24.670
3 16 -73.622 -36.440 -8.824 -76.742 -32.646 -24.670 -73.622 -32.646 -8.824
3 16 -67.224 -36.440 6.786 -73.622 -36.440 -8.824 -73.622 -32.646 -8.824
3 16 -67.224 -36.440 6.786 -73.622 -32.646 -8.824 -67.224 -32.646 6.786
3 16 -57.903 -36.440 20.389 -67.224 -36.440 6.786 -67.224 -32.646 6.786
3 16 -57.903 -36.440 20.389 -67.224 -32.646 6.786 -57.903 -32.646 20.389
3 16 -45.514 -36.440 31.145 -57.903 -36.440 20.389 -57.903 -32.646 20.389
3 16 -45.514 -36.440 31.145 -57.903 -32.646 20.389 -45.514 -32.646 31.145
3 16 -31.426 -32.646 39.866 -45.514 -36.440 31.145 -45.514 -32.646 31.145
3 16 -31.426 -32.646 39.866 -31.426 -36.440 39.866 -45.514 -36.440 31.145
3 16 -15.666 -36.440 44.548 -31.426 -36.440 39.866 -31.426 -32.646 39.866
3 16 -15.666 -36.440 44.548 -31.426 -32.646 39.866 -15.666 -32.646 44.548
3 16 0.000 -36.440 45.928 -15.666 -36.440 44.548 -15.666 -32.646 44.548
3 16 0.000 -36.440 45.928 -15.666 -32.646 44.548 0.000 -32.646 45.928
3 16 -75.875 -0.021 124.502 -79.478 0.000 49.549 -79.191 -0.021 127.844
3 16 -75.875 -0.021 124.502 -75.875 -0.021 52.752 -79.478 0.000 49.549
3 16 -75.875 -0.021 124.502 -79.191 -0.021 127.844 0.000 -0.021 128.125
3 16 -75.875 -0.021 124.502 0.000 -0.021 128.125 0.000 -0.021 124.502
3 16 0.000 -0.021 128.125 -79.191 -48.022 127.844 0.000 -48.022 128.125
3 16 0.000 -0.021 128.125 -79.191 -0.021 127.844 -79.191 -48.022 127.844
3 16 -79.494 -4.391 49.208 -79.191 -0.021 127.844 -79.478 0.000 49.549
3 16 -79.191 -0.021 127.844 -79.494 -4.391 49.208 -79.191 -48.022 127.844
3 16 -75.623 -4.473 49.145 -79.494 -4.391 49.208 -79.478 0.000 49.549
3 16 -58.055 0.000 49.333 -75.623 -4.473 49.145 -79.478 0.000 49.549
3 16 -58.055 0.000 49.333 -58.467 -4.222 49.333 -75.623 -4.473 49.145
3 16 -58.467 -4.222 49.333 -58.055 0.000 49.333 -54.135 -0.827 49.333
3 16 -58.467 -4.222 49.333 -54.135 -0.827 49.333 -54.135 -4.189 49.333
3 16 -58.467 -4.222 49.333 -54.135 -4.189 49.333 -53.914 -43.344 48.604
3 16 -58.467 -4.222 49.333 -53.914 -43.344 48.604 -60.774 -43.335 48.567
3 16 -60.774 -43.335 48.567 -75.623 -4.473 49.145 -58.467 -4.222 49.333
3 16 -60.774 -43.335 48.567 -75.043 -43.290 48.365 -75.623 -4.473 49.145
3 16 -79.494 -4.391 49.208 -76.283 -10.010 45.593 -79.687 -10.002 45.599
3 16 -79.494 -4.391 49.208 -75.623 -4.473 49.145 -76.283 -10.010 45.593
3 16 -76.283 -10.010 45.593 -79.616 -12.512 39.314 -79.687 -10.002 45.599
3 16 -76.283 -10.010 45.593 -75.861 -12.512 39.322 -79.616 -12.512 39.314
3 16 -79.679 -11.931 25.669 -79.616 -12.512 39.314 -75.861 -12.512 39.322
3 16 -79.679 -11.931 25.669 -75.861 -12.512 39.322 -75.934 -12.021 24.981
3 16 -85.493 -12.122 8.491 -79.679 -11.931 25.669 -75.934 -12.021 24.981
3 16 -85.493 -12.122 8.491 -88.722 -11.914 9.736 -79.679 -11.931 25.669
3 16 -89.844 -12.007 -3.540 -88.722 -11.914 9.736 -85.493 -12.122 8.491
3 16 -89.844 -12.007 -3.540 -93.132 -12.021 -2.551 -88.722 -11.914 9.736
3 16 -96.759 -12.021 -23.001 -93.132 -12.021 -2.551 -89.844 -12.007 -3.540
3 16 -96.759 -12.021 -23.001 -89.844 -12.007 -3.540 -93.346 -12.007 -23.276
3 16 -93.053 -12.007 -43.321 -96.759 -12.021 -23.001 -93.346 -12.007 -23.276
3 16 -93.053 -12.007 -43.321 -96.456 -12.021 -43.778 -96.759 -12.021 -23.001
3 16 -91.243 -12.021 -63.911 -96.456 -12.021 -43.778 -93.053 -12.007 -43.321
3 16 -91.243 -12.021 -63.911 -93.053 -12.007 -43.321 -88.024 -12.007 -62.740
3 16 -79.436 -12.007 -80.803 -91.243 -12.021 -63.911 -88.024 -12.007 -62.740
3 16 -79.436 -12.007 -80.803 -82.344 -12.021 -82.629 -91.243 -12.021 -63.911
3 16 -69.305 -12.042 -98.808 -82.344 -12.021 -82.629 -79.436 -12.007 -80.803
3 16 -69.305 -12.042 -98.808 -79.436 -12.007 -80.803 -66.844 -12.007 -96.405
3 16 -51.499 -12.007 -109.319 -69.305 -12.042 -98.808 -66.844 -12.007 -96.405
3 16 -51.499 -12.007 -109.319 -53.383 -12.021 -112.190 -69.305 -12.042 -98.808
3 16 -34.778 -12.021 -121.443 -53.383 -12.021 -112.190 -51.499 -12.007 -109.319
3 16 -34.778 -12.021 -121.443 -51.499 -12.007 -109.319 -33.552 -12.007 -118.245
3 16 -14.239 -12.007 -123.612 -34.778 -12.021 -121.443 -33.552 -12.007 -118.245
3 16 -14.239 -12.007 -123.612 -14.759 -12.021 -127.006 -34.778 -12.021 -121.443
3 16 0.000 -12.007 -124.691 -14.759 -12.021 -127.006 -14.239 -12.007 -123.612
3 16 0.000 -12.007 -124.691 0.000 -12.021 -128.125 -14.759 -12.021 -127.006
3 16 -85.281 -28.601 8.478 -75.934 -12.021 24.981 -75.759 -28.596 24.924
3 16 -85.281 -28.601 8.478 -85.493 -12.122 8.491 -75.934 -12.021 24.981
3 16 -85.493 -12.122 8.491 -85.281 -28.601 8.478 -89.844 -28.601 -3.540
3 16 -85.493 -12.122 8.491 -89.844 -28.601 -3.540 -89.844 -12.007 -3.540
3 16 -89.844 -12.007 -3.540 -89.844 -28.601 -3.540 -93.346 -28.601 -23.276
3 16 -89.844 -12.007 -3.540 -93.346 -28.601 -23.276 -93.346 -12.007 -23.276
3 16 -93.346 -12.007 -23.276 -93.346 -28.601 -23.276 -93.053 -28.601 -43.321
3 16 -93.346 -12.007 -23.276 -93.053 -28.601 -43.321 -93.053 -12.007 -43.321
3 16 -93.053 -12.007 -43.321 -93.053 -28.601 -43.321 -88.024 -28.601 -62.740
3 16 -93.053 -12.007 -43.321 -88.024 -28.601 -62.740 -88.024 -12.007 -62.740
3 16 -79.436 -28.601 -80.803 -88.024 -12.007 -62.740 -88.024 -28.601 -62.740
3 16 -79.436 -28.601 -80.803 -79.436 -12.007 -80.803 -88.024 -12.007 -62.740
3 16 -79.436 -12.007 -80.803 -79.436 -28.601 -80.803 -66.844 -28.601 -96.405
3 16 -79.436 -12.007 -80.803 -66.844 -28.601 -96.405 -66.844 -12.007 -96.405
3 16 -66.844 -12.007 -96.405 -66.844 -28.601 -96.405 -51.499 -28.601 -109.319
3 16 -66.844 -12.007 -96.405 -51.499 -28.601 -109.319 -51.499 -12.007 -109.319
3 16 -51.499 -12.007 -109.319 -51.499 -28.601 -109.319 -33.552 -28.601 -118.245
3 16 -51.499 -12.007 -109.319 -33.552 -28.601 -118.245 -33.552 -12.007 -118.245
3 16 -14.239 -12.007 -123.612 -33.552 -12.007 -118.245 -33.552 -28.601 -118.245
3 16 -14.239 -12.007 -123.612 -33.552 -28.601 -118.245 -14.239 -28.601 -123.612
3 16 -14.239 -12.007 -123.612 -14.239 -28.601 -123.612 0.000 -28.601 -124.691
3 16 -14.239 -12.007 -123.612 0.000 -28.601 -124.691 0.000 -12.007 -124.691
3 16 -88.722 -11.914 9.736 -79.673 -33.095 24.939 -79.679 -11.931 25.669
3 16 -88.722 -11.914 9.736 -88.367 -33.095 9.644 -79.673 -33.095 24.939
3 16 -93.132 -12.021 -2.551 -88.367 -33.095 9.644 -88.722 -11.914 9.736
3 16 -93.132 -12.021 -2.551 -92.983 -33.095 -2.596 -88.367 -33.095 9.644
3 16 -96.759 -12.021 -23.001 -92.983 -33.095 -2.596 -93.132 -12.021 -2.551
3 16 -96.759 -12.021 -23.001 -96.590 -33.095 -23.014 -92.983 -33.095 -2.596
3 16 -96.456 -12.021 -43.778 -96.590 -33.095 -23.014 -96.759 -12.021 -23.001
3 16 -96.456 -12.021 -43.778 -96.254 -33.095 -43.750 -96.590 -33.095 -23.014
3 16 -91.243 -12.021 -63.911 -96.254 -33.095 -43.750 -96.456 -12.021 -43.778
3 16 -91.243 -12.021 -63.911 -91.028 -33.095 -63.834 -96.254 -33.095 -43.750
3 16 -82.344 -12.021 -82.629 -91.028 -33.095 -63.834 -91.243 -12.021 -63.911
3 16 -82.344 -12.021 -82.629 -82.139 -33.095 -82.500 -91.028 -33.095 -63.834
3 16 -69.305 -12.042 -98.808 -82.139 -33.095 -82.500 -82.344 -12.021 -82.629
3 16 -69.305 -12.042 -98.808 -69.091 -33.095 -98.606 -82.139 -33.095 -82.500
3 16 -53.218 -33.095 -111.939 -69.091 -33.095 -98.606 -69.305 -12.042 -98.808
3 16 -53.218 -33.095 -111.939 -69.305 -12.042 -98.808 -53.383 -12.021 -112.190
3 16 -34.778 -12.021 -121.443 -53.218 -33.095 -111.939 -53.383 -12.021 -112.190
3 16 -34.778 -12.021 -121.443 -34.665 -33.095 -121.146 -53.218 -33.095 -111.939
3 16 -14.759 -12.021 -127.006 -34.665 -33.095 -121.146 -34.778 -12.021 -121.443
3 16 -14.759 -12.021 -127.006 -14.709 -33.095 -126.685 -34.665 -33.095 -121.146
3 16 -14.759 -12.021 -127.006 0.000 -33.095 -127.818 -14.709 -33.095 -126.685
3 16 -14.759 -12.021 -127.006 0.000 -12.021 -128.125 0.000 -33.095 -127.818
3 16 -88.367 -33.095 9.644 -79.953 -33.465 16.695 -79.673 -33.095 24.939
3 16 -88.367 -33.095 9.644 -84.602 -33.095 8.214 -79.953 -33.465 16.695
3 16 -88.367 -33.095 9.644 -89.152 -33.095 -3.753 -84.602 -33.095 8.214
3 16 -88.367 -33.095 9.644 -92.983 -33.095 -2.596 -89.152 -33.095 -3.753
3 16 -96.590 -33.095 -23.014 -89.152 -33.095 -3.753 -92.983 -33.095 -2.596
3 16 -96.590 -33.095 -23.014 -92.628 -33.095 -23.334 -89.152 -33.095 -3.753
3 16 -96.590 -33.095 -23.014 -92.338 -33.095 -43.224 -92.628 -33.095 -23.334
3 16 -96.590 -33.095 -23.014 -96.254 -33.095 -43.750 -92.338 -33.095 -43.224
3 16 -91.028 -33.095 -63.834 -92.338 -33.095 -43.224 -96.254 -33.095 -43.750
3 16 -91.028 -33.095 -63.834 -87.348 -33.095 -62.493 -92.338 -33.095 -43.224
3 16 -91.028 -33.095 -63.834 -78.824 -33.095 -80.419 -87.348 -33.095 -62.493
3 16 -91.028 -33.095 -63.834 -82.139 -33.095 -82.500 -78.824 -33.095 -80.419
3 16 -69.091 -33.095 -98.606 -78.824 -33.095 -80.419 -82.139 -33.095 -82.500
3 16 -69.091 -33.095 -98.606 -66.330 -33.095 -95.901 -78.824 -33.095 -80.419
3 16 -69.091 -33.095 -98.606 -51.104 -33.095 -108.716 -66.330 -33.095 -95.901
3 16 -69.091 -33.095 -98.606 -53.218 -33.095 -111.939 -51.104 -33.095 -108.716
3 16 -34.665 -33.095 -121.146 -51.104 -33.095 -108.716 -53.218 -33.095 -111.939
3 16 -34.665 -33.095 -121.146 -33.294 -33.095 -117.573 -51.104 -33.095 -108.716
3 16 -14.130 -33.095 -122.899 -33.294 -33.095 -117.573 -34.665 -33.095 -121.146
3 16 -14.130 -33.095 -122.899 -34.665 -33.095 -121.146 -14.709 -33.095 -126.685
3 16 -14.709 -33.095 -126.685 0.000 -33.095 -123.970 -14.130 -33.095 -122.899
3 16 -14.709 -33.095 -126.685 0.000 -33.095 -127.818 0.000 -33.095 -123.970
3 16 -84.602 -33.095 8.214 -79.678 -43.514 15.695 -79.953 -33.465 16.695
3 16 -84.602 -33.095 8.214 -83.415 -43.416 7.762 -79.678 -43.514 15.695
3 16 -83.415 -43.416 7.762 -79.521 -46.164 12.024 -79.678 -43.514 15.695
3 16 -83.415 -43.416 7.762 -81.527 -46.293 7.040 -79.521 -46.164 12.024
3 16 -83.415 -43.416 7.762 -86.012 -46.292 -4.703 -81.527 -46.293 7.040
3 16 -82.637 -48.020 -5.729 -81.527 -46.293 7.040 -86.012 -46.292 -4.703
3 16 -82.637 -48.020 -5.729 -86.012 -46.292 -4.703 -89.370 -46.291 -23.598
3 16 -82.637 -48.020 -5.729 -89.370 -46.291 -23.598 -85.864 -48.020 -23.882
3 16 -89.370 -46.291 -23.598 -85.595 -48.020 -42.317 -85.864 -48.020 -23.882
3 16 -89.370 -46.291 -23.598 -89.091 -46.292 -42.787 -85.595 -48.020 -42.317
3 16 -85.595 -48.020 -42.317 -89.091 -46.292 -42.787 -84.277 -46.291 -61.375
3 16 -85.595 -48.020 -42.317 -84.277 -46.291 -61.375 -80.971 -48.020 -60.172
3 16 -73.062 -48.020 -76.801 -80.971 -48.020 -60.172 -84.277 -46.291 -61.375
3 16 -73.062 -48.020 -76.801 -84.277 -46.291 -61.375 -76.049 -46.291 -78.676
3 16 -73.062 -48.020 -76.801 -76.049 -46.291 -78.676 -63.996 -46.292 -93.614
3 16 -73.062 -48.020 -76.801 -63.996 -46.292 -93.614 -61.484 -48.020 -91.151
3 16 -63.996 -46.292 -93.614 -47.372 -48.020 -103.026 -61.484 -48.020 -91.151
3 16 -63.996 -46.292 -93.614 -49.307 -46.291 -105.976 -47.372 -48.020 -103.026
3 16 -47.372 -48.020 -103.026 -49.307 -46.291 -105.976 -32.124 -46.291 -114.522
3 16 -47.372 -48.020 -103.026 -32.124 -46.291 -114.522 -30.864 -48.020 -111.237
3 16 -49.307 -46.291 -105.976 -32.842 -43.414 -116.396 -32.124 -46.291 -114.522
3 16 -49.307 -46.291 -105.976 -50.410 -43.414 -107.658 -32.842 -43.414 -116.396
3 16 -65.429 -43.414 -95.018 -49.307 -46.291 -105.976 -63.996 -46.292 -93.614
3 16 -65.429 -43.414 -95.018 -50.410 -43.414 -107.658 -49.307 -46.291 -105.976
3 16 -76.049 -46.291 -78.676 -65.429 -43.414 -95.018 -63.996 -46.292 -93.614
3 16 -76.049 -46.291 -78.676 -77.753 -43.414 -79.746 -65.429 -43.414 -95.018
3 16 -76.049 -46.291 -78.676 -86.163 -43.414 -62.062 -77.753 -43.414 -79.746
3 16 -76.049 -46.291 -78.676 -84.277 -46.291 -61.375 -86.163 -43.414 -62.062
3 16 -89.091 -46.292 -42.787 -86.163 -43.414 -62.062 -84.277 -46.291 -61.375
3 16 -89.091 -46.292 -42.787 -91.085 -43.414 -43.056 -86.163 -43.414 -62.062
3 16 -91.371 -43.414 -23.436 -91.085 -43.414 -43.056 -89.091 -46.292 -42.787
3 16 -91.371 -43.414 -23.436 -89.091 -46.292 -42.787 -89.370 -46.291 -23.598
3 16 -86.012 -46.292 -4.703 -91.371 -43.414 -23.436 -89.370 -46.291 -23.598
3 16 -86.012 -46.292 -4.703 -87.940 -43.415 -4.119 -91.371 -43.414 -23.436
3 16 -83.415 -43.416 7.762 -87.940 -43.415 -4.119 -86.012 -46.292 -4.703
3 16 -33.294 -33.095 -117.573 -32.842 -43.414 -116.396 -50.410 -43.414 -107.658
3 16 -33.294 -33.095 -117.573 -50.410 -43.414 -107.658 -51.104 -33.095 -108.716
3 16 -66.330 -33.095 -95.901 -50.410 -43.414 -107.658 -65.429 -43.414 -95.018
3 16 -66.330 -33.095 -95.901 -51.104 -33.095 -108.716 -50.410 -43.414 -107.658
3 16 -66.330 -33.095 -95.901 -65.429 -43.414 -95.018 -77.753 -43.414 -79.746
3 16 -66.330 -33.095 -95.901 -77.753 -43.414 -79.746 -78.824 -33.095 -80.419
3 16 -87.348 -33.095 -62.493 -77.753 -43.414 -79.746 -86.163 -43.414 -62.062
3 16 -87.348 -33.095 -62.493 -78.824 -33.095 -80.419 -77.753 -43.414 -79.746
3 16 -87.348 -33.095 -62.493 -86.163 -43.414 -62.062 -91.085 -43.414 -43.056
3 16 -87.348 -33.095 -62.493 -91.085 -43.414 -43.056 -92.338 -33.095 -43.224
3 16 -92.628 -33.095 -23.334 -91.085 -43.414 -43.056 -91.371 -43.414 -23.436
3 16 -92.628 -33.095 -23.334 -92.338 -33.095 -43.224 -91.085 -43.414 -43.056
3 16 -92.628 -33.095 -23.334 -91.371 -43.414 -23.436 -87.940 -43.415 -4.119
3 16 -92.628 -33.095 -23.334 -87.940 -43.415 -4.119 -89.152 -33.095 -3.753
3 16 -87.940 -43.415 -4.119 -84.602 -33.095 8.214 -89.152 -33.095 -3.753
3 16 -87.940 -43.415 -4.119 -83.415 -43.416 7.762 -84.602 -33.095 8.214
3 16 -33.294 -33.095 -117.573 -13.938 -43.414 -121.649 -32.842 -43.414 -116.396
3 16 -13.633 -46.291 -119.660 -32.842 -43.414 -116.396 -13.938 -43.414 -121.649
3 16 -13.633 -46.291 -119.660 -13.938 -43.414 -121.649 0.000 -43.414 -122.705
3 16 -13.633 -46.291 -119.660 0.000 -43.414 -122.705 0.000 -46.291 -120.693
3 16 -13.099 -48.020 -116.174 -13.633 -46.291 -119.660 0.000 -46.291 -120.693
3 16 -13.099 -48.020 -116.174 0.000 -46.291 -120.693 0.000 -48.020 -117.166
3 16 0.000 -33.095 -123.970 0.000 -43.414 -122.705 -13.938 -43.414 -121.649
3 16 0.000 -33.095 -123.970 -13.938 -43.414 -121.649 -14.130 -33.095 -122.899
3 16 -13.099 -48.020 -116.174 -32.124 -46.291 -114.522 -13.633 -46.291 -119.660
3 16 -13.633 -46.291 -119.660 -32.124 -46.291 -114.522 -32.842 -43.414 -116.396
3 16 -13.099 -48.020 -116.174 -30.864 -48.020 -111.237 -32.124 -46.291 -114.522
3 16 -33.294 -33.095 -117.573 -14.130 -33.095 -122.899 -13.938 -43.414 -121.649
3 16 -79.673 -33.095 24.939 -79.678 -43.514 15.695 -79.436 -48.022 39.340
3 16 -79.673 -33.095 24.939 -79.953 -33.465 16.695 -79.678 -43.514 15.695
3 16 -79.616 -12.512 39.314 -79.673 -33.095 24.939 -79.436 -48.022 39.340
3 16 -79.616 -12.512 39.314 -79.679 -11.931 25.669 -79.673 -33.095 24.939
3 16 -79.616 -12.512 39.314 -79.436 -48.022 39.340 -79.409 -48.022 49.618
3 16 -79.616 -12.512 39.314 -79.409 -48.022 49.618 -79.687 -10.002 45.599
3 16 -79.521 -46.164 12.024 -79.436 -48.022 39.340 -79.678 -43.514 15.695
3 16 -79.191 -48.022 127.844 -79.687 -10.002 45.599 -79.409 -48.022 49.618
3 16 -79.687 -10.002 45.599 -79.191 -48.022 127.844 -79.494 -4.391 49.208
3 16 -79.521 -46.164 12.024 -77.359 -48.022 7.325 -79.436 -48.022 39.340
3 16 -79.436 -48.022 39.340 -51.169 -48.109 35.841 -79.409 -48.022 49.618
3 16 -79.436 -48.022 39.340 -62.925 -48.107 24.725 -51.169 -48.109 35.841
3 16 -62.925 -48.107 24.725 -79.436 -48.022 39.340 -71.201 -48.089 14.762
3 16 -71.201 -48.089 14.762 -79.436 -48.022 39.340 -77.359 -48.022 7.325
3 16 -79.409 -48.022 49.618 -51.169 -48.109 35.841 -34.708 -48.116 46.305
3 16 -79.409 -48.022 49.618 -34.708 -48.116 46.305 -79.191 -48.022 127.844
3 16 -34.708 -48.116 46.305 0.000 -48.022 128.125 -79.191 -48.022 127.844
3 16 -34.708 -48.116 46.305 -15.638 -48.115 51.826 0.000 -48.022 128.125
3 16 0.000 -48.022 128.125 -15.638 -48.115 51.826 0.000 -48.116 53.088
3 16 -33.342 -45.715 43.801 -16.344 -36.440 47.603 -16.217 -45.715 49.013
3 16 -33.342 -45.715 43.801 -32.781 -36.440 42.622 -16.344 -36.440 47.603
3 16 -33.342 -45.715 43.801 -47.361 -36.440 33.668 -32.781 -36.440 42.622
3 16 -33.342 -45.715 43.801 -48.578 -45.715 34.566 -47.361 -36.440 33.668
3 16 -48.578 -45.715 34.566 -60.279 -36.440 22.379 -47.361 -36.440 33.668
3 16 -48.578 -45.715 34.566 -61.162 -45.715 23.164 -60.279 -36.440 22.379
3 16 -61.162 -45.715 23.164 -69.908 -36.440 8.267 -60.279 -36.440 22.379
3 16 -61.162 -45.715 23.164 -71.342 -45.715 9.079 -69.908 -36.440 8.267
3 16 -76.571 -36.440 -7.578 -69.908 -36.440 8.267 -71.342 -45.715 9.079
3 16 -76.571 -36.440 -7.578 -71.342 -45.715 9.079 -78.670 -45.715 -6.932
3 16 -81.726 -45.715 -24.214 -76.571 -36.440 -7.578 -78.670 -45.715 -6.932
3 16 -81.726 -45.715 -24.214 -79.784 -36.440 -24.386 -76.571 -36.440 -7.578
3 16 -81.726 -45.715 -24.214 -79.419 -36.440 -41.488 -79.784 -36.440 -24.386
3 16 -81.726 -45.715 -24.214 -81.480 -45.715 -41.763 -79.419 -36.440 -41.488
3 16 -16.217 -45.715 49.013 -16.344 -36.440 47.603 0.000 -36.440 49.108
3 16 -16.217 -45.715 49.013 0.000 -36.440 49.108 0.000 -45.715 50.772
3 16 -77.010 -45.715 -58.705 -79.419 -36.440 -41.488 -81.480 -45.715 -41.763
3 16 -77.010 -45.715 -58.705 -74.263 -36.440 -57.870 -79.419 -36.440 -41.488
3 16 -74.263 -36.440 -57.870 -77.010 -45.715 -58.705 -69.278 -45.715 -74.694
3 16 -74.263 -36.440 -57.870 -69.278 -45.715 -74.694 -66.945 -36.440 -73.144
3 16 -57.103 -36.440 -86.860 -66.945 -36.440 -73.144 -69.278 -45.715 -74.694
3 16 -57.103 -36.440 -86.860 -69.278 -45.715 -74.694 -58.401 -45.715 -88.266
3 16 -44.001 -36.440 -97.883 -57.103 -36.440 -86.860 -58.401 -45.715 -88.266
3 16 -44.001 -36.440 -97.883 -58.401 -45.715 -88.266 -45.091 -45.715 -99.547
3 16 -28.694 -36.440 -105.076 -44.001 -36.440 -97.883 -45.091 -45.715 -99.547
3 16 -28.694 -36.440 -105.076 -45.091 -45.715 -99.547 -29.347 -45.715 -107.313
3 16 -12.448 -45.715 -111.909 -28.694 -36.440 -105.076 -29.347 -45.715 -107.313
3 16 -12.448 -45.715 -111.909 -11.726 -36.440 -110.258 -28.694 -36.440 -105.076
3 16 -11.726 -36.440 -110.258 -12.448 -45.715 -111.909 0.000 -45.715 -113.014
3 16 0.000 -45.715 -113.014 -10.301 -36.440 -110.356 -11.726 -36.440 -110.258
3 16 -10.301 -36.440 -110.356 0.000 -45.715 -113.014 0.000 -35.684 -111.232
3 16 -82.637 -48.020 -5.729 -77.359 -48.022 7.325 -81.527 -46.293 7.040
3 16 -79.521 -46.164 12.024 -81.527 -46.293 7.040 -77.359 -48.022 7.325
3 16 0.000 -34.477 -119.588 -14.239 -28.601 -123.612 -13.466 -34.477 -118.568
3 16 0.000 -34.477 -119.588 0.000 -28.601 -124.691 -14.239 -28.601 -123.612
3 16 -13.466 -34.477 -118.568 -14.239 -28.601 -123.612 -33.552 -28.601 -118.245
3 16 -13.466 -34.477 -118.568 -33.552 -28.601 -118.245 -31.729 -34.477 -113.493
3 16 -48.701 -34.477 -105.052 -31.729 -34.477 -113.493 -33.552 -28.601 -118.245
3 16 -48.701 -34.477 -105.052 -33.552 -28.601 -118.245 -51.499 -28.601 -109.319
3 16 -48.701 -34.477 -105.052 -51.499 -28.601 -109.319 -66.844 -28.601 -96.405
3 16 -48.701 -34.477 -105.052 -66.844 -28.601 -96.405 -63.209 -34.477 -92.842
3 16 -75.113 -34.477 -78.088 -63.209 -34.477 -92.842 -66.844 -28.601 -96.405
3 16 -75.113 -34.477 -78.088 -66.844 -28.601 -96.405 -79.436 -28.601 -80.803
3 16 -75.113 -34.477 -78.088 -79.436 -28.601 -80.803 -88.024 -28.601 -62.740
3 16 -75.113 -34.477 -78.088 -88.024 -28.601 -62.740 -83.241 -34.477 -61.000
3 16 -87.996 -34.477 -42.640 -83.241 -34.477 -61.000 -88.024 -28.601 -62.740
3 16 -87.996 -34.477 -42.640 -88.024 -28.601 -62.740 -93.053 -28.601 -43.321
3 16 -87.996 -34.477 -42.640 -93.053 -28.601 -43.321 -93.346 -28.601 -23.276
3 16 -87.996 -34.477 -42.640 -93.346 -28.601 -23.276 -88.271 -34.477 -23.686
3 16 -84.950 -34.477 -5.018 -88.271 -34.477 -23.686 -93.346 -28.601 -23.276
3 16 -84.950 -34.477 -5.018 -93.346 -28.601 -23.276 -89.844 -28.601 -3.540
3 16 -84.950 -34.477 -5.018 -89.844 -28.601 -3.540 -85.281 -28.601 8.478
3 16 -84.950 -34.477 -5.018 -85.281 -28.601 8.478 -80.487 -34.477 6.654
3 16 -85.281 -28.601 8.478 -75.735 -34.501 15.915 -80.487 -34.477 6.654
3 16 -85.281 -28.601 8.478 -75.759 -28.596 24.924 -75.735 -34.501 15.915
3 16 0.000 -43.109 -118.740 -13.466 -34.477 -118.568 -13.337 -43.109 -117.729
3 16 0.000 -43.109 -118.740 0.000 -34.477 -119.588 -13.466 -34.477 -118.568
3 16 -13.337 -43.109 -117.729 -13.466 -34.477 -118.568 -31.729 -34.477 -113.493
3 16 -13.337 -43.109 -117.729 -31.729 -34.477 -113.493 -31.426 -43.109 -112.703
3 16 -48.236 -43.109 -104.343 -31.426 -43.109 -112.703 -31.729 -34.477 -113.493
3 16 -48.236 -43.109 -104.343 -31.729 -34.477 -113.493 -48.701 -34.477 -105.052
3 16 -48.236 -43.109 -104.343 -48.701 -34.477 -105.052 -63.209 -34.477 -92.842
3 16 -48.236 -43.109 -104.343 -63.209 -34.477 -92.842 -62.605 -43.109 -92.250
3 16 -74.394 -43.109 -77.638 -62.605 -43.109 -92.250 -63.209 -34.477 -92.842
3 16 -74.394 -43.109 -77.638 -63.209 -34.477 -92.842 -75.113 -34.477 -78.088
3 16 -74.394 -43.109 -77.638 -75.113 -34.477 -78.088 -83.241 -34.477 -61.000
3 16 -74.394 -43.109 -77.638 -83.241 -34.477 -61.000 -82.446 -43.109 -60.709
3 16 -87.155 -43.109 -42.528 -82.446 -43.109 -60.709 -83.241 -34.477 -61.000
3 16 -87.155 -43.109 -42.528 -83.241 -34.477 -61.000 -87.996 -34.477 -42.640
3 16 -87.155 -43.109 -42.528 -87.996 -34.477 -42.640 -88.271 -34.477 -23.686
3 16 -87.155 -43.109 -42.528 -88.271 -34.477 -23.686 -87.424 -43.109 -23.755
3 16 -84.126 -43.108 -5.268 -87.424 -43.109 -23.755 -88.271 -34.477 -23.686
3 16 -84.126 -43.108 -5.268 -88.271 -34.477 -23.686 -84.950 -34.477 -5.018
3 16 -84.126 -43.108 -5.268 -84.950 -34.477 -5.018 -80.487 -34.477 6.654
3 16 -84.126 -43.108 -5.268 -80.487 -34.477 6.654 -79.676 -43.108 6.344
3 16 -75.293 -43.497 14.618 -79.676 -43.108 6.344 -80.487 -34.477 6.654
3 16 -75.293 -43.497 14.618 -80.487 -34.477 6.654 -75.735 -34.501 15.915
3 16 0.000 -43.477 -115.629 -13.337 -43.109 -117.729 -12.866 -43.476 -114.653
3 16 0.000 -43.477 -115.629 0.000 -43.109 -118.740 -13.337 -43.109 -117.729
3 16 -12.866 -43.476 -114.653 -13.337 -43.109 -117.729 -31.426 -43.109 -112.703
3 16 -12.866 -43.476 -114.653 -31.426 -43.109 -112.703 -30.314 -43.476 -109.805
3 16 -46.529 -43.477 -101.741 -30.314 -43.476 -109.805 -31.426 -43.109 -112.703
3 16 -46.529 -43.477 -101.741 -31.426 -43.109 -112.703 -48.236 -43.109 -104.343
3 16 -46.529 -43.477 -101.741 -48.236 -43.109 -104.343 -62.605 -43.109 -92.250
3 16 -46.529 -43.477 -101.741 -62.605 -43.109 -92.250 -60.388 -43.477 -90.078
3 16 -71.759 -43.476 -75.983 -60.388 -43.477 -90.078 -62.605 -43.109 -92.250
3 16 -71.759 -43.476 -75.983 -62.605 -43.109 -92.250 -74.394 -43.109 -77.638
3 16 -71.759 -43.476 -75.983 -74.394 -43.109 -77.638 -82.446 -43.109 -60.709
3 16 -71.759 -43.476 -75.983 -82.446 -43.109 -60.709 -79.530 -43.476 -59.647
3 16 -84.071 -43.476 -42.113 -79.530 -43.476 -59.647 -82.446 -43.109 -60.709
3 16 -84.071 -43.476 -42.113 -82.446 -43.109 -60.709 -87.155 -43.109 -42.528
3 16 -84.071 -43.476 -42.113 -87.155 -43.109 -42.528 -87.424 -43.109 -23.755
3 16 -84.071 -43.476 -42.113 -87.424 -43.109 -23.755 -84.330 -43.474 -24.007
3 16 -81.149 -43.469 -6.174 -84.330 -43.474 -24.007 -87.424 -43.109 -23.755
3 16 -81.149 -43.469 -6.174 -87.424 -43.109 -23.755 -84.126 -43.108 -5.268
3 16 -81.149 -43.469 -6.174 -84.126 -43.108 -5.268 -79.676 -43.108 6.344
3 16 -81.149 -43.469 -6.174 -79.676 -43.108 6.344 -73.682 -43.276 10.550
3 16 -73.682 -43.276 10.550 -79.676 -43.108 6.344 -75.293 -43.497 14.618
3 16 -73.682 -43.276 10.550 -75.293 -43.497 14.618 -63.531 -43.130 25.120
3 16 -75.293 -43.497 14.618 -75.164 -43.325 37.960 -63.531 -43.130 25.120
3 16 -75.202 -43.319 43.453 -63.531 -43.130 25.120 -75.164 -43.325 37.960
3 16 -75.202 -43.319 43.453 -50.241 -43.108 37.042 -63.531 -43.130 25.120
3 16 -60.774 -43.335 48.567 -50.241 -43.108 37.042 -75.202 -43.319 43.453
3 16 -60.774 -43.335 48.567 -75.202 -43.319 43.453 -75.043 -43.290 48.365
3 16 -60.774 -43.335 48.567 -53.914 -43.344 48.604 -50.241 -43.108 37.042
3 16 -50.241 -43.108 37.042 -53.914 -43.344 48.604 -50.049 -43.503 51.110
3 16 -34.798 -43.058 46.312 -50.241 -43.108 37.042 -50.049 -43.503 51.110
3 16 -34.798 -43.058 46.312 -50.049 -43.503 51.110 -41.927 -43.532 55.452
3 16 -34.798 -43.058 46.312 -41.927 -43.532 55.452 -28.557 -43.529 60.877
3 16 -34.798 -43.058 46.312 -28.557 -43.529 60.877 -17.563 -43.048 51.724
3 16 -17.563 -43.048 51.724 -28.557 -43.529 60.877 -14.182 -43.549 64.022
3 16 0.000 -43.051 53.819 -17.563 -43.048 51.724 -14.182 -43.549 64.022
3 16 0.000 -43.051 53.819 -14.182 -43.549 64.022 0.000 -43.580 65.173
3 16 -75.875 -43.771 52.752 -58.744 0.000 52.752 -75.875 -0.021 52.752
3 16 -75.875 -43.771 52.752 -58.744 -43.771 52.752 -58.744 0.000 52.752
3 16 -58.744 -43.771 52.752 -55.553 -0.966 52.752 -58.744 0.000 52.752
3 16 -58.744 -43.771 52.752 -56.114 -43.771 53.515 -55.553 -0.966 52.752
3 16 -53.604 -8.237 53.801 -55.553 -0.966 52.752 -56.114 -43.771 53.515
3 16 -52.250 -10.968 54.635 -53.604 -8.237 53.801 -56.114 -43.771 53.515
3 16 -52.250 -10.968 54.635 -56.114 -43.771 53.515 -53.159 -43.771 54.372
3 16 -43.572 -11.839 59.187 -52.250 -10.968 54.635 -53.159 -43.771 54.372
3 16 -43.572 -11.839 59.187 -53.159 -43.771 54.372 -43.730 -43.771 59.141
3 16 -43.730 -43.771 59.141 -29.959 -11.985 64.704 -43.572 -11.839 59.187
3 16 -43.730 -43.771 59.141 -29.990 -43.771 64.695 -29.959 -11.985 64.704
3 16 -29.990 -43.771 64.695 -15.097 -12.021 68.034 -29.959 -11.985 64.704
3 16 -29.990 -43.771 64.695 -15.097 -43.771 68.034 -15.097 -12.021 68.034
3 16 0.000 -12.021 69.385 -15.097 -12.021 68.034 -15.097 -43.771 68.034
3 16 0.000 -12.021 69.385 -15.097 -43.771 68.034 0.000 -43.771 69.385
3 16 -53.785 -3.466 53.404 -55.553 -0.966 52.752 -53.604 -8.237 53.801
3 16 -75.875 -43.771 52.752 -75.875 -0.021 124.502 -75.875 -43.771 124.502
3 16 -75.875 -43.771 52.752 -75.875 -0.021 52.752 -75.875 -0.021 124.502
3 16 -58.055 0.000 49.333 -55.553 -0.966 52.752 -54.135 -0.827 49.333
3 16 -58.055 0.000 49.333 -58.744 0.000 52.752 -55.553 -0.966 52.752
3 16 -75.875 -0.021 52.752 -58.744 0.000 52.752 -58.055 0.000 49.333
3 16 -75.875 -0.021 52.752 -58.055 0.000 49.333 -79.478 0.000 49.549
3 16 -52.649 -3.441 50.485 -54.135 -0.827 49.333 -55.553 -0.966 52.752
3 16 -52.649 -3.441 50.485 -55.553 -0.966 52.752 -53.785 -3.466 53.404
3 16 -53.785 -3.466 53.404 -52.367 -8.311 50.782 -52.649 -3.441 50.485
3 16 -53.785 -3.466 53.404 -53.604 -8.237 53.801 -52.367 -8.311 50.782
3 16 -50.926 -11.223 51.993 -52.367 -8.311 50.782 -53.604 -8.237 53.801
3 16 -50.926 -11.223 51.993 -53.604 -8.237 53.801 -52.250 -10.968 54.635
3 16 -42.247 -11.805 56.417 -50.926 -11.223 51.993 -52.250 -10.968 54.635
3 16 -42.247 -11.805 56.417 -52.250 -10.968 54.635 -43.572 -11.839 59.187
3 16 -42.247 -11.805 56.417 -43.572 -11.839 59.187 -29.959 -11.985 64.704
3 16 -42.247 -11.805 56.417 -29.959 -11.985 64.704 -28.812 -11.921 61.826
3 16 -28.812 -11.921 61.826 -29.959 -11.985 64.704 -15.097 -12.021 68.034
3 16 -28.812 -11.921 61.826 -15.097 -12.021 68.034 -14.581 -11.968 64.973
3 16 0.000 -12.021 66.209 -14.581 -11.968 64.973 -15.097 -12.021 68.034
3 16 0.000 -12.021 66.209 -15.097 -12.021 68.034 0.000 -12.021 69.385
3 16 0.000 -43.771 124.502 -75.875 -0.021 124.502 0.000 -0.021 124.502
3 16 0.000 -43.771 124.502 -75.875 -43.771 124.502 -75.875 -0.021 124.502
3 16 -43.730 -43.771 59.141 -75.875 -43.771 124.502 -29.990 -43.771 64.695
3 16 -43.730 -43.771 59.141 -53.159 -43.771 54.372 -75.875 -43.771 124.502
3 16 -56.114 -43.771 53.515 -75.875 -43.771 124.502 -53.159 -43.771 54.372
3 16 -58.744 -43.771 52.752 -75.875 -43.771 124.502 -56.114 -43.771 53.515
3 16 -75.875 -43.771 52.752 -75.875 -43.771 124.502 -58.744 -43.771 52.752
3 16 -29.990 -43.771 64.695 -75.875 -43.771 124.502 0.000 -43.771 124.502
3 16 -29.990 -43.771 64.695 0.000 -43.771 124.502 -15.097 -43.771 68.034
3 16 -15.097 -43.771 68.034 0.000 -43.771 124.502 0.000 -43.771 69.385
3 16 -42.247 -11.805 56.417 -50.049 -43.503 51.110 -50.926 -11.223 51.993
3 16 -42.247 -11.805 56.417 -41.927 -43.532 55.452 -50.049 -43.503 51.110
3 16 -50.926 -11.223 51.993 -50.049 -43.503 51.110 -53.914 -43.344 48.604
3 16 -50.926 -11.223 51.993 -53.914 -43.344 48.604 -52.367 -8.311 50.782
3 16 -52.367 -8.311 50.782 -53.914 -43.344 48.604 -54.135 -4.189 49.333
3 16 -52.367 -8.311 50.782 -54.135 -4.189 49.333 -52.649 -3.441 50.485
3 16 -54.135 -4.189 49.333 -54.135 -0.827 49.333 -52.649 -3.441 50.485
3 16 -41.927 -43.532 55.452 -42.247 -11.805 56.417 -28.812 -11.921 61.826
3 16 -41.927 -43.532 55.452 -28.812 -11.921 61.826 -28.557 -43.529 60.877
3 16 -28.557 -43.529 60.877 -28.812 -11.921 61.826 -14.581 -11.968 64.973
3 16 -28.557 -43.529 60.877 -14.581 -11.968 64.973 -14.182 -43.549 64.022
3 16 -14.182 -43.549 64.022 -14.581 -11.968 64.973 0.000 -12.021 66.209
3 16 -14.182 -43.549 64.022 0.000 -12.021 66.209 0.000 -43.580 65.173
3 16 -75.043 -43.290 48.365 -76.283 -10.010 45.593 -75.623 -4.473 49.145
3 16 -75.043 -43.290 48.365 -75.202 -43.319 43.453 -76.283 -10.010 45.593
3 16 -75.861 -12.512 39.322 -76.283 -10.010 45.593 -75.202 -43.319 43.453
3 16 -75.861 -12.512 39.322 -75.202 -43.319 43.453 -75.164 -43.325 37.960
3 16 -75.759 -28.596 24.924 -75.861 -12.512 39.322 -75.164 -43.325 37.960
3 16 -75.293 -43.497 14.618 -75.759 -28.596 24.924 -75.164 -43.325 37.960
3 16 -75.293 -43.497 14.618 -75.735 -34.501 15.915 -75.759 -28.596 24.924
3 16 -75.759 -28.596 24.924 -75.934 -12.021 24.981 -75.861 -12.512 39.322
3 16 -72.801 -24.535 9.920 -76.722 -24.563 -7.524 -79.956 -24.598 -6.522
3 16 -72.801 -24.535 9.920 -69.828 -24.550 8.338 -76.722 -24.563 -7.524
3 16 -76.722 -24.563 -7.524 -83.018 -24.589 -24.065 -79.956 -24.598 -6.522
3 16 -76.722 -24.563 -7.524 -79.719 -24.558 -24.382 -83.018 -24.589 -24.065
3 16 -83.018 -24.589 -24.065 -79.719 -24.558 -24.382 -79.466 -24.556 -41.494
3 16 -83.018 -24.589 -24.065 -79.466 -24.556 -41.494 -82.708 -24.602 -42.112
3 16 -82.708 -24.602 -42.112 -79.466 -24.556 -41.494 -75.097 -24.616 -57.995
3 16 -82.708 -24.602 -42.112 -75.097 -24.616 -57.995 -78.217 -24.586 -59.196
3 16 -78.217 -24.586 -59.196 -75.097 -24.616 -57.995 -67.684 -24.461 -73.433
3 16 -78.217 -24.586 -59.196 -67.684 -24.461 -73.433 -70.573 -24.593 -75.238
3 16 -67.684 -24.461 -73.433 -59.384 -24.572 -89.114 -70.573 -24.593 -75.238
3 16 -67.684 -24.461 -73.433 -56.835 -24.552 -87.084 -59.384 -24.572 -89.114
3 16 -56.835 -24.552 -87.084 -45.781 -24.521 -100.600 -59.384 -24.572 -89.114
3 16 -56.835 -24.552 -87.084 -43.981 -24.546 -97.855 -45.781 -24.521 -100.600
3 16 -43.981 -24.546 -97.855 -29.774 -24.591 -108.397 -45.781 -24.521 -100.600
3 16 -43.981 -24.546 -97.855 -28.656 -24.555 -105.478 -29.774 -24.591 -108.397
3 16 -60.214 -24.552 22.325 -69.828 -24.550 8.338 -72.801 -24.535 9.920
3 16 -28.656 -24.555 -105.478 -12.633 -24.613 -113.170 -29.774 -24.591 -108.397
3 16 -28.656 -24.555 -105.478 -11.859 -24.635 -109.973 -12.633 -24.613 -113.170
3 16 0.000 -24.623 -114.137 -12.633 -24.613 -113.170 -11.859 -24.635 -109.973
3 16 0.000 -24.623 -114.137 -11.859 -24.635 -109.973 0.000 -24.646 -110.876
3 16 -60.214 -24.552 22.325 -72.801 -24.535 9.920 -62.802 -24.550 24.610
3 16 -49.458 -24.550 36.517 -60.214 -24.552 22.325 -62.802 -24.550 24.610
3 16 -49.458 -24.550 36.517 -47.422 -24.554 33.743 -60.214 -24.552 22.325
3 16 -32.697 -24.554 42.532 -47.422 -24.554 33.743 -49.458 -24.550 36.517
3 16 -32.697 -24.554 42.532 -49.458 -24.550 36.517 -34.101 -24.550 45.683
3 16 -17.020 -24.550 50.970 -32.697 -24.554 42.532 -34.101 -24.550 45.683
3 16 -17.020 -24.550 50.970 -16.317 -24.557 47.607 -32.697 -24.554 42.532
3 16 0.000 -24.550 49.470 -16.317 -24.557 47.607 -17.020 -24.550 50.970
3 16 0.000 -24.550 49.470 -17.020 -24.550 50.970 0.000 -24.550 52.929
3 16 -79.956 -24.598 -6.522 -73.682 -43.276 10.550 -72.801 -24.535 9.920
3 16 -79.956 -24.598 -6.522 -81.149 -43.469 -6.174 -73.682 -43.276 10.550
3 16 -83.018 -24.589 -24.065 -81.149 -43.469 -6.174 -79.956 -24.598 -6.522
3 16 -83.018 -24.589 -24.065 -84.330 -43.474 -24.007 -81.149 -43.469 -6.174
3 16 -83.018 -24.589 -24.065 -84.071 -43.476 -42.113 -84.330 -43.474 -24.007
3 16 -83.018 -24.589 -24.065 -82.708 -24.602 -42.112 -84.071 -43.476 -42.113
3 16 -82.708 -24.602 -42.112 -79.530 -43.476 -59.647 -84.071 -43.476 -42.113
3 16 -82.708 -24.602 -42.112 -78.217 -24.586 -59.196 -79.530 -43.476 -59.647
3 16 -78.217 -24.586 -59.196 -71.759 -43.476 -75.983 -79.530 -43.476 -59.647
3 16 -78.217 -24.586 -59.196 -70.573 -24.593 -75.238 -71.759 -43.476 -75.983
3 16 -70.573 -24.593 -75.238 -60.388 -43.477 -90.078 -71.759 -43.476 -75.983
3 16 -70.573 -24.593 -75.238 -59.384 -24.572 -89.114 -60.388 -43.477 -90.078
3 16 -59.384 -24.572 -89.114 -46.529 -43.477 -101.741 -60.388 -43.477 -90.078
3 16 -59.384 -24.572 -89.114 -45.781 -24.521 -100.600 -46.529 -43.477 -101.741
3 16 -29.774 -24.591 -108.397 -46.529 -43.477 -101.741 -45.781 -24.521 -100.600
3 16 -29.774 -24.591 -108.397 -30.314 -43.476 -109.805 -46.529 -43.477 -101.741
3 16 -12.633 -24.613 -113.170 -30.314 -43.476 -109.805 -29.774 -24.591 -108.397
3 16 -12.633 -24.613 -113.170 -12.866 -43.476 -114.653 -30.314 -43.476 -109.805
3 16 0.000 -24.623 -114.137 -12.866 -43.476 -114.653 -12.633 -24.613 -113.170
3 16 0.000 -24.623 -114.137 0.000 -43.477 -115.629 -12.866 -43.476 -114.653
3 16 -34.101 -24.550 45.683 -17.563 -43.048 51.724 -17.020 -24.550 50.970
3 16 -34.101 -24.550 45.683 -34.798 -43.058 46.312 -17.563 -43.048 51.724
3 16 -17.020 -24.550 50.970 -17.563 -43.048 51.724 0.000 -43.051 53.819
3 16 -17.020 -24.550 50.970 0.000 -43.051 53.819 0.000 -24.550 52.929
3 16 -49.458 -24.550 36.517 -34.798 -43.058 46.312 -34.101 -24.550 45.683
3 16 -49.458 -24.550 36.517 -50.241 -43.108 37.042 -34.798 -43.058 46.312
3 16 -62.802 -24.550 24.610 -50.241 -43.108 37.042 -49.458 -24.550 36.517
3 16 -62.802 -24.550 24.610 -63.531 -43.130 25.120 -50.241 -43.108 37.042
3 16 -72.801 -24.535 9.920 -63.531 -43.130 25.120 -62.802 -24.550 24.610
3 16 -72.801 -24.535 9.920 -73.682 -43.276 10.550 -63.531 -43.130 25.120
3 16 0.000 -32.644 49.470 -16.317 -24.557 47.607 0.000 -24.550 49.470
3 16 0.000 -32.644 49.470 -16.359 -32.644 47.724 -16.317 -24.557 47.607
3 16 -16.359 -32.644 47.724 -32.697 -24.554 42.532 -16.317 -24.557 47.607
3 16 -16.359 -32.644 47.724 -32.766 -32.644 42.591 -32.697 -24.554 42.532
3 16 -32.766 -32.644 42.591 -47.422 -24.554 33.743 -32.697 -24.554 42.532
3 16 -32.766 -32.644 42.591 -47.463 -32.644 33.800 -47.422 -24.554 33.743
3 16 -47.422 -24.554 33.743 -47.463 -32.644 33.800 -60.252 -32.644 22.357
3 16 -47.422 -24.554 33.743 -60.252 -32.644 22.357 -60.214 -24.552 22.325
3 16 -60.252 -32.644 22.357 -69.828 -24.550 8.338 -60.214 -24.552 22.325
3 16 -60.252 -32.644 22.357 -69.914 -32.644 8.267 -69.828 -24.550 8.338
3 16 -69.914 -32.644 8.267 -76.722 -24.563 -7.524 -69.828 -24.550 8.338
3 16 -69.914 -32.644 8.267 -76.840 -32.644 -7.465 -76.722 -24.563 -7.524
3 16 -76.722 -24.563 -7.524 -76.840 -32.644 -7.465 -79.776 -32.644 -24.397
3 16 -76.722 -24.563 -7.524 -79.776 -32.644 -24.397 -79.719 -24.558 -24.382
3 16 -79.776 -32.644 -24.397 -79.466 -24.556 -41.494 -79.719 -24.558 -24.382
3 16 -79.776 -32.644 -24.397 -79.457 -32.644 -41.495 -79.466 -24.556 -41.494
3 16 -75.097 -24.616 -57.995 -79.466 -24.556 -41.494 -79.457 -32.644 -41.495
3 16 -75.097 -24.616 -57.995 -79.457 -32.644 -41.495 -75.099 -32.644 -57.996
3 16 -75.097 -24.616 -57.995 -75.099 -32.644 -57.996 -67.684 -32.644 -73.433
3 16 -75.097 -24.616 -57.995 -67.684 -32.644 -73.433 -67.684 -24.461 -73.433
3 16 -56.835 -24.552 -87.084 -67.684 -24.461 -73.433 -67.684 -32.644 -73.433
3 16 -56.835 -24.552 -87.084 -67.684 -32.644 -73.433 -56.835 -32.644 -87.084
3 16 -43.981 -24.546 -97.855 -56.835 -24.552 -87.084 -56.835 -32.644 -87.084
3 16 -43.981 -24.546 -97.855 -56.835 -32.644 -87.084 -43.981 -32.646 -97.855
3 16 -43.981 -24.546 -97.855 -43.981 -32.646 -97.855 -28.655 -32.644 -105.479
3 16 -43.981 -24.546 -97.855 -28.655 -32.644 -105.479 -28.656 -24.555 -105.478
3 16 -11.859 -24.635 -109.973 -28.656 -24.555 -105.478 -28.655 -32.644 -105.479
3 16 -11.859 -24.635 -109.973 -28.655 -32.644 -105.479 -11.693 -32.646 -110.164
3 16 -11.693 -32.646 -110.164 0.000 -24.646 -110.876 -11.859 -24.635 -109.973
3 16 -10.227 -32.646 -110.325 0.000 -24.646 -110.876 -11.693 -32.646 -110.164
3 16 -10.227 -32.646 -110.325 0.000 -33.511 -111.152 0.000 -24.646 -110.876
3 16 -10.227 -32.646 -110.325 0.000 -35.684 -111.232 0.000 -33.511 -111.152
3 16 -10.227 -32.646 -110.325 -10.301 -36.440 -110.356 0.000 -35.684 -111.232
3 16 -13.350 -36.440 -106.256 -11.900 -32.646 -106.948 -13.350 -32.646 -106.256
3 16 -13.350 -36.440 -106.256 -11.847 -36.440 -106.985 -11.900 -32.646 -106.948
3 16 -11.847 -36.440 -106.985 -11.091 -32.646 -107.952 -11.900 -32.646 -106.948
3 16 -11.847 -36.440 -106.985 -11.055 -36.440 -107.996 -11.091 -32.646 -107.952
3 16 -11.055 -36.440 -107.996 -10.227 -32.646 -110.325 -11.091 -32.646 -107.952
3 16 -11.055 -36.440 -107.996 -10.301 -36.440 -110.356 -10.227 -32.646 -110.325
3 16 -11.726 -36.440 -110.258 -11.847 -36.440 -106.985 -13.350 -36.440 -106.256
3 16 -11.055 -36.440 -107.996 -11.847 -36.440 -106.985 -11.726 -36.440 -110.258
3 16 -11.055 -36.440 -107.996 -11.726 -36.440 -110.258 -10.301 -36.440 -110.356
3 16 -86.878 -32.369 -65.313 -77.082 -24.745 -61.393 -77.029 -32.369 -61.533
3 16 -86.878 -32.369 -65.313 -87.191 -24.751 -65.273 -77.082 -24.745 -61.393
3 16 -83.674 -34.945 -64.061 -86.878 -32.369 -65.313 -77.029 -32.369 -61.533
3 16 -83.674 -34.945 -64.061 -77.029 -32.369 -61.533 -77.036 -34.945 -61.513
3 16 -81.488 -44.151 -63.200 -83.674 -34.945 -64.061 -77.036 -34.945 -61.513
3 16 -81.488 -44.151 -63.200 -77.036 -34.945 -61.513 -77.043 -44.151 -61.494
3 16 -87.990 -24.751 -63.190 -77.082 -24.745 -61.393 -87.191 -24.751 -65.273
3 16 -87.990 -24.751 -63.190 -77.882 -24.745 -59.310 -77.082 -24.745 -61.393
3 16 -77.882 -24.745 -59.310 -87.784 -32.369 -62.951 -77.935 -32.369 -59.170
3 16 -77.882 -24.745 -59.310 -87.990 -24.751 -63.190 -87.784 -32.369 -62.951
3 16 -77.935 -32.369 -59.170 -87.784 -32.369 -62.951 -84.566 -34.945 -61.738
3 16 -77.935 -32.369 -59.170 -84.566 -34.945 -61.738 -77.928 -34.945 -59.190
3 16 -77.928 -34.945 -59.190 -84.566 -34.945 -61.738 -82.365 -44.151 -60.916
3 16 -77.928 -34.945 -59.190 -82.365 -44.151 -60.916 -77.921 -44.151 -59.209
3 16 -35.259 -32.369 -117.605 -31.220 -24.745 -107.658 -31.082 -32.369 -107.717
3 16 -35.259 -32.369 -117.605 -35.506 -24.751 -117.756 -31.220 -24.745 -107.658
3 16 -33.934 -34.945 -114.384 -35.259 -32.369 -117.605 -31.082 -32.369 -107.717
3 16 -33.934 -34.945 -114.384 -31.082 -32.369 -107.717 -31.101 -34.945 -107.709
3 16 -33.035 -44.151 -112.214 -33.934 -34.945 -114.384 -31.101 -34.945 -107.709
3 16 -33.035 -44.151 -112.214 -31.101 -34.945 -107.709 -31.120 -44.151 -107.700
3 16 -37.559 -24.751 -116.884 -31.220 -24.745 -107.658 -35.506 -24.751 -117.756
3 16 -37.559 -24.751 -116.884 -33.273 -24.745 -106.786 -31.220 -24.745 -107.658
3 16 -33.273 -24.745 -106.786 -37.589 -32.369 -116.616 -33.411 -32.369 -106.728
3 16 -33.273 -24.745 -106.786 -37.559 -24.751 -116.884 -37.589 -32.369 -116.616
3 16 -33.411 -32.369 -106.728 -37.589 -32.369 -116.616 -36.226 -34.945 -113.411
3 16 -33.411 -32.369 -106.728 -36.226 -34.945 -113.411 -33.392 -34.945 -106.736
3 16 -33.392 -34.945 -106.736 -36.226 -34.945 -113.411 -35.289 -44.151 -111.257
3 16 -33.392 -34.945 -106.736 -35.289 -44.151 -111.257 -33.373 -44.151 -106.744
3 16 -71.201 -48.089 14.762 -61.162 -45.715 23.164 -62.925 -48.107 24.725
3 16 -71.201 -48.089 14.762 -71.342 -45.715 9.079 -61.162 -45.715 23.164
3 16 -71.342 -45.715 9.079 -71.201 -48.089 14.762 -77.359 -48.022 7.325
3 16 -77.359 -48.022 7.325 -78.670 -45.715 -6.932 -71.342 -45.715 9.079
3 16 -77.359 -48.022 7.325 -82.637 -48.020 -5.729 -78.670 -45.715 -6.932
3 16 -85.864 -48.020 -23.882 -78.670 -45.715 -6.932 -82.637 -48.020 -5.729
3 16 -85.864 -48.020 -23.882 -81.726 -45.715 -24.214 -78.670 -45.715 -6.932
3 16 -85.864 -48.020 -23.882 -81.480 -45.715 -41.763 -81.726 -45.715 -24.214
3 16 -85.864 -48.020 -23.882 -85.595 -48.020 -42.317 -81.480 -45.715 -41.763
3 16 -80.971 -48.020 -60.172 -81.480 -45.715 -41.763 -85.595 -48.020 -42.317
3 16 -80.971 -48.020 -60.172 -77.010 -45.715 -58.705 -81.480 -45.715 -41.763
3 16 -73.062 -48.020 -76.801 -77.010 -45.715 -58.705 -80.971 -48.020 -60.172
3 16 -73.062 -48.020 -76.801 -69.278 -45.715 -74.694 -77.010 -45.715 -58.705
3 16 -61.484 -48.020 -91.151 -69.278 -45.715 -74.694 -73.062 -48.020 -76.801
3 16 -61.484 -48.020 -91.151 -58.401 -45.715 -88.266 -69.278 -45.715 -74.694
3 16 -61.484 -48.020 -91.151 -45.091 -45.715 -99.547 -58.401 -45.715 -88.266
3 16 -61.484 -48.020 -91.151 -47.372 -48.020 -103.026 -45.091 -45.715 -99.547
3 16 -30.864 -48.020 -111.237 -45.091 -45.715 -99.547 -47.372 -48.020 -103.026
3 16 -30.864 -48.020 -111.237 -29.347 -45.715 -107.313 -45.091 -45.715 -99.547
3 16 -30.864 -48.020 -111.237 -12.448 -45.715 -111.909 -29.347 -45.715 -107.313
3 16 -30.864 -48.020 -111.237 -13.099 -48.020 -116.174 -12.448 -45.715 -111.909
3 16 -13.099 -48.020 -116.174 0.000 -45.715 -113.014 -12.448 -45.715 -111.909
3 16 -13.099 -48.020 -116.174 0.000 -48.020 -117.166 0.000 -45.715 -113.014
3 16 -61.162 -45.715 23.164 -51.169 -48.109 35.841 -62.925 -48.107 24.725
3 16 -61.162 -45.715 23.164 -48.578 -45.715 34.566 -51.169 -48.109 35.841
3 16 -48.578 -45.715 34.566 -34.708 -48.116 46.305 -51.169 -48.109 35.841
3 16 -48.578 -45.715 34.566 -33.342 -45.715 43.801 -34.708 -48.116 46.305
3 16 -16.217 -45.715 49.013 -34.708 -48.116 46.305 -33.342 -45.715 43.801
3 16 -16.217 -45.715 49.013 -15.638 -48.115 51.826 -34.708 -48.116 46.305
3 16 -15.638 -48.115 51.826 -16.217 -45.715 49.013 0.000 -45.715 50.772
3 16 -15.638 -48.115 51.826 0.000 -45.715 50.772 0.000 -48.116 53.088
3 16 -1.224 -43.771 105.285 -1.115 -12.263 124.695 -1.115 -12.256 105.285
3 16 -1.224 -43.771 105.285 -1.224 -43.771 124.695 -1.115 -12.263 124.695
3 16 1.115 -12.263 124.695 -1.115 -12.256 105.285 -1.115 -12.263 124.695
3 16 1.115 -12.263 124.695 1.115 -12.256 105.285 -1.115 -12.256 105.285
3 16 1.115 -12.256 105.285 1.224 -43.771 124.695 1.224 -43.771 105.285
3 16 1.115 -12.256 105.285 1.115 -12.263 124.695 1.224 -43.771 124.695
3 16 71.585 -0.131 108.009 75.896 -0.131 110.622 75.896 -0.131 108.009
3 16 71.585 -0.131 108.009 71.585 -0.131 110.622 75.896 -0.131 110.622
3 16 71.585 -0.131 108.009 71.585 -44.999 110.622 71.585 -0.131 110.622
3 16 71.585 -0.131 108.009 71.585 -44.999 108.009 71.585 -44.999 110.622
3 16 71.585 -0.131 108.009 75.896 -44.999 108.009 71.585 -44.999 108.009
3 16 71.585 -0.131 108.009 75.896 -0.131 108.009 75.896 -44.999 108.009
3 16 71.585 -0.131 110.622 75.896 -44.999 110.622 75.896 -0.131 110.622
3 16 71.585 -0.131 110.622 71.585 -44.999 110.622 75.896 -44.999 110.622
3 16 21.223 -0.131 120.212 18.611 -0.131 124.523 21.223 -0.131 124.523
3 16 21.223 -0.131 120.212 18.611 -0.131 120.212 18.611 -0.131 124.523
3 16 21.223 -0.131 120.212 18.611 -44.999 120.212 18.611 -0.131 120.212
3 16 21.223 -0.131 120.212 21.223 -44.999 120.212 18.611 -44.999 120.212
3 16 21.223 -0.131 120.212 21.223 -44.999 124.523 21.223 -44.999 120.212
3 16 21.223 -0.131 120.212 21.223 -0.131 124.523 21.223 -44.999 124.523
3 16 18.611 -0.131 120.212 18.611 -44.999 124.523 18.611 -0.131 124.523
3 16 18.611 -0.131 120.212 18.611 -44.999 120.212 18.611 -44.999 124.523
3 16 58.560 -0.131 57.907 61.172 -0.131 52.731 58.560 -0.131 52.731
3 16 58.560 -0.131 57.907 61.172 -0.131 57.907 61.172 -0.131 52.731
3 16 58.560 -0.131 57.907 61.172 -44.999 57.907 61.172 -0.131 57.907
3 16 58.560 -0.131 57.907 58.560 -44.999 57.907 61.172 -44.999 57.907
3 16 58.560 -0.131 57.907 58.560 -44.999 52.731 58.560 -44.999 57.907
3 16 58.560 -0.131 57.907 58.560 -0.131 52.731 58.560 -44.999 52.731
3 16 61.172 -0.131 57.907 61.172 -44.999 52.731 61.172 -0.131 52.731
3 16 61.172 -0.131 57.907 61.172 -44.999 57.907 61.172 -44.999 52.731
3 16 71.585 -0.131 68.049 75.896 -0.131 70.662 75.896 -0.131 68.049
3 16 71.585 -0.131 68.049 71.585 -0.131 70.662 75.896 -0.131 70.662
3 16 71.585 -0.131 68.049 71.585 -44.999 70.662 71.585 -0.131 70.662
3 16 71.585 -0.131 68.049 71.585 -44.999 68.049 71.585 -44.999 70.662
3 16 71.585 -0.131 68.049 75.896 -44.999 68.049 71.585 -44.999 68.049
3 16 71.585 -0.131 68.049 75.896 -0.131 68.049 75.896 -44.999 68.049
3 16 71.585 -0.131 70.662 75.896 -44.999 70.662 75.896 -0.131 70.662
3 16 71.585 -0.131 70.662 71.585 -44.999 70.662 75.896 -44.999 70.662
3 16 61.306 -0.131 120.212 58.694 -0.131 124.523 61.306 -0.131 124.523
3 16 61.306 -0.131 120.212 58.694 -0.131 120.212 58.694 -0.131 124.523
3 16 61.306 -0.131 120.212 58.694 -44.999 120.212 58.694 -0.131 120.212
3 16 61.306 -0.131 120.212 61.306 -44.999 120.212 58.694 -44.999 120.212
3 16 61.306 -0.131 120.212 61.306 -44.999 124.523 61.306 -44.999 120.212
3 16 61.306 -0.131 120.212 61.306 -0.131 124.523 61.306 -44.999 124.523
3 16 58.694 -0.131 120.212 58.694 -44.999 124.523 58.694 -0.131 124.523
3 16 58.694 -0.131 120.212 58.694 -44.999 120.212 58.694 -44.999 124.523
3 16 85.484 -32.369 7.843 75.859 -24.745 3.520 85.672 -24.751 8.096
3 16 85.484 -32.369 7.843 75.923 -32.369 3.385 75.859 -24.745 3.520
3 16 75.923 -32.369 3.385 85.484 -32.369 7.843 82.358 -34.945 6.408
3 16 75.923 -32.369 3.385 82.358 -34.945 6.408 75.914 -34.945 3.403
3 16 75.914 -34.945 3.403 82.358 -34.945 6.408 80.220 -44.151 5.434
3 16 75.914 -34.945 3.403 80.220 -44.151 5.434 75.905 -44.151 3.422
3 16 75.859 -24.745 3.520 84.730 -24.751 10.118 85.672 -24.751 8.096
3 16 75.859 -24.745 3.520 74.917 -24.745 5.542 84.730 -24.751 10.118
3 16 84.415 -32.369 10.136 74.917 -24.745 5.542 74.853 -32.369 5.678
3 16 84.415 -32.369 10.136 84.730 -24.751 10.118 74.917 -24.745 5.542
3 16 81.306 -34.945 8.664 84.415 -32.369 10.136 74.853 -32.369 5.678
3 16 81.306 -34.945 8.664 74.853 -32.369 5.678 74.862 -34.945 5.659
3 16 79.185 -44.151 7.652 81.306 -34.945 8.664 74.862 -34.945 5.659
3 16 79.185 -44.151 7.652 74.862 -34.945 5.659 74.871 -44.151 5.640
3 16 13.350 -32.646 -106.256 28.655 -32.644 -105.479 11.693 -32.646 -110.164
3 16 13.350 -32.646 -106.256 27.792 -32.646 -102.005 28.655 -32.644 -105.479
3 16 43.981 -32.646 -97.855 28.655 -32.644 -105.479 27.792 -32.646 -102.005
3 16 43.981 -32.646 -97.855 27.792 -32.646 -102.005 42.717 -32.646 -94.974
3 16 56.835 -32.644 -87.084 43.981 -32.646 -97.855 42.717 -32.646 -94.974
3 16 56.835 -32.644 -87.084 42.717 -32.646 -94.974 55.141 -32.646 -84.465
3 16 11.693 -32.646 -110.164 11.900 -32.646 -106.948 13.350 -32.646 -106.256
3 16 11.693 -32.646 -110.164 11.091 -32.646 -107.952 11.900 -32.646 -106.948
3 16 10.227 -32.646 -110.325 11.091 -32.646 -107.952 11.693 -32.646 -110.164
3 16 67.684 -32.644 -73.433 56.835 -32.644 -87.084 55.141 -32.646 -84.465
3 16 67.684 -32.644 -73.433 55.141 -32.646 -84.465 64.869 -32.646 -71.455
3 16 75.099 -32.644 -57.996 67.684 -32.644 -73.433 64.869 -32.646 -71.455
3 16 75.099 -32.644 -57.996 64.869 -32.646 -71.455 71.786 -32.646 -56.815
3 16 79.457 -32.644 -41.495 75.099 -32.644 -57.996 71.786 -32.646 -56.815
3 16 79.457 -32.644 -41.495 71.786 -32.646 -56.815 76.405 -32.646 -40.912
3 16 79.776 -32.644 -24.397 79.457 -32.644 -41.495 76.405 -32.646 -40.912
3 16 79.776 -32.644 -24.397 76.405 -32.646 -40.912 76.742 -32.646 -24.670
3 16 79.776 -32.644 -24.397 76.742 -32.646 -24.670 73.622 -32.646 -8.824
3 16 79.776 -32.644 -24.397 73.622 -32.646 -8.824 76.840 -32.644 -7.465
3 16 76.840 -32.644 -7.465 73.622 -32.646 -8.824 67.224 -32.646 6.786
3 16 76.840 -32.644 -7.465 67.224 -32.646 6.786 69.914 -32.644 8.267
3 16 60.252 -32.644 22.357 69.914 -32.644 8.267 67.224 -32.646 6.786
3 16 60.252 -32.644 22.357 67.224 -32.646 6.786 57.903 -32.646 20.389
3 16 47.463 -32.644 33.800 60.252 -32.644 22.357 57.903 -32.646 20.389
3 16 47.463 -32.644 33.800 57.903 -32.646 20.389 45.514 -32.646 31.145
3 16 32.766 -32.644 42.591 47.463 -32.644 33.800 45.514 -32.646 31.145
3 16 32.766 -32.644 42.591 45.514 -32.646 31.145 31.426 -32.646 39.866
3 16 16.359 -32.644 47.724 32.766 -32.644 42.591 31.426 -32.646 39.866
3 16 16.359 -32.644 47.724 31.426 -32.646 39.866 15.666 -32.646 44.548
3 16 0.000 -32.644 49.470 16.359 -32.644 47.724 15.666 -32.646 44.548
3 16 0.000 -32.644 49.470 15.666 -32.646 44.548 0.000 -32.646 45.928
3 16 13.350 -36.440 -106.256 28.694 -36.440 -105.076 27.792 -36.440 -102.005
3 16 13.350 -36.440 -106.256 11.726 -36.440 -110.258 28.694 -36.440 -105.076
3 16 44.001 -36.440 -97.883 27.792 -36.440 -102.005 28.694 -36.440 -105.076
3 16 44.001 -36.440 -97.883 42.717 -36.440 -94.974 27.792 -36.440 -102.005
3 16 57.103 -36.440 -86.860 42.717 -36.440 -94.974 44.001 -36.440 -97.883
3 16 57.103 -36.440 -86.860 55.141 -36.440 -84.465 42.717 -36.440 -94.974
3 16 55.141 -36.440 -84.465 57.103 -36.440 -86.860 66.945 -36.440 -73.144
3 16 55.141 -36.440 -84.465 66.945 -36.440 -73.144 64.870 -36.440 -71.456
3 16 64.870 -36.440 -71.456 66.945 -36.440 -73.144 74.263 -36.440 -57.870
3 16 64.870 -36.440 -71.456 74.263 -36.440 -57.870 71.789 -36.440 -56.816
3 16 74.263 -36.440 -57.870 76.405 -36.440 -40.912 71.789 -36.440 -56.816
3 16 74.263 -36.440 -57.870 79.419 -36.440 -41.488 76.405 -36.440 -40.912
3 16 79.784 -36.440 -24.386 76.405 -36.440 -40.912 79.419 -36.440 -41.488
3 16 79.784 -36.440 -24.386 76.742 -36.440 -24.670 76.405 -36.440 -40.912
3 16 79.784 -36.440 -24.386 73.622 -36.440 -8.824 76.742 -36.440 -24.670
3 16 79.784 -36.440 -24.386 76.571 -36.440 -7.578 73.622 -36.440 -8.824
3 16 76.571 -36.440 -7.578 67.224 -36.440 6.786 73.622 -36.440 -8.824
3 16 76.571 -36.440 -7.578 69.908 -36.440 8.267 67.224 -36.440 6.786
3 16 69.908 -36.440 8.267 57.903 -36.440 20.389 67.224 -36.440 6.786
3 16 69.908 -36.440 8.267 60.279 -36.440 22.379 57.903 -36.440 20.389
3 16 57.903 -36.440 20.389 60.279 -36.440 22.379 47.361 -36.440 33.668
3 16 57.903 -36.440 20.389 47.361 -36.440 33.668 45.514 -36.440 31.145
3 16 47.361 -36.440 33.668 31.426 -36.440 39.866 45.514 -36.440 31.145
3 16 47.361 -36.440 33.668 32.781 -36.440 42.622 31.426 -36.440 39.866
3 16 31.426 -36.440 39.866 32.781 -36.440 42.622 16.344 -36.440 47.603
3 16 31.426 -36.440 39.866 16.344 -36.440 47.603 15.666 -36.440 44.548
3 16 15.666 -36.440 44.548 16.344 -36.440 47.603 0.000 -36.440 49.108
3 16 15.666 -36.440 44.548 0.000 -36.440 49.108 0.000 -36.440 45.928
3 16 27.792 -32.646 -102.005 13.350 -36.440 -106.256 27.792 -36.440 -102.005
3 16 27.792 -32.646 -102.005 13.350 -32.646 -106.256 13.350 -36.440 -106.256
3 16 42.717 -36.440 -94.974 27.792 -32.646 -102.005 27.792 -36.440 -102.005
3 16 42.717 -36.440 -94.974 42.717 -32.646 -94.974 27.792 -32.646 -102.005
3 16 55.141 -36.440 -84.465 42.717 -32.646 -94.974 42.717 -36.440 -94.974
3 16 55.141 -36.440 -84.465 55.141 -32.646 -84.465 42.717 -32.646 -94.974
3 16 55.141 -32.646 -84.465 55.141 -36.440 -84.465 64.870 -36.440 -71.456
3 16 55.141 -32.646 -84.465 64.870 -36.440 -71.456 64.869 -32.646 -71.455
3 16 71.786 -32.646 -56.815 64.869 -32.646 -71.455 64.870 -36.440 -71.456
3 16 71.786 -32.646 -56.815 64.870 -36.440 -71.456 71.789 -36.440 -56.816
3 16 71.786 -32.646 -56.815 71.789 -36.440 -56.816 76.405 -36.440 -40.912
3 16 71.786 -32.646 -56.815 76.405 -36.440 -40.912 76.405 -32.646 -40.912
3 16 76.405 -36.440 -40.912 76.742 -32.646 -24.670 76.405 -32.646 -40.912
3 16 76.405 -36.440 -40.912 76.742 -36.440 -24.670 76.742 -32.646 -24.670
3 16 76.742 -32.646 -24.670 76.742 -36.440 -24.670 73.622 -36.440 -8.824
3 16 76.742 -32.646 -24.670 73.622 -36.440 -8.824 73.622 -32.646 -8.824
3 16 73.622 -32.646 -8.824 73.622 -36.440 -8.824 67.224 -36.440 6.786
3 16 73.622 -32.646 -8.824 67.224 -36.440 6.786 67.224 -32.646 6.786
3 16 67.224 -32.646 6.786 67.224 -36.440 6.786 57.903 -36.440 20.389
3 16 67.224 -32.646 6.786 57.903 -36.440 20.389 57.903 -32.646 20.389
3 16 57.903 -32.646 20.389 57.903 -36.440 20.389 45.514 -36.440 31.145
3 16 57.903 -32.646 20.389 45.514 -36.440 31.145 45.514 -32.646 31.145
3 16 45.514 -36.440 31.145 31.426 -32.646 39.866 45.514 -32.646 31.145
3 16 45.514 -36.440 31.145 31.426 -36.440 39.866 31.426 -32.646 39.866
3 16 31.426 -32.646 39.866 31.426 -36.440 39.866 15.666 -36.440 44.548
3 16 31.426 -32.646 39.866 15.666 -36.440 44.548 15.666 -32.646 44.548
3 16 15.666 -32.646 44.548 15.666 -36.440 44.548 0.000 -36.440 45.928
3 16 15.666 -32.646 44.548 0.000 -36.440 45.928 0.000 -32.646 45.928
3 16 79.478 0.000 49.549 75.875 -0.021 124.502 79.191 -0.021 127.844
3 16 79.478 0.000 49.549 75.875 -0.021 52.752 75.875 -0.021 124.502
3 16 75.875 -0.021 124.502 0.000 -0.021 128.125 79.191 -0.021 127.844
3 16 75.875 -0.021 124.502 0.000 -0.021 124.502 0.000 -0.021 128.125
3 16 79.191 -48.022 127.844 0.000 -0.021 128.125 0.000 -48.022 128.125
3 16 79.191 -48.022 127.844 79.191 -0.021 127.844 0.000 -0.021 128.125
3 16 79.191 -0.021 127.844 79.494 -4.391 49.208 79.478 0.000 49.549
3 16 79.494 -4.391 49.208 79.191 -0.021 127.844 79.191 -48.022 127.844
3 16 79.494 -4.391 49.208 75.623 -4.473 49.145 79.478 0.000 49.549
3 16 75.623 -4.473 49.145 58.055 0.000 49.333 79.478 0.000 49.549
3 16 75.623 -4.473 49.145 58.467 -4.222 49.333 58.055 0.000 49.333
3 16 58.467 -4.222 49.333 54.135 -0.827 49.333 58.055 0.000 49.333
3 16 58.467 -4.222 49.333 54.135 -4.189 49.333 54.135 -0.827 49.333
3 16 53.914 -43.344 48.604 54.135 -4.189 49.333 58.467 -4.222 49.333
3 16 53.914 -43.344 48.604 58.467 -4.222 49.333 60.774 -43.335 48.567
3 16 60.774 -43.335 48.567 58.467 -4.222 49.333 75.623 -4.473 49.145
3 16 60.774 -43.335 48.567 75.623 -4.473 49.145 75.043 -43.290 48.365
3 16 76.283 -10.010 45.593 79.494 -4.391 49.208 79.687 -10.002 45.599
3 16 76.283 -10.010 45.593 75.623 -4.473 49.145 79.494 -4.391 49.208
3 16 76.283 -10.010 45.593 79.687 -10.002 45.599 79.616 -12.512 39.314
3 16 76.283 -10.010 45.593 79.616 -12.512 39.314 75.861 -12.512 39.322
3 16 75.861 -12.512 39.322 79.616 -12.512 39.314 79.679 -11.931 25.669
3 16 75.861 -12.512 39.322 79.679 -11.931 25.669 75.934 -12.021 24.981
3 16 85.493 -12.122 8.491 75.934 -12.021 24.981 79.679 -11.931 25.669
3 16 85.493 -12.122 8.491 79.679 -11.931 25.669 88.722 -11.914 9.736
3 16 88.722 -11.914 9.736 89.844 -12.007 -3.540 85.493 -12.122 8.491
3 16 88.722 -11.914 9.736 93.132 -12.021 -2.551 89.844 -12.007 -3.540
3 16 96.759 -12.021 -23.001 89.844 -12.007 -3.540 93.132 -12.021 -2.551
3 16 96.759 -12.021 -23.001 93.346 -12.007 -23.276 89.844 -12.007 -3.540
3 16 96.759 -12.021 -23.001 93.053 -12.007 -43.321 93.346 -12.007 -23.276
3 16 96.759 -12.021 -23.001 96.456 -12.021 -43.778 93.053 -12.007 -43.321
3 16 91.243 -12.021 -63.911 93.053 -12.007 -43.321 96.456 -12.021 -43.778
3 16 91.243 -12.021 -63.911 88.024 -12.007 -62.740 93.053 -12.007 -43.321
3 16 91.243 -12.021 -63.911 79.436 -12.007 -80.803 88.024 -12.007 -62.740
3 16 91.243 -12.021 -63.911 82.344 -12.021 -82.629 79.436 -12.007 -80.803
3 16 69.305 -12.042 -98.808 79.436 -12.007 -80.803 82.344 -12.021 -82.629
3 16 69.305 -12.042 -98.808 66.844 -12.007 -96.405 79.436 -12.007 -80.803
3 16 69.305 -12.042 -98.808 51.499 -12.007 -109.319 66.844 -12.007 -96.405
3 16 69.305 -12.042 -98.808 53.383 -12.021 -112.190 51.499 -12.007 -109.319
3 16 34.778 -12.021 -121.443 51.499 -12.007 -109.319 53.383 -12.021 -112.190
3 16 34.778 -12.021 -121.443 33.552 -12.007 -118.245 51.499 -12.007 -109.319
3 16 14.239 -12.007 -123.612 33.552 -12.007 -118.245 34.778 -12.021 -121.443
3 16 14.239 -12.007 -123.612 34.778 -12.021 -121.443 14.759 -12.021 -127.006
3 16 14.759 -12.021 -127.006 0.000 -12.007 -124.691 14.239 -12.007 -123.612
3 16 14.759 -12.021 -127.006 0.000 -12.021 -128.125 0.000 -12.007 -124.691
3 16 85.281 -28.601 8.478 75.934 -12.021 24.981 85.493 -12.122 8.491
3 16 85.281 -28.601 8.478 75.759 -28.596 24.924 75.934 -12.021 24.981
3 16 89.844 -28.601 -3.540 85.281 -28.601 8.478 85.493 -12.122 8.491
3 16 89.844 -28.601 -3.540 85.493 -12.122 8.491 89.844 -12.007 -3.540
3 16 93.346 -28.601 -23.276 89.844 -28.601 -3.540 89.844 -12.007 -3.540
3 16 93.346 -28.601 -23.276 89.844 -12.007 -3.540 93.346 -12.007 -23.276
3 16 93.053 -28.601 -43.321 93.346 -28.601 -23.276 93.346 -12.007 -23.276
3 16 93.053 -28.601 -43.321 93.346 -12.007 -23.276 93.053 -12.007 -43.321
3 16 88.024 -28.601 -62.740 93.053 -28.601 -43.321 93.053 -12.007 -43.321
3 16 88.024 -28.601 -62.740 93.053 -12.007 -43.321 88.024 -12.007 -62.740
3 16 88.024 -12.007 -62.740 79.436 -28.601 -80.803 88.024 -28.601 -62.740
3 16 88.024 -12.007 -62.740 79.436 -12.007 -80.803 79.436 -28.601 -80.803
3 16 66.844 -28.601 -96.405 79.436 -28.601 -80.803 79.436 -12.007 -80.803
3 16 66.844 -28.601 -96.405 79.436 -12.007 -80.803 66.844 -12.007 -96.405
3 16 51.499 -28.601 -109.319 66.844 -28.601 -96.405 66.844 -12.007 -96.405
3 16 51.499 -28.601 -109.319 66.844 -12.007 -96.405 51.499 -12.007 -109.319
3 16 33.552 -28.601 -118.245 51.499 -28.601 -109.319 51.499 -12.007 -109.319
3 16 33.552 -28.601 -118.245 51.499 -12.007 -109.319 33.552 -12.007 -118.245
3 16 33.552 -28.601 -118.245 33.552 -12.007 -118.245 14.239 -12.007 -123.612
3 16 33.552 -28.601 -118.245 14.239 -12.007 -123.612 14.239 -28.601 -123.612
3 16 0.000 -28.601 -124.691 14.239 -28.601 -123.612 14.239 -12.007 -123.612
3 16 0.000 -28.601 -124.691 14.239 -12.007 -123.612 0.000 -12.007 -124.691
3 16 88.722 -11.914 9.736 79.673 -33.095 24.939 88.367 -33.095 9.644
3 16 88.722 -11.914 9.736 79.679 -11.931 25.669 79.673 -33.095 24.939
3 16 88.367 -33.095 9.644 93.132 -12.021 -2.551 88.722 -11.914 9.736
3 16 88.367 -33.095 9.644 92.983 -33.095 -2.596 93.132 -12.021 -2.551
3 16 92.983 -33.095 -2.596 96.759 -12.021 -23.001 93.132 -12.021 -2.551
3 16 92.983 -33.095 -2.596 96.590 -33.095 -23.014 96.759 -12.021 -23.001
3 16 96.590 -33.095 -23.014 96.456 -12.021 -43.778 96.759 -12.021 -23.001
3 16 96.590 -33.095 -23.014 96.254 -33.095 -43.750 96.456 -12.021 -43.778
3 16 96.254 -33.095 -43.750 91.243 -12.021 -63.911 96.456 -12.021 -43.778
3 16 96.254 -33.095 -43.750 91.028 -33.095 -63.834 91.243 -12.021 -63.911
3 16 91.028 -33.095 -63.834 82.344 -12.021 -82.629 91.243 -12.021 -63.911
3 16 91.028 -33.095 -63.834 82.139 -33.095 -82.500 82.344 -12.021 -82.629
3 16 82.139 -33.095 -82.500 69.305 -12.042 -98.808 82.344 -12.021 -82.629
3 16 82.139 -33.095 -82.500 69.091 -33.095 -98.606 69.305 -12.042 -98.808
3 16 53.218 -33.095 -111.939 69.305 -12.042 -98.808 69.091 -33.095 -98.606
3 16 53.218 -33.095 -111.939 53.383 -12.021 -112.190 69.305 -12.042 -98.808
3 16 53.218 -33.095 -111.939 34.778 -12.021 -121.443 53.383 -12.021 -112.190
3 16 53.218 -33.095 -111.939 34.665 -33.095 -121.146 34.778 -12.021 -121.443
3 16 34.665 -33.095 -121.146 14.759 -12.021 -127.006 34.778 -12.021 -121.443
3 16 34.665 -33.095 -121.146 14.709 -33.095 -126.685 14.759 -12.021 -127.006
3 16 0.000 -33.095 -127.818 14.759 -12.021 -127.006 14.709 -33.095 -126.685
3 16 0.000 -33.095 -127.818 0.000 -12.021 -128.125 14.759 -12.021 -127.006
3 16 88.367 -33.095 9.644 79.953 -33.465 16.695 84.602 -33.095 8.214
3 16 88.367 -33.095 9.644 79.673 -33.095 24.939 79.953 -33.465 16.695
3 16 89.152 -33.095 -3.753 88.367 -33.095 9.644 84.602 -33.095 8.214
3 16 89.152 -33.095 -3.753 92.983 -33.095 -2.596 88.367 -33.095 9.644
3 16 96.590 -33.095 -23.014 92.983 -33.095 -2.596 89.152 -33.095 -3.753
3 16 96.590 -33.095 -23.014 89.152 -33.095 -3.753 92.628 -33.095 -23.334
3 16 92.338 -33.095 -43.224 96.590 -33.095 -23.014 92.628 -33.095 -23.334
3 16 92.338 -33.095 -43.224 96.254 -33.095 -43.750 96.590 -33.095 -23.014
3 16 91.028 -33.095 -63.834 96.254 -33.095 -43.750 92.338 -33.095 -43.224
3 16 91.028 -33.095 -63.834 92.338 -33.095 -43.224 87.348 -33.095 -62.493
3 16 78.824 -33.095 -80.419 91.028 -33.095 -63.834 87.348 -33.095 -62.493
3 16 78.824 -33.095 -80.419 82.139 -33.095 -82.500 91.028 -33.095 -63.834
3 16 69.091 -33.095 -98.606 82.139 -33.095 -82.500 78.824 -33.095 -80.419
3 16 69.091 -33.095 -98.606 78.824 -33.095 -80.419 66.330 -33.095 -95.901
3 16 51.104 -33.095 -108.716 69.091 -33.095 -98.606 66.330 -33.095 -95.901
3 16 51.104 -33.095 -108.716 53.218 -33.095 -111.939 69.091 -33.095 -98.606
3 16 34.665 -33.095 -121.146 53.218 -33.095 -111.939 51.104 -33.095 -108.716
3 16 34.665 -33.095 -121.146 51.104 -33.095 -108.716 33.294 -33.095 -117.573
3 16 14.130 -33.095 -122.899 34.665 -33.095 -121.146 33.294 -33.095 -117.573
3 16 14.130 -33.095 -122.899 14.709 -33.095 -126.685 34.665 -33.095 -121.146
3 16 0.000 -33.095 -123.970 14.709 -33.095 -126.685 14.130 -33.095 -122.899
3 16 0.000 -33.095 -123.970 0.000 -33.095 -127.818 14.709 -33.095 -126.685
3 16 84.602 -33.095 8.214 79.678 -43.514 15.695 83.415 -43.416 7.762
3 16 84.602 -33.095 8.214 79.953 -33.465 16.695 79.678 -43.514 15.695
3 16 83.415 -43.416 7.762 79.678 -43.514 15.695 79.521 -46.164 12.024
3 16 83.415 -43.416 7.762 79.521 -46.164 12.024 81.527 -46.293 7.040
3 16 86.012 -46.292 -4.703 83.415 -43.416 7.762 81.527 -46.293 7.040
3 16 82.637 -48.020 -5.729 86.012 -46.292 -4.703 81.527 -46.293 7.040
3 16 89.370 -46.291 -23.598 86.012 -46.292 -4.703 82.637 -48.020 -5.729
3 16 89.370 -46.291 -23.598 82.637 -48.020 -5.729 85.864 -48.020 -23.882
3 16 89.370 -46.291 -23.598 85.864 -48.020 -23.882 85.595 -48.020 -42.317
3 16 89.370 -46.291 -23.598 85.595 -48.020 -42.317 89.091 -46.292 -42.787
3 16 84.277 -46.291 -61.375 89.091 -46.292 -42.787 85.595 -48.020 -42.317
3 16 84.277 -46.291 -61.375 85.595 -48.020 -42.317 80.971 -48.020 -60.172
3 16 73.062 -48.020 -76.801 84.277 -46.291 -61.375 80.971 -48.020 -60.172
3 16 73.062 -48.020 -76.801 76.049 -46.291 -78.676 84.277 -46.291 -61.375
3 16 63.996 -46.292 -93.614 76.049 -46.291 -78.676 73.062 -48.020 -76.801
3 16 63.996 -46.292 -93.614 73.062 -48.020 -76.801 61.484 -48.020 -91.151
3 16 63.996 -46.292 -93.614 61.484 -48.020 -91.151 47.372 -48.020 -103.026
3 16 63.996 -46.292 -93.614 47.372 -48.020 -103.026 49.307 -46.291 -105.976
3 16 32.124 -46.291 -114.522 49.307 -46.291 -105.976 47.372 -48.020 -103.026
3 16 32.124 -46.291 -114.522 47.372 -48.020 -103.026 30.864 -48.020 -111.237
3 16 32.842 -43.414 -116.396 49.307 -46.291 -105.976 32.124 -46.291 -114.522
3 16 32.842 -43.414 -116.396 50.410 -43.414 -107.658 49.307 -46.291 -105.976
3 16 65.429 -43.414 -95.018 49.307 -46.291 -105.976 50.410 -43.414 -107.658
3 16 65.429 -43.414 -95.018 63.996 -46.292 -93.614 49.307 -46.291 -105.976
3 16 65.429 -43.414 -95.018 76.049 -46.291 -78.676 63.996 -46.292 -93.614
3 16 65.429 -43.414 -95.018 77.753 -43.414 -79.746 76.049 -46.291 -78.676
3 16 76.049 -46.291 -78.676 86.163 -43.414 -62.062 84.277 -46.291 -61.375
3 16 76.049 -46.291 -78.676 77.753 -43.414 -79.746 86.163 -43.414 -62.062
3 16 86.163 -43.414 -62.062 89.091 -46.292 -42.787 84.277 -46.291 -61.375
3 16 86.163 -43.414 -62.062 91.085 -43.414 -43.056 89.091 -46.292 -42.787
3 16 33.294 -33.095 -117.573 50.410 -43.414 -107.658 32.842 -43.414 -116.396
3 16 33.294 -33.095 -117.573 51.104 -33.095 -108.716 50.410 -43.414 -107.658
3 16 50.410 -43.414 -107.658 66.330 -33.095 -95.901 65.429 -43.414 -95.018
3 16 50.410 -43.414 -107.658 51.104 -33.095 -108.716 66.330 -33.095 -95.901
3 16 66.330 -33.095 -95.901 77.753 -43.414 -79.746 65.429 -43.414 -95.018
3 16 66.330 -33.095 -95.901 78.824 -33.095 -80.419 77.753 -43.414 -79.746
3 16 77.753 -43.414 -79.746 87.348 -33.095 -62.493 86.163 -43.414 -62.062
3 16 77.753 -43.414 -79.746 78.824 -33.095 -80.419 87.348 -33.095 -62.493
3 16 87.348 -33.095 -62.493 91.085 -43.414 -43.056 86.163 -43.414 -62.062
3 16 87.348 -33.095 -62.493 92.338 -33.095 -43.224 91.085 -43.414 -43.056
3 16 91.085 -43.414 -43.056 92.338 -33.095 -43.224 92.628 -33.095 -23.334
3 16 91.085 -43.414 -43.056 92.628 -33.095 -23.334 91.371 -43.414 -23.436
3 16 91.371 -43.414 -23.436 89.091 -46.292 -42.787 91.085 -43.414 -43.056
3 16 91.371 -43.414 -23.436 89.370 -46.291 -23.598 89.091 -46.292 -42.787
3 16 91.371 -43.414 -23.436 86.012 -46.292 -4.703 89.370 -46.291 -23.598
3 16 91.371 -43.414 -23.436 87.940 -43.415 -4.119 86.012 -46.292 -4.703
3 16 92.628 -33.095 -23.334 87.940 -43.415 -4.119 91.371 -43.414 -23.436
3 16 86.012 -46.292 -4.703 87.940 -43.415 -4.119 83.415 -43.416 7.762
3 16 92.628 -33.095 -23.334 89.152 -33.095 -3.753 87.940 -43.415 -4.119
3 16 87.940 -43.415 -4.119 84.602 -33.095 8.214 83.415 -43.416 7.762
3 16 87.940 -43.415 -4.119 89.152 -33.095 -3.753 84.602 -33.095 8.214
3 16 13.938 -43.414 -121.649 33.294 -33.095 -117.573 32.842 -43.414 -116.396
3 16 32.842 -43.414 -116.396 13.633 -46.291 -119.660 13.938 -43.414 -121.649
3 16 0.000 -43.414 -122.705 13.938 -43.414 -121.649 13.633 -46.291 -119.660
3 16 0.000 -43.414 -122.705 13.633 -46.291 -119.660 0.000 -46.291 -120.693
3 16 0.000 -46.291 -120.693 13.633 -46.291 -119.660 13.099 -48.020 -116.174
3 16 0.000 -46.291 -120.693 13.099 -48.020 -116.174 0.000 -48.020 -117.166
3 16 13.938 -43.414 -121.649 0.000 -43.414 -122.705 0.000 -33.095 -123.970
3 16 13.938 -43.414 -121.649 0.000 -33.095 -123.970 14.130 -33.095 -122.899
3 16 32.124 -46.291 -114.522 13.099 -48.020 -116.174 13.633 -46.291 -119.660
3 16 32.842 -43.414 -116.396 32.124 -46.291 -114.522 13.633 -46.291 -119.660
3 16 32.124 -46.291 -114.522 30.864 -48.020 -111.237 13.099 -48.020 -116.174
3 16 13.938 -43.414 -121.649 14.130 -33.095 -122.899 33.294 -33.095 -117.573
3 16 79.678 -43.514 15.695 79.673 -33.095 24.939 79.436 -48.022 39.340
3 16 79.678 -43.514 15.695 79.953 -33.465 16.695 79.673 -33.095 24.939
3 16 79.616 -12.512 39.314 79.436 -48.022 39.340 79.673 -33.095 24.939
3 16 79.616 -12.512 39.314 79.673 -33.095 24.939 79.679 -11.931 25.669
3 16 79.409 -48.022 49.618 79.436 -48.022 39.340 79.616 -12.512 39.314
3 16 79.409 -48.022 49.618 79.616 -12.512 39.314 79.687 -10.002 45.599
3 16 79.436 -48.022 39.340 79.521 -46.164 12.024 79.678 -43.514 15.695
3 16 79.687 -10.002 45.599 79.191 -48.022 127.844 79.409 -48.022 49.618
3 16 79.191 -48.022 127.844 79.687 -10.002 45.599 79.494 -4.391 49.208
3 16 77.359 -48.022 7.325 79.521 -46.164 12.024 79.436 -48.022 39.340
3 16 51.169 -48.109 35.841 79.436 -48.022 39.340 79.409 -48.022 49.618
3 16 51.169 -48.109 35.841 62.925 -48.107 24.725 79.436 -48.022 39.340
3 16 79.436 -48.022 39.340 62.925 -48.107 24.725 71.201 -48.089 14.762
3 16 79.436 -48.022 39.340 71.201 -48.089 14.762 77.359 -48.022 7.325
3 16 34.708 -48.116 46.305 51.169 -48.109 35.841 79.409 -48.022 49.618
3 16 34.708 -48.116 46.305 79.409 -48.022 49.618 79.191 -48.022 127.844
3 16 0.000 -48.022 128.125 34.708 -48.116 46.305 79.191 -48.022 127.844
3 16 0.000 -48.022 128.125 15.638 -48.115 51.826 34.708 -48.116 46.305
3 16 15.638 -48.115 51.826 0.000 -48.022 128.125 0.000 -48.116 53.088
3 16 33.342 -45.715 43.801 16.344 -36.440 47.603 32.781 -36.440 42.622
3 16 33.342 -45.715 43.801 16.217 -45.715 49.013 16.344 -36.440 47.603
3 16 47.361 -36.440 33.668 33.342 -45.715 43.801 32.781 -36.440 42.622
3 16 47.361 -36.440 33.668 48.578 -45.715 34.566 33.342 -45.715 43.801
3 16 60.279 -36.440 22.379 48.578 -45.715 34.566 47.361 -36.440 33.668
3 16 60.279 -36.440 22.379 61.162 -45.715 23.164 48.578 -45.715 34.566
3 16 69.908 -36.440 8.267 61.162 -45.715 23.164 60.279 -36.440 22.379
3 16 69.908 -36.440 8.267 71.342 -45.715 9.079 61.162 -45.715 23.164
3 16 76.571 -36.440 -7.578 71.342 -45.715 9.079 69.908 -36.440 8.267
3 16 76.571 -36.440 -7.578 78.670 -45.715 -6.932 71.342 -45.715 9.079
3 16 81.726 -45.715 -24.214 78.670 -45.715 -6.932 76.571 -36.440 -7.578
3 16 81.726 -45.715 -24.214 76.571 -36.440 -7.578 79.784 -36.440 -24.386
3 16 79.419 -36.440 -41.488 81.726 -45.715 -24.214 79.784 -36.440 -24.386
3 16 79.419 -36.440 -41.488 81.480 -45.715 -41.763 81.726 -45.715 -24.214
3 16 16.217 -45.715 49.013 0.000 -36.440 49.108 16.344 -36.440 47.603
3 16 16.217 -45.715 49.013 0.000 -45.715 50.772 0.000 -36.440 49.108
3 16 77.010 -45.715 -58.705 81.480 -45.715 -41.763 79.419 -36.440 -41.488
3 16 77.010 -45.715 -58.705 79.419 -36.440 -41.488 74.263 -36.440 -57.870
3 16 74.263 -36.440 -57.870 69.278 -45.715 -74.694 77.010 -45.715 -58.705
3 16 74.263 -36.440 -57.870 66.945 -36.440 -73.144 69.278 -45.715 -74.694
3 16 69.278 -45.715 -74.694 66.945 -36.440 -73.144 57.103 -36.440 -86.860
3 16 69.278 -45.715 -74.694 57.103 -36.440 -86.860 58.401 -45.715 -88.266
3 16 58.401 -45.715 -88.266 57.103 -36.440 -86.860 44.001 -36.440 -97.883
3 16 58.401 -45.715 -88.266 44.001 -36.440 -97.883 45.091 -45.715 -99.547
3 16 28.694 -36.440 -105.076 45.091 -45.715 -99.547 44.001 -36.440 -97.883
3 16 28.694 -36.440 -105.076 29.347 -45.715 -107.313 45.091 -45.715 -99.547
3 16 28.694 -36.440 -105.076 12.448 -45.715 -111.909 29.347 -45.715 -107.313
3 16 28.694 -36.440 -105.076 11.726 -36.440 -110.258 12.448 -45.715 -111.909
3 16 12.448 -45.715 -111.909 11.726 -36.440 -110.258 0.000 -45.715 -113.014
3 16 10.301 -36.440 -110.356 0.000 -45.715 -113.014 11.726 -36.440 -110.258
3 16 0.000 -45.715 -113.014 10.301 -36.440 -110.356 0.000 -35.684 -111.232
3 16 82.637 -48.020 -5.729 81.527 -46.293 7.040 77.359 -48.022 7.325
3 16 81.527 -46.293 7.040 79.521 -46.164 12.024 77.359 -48.022 7.325
3 16 14.239 -28.601 -123.612 0.000 -34.477 -119.588 13.466 -34.477 -118.568
3 16 14.239 -28.601 -123.612 0.000 -28.601 -124.691 0.000 -34.477 -119.588
3 16 13.466 -34.477 -118.568 33.552 -28.601 -118.245 14.239 -28.601 -123.612
3 16 13.466 -34.477 -118.568 31.729 -34.477 -113.493 33.552 -28.601 -118.245
3 16 33.552 -28.601 -118.245 31.729 -34.477 -113.493 48.701 -34.477 -105.052
3 16 33.552 -28.601 -118.245 48.701 -34.477 -105.052 51.499 -28.601 -109.319
3 16 48.701 -34.477 -105.052 66.844 -28.601 -96.405 51.499 -28.601 -109.319
3 16 48.701 -34.477 -105.052 63.209 -34.477 -92.842 66.844 -28.601 -96.405
3 16 66.844 -28.601 -96.405 63.209 -34.477 -92.842 75.113 -34.477 -78.088
3 16 66.844 -28.601 -96.405 75.113 -34.477 -78.088 79.436 -28.601 -80.803
3 16 75.113 -34.477 -78.088 88.024 -28.601 -62.740 79.436 -28.601 -80.803
3 16 75.113 -34.477 -78.088 83.241 -34.477 -61.000 88.024 -28.601 -62.740
3 16 88.024 -28.601 -62.740 83.241 -34.477 -61.000 87.996 -34.477 -42.640
3 16 88.024 -28.601 -62.740 87.996 -34.477 -42.640 93.053 -28.601 -43.321
3 16 87.996 -34.477 -42.640 93.346 -28.601 -23.276 93.053 -28.601 -43.321
3 16 87.996 -34.477 -42.640 88.271 -34.477 -23.686 93.346 -28.601 -23.276
3 16 93.346 -28.601 -23.276 88.271 -34.477 -23.686 84.950 -34.477 -5.018
3 16 93.346 -28.601 -23.276 84.950 -34.477 -5.018 89.844 -28.601 -3.540
3 16 84.950 -34.477 -5.018 85.281 -28.601 8.478 89.844 -28.601 -3.540
3 16 84.950 -34.477 -5.018 80.487 -34.477 6.654 85.281 -28.601 8.478
3 16 75.735 -34.501 15.915 85.281 -28.601 8.478 80.487 -34.477 6.654
3 16 75.735 -34.501 15.915 75.759 -28.596 24.924 85.281 -28.601 8.478
3 16 13.466 -34.477 -118.568 0.000 -43.109 -118.740 13.337 -43.109 -117.729
3 16 13.466 -34.477 -118.568 0.000 -34.477 -119.588 0.000 -43.109 -118.740
3 16 13.337 -43.109 -117.729 31.729 -34.477 -113.493 13.466 -34.477 -118.568
3 16 13.337 -43.109 -117.729 31.426 -43.109 -112.703 31.729 -34.477 -113.493
3 16 31.729 -34.477 -113.493 31.426 -43.109 -112.703 48.236 -43.109 -104.343
3 16 31.729 -34.477 -113.493 48.236 -43.109 -104.343 48.701 -34.477 -105.052
3 16 48.236 -43.109 -104.343 63.209 -34.477 -92.842 48.701 -34.477 -105.052
3 16 48.236 -43.109 -104.343 62.605 -43.109 -92.250 63.209 -34.477 -92.842
3 16 63.209 -34.477 -92.842 62.605 -43.109 -92.250 74.394 -43.109 -77.638
3 16 63.209 -34.477 -92.842 74.394 -43.109 -77.638 75.113 -34.477 -78.088
3 16 74.394 -43.109 -77.638 83.241 -34.477 -61.000 75.113 -34.477 -78.088
3 16 74.394 -43.109 -77.638 82.446 -43.109 -60.709 83.241 -34.477 -61.000
3 16 83.241 -34.477 -61.000 82.446 -43.109 -60.709 87.155 -43.109 -42.528
3 16 83.241 -34.477 -61.000 87.155 -43.109 -42.528 87.996 -34.477 -42.640
3 16 87.155 -43.109 -42.528 88.271 -34.477 -23.686 87.996 -34.477 -42.640
3 16 87.155 -43.109 -42.528 87.424 -43.109 -23.755 88.271 -34.477 -23.686
3 16 88.271 -34.477 -23.686 87.424 -43.109 -23.755 84.126 -43.108 -5.268
3 16 88.271 -34.477 -23.686 84.126 -43.108 -5.268 84.950 -34.477 -5.018
3 16 80.487 -34.477 6.654 84.950 -34.477 -5.018 84.126 -43.108 -5.268
3 16 80.487 -34.477 6.654 84.126 -43.108 -5.268 79.676 -43.108 6.344
3 16 75.293 -43.497 14.618 80.487 -34.477 6.654 79.676 -43.108 6.344
3 16 75.293 -43.497 14.618 75.735 -34.501 15.915 80.487 -34.477 6.654
3 16 13.337 -43.109 -117.729 0.000 -43.477 -115.629 12.866 -43.476 -114.653
3 16 13.337 -43.109 -117.729 0.000 -43.109 -118.740 0.000 -43.477 -115.629
3 16 12.866 -43.476 -114.653 31.426 -43.109 -112.703 13.337 -43.109 -117.729
3 16 12.866 -43.476 -114.653 30.314 -43.476 -109.805 31.426 -43.109 -112.703
3 16 31.426 -43.109 -112.703 30.314 -43.476 -109.805 46.529 -43.477 -101.741
3 16 31.426 -43.109 -112.703 46.529 -43.477 -101.741 48.236 -43.109 -104.343
3 16 46.529 -43.477 -101.741 62.605 -43.109 -92.250 48.236 -43.109 -104.343
3 16 46.529 -43.477 -101.741 60.388 -43.477 -90.078 62.605 -43.109 -92.250
3 16 62.605 -43.109 -92.250 60.388 -43.477 -90.078 71.759 -43.476 -75.983
3 16 62.605 -43.109 -92.250 71.759 -43.476 -75.983 74.394 -43.109 -77.638
3 16 71.759 -43.476 -75.983 82.446 -43.109 -60.709 74.394 -43.109 -77.638
3 16 71.759 -43.476 -75.983 79.530 -43.476 -59.647 82.446 -43.109 -60.709
3 16 82.446 -43.109 -60.709 79.530 -43.476 -59.647 84.071 -43.476 -42.113
3 16 82.446 -43.109 -60.709 84.071 -43.476 -42.113 87.155 -43.109 -42.528
3 16 84.071 -43.476 -42.113 87.424 -43.109 -23.755 87.155 -43.109 -42.528
3 16 84.071 -43.476 -42.113 84.330 -43.474 -24.007 87.424 -43.109 -23.755
3 16 87.424 -43.109 -23.755 84.330 -43.474 -24.007 81.149 -43.469 -6.174
3 16 87.424 -43.109 -23.755 81.149 -43.469 -6.174 84.126 -43.108 -5.268
3 16 79.676 -43.108 6.344 84.126 -43.108 -5.268 81.149 -43.469 -6.174
3 16 79.676 -43.108 6.344 81.149 -43.469 -6.174 73.682 -43.276 10.550
3 16 73.682 -43.276 10.550 75.293 -43.497 14.618 79.676 -43.108 6.344
3 16 73.682 -43.276 10.550 63.531 -43.130 25.120 75.293 -43.497 14.618
3 16 75.164 -43.325 37.960 75.293 -43.497 14.618 63.531 -43.130 25.120
3 16 63.531 -43.130 25.120 75.202 -43.319 43.453 75.164 -43.325 37.960
3 16 63.531 -43.130 25.120 50.241 -43.108 37.042 75.202 -43.319 43.453
3 16 60.774 -43.335 48.567 75.202 -43.319 43.453 50.241 -43.108 37.042
3 16 60.774 -43.335 48.567 75.043 -43.290 48.365 75.202 -43.319 43.453
3 16 53.914 -43.344 48.604 60.774 -43.335 48.567 50.241 -43.108 37.042
3 16 53.914 -43.344 48.604 50.241 -43.108 37.042 50.049 -43.503 51.110
3 16 34.798 -43.058 46.312 50.049 -43.503 51.110 50.241 -43.108 37.042
3 16 34.798 -43.058 46.312 41.927 -43.532 55.452 50.049 -43.503 51.110
3 16 28.557 -43.529 60.877 41.927 -43.532 55.452 34.798 -43.058 46.312
3 16 28.557 -43.529 60.877 34.798 -43.058 46.312 17.563 -43.048 51.724
3 16 28.557 -43.529 60.877 17.563 -43.048 51.724 14.182 -43.549 64.022
3 16 14.182 -43.549 64.022 17.563 -43.048 51.724 0.000 -43.051 53.819
3 16 14.182 -43.549 64.022 0.000 -43.051 53.819 0.000 -43.580 65.173
3 16 58.744 0.000 52.752 75.875 -43.771 52.752 75.875 -0.021 52.752
3 16 58.744 0.000 52.752 58.744 -43.771 52.752 75.875 -43.771 52.752
3 16 55.553 -0.966 52.752 58.744 -43.771 52.752 58.744 0.000 52.752
3 16 55.553 -0.966 52.752 56.114 -43.771 53.515 58.744 -43.771 52.752
3 16 55.553 -0.966 52.752 53.604 -8.237 53.801 56.114 -43.771 53.515
3 16 56.114 -43.771 53.515 53.604 -8.237 53.801 52.250 -10.968 54.635
3 16 56.114 -43.771 53.515 52.250 -10.968 54.635 53.159 -43.771 54.372
3 16 53.159 -43.771 54.372 52.250 -10.968 54.635 43.572 -11.839 59.187
3 16 53.159 -43.771 54.372 43.572 -11.839 59.187 43.730 -43.771 59.141
3 16 43.730 -43.771 59.141 43.572 -11.839 59.187 29.959 -11.985 64.704
3 16 43.730 -43.771 59.141 29.959 -11.985 64.704 29.990 -43.771 64.695
3 16 29.990 -43.771 64.695 29.959 -11.985 64.704 15.097 -12.021 68.034
3 16 29.990 -43.771 64.695 15.097 -12.021 68.034 15.097 -43.771 68.034
3 16 15.097 -43.771 68.034 15.097 -12.021 68.034 0.000 -12.021 69.385
3 16 15.097 -43.771 68.034 0.000 -12.021 69.385 0.000 -43.771 69.385
3 16 53.785 -3.466 53.404 53.604 -8.237 53.801 55.553 -0.966 52.752
3 16 75.875 -0.021 124.502 75.875 -43.771 52.752 75.875 -43.771 124.502
3 16 75.875 -0.021 124.502 75.875 -0.021 52.752 75.875 -43.771 52.752
3 16 58.055 0.000 49.333 55.553 -0.966 52.752 58.744 0.000 52.752
3 16 58.055 0.000 49.333 54.135 -0.827 49.333 55.553 -0.966 52.752
3 16 75.875 -0.021 52.752 58.055 0.000 49.333 58.744 0.000 52.752
3 16 75.875 -0.021 52.752 79.478 0.000 49.549 58.055 0.000 49.333
3 16 55.553 -0.966 52.752 54.135 -0.827 49.333 52.649 -3.441 50.485
3 16 55.553 -0.966 52.752 52.649 -3.441 50.485 53.785 -3.466 53.404
3 16 53.785 -3.466 53.404 52.649 -3.441 50.485 52.367 -8.311 50.782
3 16 53.785 -3.466 53.404 52.367 -8.311 50.782 53.604 -8.237 53.801
3 16 53.604 -8.237 53.801 52.367 -8.311 50.782 50.926 -11.223 51.993
3 16 53.604 -8.237 53.801 50.926 -11.223 51.993 52.250 -10.968 54.635
3 16 52.250 -10.968 54.635 50.926 -11.223 51.993 42.247 -11.805 56.417
3 16 52.250 -10.968 54.635 42.247 -11.805 56.417 43.572 -11.839 59.187
3 16 42.247 -11.805 56.417 29.959 -11.985 64.704 43.572 -11.839 59.187
3 16 42.247 -11.805 56.417 28.812 -11.921 61.826 29.959 -11.985 64.704
3 16 15.097 -12.021 68.034 29.959 -11.985 64.704 28.812 -11.921 61.826
3 16 15.097 -12.021 68.034 28.812 -11.921 61.826 14.581 -11.968 64.973
3 16 15.097 -12.021 68.034 14.581 -11.968 64.973 0.000 -12.021 66.209
3 16 15.097 -12.021 68.034 0.000 -12.021 66.209 0.000 -12.021 69.385
3 16 75.875 -0.021 124.502 0.000 -43.771 124.502 0.000 -0.021 124.502
3 16 75.875 -0.021 124.502 75.875 -43.771 124.502 0.000 -43.771 124.502
3 16 75.875 -43.771 124.502 43.730 -43.771 59.141 29.990 -43.771 64.695
3 16 53.159 -43.771 54.372 43.730 -43.771 59.141 75.875 -43.771 124.502
3 16 75.875 -43.771 124.502 56.114 -43.771 53.515 53.159 -43.771 54.372
3 16 75.875 -43.771 124.502 58.744 -43.771 52.752 56.114 -43.771 53.515
3 16 75.875 -43.771 124.502 75.875 -43.771 52.752 58.744 -43.771 52.752
3 16 0.000 -43.771 124.502 75.875 -43.771 124.502 29.990 -43.771 64.695
3 16 0.000 -43.771 124.502 29.990 -43.771 64.695 15.097 -43.771 68.034
3 16 0.000 -43.771 124.502 15.097 -43.771 68.034 0.000 -43.771 69.385
3 16 42.247 -11.805 56.417 50.049 -43.503 51.110 41.927 -43.532 55.452
3 16 42.247 -11.805 56.417 50.926 -11.223 51.993 50.049 -43.503 51.110
3 16 50.926 -11.223 51.993 53.914 -43.344 48.604 50.049 -43.503 51.110
3 16 50.926 -11.223 51.993 52.367 -8.311 50.782 53.914 -43.344 48.604
3 16 53.914 -43.344 48.604 52.367 -8.311 50.782 54.135 -4.189 49.333
3 16 54.135 -4.189 49.333 52.367 -8.311 50.782 52.649 -3.441 50.485
3 16 54.135 -0.827 49.333 54.135 -4.189 49.333 52.649 -3.441 50.485
3 16 41.927 -43.532 55.452 28.812 -11.921 61.826 42.247 -11.805 56.417
3 16 41.927 -43.532 55.452 28.557 -43.529 60.877 28.812 -11.921 61.826
3 16 28.557 -43.529 60.877 14.581 -11.968 64.973 28.812 -11.921 61.826
3 16 28.557 -43.529 60.877 14.182 -43.549 64.022 14.581 -11.968 64.973
3 16 14.182 -43.549 64.022 0.000 -12.021 66.209 14.581 -11.968 64.973
3 16 14.182 -43.549 64.022 0.000 -43.580 65.173 0.000 -12.021 66.209
3 16 75.043 -43.290 48.365 76.283 -10.010 45.593 75.202 -43.319 43.453
3 16 75.043 -43.290 48.365 75.623 -4.473 49.145 76.283 -10.010 45.593
3 16 75.861 -12.512 39.322 75.202 -43.319 43.453 76.283 -10.010 45.593
3 16 75.861 -12.512 39.322 75.164 -43.325 37.960 75.202 -43.319 43.453
3 16 75.759 -28.596 24.924 75.164 -43.325 37.960 75.861 -12.512 39.322
3 16 75.293 -43.497 14.618 75.164 -43.325 37.960 75.759 -28.596 24.924
3 16 75.293 -43.497 14.618 75.759 -28.596 24.924 75.735 -34.501 15.915
3 16 75.759 -28.596 24.924 75.861 -12.512 39.322 75.934 -12.021 24.981
3 16 76.722 -24.563 -7.524 72.801 -24.535 9.920 79.956 -24.598 -6.522
3 16 76.722 -24.563 -7.524 69.828 -24.550 8.338 72.801 -24.535 9.920
3 16 76.722 -24.563 -7.524 79.956 -24.598 -6.522 83.018 -24.589 -24.065
3 16 76.722 -24.563 -7.524 83.018 -24.589 -24.065 79.719 -24.558 -24.382
3 16 79.466 -24.556 -41.494 79.719 -24.558 -24.382 83.018 -24.589 -24.065
3 16 79.466 -24.556 -41.494 83.018 -24.589 -24.065 82.708 -24.602 -42.112
3 16 75.097 -24.616 -57.995 79.466 -24.556 -41.494 82.708 -24.602 -42.112
3 16 75.097 -24.616 -57.995 82.708 -24.602 -42.112 78.217 -24.586 -59.196
3 16 67.684 -24.461 -73.433 75.097 -24.616 -57.995 78.217 -24.586 -59.196
3 16 67.684 -24.461 -73.433 78.217 -24.586 -59.196 70.573 -24.593 -75.238
3 16 67.684 -24.461 -73.433 70.573 -24.593 -75.238 59.384 -24.572 -89.114
3 16 67.684 -24.461 -73.433 59.384 -24.572 -89.114 56.835 -24.552 -87.084
3 16 56.835 -24.552 -87.084 59.384 -24.572 -89.114 45.781 -24.521 -100.600
3 16 56.835 -24.552 -87.084 45.781 -24.521 -100.600 43.981 -24.546 -97.855
3 16 43.981 -24.546 -97.855 45.781 -24.521 -100.600 29.774 -24.591 -108.397
3 16 43.981 -24.546 -97.855 29.774 -24.591 -108.397 28.656 -24.555 -105.478
3 16 28.656 -24.555 -105.478 29.774 -24.591 -108.397 12.633 -24.613 -113.170
3 16 28.656 -24.555 -105.478 12.633 -24.613 -113.170 11.859 -24.635 -109.973
3 16 11.859 -24.635 -109.973 12.633 -24.613 -113.170 0.000 -24.623 -114.137
3 16 11.859 -24.635 -109.973 0.000 -24.623 -114.137 0.000 -24.646 -110.876
3 16 79.956 -24.598 -6.522 73.682 -43.276 10.550 81.149 -43.469 -6.174
3 16 79.956 -24.598 -6.522 72.801 -24.535 9.920 73.682 -43.276 10.550
3 16 83.018 -24.589 -24.065 79.956 -24.598 -6.522 81.149 -43.469 -6.174
3 16 83.018 -24.589 -24.065 81.149 -43.469 -6.174 84.330 -43.474 -24.007
3 16 84.071 -43.476 -42.113 83.018 -24.589 -24.065 84.330 -43.474 -24.007
3 16 84.071 -43.476 -42.113 82.708 -24.602 -42.112 83.018 -24.589 -24.065
3 16 79.530 -43.476 -59.647 82.708 -24.602 -42.112 84.071 -43.476 -42.113
3 16 79.530 -43.476 -59.647 78.217 -24.586 -59.196 82.708 -24.602 -42.112
3 16 71.759 -43.476 -75.983 78.217 -24.586 -59.196 79.530 -43.476 -59.647
3 16 71.759 -43.476 -75.983 70.573 -24.593 -75.238 78.217 -24.586 -59.196
3 16 60.388 -43.477 -90.078 70.573 -24.593 -75.238 71.759 -43.476 -75.983
3 16 60.388 -43.477 -90.078 59.384 -24.572 -89.114 70.573 -24.593 -75.238
3 16 46.529 -43.477 -101.741 59.384 -24.572 -89.114 60.388 -43.477 -90.078
3 16 46.529 -43.477 -101.741 45.781 -24.521 -100.600 59.384 -24.572 -89.114
3 16 29.774 -24.591 -108.397 45.781 -24.521 -100.600 46.529 -43.477 -101.741
3 16 29.774 -24.591 -108.397 46.529 -43.477 -101.741 30.314 -43.476 -109.805
3 16 12.633 -24.613 -113.170 29.774 -24.591 -108.397 30.314 -43.476 -109.805
3 16 12.633 -24.613 -113.170 30.314 -43.476 -109.805 12.866 -43.476 -114.653
3 16 12.866 -43.476 -114.653 0.000 -24.623 -114.137 12.633 -24.613 -113.170
3 16 12.866 -43.476 -114.653 0.000 -43.477 -115.629 0.000 -24.623 -114.137
3 16 32.697 -24.554 42.532 17.020 -24.550 50.970 34.101 -24.550 45.683
3 16 32.697 -24.554 42.532 16.317 -24.557 47.607 17.020 -24.550 50.970
3 16 0.000 -24.550 49.470 17.020 -24.550 50.970 16.317 -24.557 47.607
3 16 0.000 -24.550 49.470 0.000 -24.550 52.929 17.020 -24.550 50.970
3 16 32.697 -24.554 42.532 34.101 -24.550 45.683 49.458 -24.550 36.517
3 16 32.697 -24.554 42.532 49.458 -24.550 36.517 47.422 -24.554 33.743
3 16 60.214 -24.552 22.325 47.422 -24.554 33.743 49.458 -24.550 36.517
3 16 60.214 -24.552 22.325 49.458 -24.550 36.517 62.802 -24.550 24.610
3 16 60.214 -24.552 22.325 62.802 -24.550 24.610 72.801 -24.535 9.920
3 16 60.214 -24.552 22.325 72.801 -24.535 9.920 69.828 -24.550 8.338
3 16 34.101 -24.550 45.683 17.563 -43.048 51.724 34.798 -43.058 46.312
3 16 34.101 -24.550 45.683 17.020 -24.550 50.970 17.563 -43.048 51.724
3 16 17.020 -24.550 50.970 0.000 -43.051 53.819 17.563 -43.048 51.724
3 16 17.020 -24.550 50.970 0.000 -24.550 52.929 0.000 -43.051 53.819
3 16 49.458 -24.550 36.517 34.101 -24.550 45.683 34.798 -43.058 46.312
3 16 49.458 -24.550 36.517 34.798 -43.058 46.312 50.241 -43.108 37.042
3 16 62.802 -24.550 24.610 49.458 -24.550 36.517 50.241 -43.108 37.042
3 16 62.802 -24.550 24.610 50.241 -43.108 37.042 63.531 -43.130 25.120
3 16 72.801 -24.535 9.920 62.802 -24.550 24.610 63.531 -43.130 25.120
3 16 72.801 -24.535 9.920 63.531 -43.130 25.120 73.682 -43.276 10.550
3 16 0.000 -32.644 49.470 16.317 -24.557 47.607 16.359 -32.644 47.724
3 16 0.000 -32.644 49.470 0.000 -24.550 49.470 16.317 -24.557 47.607
3 16 16.359 -32.644 47.724 16.317 -24.557 47.607 32.697 -24.554 42.532
3 16 16.359 -32.644 47.724 32.697 -24.554 42.532 32.766 -32.644 42.591
3 16 32.766 -32.644 42.591 32.697 -24.554 42.532 47.422 -24.554 33.743
3 16 32.766 -32.644 42.591 47.422 -24.554 33.743 47.463 -32.644 33.800
3 16 60.252 -32.644 22.357 47.463 -32.644 33.800 47.422 -24.554 33.743
3 16 60.252 -32.644 22.357 47.422 -24.554 33.743 60.214 -24.552 22.325
3 16 60.252 -32.644 22.357 60.214 -24.552 22.325 69.828 -24.550 8.338
3 16 60.252 -32.644 22.357 69.828 -24.550 8.338 69.914 -32.644 8.267
3 16 69.914 -32.644 8.267 69.828 -24.550 8.338 76.722 -24.563 -7.524
3 16 69.914 -32.644 8.267 76.722 -24.563 -7.524 76.840 -32.644 -7.465
3 16 79.776 -32.644 -24.397 76.840 -32.644 -7.465 76.722 -24.563 -7.524
3 16 79.776 -32.644 -24.397 76.722 -24.563 -7.524 79.719 -24.558 -24.382
3 16 79.776 -32.644 -24.397 79.719 -24.558 -24.382 79.466 -24.556 -41.494
3 16 79.776 -32.644 -24.397 79.466 -24.556 -41.494 79.457 -32.644 -41.495
3 16 79.457 -32.644 -41.495 79.466 -24.556 -41.494 75.097 -24.616 -57.995
3 16 79.457 -32.644 -41.495 75.097 -24.616 -57.995 75.099 -32.644 -57.996
3 16 67.684 -32.644 -73.433 75.099 -32.644 -57.996 75.097 -24.616 -57.995
3 16 67.684 -32.644 -73.433 75.097 -24.616 -57.995 67.684 -24.461 -73.433
3 16 56.835 -24.552 -87.084 67.684 -32.644 -73.433 67.684 -24.461 -73.433
3 16 56.835 -24.552 -87.084 56.835 -32.644 -87.084 67.684 -32.644 -73.433
3 16 56.835 -32.644 -87.084 56.835 -24.552 -87.084 43.981 -24.546 -97.855
3 16 56.835 -32.644 -87.084 43.981 -24.546 -97.855 43.981 -32.646 -97.855
3 16 28.655 -32.644 -105.479 43.981 -32.646 -97.855 43.981 -24.546 -97.855
3 16 28.655 -32.644 -105.479 43.981 -24.546 -97.855 28.656 -24.555 -105.478
3 16 11.859 -24.635 -109.973 28.655 -32.644 -105.479 28.656 -24.555 -105.478
3 16 11.859 -24.635 -109.973 11.693 -32.646 -110.164 28.655 -32.644 -105.479
3 16 0.000 -24.646 -110.876 11.693 -32.646 -110.164 11.859 -24.635 -109.973
3 16 0.000 -24.646 -110.876 10.227 -32.646 -110.325 11.693 -32.646 -110.164
3 16 0.000 -33.511 -111.152 10.227 -32.646 -110.325 0.000 -24.646 -110.876
3 16 0.000 -35.684 -111.232 10.227 -32.646 -110.325 0.000 -33.511 -111.152
3 16 0.000 -35.684 -111.232 10.301 -36.440 -110.356 10.227 -32.646 -110.325
3 16 11.900 -32.646 -106.948 13.350 -36.440 -106.256 13.350 -32.646 -106.256
3 16 11.900 -32.646 -106.948 11.847 -36.440 -106.985 13.350 -36.440 -106.256
3 16 11.091 -32.646 -107.952 11.847 -36.440 -106.985 11.900 -32.646 -106.948
3 16 11.091 -32.646 -107.952 11.055 -36.440 -107.996 11.847 -36.440 -106.985
3 16 10.227 -32.646 -110.325 11.055 -36.440 -107.996 11.091 -32.646 -107.952
3 16 10.227 -32.646 -110.325 10.301 -36.440 -110.356 11.055 -36.440 -107.996
3 16 11.847 -36.440 -106.985 11.726 -36.440 -110.258 13.350 -36.440 -106.256
3 16 11.055 -36.440 -107.996 11.726 -36.440 -110.258 11.847 -36.440 -106.985
3 16 11.055 -36.440 -107.996 10.301 -36.440 -110.356 11.726 -36.440 -110.258
3 16 86.878 -32.369 -65.313 77.082 -24.745 -61.393 87.191 -24.751 -65.273
3 16 86.878 -32.369 -65.313 77.029 -32.369 -61.533 77.082 -24.745 -61.393
3 16 77.029 -32.369 -61.533 86.878 -32.369 -65.313 83.674 -34.945 -64.061
3 16 77.029 -32.369 -61.533 83.674 -34.945 -64.061 77.036 -34.945 -61.513
3 16 77.036 -34.945 -61.513 83.674 -34.945 -64.061 81.488 -44.151 -63.200
3 16 77.036 -34.945 -61.513 81.488 -44.151 -63.200 77.043 -44.151 -61.494
3 16 77.082 -24.745 -61.393 87.990 -24.751 -63.190 87.191 -24.751 -65.273
3 16 77.082 -24.745 -61.393 77.882 -24.745 -59.310 87.990 -24.751 -63.190
3 16 87.784 -32.369 -62.951 77.882 -24.745 -59.310 77.935 -32.369 -59.170
3 16 87.784 -32.369 -62.951 87.990 -24.751 -63.190 77.882 -24.745 -59.310
3 16 84.566 -34.945 -61.738 87.784 -32.369 -62.951 77.935 -32.369 -59.170
3 16 84.566 -34.945 -61.738 77.935 -32.369 -59.170 77.928 -34.945 -59.190
3 16 82.365 -44.151 -60.916 84.566 -34.945 -61.738 77.928 -34.945 -59.190
3 16 82.365 -44.151 -60.916 77.928 -34.945 -59.190 77.921 -44.151 -59.209
3 16 35.259 -32.369 -117.605 31.220 -24.745 -107.658 35.506 -24.751 -117.756
3 16 35.259 -32.369 -117.605 31.082 -32.369 -107.717 31.220 -24.745 -107.658
3 16 31.082 -32.369 -107.717 35.259 -32.369 -117.605 33.934 -34.945 -114.384
3 16 31.082 -32.369 -107.717 33.934 -34.945 -114.384 31.101 -34.945 -107.709
3 16 31.101 -34.945 -107.709 33.934 -34.945 -114.384 33.035 -44.151 -112.214
3 16 31.101 -34.945 -107.709 33.035 -44.151 -112.214 31.120 -44.151 -107.700
3 16 31.220 -24.745 -107.658 37.559 -24.751 -116.884 35.506 -24.751 -117.756
3 16 31.220 -24.745 -107.658 33.273 -24.745 -106.786 37.559 -24.751 -116.884
3 16 37.589 -32.369 -116.616 33.273 -24.745 -106.786 33.411 -32.369 -106.728
3 16 37.589 -32.369 -116.616 37.559 -24.751 -116.884 33.273 -24.745 -106.786
3 16 36.226 -34.945 -113.411 37.589 -32.369 -116.616 33.411 -32.369 -106.728
3 16 36.226 -34.945 -113.411 33.411 -32.369 -106.728 33.392 -34.945 -106.736
3 16 35.289 -44.151 -111.257 36.226 -34.945 -113.411 33.392 -34.945 -106.736
3 16 35.289 -44.151 -111.257 33.392 -34.945 -106.736 33.373 -44.151 -106.744
3 16 71.201 -48.089 14.762 61.162 -45.715 23.164 71.342 -45.715 9.079
3 16 71.201 -48.089 14.762 62.925 -48.107 24.725 61.162 -45.715 23.164
3 16 71.201 -48.089 14.762 71.342 -45.715 9.079 77.359 -48.022 7.325
3 16 77.359 -48.022 7.325 71.342 -45.715 9.079 78.670 -45.715 -6.932
3 16 77.359 -48.022 7.325 78.670 -45.715 -6.932 82.637 -48.020 -5.729
3 16 85.864 -48.020 -23.882 82.637 -48.020 -5.729 78.670 -45.715 -6.932
3 16 85.864 -48.020 -23.882 78.670 -45.715 -6.932 81.726 -45.715 -24.214
3 16 81.480 -45.715 -41.763 85.864 -48.020 -23.882 81.726 -45.715 -24.214
3 16 81.480 -45.715 -41.763 85.595 -48.020 -42.317 85.864 -48.020 -23.882
3 16 80.971 -48.020 -60.172 85.595 -48.020 -42.317 81.480 -45.715 -41.763
3 16 80.971 -48.020 -60.172 81.480 -45.715 -41.763 77.010 -45.715 -58.705
3 16 73.062 -48.020 -76.801 80.971 -48.020 -60.172 77.010 -45.715 -58.705
3 16 73.062 -48.020 -76.801 77.010 -45.715 -58.705 69.278 -45.715 -74.694
3 16 69.278 -45.715 -74.694 61.484 -48.020 -91.151 73.062 -48.020 -76.801
3 16 69.278 -45.715 -74.694 58.401 -45.715 -88.266 61.484 -48.020 -91.151
3 16 45.091 -45.715 -99.547 61.484 -48.020 -91.151 58.401 -45.715 -88.266
3 16 45.091 -45.715 -99.547 47.372 -48.020 -103.026 61.484 -48.020 -91.151
3 16 30.864 -48.020 -111.237 47.372 -48.020 -103.026 45.091 -45.715 -99.547
3 16 30.864 -48.020 -111.237 45.091 -45.715 -99.547 29.347 -45.715 -107.313
3 16 12.448 -45.715 -111.909 30.864 -48.020 -111.237 29.347 -45.715 -107.313
3 16 12.448 -45.715 -111.909 13.099 -48.020 -116.174 30.864 -48.020 -111.237
3 16 0.000 -45.715 -113.014 13.099 -48.020 -116.174 12.448 -45.715 -111.909
3 16 0.000 -45.715 -113.014 0.000 -48.020 -117.166 13.099 -48.020 -116.174
3 16 51.169 -48.109 35.841 61.162 -45.715 23.164 62.925 -48.107 24.725
3 16 51.169 -48.109 35.841 48.578 -45.715 34.566 61.162 -45.715 23.164
3 16 34.708 -48.116 46.305 48.578 -45.715 34.566 51.169 -48.109 35.841
3 16 34.708 -48.116 46.305 33.342 -45.715 43.801 48.578 -45.715 34.566
3 16 16.217 -45.715 49.013 33.342 -45.715 43.801 34.708 -48.116 46.305
3 16 16.217 -45.715 49.013 34.708 -48.116 46.305 15.638 -48.115 51.826
3 16 15.638 -48.115 51.826 0.000 -45.715 50.772 16.217 -45.715 49.013
3 16 15.638 -48.115 51.826 0.000 -48.116 53.088 0.000 -45.715 50.772
2 24 -71.585 -0.131 108.009 -75.896 -0.131 108.009
2 24 -75.896 -0.131 108.009 -75.896 -0.131 110.622
2 24 -75.896 -0.131 110.622 -71.585 -0.131 110.622
2 24 -71.585 -0.131 110.622 -71.585 -0.131 108.009
2 24 -71.585 -0.131 110.622 -71.585 -44.999 110.622
2 24 -71.585 -44.999 110.622 -71.585 -44.999 108.009
2 24 -71.585 -44.999 108.009 -71.585 -0.131 108.009
2 24 -71.585 -44.999 108.009 -75.896 -44.999 108.009
2 24 -75.896 -44.999 108.009 -75.896 -0.131 108.009
2 24 -75.896 -0.131 110.622 -75.896 -44.999 110.622
2 24 -75.896 -44.999 110.622 -71.585 -44.999 110.622
2 24 -21.223 -0.131 120.212 -21.223 -0.131 124.523
2 24 -21.223 -0.131 124.523 -18.611 -0.131 124.523
2 24 -18.611 -0.131 124.523 -18.611 -0.131 120.212
2 24 -18.611 -0.131 120.212 -21.223 -0.131 120.212
2 24 -18.611 -0.131 120.212 -18.611 -44.999 120.212
2 24 -18.611 -44.999 120.212 -21.223 -44.999 120.212
2 24 -21.223 -44.999 120.212 -21.223 -0.131 120.212
2 24 -21.223 -44.999 120.212 -21.223 -44.999 124.523
2 24 -21.223 -44.999 124.523 -21.223 -0.131 124.523
2 24 -18.611 -0.131 124.523 -18.611 -44.999 124.523
2 24 -18.611 -44.999 124.523 -18.611 -44.999 120.212
2 24 -58.560 -0.131 57.907 -58.560 -0.131 52.731
2 24 -58.560 -0.131 52.731 -61.172 -0.131 52.731
2 24 -61.172 -0.131 52.731 -61.172 -0.131 57.907
2 24 -61.172 -0.131 57.907 -58.560 -0.131 57.907
2 24 -61.172 -0.131 57.907 -61.172 -44.999 57.907
2 24 -61.172 -44.999 57.907 -58.560 -44.999 57.907
2 24 -58.560 -44.999 57.907 -58.560 -0.131 57.907
2 24 -58.560 -44.999 57.907 -58.560 -44.999 52.731
2 24 -58.560 -44.999 52.731 -58.560 -0.131 52.731
2 24 -61.172 -0.131 52.731 -61.172 -44.999 52.731
2 24 -61.172 -44.999 52.731 -61.172 -44.999 57.907
2 24 -71.585 -0.131 68.049 -75.896 -0.131 68.049
2 24 -75.896 -0.131 68.049 -75.896 -0.131 70.662
2 24 -75.896 -0.131 70.662 -71.585 -0.131 70.662
2 24 -71.585 -0.131 70.662 -71.585 -0.131 68.049
2 24 -71.585 -0.131 70.662 -71.585 -44.999 70.662
2 24 -71.585 -44.999 70.662 -71.585 -44.999 68.049
2 24 -71.585 -44.999 68.049 -71.585 -0.131 68.049
2 24 -71.585 -44.999 68.049 -75.896 -44.999 68.049
2 24 -75.896 -44.999 68.049 -75.896 -0.131 68.049
2 24 -75.896 -0.131 70.662 -75.896 -44.999 70.662
2 24 -75.896 -44.999 70.662 -71.585 -44.999 70.662
2 24 -61.306 -0.131 120.212 -61.306 -0.131 124.523
2 24 -61.306 -0.131 124.523 -58.694 -0.131 124.523
2 24 -58.694 -0.131 124.523 -58.694 -0.131 120.212
2 24 -58.694 -0.131 120.212 -61.306 -0.131 120.212
2 24 -58.694 -0.131 120.212 -58.694 -44.999 120.212
2 24 -58.694 -44.999 120.212 -61.306 -44.999 120.212
2 24 -61.306 -44.999 120.212 -61.306 -0.131 120.212
2 24 -61.306 -44.999 120.212 -61.306 -44.999 124.523
2 24 -61.306 -44.999 124.523 -61.306 -0.131 124.523
2 24 -58.694 -0.131 124.523 -58.694 -44.999 124.523
2 24 -58.694 -44.999 124.523 -58.694 -44.999 120.212
2 24 -75.859 -24.745 3.520 -75.923 -32.369 3.385
2 24 -85.484 -32.369 7.843 -85.672 -24.751 8.096
2 24 -85.672 -24.751 8.096 -75.859 -24.745 3.520
2 24 -82.358 -34.945 6.408 -85.484 -32.369 7.843
2 24 -75.923 -32.369 3.385 -75.914 -34.945 3.403
2 24 -80.220 -44.151 5.434 -82.358 -34.945 6.408
2 24 -75.914 -34.945 3.403 -75.905 -44.151 3.422
2 24 -75.905 -44.151 3.422 -80.220 -44.151 5.434
2 24 -85.672 -24.751 8.096 -84.730 -24.751 10.118
2 24 -84.730 -24.751 10.118 -74.917 -24.745 5.542
2 24 -74.917 -24.745 5.542 -75.859 -24.745 3.520
2 24 -74.853 -32.369 5.678 -74.917 -24.745 5.542
2 24 -84.730 -24.751 10.118 -84.415 -32.369 10.136
2 24 -84.415 -32.369 10.136 -81.306 -34.945 8.664
2 24 -74.862 -34.945 5.659 -74.853 -32.369 5.678
2 24 -81.306 -34.945 8.664 -79.185 -44.151 7.652
2 24 -79.185 -44.151 7.652 -74.871 -44.151 5.640
2 24 -74.871 -44.151 5.640 -74.862 -34.945 5.659
2 24 -27.792 -32.646 -102.005 -13.350 -32.646 -106.256
2 24 -11.693 -32.646 -110.164 -28.655 -32.644 -105.479
2 24 -28.655 -32.644 -105.479 -43.981 -32.646 -97.855
2 24 -42.717 -32.646 -94.974 -27.792 -32.646 -102.005
2 24 -43.981 -32.646 -97.855 -56.835 -32.644 -87.084
2 24 -55.141 -32.646 -84.465 -42.717 -32.646 -94.974
2 24 -13.350 -32.646 -106.256 -11.900 -32.646 -106.948
2 24 -11.900 -32.646 -106.948 -11.091 -32.646 -107.952
2 24 -10.227 -32.646 -110.325 -11.693 -32.646 -110.164
2 24 -11.091 -32.646 -107.952 -10.227 -32.646 -110.325
2 24 -56.835 -32.644 -87.084 -67.684 -32.644 -73.433
2 24 -64.869 -32.646 -71.455 -55.141 -32.646 -84.465
2 24 -67.684 -32.644 -73.433 -75.099 -32.644 -57.996
2 24 -71.786 -32.646 -56.815 -64.869 -32.646 -71.455
2 24 -75.099 -32.644 -57.996 -79.457 -32.644 -41.495
2 24 -76.405 -32.646 -40.912 -71.786 -32.646 -56.815
2 24 -79.457 -32.644 -41.495 -79.776 -32.644 -24.397
2 24 -76.742 -32.646 -24.670 -76.405 -32.646 -40.912
2 24 -73.622 -32.646 -8.824 -76.742 -32.646 -24.670
2 24 -79.776 -32.644 -24.397 -76.840 -32.644 -7.465
2 24 -67.224 -32.646 6.786 -73.622 -32.646 -8.824
2 24 -76.840 -32.644 -7.465 -69.914 -32.644 8.267
2 24 -69.914 -32.644 8.267 -60.252 -32.644 22.357
2 24 -57.903 -32.646 20.389 -67.224 -32.646 6.786
2 24 -60.252 -32.644 22.357 -47.463 -32.644 33.800
2 24 -45.514 -32.646 31.145 -57.903 -32.646 20.389
2 24 -47.463 -32.644 33.800 -32.766 -32.644 42.591
2 24 -31.426 -32.646 39.866 -45.514 -32.646 31.145
2 24 -32.766 -32.644 42.591 -16.359 -32.644 47.724
2 24 -15.666 -32.646 44.548 -31.426 -32.646 39.866
2 24 -16.359 -32.644 47.724 0.000 -32.644 49.470
2 24 0.000 -32.646 45.928 -15.666 -32.646 44.548
2 24 -13.350 -36.440 -106.256 -27.792 -36.440 -102.005
2 24 -28.694 -36.440 -105.076 -11.726 -36.440 -110.258
2 24 -44.001 -36.440 -97.883 -28.694 -36.440 -105.076
2 24 -27.792 -36.440 -102.005 -42.717 -36.440 -94.974
2 24 -57.103 -36.440 -86.860 -44.001 -36.440 -97.883
2 24 -42.717 -36.440 -94.974 -55.141 -36.440 -84.465
2 24 -66.945 -36.440 -73.144 -57.103 -36.440 -86.860
2 24 -55.141 -36.440 -84.465 -64.870 -36.440 -71.456
2 24 -74.263 -36.440 -57.870 -66.945 -36.440 -73.144
2 24 -64.870 -36.440 -71.456 -71.789 -36.440 -56.816
2 24 -71.789 -36.440 -56.816 -76.405 -36.440 -40.912
2 24 -79.419 -36.440 -41.488 -74.263 -36.440 -57.870
2 24 -79.784 -36.440 -24.386 -79.419 -36.440 -41.488
2 24 -76.405 -36.440 -40.912 -76.742 -36.440 -24.670
2 24 -76.742 -36.440 -24.670 -73.622 -36.440 -8.824
2 24 -76.571 -36.440 -7.578 -79.784 -36.440 -24.386
2 24 -73.622 -36.440 -8.824 -67.224 -36.440 6.786
2 24 -69.908 -36.440 8.267 -76.571 -36.440 -7.578
2 24 -67.224 -36.440 6.786 -57.903 -36.440 20.389
2 24 -60.279 -36.440 22.379 -69.908 -36.440 8.267
2 24 -47.361 -36.440 33.668 -60.279 -36.440 22.379
2 24 -57.903 -36.440 20.389 -45.514 -36.440 31.145
2 24 -45.514 -36.440 31.145 -31.426 -36.440 39.866
2 24 -32.781 -36.440 42.622 -47.361 -36.440 33.668
2 24 -16.344 -36.440 47.603 -32.781 -36.440 42.622
2 24 -31.426 -36.440 39.866 -15.666 -36.440 44.548
2 24 0.000 -36.440 49.108 -16.344 -36.440 47.603
2 24 -15.666 -36.440 44.548 0.000 -36.440 45.928
2 24 -79.478 0.000 49.549 -79.191 -0.021 127.844
2 24 -75.875 -0.021 124.502 -75.875 -0.021 52.752
2 24 -79.191 -0.021 127.844 0.000 -0.021 128.125
2 24 0.000 -0.021 124.502 -75.875 -0.021 124.502
2 24 -79.191 -48.022 127.844 0.000 -48.022 128.125
2 24 -79.191 -0.021 127.844 -79.191 -48.022 127.844
2 24 -79.478 0.000 49.549 -79.494 -4.391 49.208
2 24 -75.623 -4.473 49.145 -79.494 -4.391 49.208
2 24 -79.478 0.000 49.549 -58.055 0.000 49.333
2 24 -58.055 0.000 49.333 -54.135 -0.827 49.333
2 24 -54.135 -0.827 49.333 -54.135 -4.189 49.333
2 24 -54.135 -4.189 49.333 -53.914 -43.344 48.604
2 24 -53.914 -43.344 48.604 -60.774 -43.335 48.567
2 24 -60.774 -43.335 48.567 -75.043 -43.290 48.365
2 24 -75.043 -43.290 48.365 -75.623 -4.473 49.145
2 24 -79.687 -10.002 45.599 -79.494 -4.391 49.208
2 24 -75.623 -4.473 49.145 -76.283 -10.010 45.593
2 24 -79.616 -12.512 39.314 -79.687 -10.002 45.599
2 24 -76.283 -10.010 45.593 -75.861 -12.512 39.322
2 24 -79.679 -11.931 25.669 -79.616 -12.512 39.314
2 24 -75.861 -12.512 39.322 -75.934 -12.021 24.981
2 24 -75.934 -12.021 24.981 -85.493 -12.122 8.491
2 24 -88.722 -11.914 9.736 -79.679 -11.931 25.669
2 24 -85.493 -12.122 8.491 -89.844 -12.007 -3.540
2 24 -93.132 -12.021 -2.551 -88.722 -11.914 9.736
2 24 -96.759 -12.021 -23.001 -93.132 -12.021 -2.551
2 24 -89.844 -12.007 -3.540 -93.346 -12.007 -23.276
2 24 -93.346 -12.007 -23.276 -93.053 -12.007 -43.321
2 24 -96.456 -12.021 -43.778 -96.759 -12.021 -23.001
2 24 -91.243 -12.021 -63.911 -96.456 -12.021 -43.778
2 24 -93.053 -12.007 -43.321 -88.024 -12.007 -62.740
2 24 -88.024 -12.007 -62.740 -79.436 -12.007 -80.803
2 24 -82.344 -12.021 -82.629 -91.243 -12.021 -63.911
2 24 -69.305 -12.042 -98.808 -82.344 -12.021 -82.629
2 24 -79.436 -12.007 -80.803 -66.844 -12.007 -96.405
2 24 -66.844 -12.007 -96.405 -51.499 -12.007 -109.319
2 24 -53.383 -12.021 -112.190 -69.305 -12.042 -98.808
2 24 -34.778 -12.021 -121.443 -53.383 -12.021 -112.190
2 24 -51.499 -12.007 -109.319 -33.552 -12.007 -118.245
2 24 -33.552 -12.007 -118.245 -14.239 -12.007 -123.612
2 24 -14.759 -12.021 -127.006 -34.778 -12.021 -121.443
2 24 -14.239 -12.007 -123.612 0.000 -12.007 -124.691
2 24 0.000 -12.021 -128.125 -14.759 -12.021 -127.006
2 24 -75.934 -12.021 24.981 -75.759 -28.596 24.924
2 24 -75.759 -28.596 24.924 -85.281 -28.601 8.478
2 24 -85.281 -28.601 8.478 -89.844 -28.601 -3.540
2 24 -89.844 -28.601 -3.540 -93.346 -28.601 -23.276
2 24 -93.346 -28.601 -23.276 -93.053 -28.601 -43.321
2 24 -93.053 -28.601 -43.321 -88.024 -28.601 -62.740
2 24 -88.024 -28.601 -62.740 -79.436 -28.601 -80.803
2 24 -79.436 -28.601 -80.803 -66.844 -28.601 -96.405
2 24 -66.844 -28.601 -96.405 -51.499 -28.601 -109.319
2 24 -51.499 -28.601 -109.319 -33.552 -28.601 -118.245
2 24 -33.552 -28.601 -118.245 -14.239 -28.601 -123.612
2 24 -14.239 -28.601 -123.612 0.000 -28.601 -124.691
2 24 -79.673 -33.095 24.939 -79.679 -11.931 25.669
2 24 -88.367 -33.095 9.644 -79.673 -33.095 24.939
2 24 -92.983 -33.095 -2.596 -88.367 -33.095 9.644
2 24 -96.590 -33.095 -23.014 -92.983 -33.095 -2.596
2 24 -96.254 -33.095 -43.750 -96.590 -33.095 -23.014
2 24 -91.028 -33.095 -63.834 -96.254 -33.095 -43.750
2 24 -82.139 -33.095 -82.500 -91.028 -33.095 -63.834
2 24 -69.091 -33.095 -98.606 -82.139 -33.095 -82.500
2 24 -53.218 -33.095 -111.939 -69.091 -33.095 -98.606
2 24 -34.665 -33.095 -121.146 -53.218 -33.095 -111.939
2 24 -14.709 -33.095 -126.685 -34.665 -33.095 -121.146
2 24 0.000 -33.095 -127.818 -14.709 -33.095 -126.685
2 24 -79.953 -33.465 16.695 -79.673 -33.095 24.939
2 24 -84.602 -33.095 8.214 -79.953 -33.465 16.695
2 24 -89.152 -33.095 -3.753 -84.602 -33.095 8.214
2 24 -92.628 -33.095 -23.334 -89.152 -33.095 -3.753
2 24 -92.338 -33.095 -43.224 -92.628 -33.095 -23.334
2 24 -87.348 -33.095 -62.493 -92.338 -33.095 -43.224
2 24 -78.824 -33.095 -80.419 -87.348 -33.095 -62.493
2 24 -66.330 -33.095 -95.901 -78.824 -33.095 -80.419
2 24 -51.104 -33.095 -108.716 -66.330 -33.095 -95.901
2 24 -33.294 -33.095 -117.573 -51.104 -33.095 -108.716
2 24 -14.130 -33.095 -122.899 -33.294 -33.095 -117.573
2 24 0.000 -33.095 -123.970 -14.130 -33.095 -122.899
2 24 -79.678 -43.514 15.695 -79.953 -33.465 16.695
2 24 -79.521 -46.164 12.024 -79.678 -43.514 15.695
2 24 -79.436 -48.022 39.340 -79.409 -48.022 49.618
2 24 -79.409 -48.022 49.618 -79.191 -48.022 127.844
2 24 -79.521 -46.164 12.024 -77.359 -48.022 7.325
2 24 -77.359 -48.022 7.325 -79.436 -48.022 39.340
2 24 -62.925 -48.107 24.725 -51.169 -48.109 35.841
2 24 -71.201 -48.089 14.762 -62.925 -48.107 24.725
2 24 -77.359 -48.022 7.325 -71.201 -48.089 14.762
2 24 -51.169 -48.109 35.841 -34.708 -48.116 46.305
2 24 -34.708 -48.116 46.305 -15.638 -48.115 51.826
2 24 -15.638 -48.115 51.826 0.000 -48.116 53.088
2 24 -10.301 -36.440 -110.356 -11.726 -36.440 -110.258
2 24 -13.466 -34.477 -118.568 0.000 -34.477 -119.588
2 24 -31.729 -34.477 -113.493 -13.466 -34.477 -118.568
2 24 -48.701 -34.477 -105.052 -31.729 -34.477 -113.493
2 24 -63.209 -34.477 -92.842 -48.701 -34.477 -105.052
2 24 -75.113 -34.477 -78.088 -63.209 -34.477 -92.842
2 24 -83.241 -34.477 -61.000 -75.113 -34.477 -78.088
2 24 -87.996 -34.477 -42.640 -83.241 -34.477 -61.000
2 24 -88.271 -34.477 -23.686 -87.996 -34.477 -42.640
2 24 -84.950 -34.477 -5.018 -88.271 -34.477 -23.686
2 24 -80.487 -34.477 6.654 -84.950 -34.477 -5.018
2 24 -75.735 -34.501 15.915 -80.487 -34.477 6.654
2 24 -75.759 -28.596 24.924 -75.735 -34.501 15.915
2 24 -13.337 -43.109 -117.729 0.000 -43.109 -118.740
2 24 -31.426 -43.109 -112.703 -13.337 -43.109 -117.729
2 24 -48.236 -43.109 -104.343 -31.426 -43.109 -112.703
2 24 -62.605 -43.109 -92.250 -48.236 -43.109 -104.343
2 24 -74.394 -43.109 -77.638 -62.605 -43.109 -92.250
2 24 -82.446 -43.109 -60.709 -74.394 -43.109 -77.638
2 24 -87.155 -43.109 -42.528 -82.446 -43.109 -60.709
2 24 -87.424 -43.109 -23.755 -87.155 -43.109 -42.528
2 24 -84.126 -43.108 -5.268 -87.424 -43.109 -23.755
2 24 -79.676 -43.108 6.344 -84.126 -43.108 -5.268
2 24 -75.293 -43.497 14.618 -79.676 -43.108 6.344
2 24 -75.735 -34.501 15.915 -75.293 -43.497 14.618
2 24 -12.866 -43.476 -114.653 0.000 -43.477 -115.629
2 24 -30.314 -43.476 -109.805 -12.866 -43.476 -114.653
2 24 -46.529 -43.477 -101.741 -30.314 -43.476 -109.805
2 24 -60.388 -43.477 -90.078 -46.529 -43.477 -101.741
2 24 -71.759 -43.476 -75.983 -60.388 -43.477 -90.078
2 24 -79.530 -43.476 -59.647 -71.759 -43.476 -75.983
2 24 -84.071 -43.476 -42.113 -79.530 -43.476 -59.647
2 24 -84.330 -43.474 -24.007 -84.071 -43.476 -42.113
2 24 -81.149 -43.469 -6.174 -84.330 -43.474 -24.007
2 24 -73.682 -43.276 10.550 -81.149 -43.469 -6.174
2 24 -63.531 -43.130 25.120 -73.682 -43.276 10.550
2 24 -75.293 -43.497 14.618 -75.164 -43.325 37.960
2 24 -75.164 -43.325 37.960 -75.202 -43.319 43.453
2 24 -50.241 -43.108 37.042 -63.531 -43.130 25.120
2 24 -75.202 -43.319 43.453 -75.043 -43.290 48.365
2 24 -53.914 -43.344 48.604 -50.049 -43.503 51.110
2 24 -34.798 -43.058 46.312 -50.241 -43.108 37.042
2 24 -50.049 -43.503 51.110 -41.927 -43.532 55.452
2 24 -41.927 -43.532 55.452 -28.557 -43.529 60.877
2 24 -17.563 -43.048 51.724 -34.798 -43.058 46.312
2 24 -28.557 -43.529 60.877 -14.182 -43.549 64.022
2 24 0.000 -43.051 53.819 -17.563 -43.048 51.724
2 24 -14.182 -43.549 64.022 0.000 -43.580 65.173
2 24 -58.744 0.000 52.752 -75.875 -0.021 52.752
2 24 -75.875 -0.021 52.752 -75.875 -43.771 52.752
2 24 -75.875 -43.771 52.752 -58.744 -43.771 52.752
2 24 -55.553 -0.966 52.752 -58.744 0.000 52.752
2 24 -58.744 -43.771 52.752 -56.114 -43.771 53.515
2 24 -52.250 -10.968 54.635 -53.604 -8.237 53.801
2 24 -56.114 -43.771 53.515 -53.159 -43.771 54.372
2 24 -43.572 -11.839 59.187 -52.250 -10.968 54.635
2 24 -53.159 -43.771 54.372 -43.730 -43.771 59.141
2 24 -29.959 -11.985 64.704 -43.572 -11.839 59.187
2 24 -43.730 -43.771 59.141 -29.990 -43.771 64.695
2 24 -15.097 -12.021 68.034 -29.959 -11.985 64.704
2 24 -29.990 -43.771 64.695 -15.097 -43.771 68.034
2 24 0.000 -12.021 69.385 -15.097 -12.021 68.034
2 24 -15.097 -43.771 68.034 0.000 -43.771 69.385
2 24 -53.785 -3.466 53.404 -55.553 -0.966 52.752
2 24 -53.604 -8.237 53.801 -53.785 -3.466 53.404
2 24 -75.875 -0.021 124.502 -75.875 -43.771 124.502
2 24 -75.875 -43.771 124.502 -75.875 -43.771 52.752
2 24 -52.649 -3.441 50.485 -54.135 -0.827 49.333
2 24 -52.367 -8.311 50.782 -52.649 -3.441 50.485
2 24 -50.926 -11.223 51.993 -52.367 -8.311 50.782
2 24 -42.247 -11.805 56.417 -50.926 -11.223 51.993
2 24 -28.812 -11.921 61.826 -42.247 -11.805 56.417
2 24 -14.581 -11.968 64.973 -28.812 -11.921 61.826
2 24 0.000 -12.021 66.209 -14.581 -11.968 64.973
2 24 0.000 -43.771 124.502 -75.875 -43.771 124.502
2 24 -79.956 -24.598 -6.522 -72.801 -24.535 9.920
2 24 -69.828 -24.550 8.338 -76.722 -24.563 -7.524
2 24 -83.018 -24.589 -24.065 -79.956 -24.598 -6.522
2 24 -76.722 -24.563 -7.524 -79.719 -24.558 -24.382
2 24 -79.719 -24.558 -24.382 -79.466 -24.556 -41.494
2 24 -82.708 -24.602 -42.112 -83.018 -24.589 -24.065
2 24 -79.466 -24.556 -41.494 -75.097 -24.616 -57.995
2 24 -78.217 -24.586 -59.196 -82.708 -24.602 -42.112
2 24 -75.097 -24.616 -57.995 -67.684 -24.461 -73.433
2 24 -70.573 -24.593 -75.238 -78.217 -24.586 -59.196
2 24 -59.384 -24.572 -89.114 -70.573 -24.593 -75.238
2 24 -67.684 -24.461 -73.433 -56.835 -24.552 -87.084
2 24 -45.781 -24.521 -100.600 -59.384 -24.572 -89.114
2 24 -56.835 -24.552 -87.084 -43.981 -24.546 -97.855
2 24 -29.774 -24.591 -108.397 -45.781 -24.521 -100.600
2 24 -43.981 -24.546 -97.855 -28.656 -24.555 -105.478
2 24 -60.214 -24.552 22.325 -69.828 -24.550 8.338
2 24 -12.633 -24.613 -113.170 -29.774 -24.591 -108.397
2 24 -28.656 -24.555 -105.478 -11.859 -24.635 -109.973
2 24 0.000 -24.623 -114.137 -12.633 -24.613 -113.170
2 24 -11.859 -24.635 -109.973 0.000 -24.646 -110.876
2 24 -72.801 -24.535 9.920 -62.802 -24.550 24.610
2 24 -62.802 -24.550 24.610 -49.458 -24.550 36.517
2 24 -47.422 -24.554 33.743 -60.214 -24.552 22.325
2 24 -32.697 -24.554 42.532 -47.422 -24.554 33.743
2 24 -49.458 -24.550 36.517 -34.101 -24.550 45.683
2 24 -34.101 -24.550 45.683 -17.020 -24.550 50.970
2 24 -16.317 -24.557 47.607 -32.697 -24.554 42.532
2 24 0.000 -24.550 49.470 -16.317 -24.557 47.607
2 24 -17.020 -24.550 50.970 0.000 -24.550 52.929
2 24 -10.227 -32.646 -110.325 -10.301 -36.440 -110.356
2 24 -13.350 -36.440 -106.256 -11.847 -36.440 -106.985
2 24 -11.847 -36.440 -106.985 -11.055 -36.440 -107.996
2 24 -11.055 -36.440 -107.996 -10.301 -36.440 -110.356
2 24 -77.082 -24.745 -61.393 -77.029 -32.369 -61.533
2 24 -86.878 -32.369 -65.313 -87.191 -24.751 -65.273
2 24 -87.191 -24.751 -65.273 -77.082 -24.745 -61.393
2 24 -83.674 -34.945 -64.061 -86.878 -32.369 -65.313
2 24 -77.029 -32.369 -61.533 -77.036 -34.945 -61.513
2 24 -81.488 -44.151 -63.200 -83.674 -34.945 -64.061
2 24 -77.036 -34.945 -61.513 -77.043 -44.151 -61.494
2 24 -77.043 -44.151 -61.494 -81.488 -44.151 -63.200
2 24 -87.191 -24.751 -65.273 -87.990 -24.751 -63.190
2 24 -87.990 -24.751 -63.190 -77.882 -24.745 -59.310
2 24 -77.882 -24.745 -59.310 -77.082 -24.745 -61.393
2 24 -77.935 -32.369 -59.170 -77.882 -24.745 -59.310
2 24 -87.990 -24.751 -63.190 -87.784 -32.369 -62.951
2 24 -87.784 -32.369 -62.951 -84.566 -34.945 -61.738
2 24 -77.928 -34.945 -59.190 -77.935 -32.369 -59.170
2 24 -84.566 -34.945 -61.738 -82.365 -44.151 -60.916
2 24 -82.365 -44.151 -60.916 -77.921 -44.151 -59.209
2 24 -77.921 -44.151 -59.209 -77.928 -34.945 -59.190
2 24 -31.220 -24.745 -107.658 -31.082 -32.369 -107.717
2 24 -35.259 -32.369 -117.605 -35.506 -24.751 -117.756
2 24 -35.506 -24.751 -117.756 -31.220 -24.745 -107.658
2 24 -33.934 -34.945 -114.384 -35.259 -32.369 -117.605
2 24 -31.082 -32.369 -107.717 -31.101 -34.945 -107.709
2 24 -33.035 -44.151 -112.214 -33.934 -34.945 -114.384
2 24 -31.101 -34.945 -107.709 -31.120 -44.151 -107.700
2 24 -31.120 -44.151 -107.700 -33.035 -44.151 -112.214
2 24 -35.506 -24.751 -117.756 -37.559 -24.751 -116.884
2 24 -37.559 -24.751 -116.884 -33.273 -24.745 -106.786
2 24 -33.273 -24.745 -106.786 -31.220 -24.745 -107.658
2 24 -33.411 -32.369 -106.728 -33.273 -24.745 -106.786
2 24 -37.559 -24.751 -116.884 -37.589 -32.369 -116.616
2 24 -37.589 -32.369 -116.616 -36.226 -34.945 -113.411
2 24 -33.392 -34.945 -106.736 -33.411 -32.369 -106.728
2 24 -36.226 -34.945 -113.411 -35.289 -44.151 -111.257
2 24 -35.289 -44.151 -111.257 -33.373 -44.151 -106.744
2 24 -33.373 -44.151 -106.744 -33.392 -34.945 -106.736
2 24 75.896 -0.131 110.622 75.896 -0.131 108.009
2 24 75.896 -0.131 108.009 71.585 -0.131 108.009
2 24 71.585 -0.131 108.009 71.585 -0.131 110.622
2 24 71.585 -0.131 110.622 75.896 -0.131 110.622
2 24 71.585 -44.999 110.622 71.585 -0.131 110.622
2 24 71.585 -0.131 108.009 71.585 -44.999 108.009
2 24 71.585 -44.999 108.009 71.585 -44.999 110.622
2 24 75.896 -44.999 108.009 71.585 -44.999 108.009
2 24 75.896 -0.131 108.009 75.896 -44.999 108.009
2 24 75.896 -44.999 110.622 75.896 -0.131 110.622
2 24 71.585 -44.999 110.622 75.896 -44.999 110.622
2 24 18.611 -0.131 124.523 21.223 -0.131 124.523
2 24 21.223 -0.131 124.523 21.223 -0.131 120.212
2 24 21.223 -0.131 120.212 18.611 -0.131 120.212
2 24 18.611 -0.131 120.212 18.611 -0.131 124.523
2 24 18.611 -44.999 120.212 18.611 -0.131 120.212
2 24 21.223 -0.131 120.212 21.223 -44.999 120.212
2 24 21.223 -44.999 120.212 18.611 -44.999 120.212
2 24 21.223 -44.999 124.523 21.223 -44.999 120.212
2 24 21.223 -0.131 124.523 21.223 -44.999 124.523
2 24 18.611 -44.999 124.523 18.611 -0.131 124.523
2 24 18.611 -44.999 120.212 18.611 -44.999 124.523
2 24 61.172 -0.131 52.731 58.560 -0.131 52.731
2 24 58.560 -0.131 52.731 58.560 -0.131 57.907
2 24 58.560 -0.131 57.907 61.172 -0.131 57.907
2 24 61.172 -0.131 57.907 61.172 -0.131 52.731
2 24 61.172 -44.999 57.907 61.172 -0.131 57.907
2 24 58.560 -0.131 57.907 58.560 -44.999 57.907
2 24 58.560 -44.999 57.907 61.172 -44.999 57.907
2 24 58.560 -44.999 52.731 58.560 -44.999 57.907
2 24 58.560 -0.131 52.731 58.560 -44.999 52.731
2 24 61.172 -44.999 52.731 61.172 -0.131 52.731
2 24 61.172 -44.999 57.907 61.172 -44.999 52.731
2 24 75.896 -0.131 70.662 75.896 -0.131 68.049
2 24 75.896 -0.131 68.049 71.585 -0.131 68.049
2 24 71.585 -0.131 68.049 71.585 -0.131 70.662
2 24 71.585 -0.131 70.662 75.896 -0.131 70.662
2 24 71.585 -44.999 70.662 71.585 -0.131 70.662
2 24 71.585 -0.131 68.049 71.585 -44.999 68.049
2 24 71.585 -44.999 68.049 71.585 -44.999 70.662
2 24 75.896 -44.999 68.049 71.585 -44.999 68.049
2 24 75.896 -0.131 68.049 75.896 -44.999 68.049
2 24 75.896 -44.999 70.662 75.896 -0.131 70.662
2 24 71.585 -44.999 70.662 75.896 -44.999 70.662
2 24 58.694 -0.131 124.523 61.306 -0.131 124.523
2 24 61.306 -0.131 124.523 61.306 -0.131 120.212
2 24 61.306 -0.131 120.212 58.694 -0.131 120.212
2 24 58.694 -0.131 120.212 58.694 -0.131 124.523
2 24 58.694 -44.999 120.212 58.694 -0.131 120.212
2 24 61.306 -0.131 120.212 61.306 -44.999 120.212
2 24 61.306 -44.999 120.212 58.694 -44.999 120.212
2 24 61.306 -44.999 124.523 61.306 -44.999 120.212
2 24 61.306 -0.131 124.523 61.306 -44.999 124.523
2 24 58.694 -44.999 124.523 58.694 -0.131 124.523
2 24 58.694 -44.999 120.212 58.694 -44.999 124.523
2 24 75.859 -24.745 3.520 85.672 -24.751 8.096
2 24 85.672 -24.751 8.096 85.484 -32.369 7.843
2 24 75.923 -32.369 3.385 75.859 -24.745 3.520
2 24 85.484 -32.369 7.843 82.358 -34.945 6.408
2 24 75.914 -34.945 3.403 75.923 -32.369 3.385
2 24 82.358 -34.945 6.408 80.220 -44.151 5.434
2 24 80.220 -44.151 5.434 75.905 -44.151 3.422
2 24 75.905 -44.151 3.422 75.914 -34.945 3.403
2 24 84.730 -24.751 10.118 85.672 -24.751 8.096
2 24 75.859 -24.745 3.520 74.917 -24.745 5.542
2 24 74.917 -24.745 5.542 84.730 -24.751 10.118
2 24 74.917 -24.745 5.542 74.853 -32.369 5.678
2 24 84.415 -32.369 10.136 84.730 -24.751 10.118
2 24 81.306 -34.945 8.664 84.415 -32.369 10.136
2 24 74.853 -32.369 5.678 74.862 -34.945 5.659
2 24 79.185 -44.151 7.652 81.306 -34.945 8.664
2 24 74.862 -34.945 5.659 74.871 -44.151 5.640
2 24 74.871 -44.151 5.640 79.185 -44.151 7.652
2 24 28.655 -32.644 -105.479 11.693 -32.646 -110.164
2 24 13.350 -32.646 -106.256 27.792 -32.646 -102.005
2 24 43.981 -32.646 -97.855 28.655 -32.644 -105.479
2 24 27.792 -32.646 -102.005 42.717 -32.646 -94.974
2 24 56.835 -32.644 -87.084 43.981 -32.646 -97.855
2 24 42.717 -32.646 -94.974 55.141 -32.646 -84.465
2 24 11.900 -32.646 -106.948 13.350 -32.646 -106.256
2 24 11.091 -32.646 -107.952 11.900 -32.646 -106.948
2 24 10.227 -32.646 -110.325 11.091 -32.646 -107.952
2 24 11.693 -32.646 -110.164 10.227 -32.646 -110.325
2 24 67.684 -32.644 -73.433 56.835 -32.644 -87.084
2 24 55.141 -32.646 -84.465 64.869 -32.646 -71.455
2 24 75.099 -32.644 -57.996 67.684 -32.644 -73.433
2 24 64.869 -32.646 -71.455 71.786 -32.646 -56.815
2 24 79.457 -32.644 -41.495 75.099 -32.644 -57.996
2 24 71.786 -32.646 -56.815 76.405 -32.646 -40.912
2 24 79.776 -32.644 -24.397 79.457 -32.644 -41.495
2 24 76.405 -32.646 -40.912 76.742 -32.646 -24.670
2 24 76.742 -32.646 -24.670 73.622 -32.646 -8.824
2 24 76.840 -32.644 -7.465 79.776 -32.644 -24.397
2 24 73.622 -32.646 -8.824 67.224 -32.646 6.786
2 24 69.914 -32.644 8.267 76.840 -32.644 -7.465
2 24 60.252 -32.644 22.357 69.914 -32.644 8.267
2 24 67.224 -32.646 6.786 57.903 -32.646 20.389
2 24 47.463 -32.644 33.800 60.252 -32.644 22.357
2 24 57.903 -32.646 20.389 45.514 -32.646 31.145
2 24 32.766 -32.644 42.591 47.463 -32.644 33.800
2 24 45.514 -32.646 31.145 31.426 -32.646 39.866
2 24 16.359 -32.644 47.724 32.766 -32.644 42.591
2 24 31.426 -32.646 39.866 15.666 -32.646 44.548
2 24 0.000 -32.644 49.470 16.359 -32.644 47.724
2 24 15.666 -32.646 44.548 0.000 -32.646 45.928
2 24 27.792 -36.440 -102.005 13.350 -36.440 -106.256
2 24 11.726 -36.440 -110.258 28.694 -36.440 -105.076
2 24 28.694 -36.440 -105.076 44.001 -36.440 -97.883
2 24 42.717 -36.440 -94.974 27.792 -36.440 -102.005
2 24 44.001 -36.440 -97.883 57.103 -36.440 -86.860
2 24 55.141 -36.440 -84.465 42.717 -36.440 -94.974
2 24 57.103 -36.440 -86.860 66.945 -36.440 -73.144
2 24 64.870 -36.440 -71.456 55.141 -36.440 -84.465
2 24 66.945 -36.440 -73.144 74.263 -36.440 -57.870
2 24 71.789 -36.440 -56.816 64.870 -36.440 -71.456
2 24 76.405 -36.440 -40.912 71.789 -36.440 -56.816
2 24 74.263 -36.440 -57.870 79.419 -36.440 -41.488
2 24 79.419 -36.440 -41.488 79.784 -36.440 -24.386
2 24 76.742 -36.440 -24.670 76.405 -36.440 -40.912
2 24 73.622 -36.440 -8.824 76.742 -36.440 -24.670
2 24 79.784 -36.440 -24.386 76.571 -36.440 -7.578
2 24 67.224 -36.440 6.786 73.622 -36.440 -8.824
2 24 76.571 -36.440 -7.578 69.908 -36.440 8.267
2 24 57.903 -36.440 20.389 67.224 -36.440 6.786
2 24 69.908 -36.440 8.267 60.279 -36.440 22.379
2 24 60.279 -36.440 22.379 47.361 -36.440 33.668
2 24 45.514 -36.440 31.145 57.903 -36.440 20.389
2 24 31.426 -36.440 39.866 45.514 -36.440 31.145
2 24 47.361 -36.440 33.668 32.781 -36.440 42.622
2 24 32.781 -36.440 42.622 16.344 -36.440 47.603
2 24 15.666 -36.440 44.548 31.426 -36.440 39.866
2 24 16.344 -36.440 47.603 0.000 -36.440 49.108
2 24 0.000 -36.440 45.928 15.666 -36.440 44.548
2 24 79.191 -0.021 127.844 79.478 0.000 49.549
2 24 75.875 -0.021 52.752 75.875 -0.021 124.502
2 24 0.000 -0.021 128.125 79.191 -0.021 127.844
2 24 75.875 -0.021 124.502 0.000 -0.021 124.502
2 24 0.000 -48.022 128.125 79.191 -48.022 127.844
2 24 79.191 -48.022 127.844 79.191 -0.021 127.844
2 24 79.494 -4.391 49.208 79.478 0.000 49.549
2 24 79.494 -4.391 49.208 75.623 -4.473 49.145
2 24 58.055 0.000 49.333 79.478 0.000 49.549
2 24 54.135 -0.827 49.333 58.055 0.000 49.333
2 24 54.135 -4.189 49.333 54.135 -0.827 49.333
2 24 53.914 -43.344 48.604 54.135 -4.189 49.333
2 24 60.774 -43.335 48.567 53.914 -43.344 48.604
2 24 75.623 -4.473 49.145 75.043 -43.290 48.365
2 24 75.043 -43.290 48.365 60.774 -43.335 48.567
2 24 79.494 -4.391 49.208 79.687 -10.002 45.599
2 24 76.283 -10.010 45.593 75.623 -4.473 49.145
2 24 79.687 -10.002 45.599 79.616 -12.512 39.314
2 24 75.861 -12.512 39.322 76.283 -10.010 45.593
2 24 79.616 -12.512 39.314 79.679 -11.931 25.669
2 24 75.934 -12.021 24.981 75.861 -12.512 39.322
2 24 85.493 -12.122 8.491 75.934 -12.021 24.981
2 24 79.679 -11.931 25.669 88.722 -11.914 9.736
2 24 89.844 -12.007 -3.540 85.493 -12.122 8.491
2 24 88.722 -11.914 9.736 93.132 -12.021 -2.551
2 24 93.132 -12.021 -2.551 96.759 -12.021 -23.001
2 24 93.346 -12.007 -23.276 89.844 -12.007 -3.540
2 24 93.053 -12.007 -43.321 93.346 -12.007 -23.276
2 24 96.759 -12.021 -23.001 96.456 -12.021 -43.778
2 24 96.456 -12.021 -43.778 91.243 -12.021 -63.911
2 24 88.024 -12.007 -62.740 93.053 -12.007 -43.321
2 24 79.436 -12.007 -80.803 88.024 -12.007 -62.740
2 24 91.243 -12.021 -63.911 82.344 -12.021 -82.629
2 24 82.344 -12.021 -82.629 69.305 -12.042 -98.808
2 24 66.844 -12.007 -96.405 79.436 -12.007 -80.803
2 24 51.499 -12.007 -109.319 66.844 -12.007 -96.405
2 24 69.305 -12.042 -98.808 53.383 -12.021 -112.190
2 24 53.383 -12.021 -112.190 34.778 -12.021 -121.443
2 24 33.552 -12.007 -118.245 51.499 -12.007 -109.319
2 24 14.239 -12.007 -123.612 33.552 -12.007 -118.245
2 24 34.778 -12.021 -121.443 14.759 -12.021 -127.006
2 24 0.000 -12.007 -124.691 14.239 -12.007 -123.612
2 24 14.759 -12.021 -127.006 0.000 -12.021 -128.125
2 24 85.281 -28.601 8.478 75.759 -28.596 24.924
2 24 75.759 -28.596 24.924 75.934 -12.021 24.981
2 24 89.844 -28.601 -3.540 85.281 -28.601 8.478
2 24 93.346 -28.601 -23.276 89.844 -28.601 -3.540
2 24 93.053 -28.601 -43.321 93.346 -28.601 -23.276
2 24 88.024 -28.601 -62.740 93.053 -28.601 -43.321
2 24 79.436 -28.601 -80.803 88.024 -28.601 -62.740
2 24 66.844 -28.601 -96.405 79.436 -28.601 -80.803
2 24 51.499 -28.601 -109.319 66.844 -28.601 -96.405
2 24 33.552 -28.601 -118.245 51.499 -28.601 -109.319
2 24 14.239 -28.601 -123.612 33.552 -28.601 -118.245
2 24 0.000 -28.601 -124.691 14.239 -28.601 -123.612
2 24 79.673 -33.095 24.939 88.367 -33.095 9.644
2 24 79.679 -11.931 25.669 79.673 -33.095 24.939
2 24 88.367 -33.095 9.644 92.983 -33.095 -2.596
2 24 92.983 -33.095 -2.596 96.590 -33.095 -23.014
2 24 96.590 -33.095 -23.014 96.254 -33.095 -43.750
2 24 96.254 -33.095 -43.750 91.028 -33.095 -63.834
2 24 91.028 -33.095 -63.834 82.139 -33.095 -82.500
2 24 82.139 -33.095 -82.500 69.091 -33.095 -98.606
2 24 69.091 -33.095 -98.606 53.218 -33.095 -111.939
2 24 53.218 -33.095 -111.939 34.665 -33.095 -121.146
2 24 34.665 -33.095 -121.146 14.709 -33.095 -126.685
2 24 14.709 -33.095 -126.685 0.000 -33.095 -127.818
2 24 79.953 -33.465 16.695 84.602 -33.095 8.214
2 24 79.673 -33.095 24.939 79.953 -33.465 16.695
2 24 84.602 -33.095 8.214 89.152 -33.095 -3.753
2 24 89.152 -33.095 -3.753 92.628 -33.095 -23.334
2 24 92.628 -33.095 -23.334 92.338 -33.095 -43.224
2 24 92.338 -33.095 -43.224 87.348 -33.095 -62.493
2 24 87.348 -33.095 -62.493 78.824 -33.095 -80.419
2 24 78.824 -33.095 -80.419 66.330 -33.095 -95.901
2 24 66.330 -33.095 -95.901 51.104 -33.095 -108.716
2 24 51.104 -33.095 -108.716 33.294 -33.095 -117.573
2 24 33.294 -33.095 -117.573 14.130 -33.095 -122.899
2 24 14.130 -33.095 -122.899 0.000 -33.095 -123.970
2 24 79.953 -33.465 16.695 79.678 -43.514 15.695
2 24 79.678 -43.514 15.695 79.521 -46.164 12.024
2 24 79.409 -48.022 49.618 79.436 -48.022 39.340
2 24 79.191 -48.022 127.844 79.409 -48.022 49.618
2 24 77.359 -48.022 7.325 79.521 -46.164 12.024
2 24 79.436 -48.022 39.340 77.359 -48.022 7.325
2 24 51.169 -48.109 35.841 62.925 -48.107 24.725
2 24 62.925 -48.107 24.725 71.201 -48.089 14.762
2 24 71.201 -48.089 14.762 77.359 -48.022 7.325
2 24 34.708 -48.116 46.305 51.169 -48.109 35.841
2 24 15.638 -48.115 51.826 34.708 -48.116 46.305
2 24 0.000 -48.116 53.088 15.638 -48.115 51.826
2 24 11.726 -36.440 -110.258 10.301 -36.440 -110.356
2 24 0.000 -34.477 -119.588 13.466 -34.477 -118.568
2 24 13.466 -34.477 -118.568 31.729 -34.477 -113.493
2 24 31.729 -34.477 -113.493 48.701 -34.477 -105.052
2 24 48.701 -34.477 -105.052 63.209 -34.477 -92.842
2 24 63.209 -34.477 -92.842 75.113 -34.477 -78.088
2 24 75.113 -34.477 -78.088 83.241 -34.477 -61.000
2 24 83.241 -34.477 -61.000 87.996 -34.477 -42.640
2 24 87.996 -34.477 -42.640 88.271 -34.477 -23.686
2 24 88.271 -34.477 -23.686 84.950 -34.477 -5.018
2 24 84.950 -34.477 -5.018 80.487 -34.477 6.654
2 24 80.487 -34.477 6.654 75.735 -34.501 15.915
2 24 75.735 -34.501 15.915 75.759 -28.596 24.924
2 24 0.000 -43.109 -118.740 13.337 -43.109 -117.729
2 24 13.337 -43.109 -117.729 31.426 -43.109 -112.703
2 24 31.426 -43.109 -112.703 48.236 -43.109 -104.343
2 24 48.236 -43.109 -104.343 62.605 -43.109 -92.250
2 24 62.605 -43.109 -92.250 74.394 -43.109 -77.638
2 24 74.394 -43.109 -77.638 82.446 -43.109 -60.709
2 24 82.446 -43.109 -60.709 87.155 -43.109 -42.528
2 24 87.155 -43.109 -42.528 87.424 -43.109 -23.755
2 24 87.424 -43.109 -23.755 84.126 -43.108 -5.268
2 24 84.126 -43.108 -5.268 79.676 -43.108 6.344
2 24 79.676 -43.108 6.344 75.293 -43.497 14.618
2 24 75.293 -43.497 14.618 75.735 -34.501 15.915
2 24 0.000 -43.477 -115.629 12.866 -43.476 -114.653
2 24 12.866 -43.476 -114.653 30.314 -43.476 -109.805
2 24 30.314 -43.476 -109.805 46.529 -43.477 -101.741
2 24 46.529 -43.477 -101.741 60.388 -43.477 -90.078
2 24 60.388 -43.477 -90.078 71.759 -43.476 -75.983
2 24 71.759 -43.476 -75.983 79.530 -43.476 -59.647
2 24 79.530 -43.476 -59.647 84.071 -43.476 -42.113
2 24 84.071 -43.476 -42.113 84.330 -43.474 -24.007
2 24 84.330 -43.474 -24.007 81.149 -43.469 -6.174
2 24 81.149 -43.469 -6.174 73.682 -43.276 10.550
2 24 73.682 -43.276 10.550 63.531 -43.130 25.120
2 24 75.164 -43.325 37.960 75.293 -43.497 14.618
2 24 75.202 -43.319 43.453 75.164 -43.325 37.960
2 24 63.531 -43.130 25.120 50.241 -43.108 37.042
2 24 75.043 -43.290 48.365 75.202 -43.319 43.453
2 24 50.049 -43.503 51.110 53.914 -43.344 48.604
2 24 50.241 -43.108 37.042 34.798 -43.058 46.312
2 24 41.927 -43.532 55.452 50.049 -43.503 51.110
2 24 28.557 -43.529 60.877 41.927 -43.532 55.452
2 24 34.798 -43.058 46.312 17.563 -43.048 51.724
2 24 14.182 -43.549 64.022 28.557 -43.529 60.877
2 24 17.563 -43.048 51.724 0.000 -43.051 53.819
2 24 0.000 -43.580 65.173 14.182 -43.549 64.022
2 24 75.875 -43.771 52.752 75.875 -0.021 52.752
2 24 75.875 -0.021 52.752 58.744 0.000 52.752
2 24 58.744 -43.771 52.752 75.875 -43.771 52.752
2 24 58.744 0.000 52.752 55.553 -0.966 52.752
2 24 56.114 -43.771 53.515 58.744 -43.771 52.752
2 24 53.604 -8.237 53.801 52.250 -10.968 54.635
2 24 53.159 -43.771 54.372 56.114 -43.771 53.515
2 24 52.250 -10.968 54.635 43.572 -11.839 59.187
2 24 43.730 -43.771 59.141 53.159 -43.771 54.372
2 24 43.572 -11.839 59.187 29.959 -11.985 64.704
2 24 29.990 -43.771 64.695 43.730 -43.771 59.141
2 24 29.959 -11.985 64.704 15.097 -12.021 68.034
2 24 15.097 -43.771 68.034 29.990 -43.771 64.695
2 24 15.097 -12.021 68.034 0.000 -12.021 69.385
2 24 0.000 -43.771 69.385 15.097 -43.771 68.034
2 24 53.785 -3.466 53.404 53.604 -8.237 53.801
2 24 55.553 -0.966 52.752 53.785 -3.466 53.404
2 24 75.875 -43.771 52.752 75.875 -43.771 124.502
2 24 75.875 -43.771 124.502 75.875 -0.021 124.502
2 24 54.135 -0.827 49.333 52.649 -3.441 50.485
2 24 52.649 -3.441 50.485 52.367 -8.311 50.782
2 24 52.367 -8.311 50.782 50.926 -11.223 51.993
2 24 50.926 -11.223 51.993 42.247 -11.805 56.417
2 24 42.247 -11.805 56.417 28.812 -11.921 61.826
2 24 28.812 -11.921 61.826 14.581 -11.968 64.973
2 24 14.581 -11.968 64.973 0.000 -12.021 66.209
2 24 75.875 -43.771 124.502 0.000 -43.771 124.502
2 24 72.801 -24.535 9.920 79.956 -24.598 -6.522
2 24 76.722 -24.563 -7.524 69.828 -24.550 8.338
2 24 79.956 -24.598 -6.522 83.018 -24.589 -24.065
2 24 79.719 -24.558 -24.382 76.722 -24.563 -7.524
2 24 79.466 -24.556 -41.494 79.719 -24.558 -24.382
2 24 83.018 -24.589 -24.065 82.708 -24.602 -42.112
2 24 75.097 -24.616 -57.995 79.466 -24.556 -41.494
2 24 82.708 -24.602 -42.112 78.217 -24.586 -59.196
2 24 67.684 -24.461 -73.433 75.097 -24.616 -57.995
2 24 78.217 -24.586 -59.196 70.573 -24.593 -75.238
2 24 70.573 -24.593 -75.238 59.384 -24.572 -89.114
2 24 56.835 -24.552 -87.084 67.684 -24.461 -73.433
2 24 59.384 -24.572 -89.114 45.781 -24.521 -100.600
2 24 43.981 -24.546 -97.855 56.835 -24.552 -87.084
2 24 45.781 -24.521 -100.600 29.774 -24.591 -108.397
2 24 28.656 -24.555 -105.478 43.981 -24.546 -97.855
2 24 29.774 -24.591 -108.397 12.633 -24.613 -113.170
2 24 11.859 -24.635 -109.973 28.656 -24.555 -105.478
2 24 12.633 -24.613 -113.170 0.000 -24.623 -114.137
2 24 0.000 -24.646 -110.876 11.859 -24.635 -109.973
2 24 17.020 -24.550 50.970 34.101 -24.550 45.683
2 24 32.697 -24.554 42.532 16.317 -24.557 47.607
2 24 16.317 -24.557 47.607 0.000 -24.550 49.470
2 24 0.000 -24.550 52.929 17.020 -24.550 50.970
2 24 34.101 -24.550 45.683 49.458 -24.550 36.517
2 24 47.422 -24.554 33.743 32.697 -24.554 42.532
2 24 60.214 -24.552 22.325 47.422 -24.554 33.743
2 24 49.458 -24.550 36.517 62.802 -24.550 24.610
2 24 62.802 -24.550 24.610 72.801 -24.535 9.920
2 24 69.828 -24.550 8.338 60.214 -24.552 22.325
2 24 10.301 -36.440 -110.356 10.227 -32.646 -110.325
2 24 11.847 -36.440 -106.985 13.350 -36.440 -106.256
2 24 11.055 -36.440 -107.996 11.847 -36.440 -106.985
2 24 10.301 -36.440 -110.356 11.055 -36.440 -107.996
2 24 77.082 -24.745 -61.393 87.191 -24.751 -65.273
2 24 87.191 -24.751 -65.273 86.878 -32.369 -65.313
2 24 77.029 -32.369 -61.533 77.082 -24.745 -61.393
2 24 86.878 -32.369 -65.313 83.674 -34.945 -64.061
2 24 77.036 -34.945 -61.513 77.029 -32.369 -61.533
2 24 83.674 -34.945 -64.061 81.488 -44.151 -63.200
2 24 81.488 -44.151 -63.200 77.043 -44.151 -61.494
2 24 77.043 -44.151 -61.494 77.036 -34.945 -61.513
2 24 87.990 -24.751 -63.190 87.191 -24.751 -65.273
2 24 77.082 -24.745 -61.393 77.882 -24.745 -59.310
2 24 77.882 -24.745 -59.310 87.990 -24.751 -63.190
2 24 77.882 -24.745 -59.310 77.935 -32.369 -59.170
2 24 87.784 -32.369 -62.951 87.990 -24.751 -63.190
2 24 84.566 -34.945 -61.738 87.784 -32.369 -62.951
2 24 77.935 -32.369 -59.170 77.928 -34.945 -59.190
2 24 82.365 -44.151 -60.916 84.566 -34.945 -61.738
2 24 77.928 -34.945 -59.190 77.921 -44.151 -59.209
2 24 77.921 -44.151 -59.209 82.365 -44.151 -60.916
2 24 31.220 -24.745 -107.658 35.506 -24.751 -117.756
2 24 35.506 -24.751 -117.756 35.259 -32.369 -117.605
2 24 31.082 -32.369 -107.717 31.220 -24.745 -107.658
2 24 35.259 -32.369 -117.605 33.934 -34.945 -114.384
2 24 31.101 -34.945 -107.709 31.082 -32.369 -107.717
2 24 33.934 -34.945 -114.384 33.035 -44.151 -112.214
2 24 33.035 -44.151 -112.214 31.120 -44.151 -107.700
2 24 31.120 -44.151 -107.700 31.101 -34.945 -107.709
2 24 37.559 -24.751 -116.884 35.506 -24.751 -117.756
2 24 31.220 -24.745 -107.658 33.273 -24.745 -106.786
2 24 33.273 -24.745 -106.786 37.559 -24.751 -116.884
2 24 33.273 -24.745 -106.786 33.411 -32.369 -106.728
2 24 37.589 -32.369 -116.616 37.559 -24.751 -116.884
2 24 36.226 -34.945 -113.411 37.589 -32.369 -116.616
2 24 33.411 -32.369 -106.728 33.392 -34.945 -106.736
2 24 35.289 -44.151 -111.257 36.226 -34.945 -113.411
2 24 33.392 -34.945 -106.736 33.373 -44.151 -106.744
2 24 33.373 -44.151 -106.744 35.289 -44.151 -111.257
1 16 40.0000 -48.0210 89.3765 1.0000 0.0000 0.0000 0.0000 2.7500 0.0000 0.0000 0.0000 1.0000 stug7-2x2.dat
1 16 -40.0000 -48.0210 89.3765 1.0000 0.0000 0.0000 0.0000 2.7500 0.0000 0.0000 0.0000 1.0000 stug7-2x2.dat
1 16 0.0000 -43.7710 89.3765 1.0000 0.0000 0.0000 0.0000 -8.0000 0.0000 0.0000 0.0000 1.0000 stug8-1x3.dat
